material_no,material,energy_mev,electronic_mev_cm2_g,nuclear_mev_cm2_g,total_mev_cm2_g,csda_range_g_cm2,projected_range_g_cm2,detour_factor
001,1: Hydrogen,1.000E-03,7.465E+02,2.264E+02,9.730E+02,1.091E-06,9.045E-07,0.8293
001,1: Hydrogen,1.500E-03,9.143E+02,1.726E+02,1.087E+03,1.574E-06,1.342E-06,0.8528
001,1: Hydrogen,2.000E-03,1.056E+03,1.411E+02,1.197E+03,2.012E-06,1.749E-06,0.8690
001,1: Hydrogen,2.500E-03,1.180E+03,1.201E+02,1.300E+03,2.413E-06,2.125E-06,0.8810
001,1: Hydrogen,3.000E-03,1.293E+03,1.050E+02,1.398E+03,2.783E-06,2.478E-06,0.8903
001,1: Hydrogen,4.000E-03,1.493E+03,8.454E+01,1.578E+03,3.455E-06,3.123E-06,0.9039
001,1: Hydrogen,5.000E-03,1.669E+03,7.122E+01,1.741E+03,4.058E-06,3.708E-06,0.9136
001,1: Hydrogen,6.000E-03,1.829E+03,6.179E+01,1.890E+03,4.609E-06,4.245E-06,0.9210
001,1: Hydrogen,7.000E-03,1.975E+03,5.472E+01,2.030E+03,5.119E-06,4.744E-06,0.9267
001,1: Hydrogen,8.000E-03,2.112E+03,4.921E+01,2.161E+03,5.597E-06,5.213E-06,0.9315
001,1: Hydrogen,9.000E-03,2.240E+03,4.479E+01,2.284E+03,6.047E-06,5.656E-06,0.9354
001,1: Hydrogen,1.000E-02,2.361E+03,4.115E+01,2.402E+03,6.473E-06,6.077E-06,0.9388
001,1: Hydrogen,1.250E-02,2.586E+03,3.434E+01,2.621E+03,7.467E-06,7.059E-06,0.9454
001,1: Hydrogen,1.500E-02,2.777E+03,2.958E+01,2.807E+03,8.388E-06,7.972E-06,0.9504
001,1: Hydrogen,1.750E-02,2.942E+03,2.605E+01,2.968E+03,9.254E-06,8.831E-06,0.9543
001,1: Hydrogen,2.000E-02,3.084E+03,2.332E+01,3.107E+03,1.008E-05,9.649E-06,0.9575
001,1: Hydrogen,2.250E-02,3.208E+03,2.114E+01,3.229E+03,1.087E-05,1.043E-05,0.9602
001,1: Hydrogen,2.500E-02,3.316E+03,1.936E+01,3.335E+03,1.163E-05,1.119E-05,0.9625
001,1: Hydrogen,2.750E-02,3.409E+03,1.787E+01,3.427E+03,1.237E-05,1.193E-05,0.9645
001,1: Hydrogen,3.000E-02,3.490E+03,1.661E+01,3.506E+03,1.309E-05,1.265E-05,0.9663
001,1: Hydrogen,3.500E-02,3.618E+03,1.458E+01,3.633E+03,1.449E-05,1.404E-05,0.9692
001,1: Hydrogen,4.000E-02,3.710E+03,1.302E+01,3.723E+03,1.584E-05,1.540E-05,0.9716
001,1: Hydrogen,4.500E-02,3.771E+03,1.178E+01,3.783E+03,1.718E-05,1.672E-05,0.9736
001,1: Hydrogen,5.000E-02,3.808E+03,1.077E+01,3.818E+03,1.849E-05,1.804E-05,0.9753
001,1: Hydrogen,5.500E-02,3.823E+03,9.923E+00,3.833E+03,1.980E-05,1.934E-05,0.9768
001,1: Hydrogen,6.000E-02,3.822E+03,9.209E+00,3.831E+03,2.110E-05,2.064E-05,0.9782
001,1: Hydrogen,6.500E-02,3.807E+03,8.596E+00,3.816E+03,2.241E-05,2.195E-05,0.9794
001,1: Hydrogen,7.000E-02,3.781E+03,8.065E+00,3.789E+03,2.372E-05,2.326E-05,0.9804
001,1: Hydrogen,7.500E-02,3.745E+03,7.599E+00,3.753E+03,2.505E-05,2.458E-05,0.9814
001,1: Hydrogen,8.000E-02,3.702E+03,7.186E+00,3.710E+03,2.639E-05,2.592E-05,0.9823
001,1: Hydrogen,8.500E-02,3.654E+03,6.819E+00,3.661E+03,2.775E-05,2.728E-05,0.9831
001,1: Hydrogen,9.000E-02,3.601E+03,6.490E+00,3.608E+03,2.912E-05,2.865E-05,0.9838
001,1: Hydrogen,9.500E-02,3.545E+03,6.192E+00,3.552E+03,3.052E-05,3.005E-05,0.9845
001,1: Hydrogen,1.000E-01,3.487E+03,5.922E+00,3.493E+03,3.194E-05,3.146E-05,0.9852
001,1: Hydrogen,1.250E-01,3.183E+03,4.876E+00,3.188E+03,3.943E-05,3.895E-05,0.9878
001,1: Hydrogen,1.500E-01,2.890E+03,4.157E+00,2.895E+03,4.766E-05,4.717E-05,0.9898
001,1: Hydrogen,1.750E-01,2.629E+03,3.631E+00,2.633E+03,5.672E-05,5.623E-05,0.9913
001,1: Hydrogen,2.000E-01,2.402E+03,3.228E+00,2.406E+03,6.666E-05,6.617E-05,0.9925
001,1: Hydrogen,2.250E-01,2.204E+03,2.909E+00,2.207E+03,7.752E-05,7.702E-05,0.9935
001,1: Hydrogen,2.500E-01,2.031E+03,2.650E+00,2.034E+03,8.933E-05,8.882E-05,0.9943
001,1: Hydrogen,2.750E-01,1.882E+03,2.431E+00,1.884E+03,1.021E-04,1.016E-04,0.9950
001,1: Hydrogen,3.000E-01,1.753E+03,2.242E+00,1.755E+03,1.159E-04,1.153E-04,0.9955
001,1: Hydrogen,3.500E-01,1.544E+03,1.942E+00,1.546E+03,1.463E-04,1.458E-04,0.9963
001,1: Hydrogen,4.000E-01,1.384E+03,1.715E+00,1.385E+03,1.805E-04,1.800E-04,0.9970
001,1: Hydrogen,4.500E-01,1.258E+03,1.536E+00,1.260E+03,2.184E-04,2.179E-04,0.9974
001,1: Hydrogen,5.000E-01,1.159E+03,1.392E+00,1.160E+03,2.598E-04,2.593E-04,0.9978
001,1: Hydrogen,5.500E-01,1.077E+03,1.273E+00,1.078E+03,3.046E-04,3.040E-04,0.9980
001,1: Hydrogen,6.000E-01,1.007E+03,1.173E+00,1.009E+03,3.526E-04,3.519E-04,0.9983
001,1: Hydrogen,6.500E-01,9.470E+02,1.088E+00,9.481E+02,4.037E-04,4.031E-04,0.9984
001,1: Hydrogen,7.000E-01,8.942E+02,1.015E+00,8.952E+02,4.580E-04,4.574E-04,0.9986
001,1: Hydrogen,7.500E-01,8.475E+02,9.515E-01,8.485E+02,5.154E-04,5.147E-04,0.9987
001,1: Hydrogen,8.000E-01,8.059E+02,8.955E-01,8.068E+02,5.759E-04,5.752E-04,0.9988
001,1: Hydrogen,8.500E-01,7.686E+02,8.459E-01,7.695E+02,6.393E-04,6.386E-04,0.9989
001,1: Hydrogen,9.000E-01,7.349E+02,8.015E-01,7.357E+02,7.058E-04,7.051E-04,0.9990
001,1: Hydrogen,9.500E-01,7.043E+02,7.618E-01,7.051E+02,7.753E-04,7.745E-04,0.9990
001,1: Hydrogen,1.000E+00,6.764E+02,7.258E-01,6.771E+02,8.476E-04,8.469E-04,0.9991
001,1: Hydrogen,1.250E+00,5.667E+02,5.881E-01,5.673E+02,1.253E-03,1.252E-03,0.9993
001,1: Hydrogen,1.500E+00,4.897E+02,4.951E-01,4.902E+02,1.728E-03,1.727E-03,0.9994
001,1: Hydrogen,1.750E+00,4.325E+02,4.279E-01,4.329E+02,2.272E-03,2.271E-03,0.9995
001,1: Hydrogen,2.000E+00,3.881E+02,3.772E-01,3.885E+02,2.883E-03,2.881E-03,0.9995
001,1: Hydrogen,2.250E+00,3.526E+02,3.374E-01,3.530E+02,3.559E-03,3.557E-03,0.9996
001,1: Hydrogen,2.500E+00,3.235E+02,3.053E-01,3.238E+02,4.299E-03,4.297E-03,0.9996
001,1: Hydrogen,2.750E+00,2.992E+02,2.790E-01,2.995E+02,5.102E-03,5.100E-03,0.9996
001,1: Hydrogen,3.000E+00,2.785E+02,2.569E-01,2.788E+02,5.968E-03,5.966E-03,0.9996
001,1: Hydrogen,3.500E+00,2.452E+02,2.219E-01,2.455E+02,7.884E-03,7.881E-03,0.9997
001,1: Hydrogen,4.000E+00,2.195E+02,1.955E-01,2.197E+02,1.004E-02,1.004E-02,0.9997
001,1: Hydrogen,4.500E+00,1.991E+02,1.748E-01,1.992E+02,1.243E-02,1.243E-02,0.9997
001,1: Hydrogen,5.000E+00,1.823E+02,1.582E-01,1.825E+02,1.506E-02,1.505E-02,0.9997
001,1: Hydrogen,5.500E+00,1.684E+02,1.445E-01,1.685E+02,1.791E-02,1.791E-02,0.9997
001,1: Hydrogen,6.000E+00,1.565E+02,1.330E-01,1.567E+02,2.099E-02,2.099E-02,0.9997
001,1: Hydrogen,6.500E+00,1.464E+02,1.233E-01,1.465E+02,2.429E-02,2.429E-02,0.9997
001,1: Hydrogen,7.000E+00,1.375E+02,1.149E-01,1.377E+02,2.782E-02,2.781E-02,0.9997
001,1: Hydrogen,7.500E+00,1.298E+02,1.076E-01,1.299E+02,3.156E-02,3.155E-02,0.9997
001,1: Hydrogen,8.000E+00,1.229E+02,1.012E-01,1.230E+02,3.551E-02,3.551E-02,0.9997
001,1: Hydrogen,8.500E+00,1.168E+02,9.552E-02,1.169E+02,3.969E-02,3.968E-02,0.9997
001,1: Hydrogen,9.000E+00,1.113E+02,9.047E-02,1.114E+02,4.407E-02,4.406E-02,0.9997
001,1: Hydrogen,9.500E+00,1.064E+02,8.593E-02,1.065E+02,4.866E-02,4.865E-02,0.9997
001,1: Hydrogen,1.000E+01,1.019E+02,8.184E-02,1.019E+02,5.346E-02,5.345E-02,0.9998
001,1: Hydrogen,1.250E+01,8.437E+01,6.617E-02,8.444E+01,8.054E-02,8.052E-02,0.9998
001,1: Hydrogen,1.500E+01,7.233E+01,5.562E-02,7.239E+01,1.126E-01,1.126E-01,0.9998
001,1: Hydrogen,1.750E+01,6.351E+01,4.802E-02,6.356E+01,1.496E-01,1.495E-01,0.9998
001,1: Hydrogen,2.000E+01,5.675E+01,4.228E-02,5.679E+01,1.913E-01,1.912E-01,0.9998
001,1: Hydrogen,2.500E+01,4.704E+01,3.418E-02,4.707E+01,2.884E-01,2.884E-01,0.9998
001,1: Hydrogen,2.750E+01,4.343E+01,3.121E-02,4.346E+01,3.438E-01,3.437E-01,0.9998
001,1: Hydrogen,3.000E+01,4.038E+01,2.872E-02,4.041E+01,4.035E-01,4.034E-01,0.9998
001,1: Hydrogen,3.500E+01,3.551E+01,2.479E-02,3.554E+01,5.357E-01,5.356E-01,0.9998
001,1: Hydrogen,4.000E+01,3.179E+01,2.183E-02,3.182E+01,6.847E-01,6.846E-01,0.9998
001,1: Hydrogen,4.500E+01,2.885E+01,1.951E-02,2.887E+01,8.499E-01,8.497E-01,0.9998
001,1: Hydrogen,5.000E+01,2.647E+01,1.764E-02,2.649E+01,1.031E+00,1.031E+00,0.9998
001,1: Hydrogen,5.500E+01,2.450E+01,1.611E-02,2.451E+01,1.227E+00,1.227E+00,0.9998
001,1: Hydrogen,6.000E+01,2.284E+01,1.482E-02,2.285E+01,1.439E+00,1.438E+00,0.9998
001,1: Hydrogen,6.500E+01,2.141E+01,1.373E-02,2.143E+01,1.665E+00,1.665E+00,0.9998
001,1: Hydrogen,7.000E+01,2.019E+01,1.279E-02,2.020E+01,1.905E+00,1.905E+00,0.9998
001,1: Hydrogen,7.500E+01,1.911E+01,1.198E-02,1.913E+01,2.160E+00,2.159E+00,0.9998
001,1: Hydrogen,8.000E+01,1.817E+01,1.126E-02,1.818E+01,2.428E+00,2.428E+00,0.9998
001,1: Hydrogen,8.500E+01,1.733E+01,1.063E-02,1.734E+01,2.710E+00,2.709E+00,0.9998
001,1: Hydrogen,9.000E+01,1.658E+01,1.006E-02,1.659E+01,3.005E+00,3.004E+00,0.9998
001,1: Hydrogen,9.500E+01,1.590E+01,9.557E-03,1.591E+01,3.312E+00,3.312E+00,0.9998
001,1: Hydrogen,1.000E+02,1.529E+01,9.100E-03,1.530E+01,3.633E+00,3.632E+00,0.9998
001,1: Hydrogen,1.250E+02,1.294E+01,7.353E-03,1.295E+01,5.417E+00,5.416E+00,0.9998
001,1: Hydrogen,1.500E+02,1.135E+01,6.178E-03,1.135E+01,7.485E+00,7.484E+00,0.9998
001,1: Hydrogen,1.750E+02,1.020E+01,5.333E-03,1.020E+01,9.813E+00,9.812E+00,0.9998
001,1: Hydrogen,2.000E+02,9.323E+00,4.695E-03,9.328E+00,1.238E+01,1.238E+01,0.9998
001,1: Hydrogen,2.250E+02,8.640E+00,4.195E-03,8.645E+00,1.517E+01,1.517E+01,0.9998
001,1: Hydrogen,2.500E+02,8.092E+00,3.794E-03,8.096E+00,1.816E+01,1.816E+01,0.9998
001,1: Hydrogen,2.750E+02,7.642E+00,3.464E-03,7.645E+00,2.134E+01,2.134E+01,0.9998
001,1: Hydrogen,3.000E+02,7.266E+00,3.188E-03,7.269E+00,2.469E+01,2.469E+01,0.9998
001,1: Hydrogen,3.500E+02,6.676E+00,2.753E-03,6.679E+00,3.188E+01,3.188E+01,0.9999
001,1: Hydrogen,4.000E+02,6.236E+00,2.424E-03,6.238E+00,3.964E+01,3.964E+01,0.9999
001,1: Hydrogen,4.500E+02,5.895E+00,2.166E-03,5.897E+00,4.789E+01,4.789E+01,0.9999
001,1: Hydrogen,5.000E+02,5.625E+00,1.960E-03,5.627E+00,5.658E+01,5.657E+01,0.9999
001,1: Hydrogen,5.500E+02,5.407E+00,1.790E-03,5.409E+00,6.565E+01,6.564E+01,0.9999
001,1: Hydrogen,6.000E+02,5.228E+00,1.647E-03,5.230E+00,7.505E+01,7.504E+01,0.9999
001,1: Hydrogen,6.500E+02,5.079E+00,1.527E-03,5.081E+00,8.476E+01,8.474E+01,0.9999
001,1: Hydrogen,7.000E+02,4.954E+00,1.423E-03,4.955E+00,9.472E+01,9.471E+01,0.9999
001,1: Hydrogen,7.500E+02,4.847E+00,1.333E-03,4.848E+00,1.049E+02,1.049E+02,0.9999
001,1: Hydrogen,8.000E+02,4.755E+00,1.253E-03,4.757E+00,1.153E+02,1.153E+02,0.9999
001,1: Hydrogen,8.500E+02,4.676E+00,1.183E-03,4.678E+00,1.259E+02,1.259E+02,0.9999
001,1: Hydrogen,9.000E+02,4.608E+00,1.121E-03,4.609E+00,1.367E+02,1.367E+02,0.9999
001,1: Hydrogen,9.500E+02,4.548E+00,1.065E-03,4.549E+00,1.476E+02,1.476E+02,0.9999
001,1: Hydrogen,1.000E+03,4.496E+00,1.014E-03,4.497E+00,1.587E+02,1.587E+02,0.9999
001,1: Hydrogen,1.500E+03,4.212E+00,6.908E-04,4.213E+00,2.743E+02,2.742E+02,0.9999
001,1: Hydrogen,2.000E+03,4.125E+00,5.264E-04,4.125E+00,3.945E+02,3.944E+02,0.9999
001,1: Hydrogen,2.500E+03,4.106E+00,4.265E-04,4.107E+00,5.160E+02,5.160E+02,0.9999
001,1: Hydrogen,3.000E+03,4.117E+00,3.592E-04,4.118E+00,6.377E+02,6.376E+02,0.9999
001,1: Hydrogen,4.000E+03,4.172E+00,2.740E-04,4.172E+00,8.791E+02,8.790E+02,0.9999
001,1: Hydrogen,5.000E+03,4.240E+00,2.221E-04,4.240E+00,1.117E+03,1.117E+03,0.9999
001,1: Hydrogen,6.000E+03,4.307E+00,1.872E-04,4.307E+00,1.351E+03,1.351E+03,1.0000
001,1: Hydrogen,7.000E+03,4.371E+00,1.620E-04,4.372E+00,1.581E+03,1.581E+03,1.0000
001,1: Hydrogen,8.000E+03,4.431E+00,1.429E-04,4.431E+00,1.808E+03,1.808E+03,1.0000
001,1: Hydrogen,9.000E+03,4.487E+00,1.279E-04,4.487E+00,2.033E+03,2.033E+03,1.0000
001,1: Hydrogen,1.000E+04,4.539E+00,1.159E-04,4.539E+00,2.254E+03,2.254E+03,1.0000
002,2: Helium,1.000E-03,1.842E+02,4.837E+01,2.326E+02,4.882E-06,2.831E-06,0.5800
002,2: Helium,1.500E-03,2.256E+02,3.761E+01,2.633E+02,6.887E-06,4.321E-06,0.6273
002,2: Helium,2.000E-03,2.606E+02,3.112E+01,2.917E+02,8.691E-06,5.751E-06,0.6617
002,2: Helium,2.500E-03,2.913E+02,2.672E+01,3.180E+02,1.033E-05,7.107E-06,0.6880
002,2: Helium,3.000E-03,3.191E+02,2.351E+01,3.426E+02,1.184E-05,8.397E-06,0.7090
002,2: Helium,4.000E-03,3.685E+02,1.911E+01,3.876E+02,1.458E-05,1.080E-05,0.7408
002,2: Helium,5.000E-03,4.120E+02,1.620E+01,4.282E+02,1.704E-05,1.302E-05,0.7641
002,2: Helium,6.000E-03,4.513E+02,1.412E+01,4.654E+02,1.927E-05,1.508E-05,0.7822
002,2: Helium,7.000E-03,4.874E+02,1.256E+01,5.000E+02,2.135E-05,1.701E-05,0.7967
002,2: Helium,8.000E-03,5.211E+02,1.133E+01,5.324E+02,2.328E-05,1.883E-05,0.8087
002,2: Helium,9.000E-03,5.527E+02,1.033E+01,5.630E+02,2.511E-05,2.056E-05,0.8188
002,2: Helium,1.000E-02,5.826E+02,9.515E+00,5.921E+02,2.684E-05,2.221E-05,0.8275
002,2: Helium,1.250E-02,6.413E+02,7.974E+00,6.492E+02,3.086E-05,2.608E-05,0.8450
002,2: Helium,1.500E-02,6.919E+02,6.891E+00,6.988E+02,3.457E-05,2.967E-05,0.8583
002,2: Helium,1.750E-02,7.367E+02,6.084E+00,7.427E+02,3.804E-05,3.305E-05,0.8688
002,2: Helium,2.000E-02,7.766E+02,5.458E+00,7.821E+02,4.132E-05,3.626E-05,0.8775
002,2: Helium,2.250E-02,8.125E+02,4.957E+00,8.175E+02,4.444E-05,3.932E-05,0.8848
002,2: Helium,2.500E-02,8.449E+02,4.546E+00,8.495E+02,4.744E-05,4.227E-05,0.8910
002,2: Helium,2.750E-02,8.742E+02,4.202E+00,8.784E+02,5.033E-05,4.512E-05,0.8964
002,2: Helium,3.000E-02,9.008E+02,3.910E+00,9.047E+02,5.314E-05,4.789E-05,0.9012
002,2: Helium,3.500E-02,9.466E+02,3.439E+00,9.500E+02,5.853E-05,5.321E-05,0.9092
002,2: Helium,4.000E-02,9.841E+02,3.076E+00,9.872E+02,6.369E-05,5.832E-05,0.9157
002,2: Helium,4.500E-02,1.014E+03,2.786E+00,1.017E+03,6.867E-05,6.326E-05,0.9212
002,2: Helium,5.000E-02,1.039E+03,2.550E+00,1.041E+03,7.353E-05,6.808E-05,0.9259
002,2: Helium,5.500E-02,1.058E+03,2.352E+00,1.060E+03,7.828E-05,7.281E-05,0.9300
002,2: Helium,6.000E-02,1.072E+03,2.185E+00,1.074E+03,8.297E-05,7.746E-05,0.9336
002,2: Helium,6.500E-02,1.083E+03,2.042E+00,1.085E+03,8.760E-05,8.207E-05,0.9369
002,2: Helium,7.000E-02,1.089E+03,1.917E+00,1.091E+03,9.219E-05,8.664E-05,0.9398
002,2: Helium,7.500E-02,1.093E+03,1.807E+00,1.095E+03,9.677E-05,9.119E-05,0.9424
002,2: Helium,8.000E-02,1.094E+03,1.710E+00,1.096E+03,1.013E-04,9.573E-05,0.9448
002,2: Helium,8.500E-02,1.093E+03,1.624E+00,1.095E+03,1.059E-04,1.003E-04,0.9470
002,2: Helium,9.000E-02,1.090E+03,1.546E+00,1.092E+03,1.105E-04,1.048E-04,0.9490
002,2: Helium,9.500E-02,1.085E+03,1.476E+00,1.087E+03,1.151E-04,1.094E-04,0.9509
002,2: Helium,1.000E-01,1.079E+03,1.412E+00,1.080E+03,1.197E-04,1.140E-04,0.9527
002,2: Helium,1.250E-01,1.032E+03,1.165E+00,1.033E+03,1.433E-04,1.376E-04,0.9600
002,2: Helium,1.500E-01,9.730E+02,9.949E-01,9.739E+02,1.682E-04,1.624E-04,0.9656
002,2: Helium,1.750E-01,9.112E+02,8.701E-01,9.121E+02,1.947E-04,1.889E-04,0.9700
002,2: Helium,2.000E-01,8.521E+02,7.740E-01,8.528E+02,2.231E-04,2.172E-04,0.9736
002,2: Helium,2.250E-01,7.975E+02,6.963E-01,7.982E+02,2.534E-04,2.474E-04,0.9765
002,2: Helium,2.500E-01,7.483E+02,6.332E-01,7.489E+02,2.857E-04,2.797E-04,0.9790
002,2: Helium,2.750E-01,7.045E+02,5.810E-01,7.051E+02,3.201E-04,3.141E-04,0.9811
002,2: Helium,3.000E-01,6.658E+02,5.370E-01,6.663E+02,3.566E-04,3.505E-04,0.9829
002,2: Helium,3.500E-01,6.004E+02,4.668E-01,6.009E+02,4.358E-04,4.296E-04,0.9858
002,2: Helium,4.000E-01,5.477E+02,4.133E-01,5.481E+02,5.230E-04,5.167E-04,0.9880
002,2: Helium,4.500E-01,5.045E+02,3.711E-01,5.048E+02,6.181E-04,6.117E-04,0.9897
002,2: Helium,5.000E-01,4.683E+02,3.369E-01,4.687E+02,7.210E-04,7.145E-04,0.9910
002,2: Helium,5.500E-01,4.377E+02,3.087E-01,4.380E+02,8.315E-04,8.249E-04,0.9921
002,2: Helium,6.000E-01,4.113E+02,2.849E-01,4.116E+02,9.493E-04,9.426E-04,0.9929
002,2: Helium,6.500E-01,3.882E+02,2.646E-01,3.885E+02,1.074E-03,1.068E-03,0.9937
002,2: Helium,7.000E-01,3.680E+02,2.471E-01,3.682E+02,1.207E-03,1.200E-03,0.9943
002,2: Helium,7.500E-01,3.499E+02,2.318E-01,3.502E+02,1.346E-03,1.339E-03,0.9948
002,2: Helium,8.000E-01,3.338E+02,2.184E-01,3.341E+02,1.492E-03,1.485E-03,0.9952
002,2: Helium,8.500E-01,3.193E+02,2.064E-01,3.195E+02,1.645E-03,1.638E-03,0.9956
002,2: Helium,9.000E-01,3.062E+02,1.958E-01,3.064E+02,1.805E-03,1.798E-03,0.9959
002,2: Helium,9.500E-01,2.942E+02,1.862E-01,2.944E+02,1.972E-03,1.964E-03,0.9962
002,2: Helium,1.000E+00,2.832E+02,1.775E-01,2.834E+02,2.145E-03,2.137E-03,0.9964
002,2: Helium,1.250E+00,2.396E+02,1.442E-01,2.397E+02,3.108E-03,3.099E-03,0.9973
002,2: Helium,1.500E+00,2.086E+02,1.216E-01,2.087E+02,4.229E-03,4.219E-03,0.9978
002,2: Helium,1.750E+00,1.852E+02,1.052E-01,1.853E+02,5.502E-03,5.492E-03,0.9982
002,2: Helium,2.000E+00,1.670E+02,9.283E-02,1.671E+02,6.925E-03,6.914E-03,0.9984
002,2: Helium,2.250E+00,1.523E+02,8.310E-02,1.524E+02,8.494E-03,8.482E-03,0.9986
002,2: Helium,2.500E+00,1.402E+02,7.526E-02,1.403E+02,1.021E-02,1.019E-02,0.9987
002,2: Helium,2.750E+00,1.300E+02,6.880E-02,1.301E+02,1.206E-02,1.204E-02,0.9988
002,2: Helium,3.000E+00,1.213E+02,6.338E-02,1.214E+02,1.405E-02,1.403E-02,0.9989
002,2: Helium,3.500E+00,1.073E+02,5.480E-02,1.073E+02,1.844E-02,1.842E-02,0.9990
002,2: Helium,4.000E+00,9.637E+01,4.831E-02,9.642E+01,2.336E-02,2.334E-02,0.9991
002,2: Helium,4.500E+00,8.763E+01,4.322E-02,8.767E+01,2.881E-02,2.878E-02,0.9992
002,2: Helium,5.000E+00,8.046E+01,3.912E-02,8.050E+01,3.476E-02,3.474E-02,0.9992
002,2: Helium,5.500E+00,7.446E+01,3.575E-02,7.450E+01,4.123E-02,4.119E-02,0.9993
002,2: Helium,6.000E+00,6.936E+01,3.292E-02,6.939E+01,4.818E-02,4.815E-02,0.9993
002,2: Helium,6.500E+00,6.497E+01,3.051E-02,6.500E+01,5.563E-02,5.560E-02,0.9993
002,2: Helium,7.000E+00,6.114E+01,2.844E-02,6.117E+01,6.357E-02,6.353E-02,0.9993
002,2: Helium,7.500E+00,5.778E+01,2.664E-02,5.780E+01,7.198E-02,7.193E-02,0.9993
002,2: Helium,8.000E+00,5.479E+01,2.506E-02,5.482E+01,8.087E-02,8.081E-02,0.9994
002,2: Helium,8.500E+00,5.213E+01,2.366E-02,5.215E+01,9.022E-02,9.016E-02,0.9994
002,2: Helium,9.000E+00,4.973E+01,2.241E-02,4.975E+01,1.000E-01,9.998E-02,0.9994
002,2: Helium,9.500E+00,4.756E+01,2.129E-02,4.758E+01,1.103E-01,1.103E-01,0.9994
002,2: Helium,1.000E+01,4.559E+01,2.028E-02,4.561E+01,1.211E-01,1.210E-01,0.9994
002,2: Helium,1.250E+01,3.791E+01,1.640E-02,3.793E+01,1.815E-01,1.813E-01,0.9994
002,2: Helium,1.500E+01,3.260E+01,1.379E-02,3.261E+01,2.528E-01,2.526E-01,0.9995
002,2: Helium,1.750E+01,2.869E+01,1.191E-02,2.870E+01,3.347E-01,3.345E-01,0.9995
002,2: Helium,2.000E+01,2.568E+01,1.049E-02,2.569E+01,4.269E-01,4.267E-01,0.9995
002,2: Helium,2.500E+01,2.136E+01,8.483E-03,2.136E+01,6.413E-01,6.410E-01,0.9995
002,2: Helium,2.750E+01,1.974E+01,7.747E-03,1.975E+01,7.632E-01,7.628E-01,0.9995
002,2: Helium,3.000E+01,1.838E+01,7.131E-03,1.838E+01,8.945E-01,8.940E-01,0.9995
002,2: Helium,3.500E+01,1.619E+01,6.157E-03,1.620E+01,1.185E+00,1.184E+00,0.9995
002,2: Helium,4.000E+01,1.452E+01,5.421E-03,1.453E+01,1.511E+00,1.511E+00,0.9995
002,2: Helium,4.500E+01,1.320E+01,4.845E-03,1.320E+01,1.873E+00,1.872E+00,0.9996
002,2: Helium,5.000E+01,1.212E+01,4.382E-03,1.212E+01,2.269E+00,2.268E+00,0.9996
002,2: Helium,5.500E+01,1.123E+01,4.002E-03,1.123E+01,2.697E+00,2.696E+00,0.9996
002,2: Helium,6.000E+01,1.048E+01,3.683E-03,1.048E+01,3.159E+00,3.157E+00,0.9996
002,2: Helium,6.500E+01,9.833E+00,3.412E-03,9.836E+00,3.651E+00,3.650E+00,0.9996
002,2: Helium,7.000E+01,9.276E+00,3.179E-03,9.279E+00,4.175E+00,4.173E+00,0.9996
002,2: Helium,7.500E+01,8.789E+00,2.977E-03,8.792E+00,4.729E+00,4.727E+00,0.9996
002,2: Helium,8.000E+01,8.360E+00,2.799E-03,8.362E+00,5.312E+00,5.310E+00,0.9996
002,2: Helium,8.500E+01,7.978E+00,2.642E-03,7.981E+00,5.925E+00,5.922E+00,0.9996
002,2: Helium,9.000E+01,7.637E+00,2.502E-03,7.639E+00,6.565E+00,6.562E+00,0.9996
002,2: Helium,9.500E+01,7.329E+00,2.376E-03,7.332E+00,7.233E+00,7.231E+00,0.9996
002,2: Helium,1.000E+02,7.051E+00,2.262E-03,7.053E+00,7.929E+00,7.926E+00,0.9996
002,2: Helium,1.250E+02,5.979E+00,1.829E-03,5.981E+00,1.180E+01,1.179E+01,0.9996
002,2: Helium,1.500E+02,5.250E+00,1.537E-03,5.252E+00,1.627E+01,1.626E+01,0.9996
002,2: Helium,1.750E+02,4.723E+00,1.327E-03,4.724E+00,2.130E+01,2.129E+01,0.9996
002,2: Helium,2.000E+02,4.323E+00,1.168E-03,4.324E+00,2.684E+01,2.683E+01,0.9996
002,2: Helium,2.250E+02,4.010E+00,1.044E-03,4.011E+00,3.285E+01,3.284E+01,0.9997
002,2: Helium,2.500E+02,3.758E+00,9.441E-04,3.759E+00,3.929E+01,3.928E+01,0.9997
002,2: Helium,2.750E+02,3.552E+00,8.621E-04,3.552E+00,4.614E+01,4.613E+01,0.9997
002,2: Helium,3.000E+02,3.379E+00,7.935E-04,3.380E+00,5.336E+01,5.334E+01,0.9997
002,2: Helium,3.500E+02,3.108E+00,6.851E-04,3.109E+00,6.881E+01,6.879E+01,0.9997
002,2: Helium,4.000E+02,2.906E+00,6.033E-04,2.906E+00,8.547E+01,8.544E+01,0.9997
002,2: Helium,4.500E+02,2.749E+00,5.394E-04,2.750E+00,1.032E+02,1.031E+02,0.9997
002,2: Helium,5.000E+02,2.625E+00,4.879E-04,2.626E+00,1.218E+02,1.218E+02,0.9997
002,2: Helium,5.500E+02,2.525E+00,4.457E-04,2.526E+00,1.412E+02,1.412E+02,0.9997
002,2: Helium,6.000E+02,2.443E+00,4.103E-04,2.444E+00,1.614E+02,1.613E+02,0.9997
002,2: Helium,6.500E+02,2.375E+00,3.802E-04,2.375E+00,1.821E+02,1.821E+02,0.9997
002,2: Helium,7.000E+02,2.317E+00,3.544E-04,2.318E+00,2.034E+02,2.034E+02,0.9997
002,2: Helium,7.500E+02,2.268E+00,3.319E-04,2.269E+00,2.253E+02,2.252E+02,0.9997
002,2: Helium,8.000E+02,2.227E+00,3.122E-04,2.227E+00,2.475E+02,2.474E+02,0.9997
002,2: Helium,8.500E+02,2.191E+00,2.948E-04,2.191E+00,2.701E+02,2.701E+02,0.9998
002,2: Helium,9.000E+02,2.159E+00,2.792E-04,2.160E+00,2.931E+02,2.931E+02,0.9998
002,2: Helium,9.500E+02,2.132E+00,2.653E-04,2.132E+00,3.164E+02,3.164E+02,0.9998
002,2: Helium,1.000E+03,2.108E+00,2.527E-04,2.109E+00,3.400E+02,3.399E+02,0.9998
002,2: Helium,1.500E+03,1.981E+00,1.722E-04,1.981E+00,5.861E+02,5.860E+02,0.9998
002,2: Helium,2.000E+03,1.944E+00,1.312E-04,1.944E+00,8.414E+02,8.412E+02,0.9998
002,2: Helium,2.500E+03,1.939E+00,1.063E-04,1.939E+00,1.099E+03,1.099E+03,0.9998
002,2: Helium,3.000E+03,1.947E+00,8.958E-05,1.947E+00,1.356E+03,1.356E+03,0.9999
002,2: Helium,4.000E+03,1.977E+00,6.835E-05,1.977E+00,1.866E+03,1.866E+03,0.9999
002,2: Helium,5.000E+03,2.013E+00,5.543E-05,2.013E+00,2.368E+03,2.367E+03,0.9999
002,2: Helium,6.000E+03,2.048E+00,4.672E-05,2.048E+00,2.860E+03,2.860E+03,0.9999
002,2: Helium,7.000E+03,2.081E+00,4.043E-05,2.081E+00,3.345E+03,3.344E+03,0.9999
002,2: Helium,8.000E+03,2.111E+00,3.567E-05,2.111E+00,3.822E+03,3.821E+03,0.9999
002,2: Helium,9.000E+03,2.139E+00,3.194E-05,2.139E+00,4.292E+03,4.292E+03,0.9999
002,2: Helium,1.000E+04,2.166E+00,2.894E-05,2.166E+00,4.757E+03,4.756E+03,0.9999
004,4: Beryllium,1.000E-03,1.497E+02,2.641E+01,1.761E+02,7.469E-06,3.269E-06,0.4376
004,4: Beryllium,1.500E-03,1.833E+02,2.143E+01,2.047E+02,1.008E-05,4.932E-06,0.4893
004,4: Beryllium,2.000E-03,2.117E+02,1.822E+01,2.299E+02,1.238E-05,6.542E-06,0.5284
004,4: Beryllium,2.500E-03,2.367E+02,1.595E+01,2.526E+02,1.445E-05,8.083E-06,0.5592
004,4: Beryllium,3.000E-03,2.592E+02,1.425E+01,2.735E+02,1.635E-05,9.559E-06,0.5845
004,4: Beryllium,4.000E-03,2.993E+02,1.183E+01,3.112E+02,1.978E-05,1.234E-05,0.6239
004,4: Beryllium,5.000E-03,3.347E+02,1.018E+01,3.449E+02,2.282E-05,1.492E-05,0.6536
004,4: Beryllium,6.000E-03,3.666E+02,8.972E+00,3.756E+02,2.560E-05,1.734E-05,0.6772
004,4: Beryllium,7.000E-03,3.960E+02,8.047E+00,4.040E+02,2.817E-05,1.962E-05,0.6965
004,4: Beryllium,8.000E-03,4.233E+02,7.311E+00,4.306E+02,3.056E-05,2.178E-05,0.7127
004,4: Beryllium,9.000E-03,4.490E+02,6.710E+00,4.557E+02,3.282E-05,2.384E-05,0.7265
004,4: Beryllium,1.000E-02,4.733E+02,6.210E+00,4.795E+02,3.496E-05,2.581E-05,0.7385
004,4: Beryllium,1.250E-02,5.172E+02,5.256E+00,5.224E+02,3.994E-05,3.047E-05,0.7629
004,4: Beryllium,1.500E-02,5.534E+02,4.576E+00,5.579E+02,4.456E-05,3.485E-05,0.7820
004,4: Beryllium,1.750E-02,5.836E+02,4.064E+00,5.876E+02,4.892E-05,3.901E-05,0.7974
004,4: Beryllium,2.000E-02,6.087E+02,3.664E+00,6.124E+02,5.309E-05,4.302E-05,0.8103
004,4: Beryllium,2.250E-02,6.296E+02,3.340E+00,6.330E+02,5.710E-05,4.690E-05,0.8212
004,4: Beryllium,2.500E-02,6.468E+02,3.074E+00,6.499E+02,6.100E-05,5.067E-05,0.8307
004,4: Beryllium,2.750E-02,6.607E+02,2.850E+00,6.636E+02,6.480E-05,5.438E-05,0.8391
004,4: Beryllium,3.000E-02,6.719E+02,2.659E+00,6.746E+02,6.854E-05,5.802E-05,0.8465
004,4: Beryllium,3.500E-02,6.873E+02,2.349E+00,6.896E+02,7.586E-05,6.519E-05,0.8593
004,4: Beryllium,4.000E-02,6.955E+02,2.109E+00,6.976E+02,8.307E-05,7.226E-05,0.8698
004,4: Beryllium,4.500E-02,6.984E+02,1.916E+00,7.003E+02,9.022E-05,7.929E-05,0.8789
004,4: Beryllium,5.000E-02,6.976E+02,1.758E+00,6.994E+02,9.736E-05,8.633E-05,0.8867
004,4: Beryllium,5.500E-02,6.942E+02,1.625E+00,6.959E+02,1.045E-04,9.340E-05,0.8936
004,4: Beryllium,6.000E-02,6.891E+02,1.513E+00,6.906E+02,1.117E-04,1.005E-04,0.8996
004,4: Beryllium,6.500E-02,6.828E+02,1.416E+00,6.842E+02,1.190E-04,1.077E-04,0.9051
004,4: Beryllium,7.000E-02,6.757E+02,1.331E+00,6.770E+02,1.264E-04,1.150E-04,0.9100
004,4: Beryllium,7.500E-02,6.682E+02,1.257E+00,6.694E+02,1.338E-04,1.223E-04,0.9145
004,4: Beryllium,8.000E-02,6.605E+02,1.191E+00,6.617E+02,1.413E-04,1.298E-04,0.9185
004,4: Beryllium,8.500E-02,6.527E+02,1.133E+00,6.538E+02,1.489E-04,1.373E-04,0.9223
004,4: Beryllium,9.000E-02,6.449E+02,1.080E+00,6.460E+02,1.566E-04,1.450E-04,0.9257
004,4: Beryllium,9.500E-02,6.372E+02,1.032E+00,6.382E+02,1.644E-04,1.527E-04,0.9288
004,4: Beryllium,1.000E-01,6.296E+02,9.882E-01,6.306E+02,1.723E-04,1.605E-04,0.9318
004,4: Beryllium,1.250E-01,5.942E+02,8.186E-01,5.951E+02,2.131E-04,2.011E-04,0.9436
004,4: Beryllium,1.500E-01,5.630E+02,7.012E-01,5.637E+02,2.563E-04,2.440E-04,0.9522
004,4: Beryllium,1.750E-01,5.354E+02,6.148E-01,5.360E+02,3.018E-04,2.893E-04,0.9586
004,4: Beryllium,2.000E-01,5.107E+02,5.484E-01,5.113E+02,3.495E-04,3.368E-04,0.9637
004,4: Beryllium,2.250E-01,4.884E+02,4.956E-01,4.889E+02,3.996E-04,3.867E-04,0.9677
004,4: Beryllium,2.500E-01,4.682E+02,4.526E-01,4.687E+02,4.518E-04,4.387E-04,0.9710
004,4: Beryllium,2.750E-01,4.498E+02,4.169E-01,4.502E+02,5.062E-04,4.930E-04,0.9738
004,4: Beryllium,3.000E-01,4.328E+02,3.867E-01,4.332E+02,5.629E-04,5.494E-04,0.9761
004,4: Beryllium,3.500E-01,4.044E+02,3.380E-01,4.047E+02,6.824E-04,6.686E-04,0.9797
004,4: Beryllium,4.000E-01,3.801E+02,3.004E-01,3.804E+02,8.099E-04,7.957E-04,0.9825
004,4: Beryllium,4.500E-01,3.581E+02,2.706E-01,3.583E+02,9.453E-04,9.308E-04,0.9846
004,4: Beryllium,5.000E-01,3.376E+02,2.464E-01,3.379E+02,1.089E-03,1.074E-03,0.9863
004,4: Beryllium,5.500E-01,3.188E+02,2.263E-01,3.190E+02,1.241E-03,1.226E-03,0.9877
004,4: Beryllium,6.000E-01,3.022E+02,2.094E-01,3.024E+02,1.403E-03,1.387E-03,0.9889
004,4: Beryllium,6.500E-01,2.874E+02,1.949E-01,2.876E+02,1.572E-03,1.556E-03,0.9898
004,4: Beryllium,7.000E-01,2.742E+02,1.823E-01,2.744E+02,1.750E-03,1.734E-03,0.9907
004,4: Beryllium,7.500E-01,2.623E+02,1.713E-01,2.625E+02,1.937E-03,1.920E-03,0.9914
004,4: Beryllium,8.000E-01,2.515E+02,1.617E-01,2.517E+02,2.131E-03,2.114E-03,0.9920
004,4: Beryllium,8.500E-01,2.417E+02,1.530E-01,2.418E+02,2.334E-03,2.316E-03,0.9925
004,4: Beryllium,9.000E-01,2.327E+02,1.453E-01,2.328E+02,2.545E-03,2.527E-03,0.9930
004,4: Beryllium,9.500E-01,2.244E+02,1.384E-01,2.246E+02,2.763E-03,2.745E-03,0.9934
004,4: Beryllium,1.000E+00,2.168E+02,1.321E-01,2.169E+02,2.990E-03,2.971E-03,0.9937
004,4: Beryllium,1.250E+00,1.860E+02,1.078E-01,1.862E+02,4.238E-03,4.217E-03,0.9951
004,4: Beryllium,1.500E+00,1.636E+02,9.127E-02,1.636E+02,5.674E-03,5.651E-03,0.9959
004,4: Beryllium,1.750E+00,1.463E+02,7.922E-02,1.464E+02,7.292E-03,7.267E-03,0.9965
004,4: Beryllium,2.000E+00,1.326E+02,7.006E-02,1.327E+02,9.088E-03,9.060E-03,0.9969
004,4: Beryllium,2.250E+00,1.215E+02,6.284E-02,1.216E+02,1.106E-02,1.103E-02,0.9972
004,4: Beryllium,2.500E+00,1.123E+02,5.700E-02,1.123E+02,1.320E-02,1.317E-02,0.9974
004,4: Beryllium,2.750E+00,1.045E+02,5.218E-02,1.045E+02,1.551E-02,1.547E-02,0.9976
004,4: Beryllium,3.000E+00,9.776E+01,4.813E-02,9.781E+01,1.798E-02,1.794E-02,0.9978
004,4: Beryllium,3.500E+00,8.685E+01,4.170E-02,8.689E+01,2.342E-02,2.337E-02,0.9980
004,4: Beryllium,4.000E+00,7.828E+01,3.681E-02,7.832E+01,2.949E-02,2.943E-02,0.9981
004,4: Beryllium,4.500E+00,7.138E+01,3.297E-02,7.141E+01,3.618E-02,3.612E-02,0.9983
004,4: Beryllium,5.000E+00,6.569E+01,2.988E-02,6.572E+01,4.349E-02,4.342E-02,0.9984
004,4: Beryllium,5.500E+00,6.092E+01,2.732E-02,6.094E+01,5.139E-02,5.131E-02,0.9984
004,4: Beryllium,6.000E+00,5.684E+01,2.518E-02,5.687E+01,5.989E-02,5.980E-02,0.9985
004,4: Beryllium,6.500E+00,5.332E+01,2.336E-02,5.334E+01,6.898E-02,6.888E-02,0.9985
004,4: Beryllium,7.000E+00,5.025E+01,2.179E-02,5.027E+01,7.864E-02,7.853E-02,0.9986
004,4: Beryllium,7.500E+00,4.754E+01,2.042E-02,4.756E+01,8.887E-02,8.874E-02,0.9986
004,4: Beryllium,8.000E+00,4.513E+01,1.921E-02,4.515E+01,9.966E-02,9.953E-02,0.9987
004,4: Beryllium,8.500E+00,4.298E+01,1.815E-02,4.299E+01,1.110E-01,1.109E-01,0.9987
004,4: Beryllium,9.000E+00,4.104E+01,1.719E-02,4.105E+01,1.229E-01,1.228E-01,0.9987
004,4: Beryllium,9.500E+00,3.928E+01,1.634E-02,3.929E+01,1.354E-01,1.352E-01,0.9987
004,4: Beryllium,1.000E+01,3.768E+01,1.557E-02,3.769E+01,1.484E-01,1.482E-01,0.9987
004,4: Beryllium,1.250E+01,3.143E+01,1.261E-02,3.144E+01,2.213E-01,2.211E-01,0.9988
004,4: Beryllium,1.500E+01,2.708E+01,1.061E-02,2.709E+01,3.073E-01,3.069E-01,0.9989
004,4: Beryllium,1.750E+01,2.387E+01,9.169E-03,2.388E+01,4.058E-01,4.053E-01,0.9989
004,4: Beryllium,2.000E+01,2.140E+01,8.079E-03,2.141E+01,5.165E-01,5.160E-01,0.9989
004,4: Beryllium,2.500E+01,1.784E+01,6.537E-03,1.784E+01,7.736E-01,7.728E-01,0.9990
004,4: Beryllium,2.750E+01,1.650E+01,5.972E-03,1.651E+01,9.194E-01,9.184E-01,0.9990
004,4: Beryllium,3.000E+01,1.537E+01,5.498E-03,1.538E+01,1.076E+00,1.075E+00,0.9990
004,4: Beryllium,3.500E+01,1.356E+01,4.749E-03,1.357E+01,1.423E+00,1.422E+00,0.9990
004,4: Beryllium,4.000E+01,1.217E+01,4.182E-03,1.218E+01,1.813E+00,1.811E+00,0.9991
004,4: Beryllium,4.500E+01,1.107E+01,3.739E-03,1.108E+01,2.244E+00,2.242E+00,0.9991
004,4: Beryllium,5.000E+01,1.018E+01,3.383E-03,1.018E+01,2.715E+00,2.713E+00,0.9991
004,4: Beryllium,5.500E+01,9.436E+00,3.089E-03,9.439E+00,3.226E+00,3.223E+00,0.9991
004,4: Beryllium,6.000E+01,8.808E+00,2.844E-03,8.811E+00,3.775E+00,3.771E+00,0.9991
004,4: Beryllium,6.500E+01,8.271E+00,2.635E-03,8.274E+00,4.360E+00,4.357E+00,0.9991
004,4: Beryllium,7.000E+01,7.806E+00,2.455E-03,7.809E+00,4.983E+00,4.979E+00,0.9991
004,4: Beryllium,7.500E+01,7.400E+00,2.299E-03,7.402E+00,5.641E+00,5.636E+00,0.9991
004,4: Beryllium,8.000E+01,7.041E+00,2.162E-03,7.043E+00,6.334E+00,6.328E+00,0.9992
004,4: Beryllium,8.500E+01,6.721E+00,2.041E-03,6.723E+00,7.060E+00,7.055E+00,0.9992
004,4: Beryllium,9.000E+01,6.436E+00,1.933E-03,6.438E+00,7.821E+00,7.814E+00,0.9992
004,4: Beryllium,9.500E+01,6.178E+00,1.836E-03,6.180E+00,8.614E+00,8.607E+00,0.9992
004,4: Beryllium,1.000E+02,5.945E+00,1.748E-03,5.947E+00,9.439E+00,9.431E+00,0.9992
004,4: Beryllium,1.250E+02,5.046E+00,1.413E-03,5.047E+00,1.402E+01,1.401E+01,0.9992
004,4: Beryllium,1.500E+02,4.434E+00,1.188E-03,4.435E+00,1.932E+01,1.931E+01,0.9992
004,4: Beryllium,1.750E+02,3.990E+00,1.026E-03,3.991E+00,2.528E+01,2.526E+01,0.9993
004,4: Beryllium,2.000E+02,3.653E+00,9.033E-04,3.654E+00,3.183E+01,3.181E+01,0.9993
004,4: Beryllium,2.250E+02,3.389E+00,8.074E-04,3.390E+00,3.895E+01,3.892E+01,0.9993
004,4: Beryllium,2.500E+02,3.177E+00,7.303E-04,3.177E+00,4.657E+01,4.654E+01,0.9993
004,4: Beryllium,2.750E+02,3.002E+00,6.670E-04,3.002E+00,5.467E+01,5.463E+01,0.9993
004,4: Beryllium,3.000E+02,2.856E+00,6.140E-04,2.856E+00,6.321E+01,6.317E+01,0.9993
004,4: Beryllium,3.500E+02,2.626E+00,5.302E-04,2.627E+00,8.150E+01,8.145E+01,0.9994
004,4: Beryllium,4.000E+02,2.454E+00,4.670E-04,2.454E+00,1.012E+02,1.012E+02,0.9994
004,4: Beryllium,4.500E+02,2.321E+00,4.175E-04,2.321E+00,1.222E+02,1.221E+02,0.9994
004,4: Beryllium,5.000E+02,2.215E+00,3.777E-04,2.215E+00,1.443E+02,1.442E+02,0.9994
004,4: Beryllium,5.500E+02,2.129E+00,3.450E-04,2.129E+00,1.673E+02,1.672E+02,0.9994
004,4: Beryllium,6.000E+02,2.058E+00,3.177E-04,2.059E+00,1.912E+02,1.911E+02,0.9994
004,4: Beryllium,6.500E+02,1.999E+00,2.944E-04,2.000E+00,2.158E+02,2.157E+02,0.9995
004,4: Beryllium,7.000E+02,1.950E+00,2.745E-04,1.950E+00,2.412E+02,2.410E+02,0.9995
004,4: Beryllium,7.500E+02,1.907E+00,2.571E-04,1.907E+00,2.671E+02,2.670E+02,0.9995
004,4: Beryllium,8.000E+02,1.871E+00,2.418E-04,1.871E+00,2.936E+02,2.934E+02,0.9995
004,4: Beryllium,8.500E+02,1.839E+00,2.283E-04,1.839E+00,3.205E+02,3.204E+02,0.9995
004,4: Beryllium,9.000E+02,1.812E+00,2.163E-04,1.812E+00,3.479E+02,3.478E+02,0.9995
004,4: Beryllium,9.500E+02,1.787E+00,2.055E-04,1.788E+00,3.757E+02,3.755E+02,0.9995
004,4: Beryllium,1.000E+03,1.766E+00,1.958E-04,1.766E+00,4.039E+02,4.037E+02,0.9995
004,4: Beryllium,1.500E+03,1.648E+00,1.334E-04,1.649E+00,6.986E+02,6.984E+02,0.9996
004,4: Beryllium,2.000E+03,1.608E+00,1.017E-04,1.608E+00,1.006E+03,1.006E+03,0.9996
004,4: Beryllium,2.500E+03,1.596E+00,8.246E-05,1.596E+00,1.319E+03,1.318E+03,0.9997
004,4: Beryllium,3.000E+03,1.595E+00,6.947E-05,1.595E+00,1.632E+03,1.632E+03,0.9997
004,4: Beryllium,4.000E+03,1.607E+00,5.303E-05,1.607E+00,2.257E+03,2.257E+03,0.9997
004,4: Beryllium,5.000E+03,1.625E+00,4.302E-05,1.625E+00,2.876E+03,2.876E+03,0.9998
004,4: Beryllium,6.000E+03,1.643E+00,3.626E-05,1.643E+00,3.488E+03,3.488E+03,0.9998
004,4: Beryllium,7.000E+03,1.660E+00,3.138E-05,1.660E+00,4.094E+03,4.093E+03,0.9998
004,4: Beryllium,8.000E+03,1.676E+00,2.769E-05,1.676E+00,4.693E+03,4.692E+03,0.9998
004,4: Beryllium,9.000E+03,1.691E+00,2.480E-05,1.691E+00,5.287E+03,5.286E+03,0.9998
004,4: Beryllium,1.000E+04,1.704E+00,2.247E-05,1.704E+00,5.876E+03,5.875E+03,0.9998
006,"6: Carbon, Amorphous (density2.0g/cm3)",1.000E-03,1.384E+02,2.514E+01,1.635E+02,8.354E-06,3.084E-06,0.3691
006,"6: Carbon, Amorphous (density2.0g/cm3)",1.500E-03,1.695E+02,2.106E+01,1.905E+02,1.116E-05,4.658E-06,0.4174
006,"6: Carbon, Amorphous (density2.0g/cm3)",2.000E-03,1.957E+02,1.829E+01,2.140E+02,1.363E-05,6.204E-06,0.4551
006,"6: Carbon, Amorphous (density2.0g/cm3)",2.500E-03,2.188E+02,1.625E+01,2.351E+02,1.586E-05,7.703E-06,0.4856
006,"6: Carbon, Amorphous (density2.0g/cm3)",3.000E-03,2.397E+02,1.469E+01,2.544E+02,1.790E-05,9.151E-06,0.5112
006,"6: Carbon, Amorphous (density2.0g/cm3)",4.000E-03,2.702E+02,1.241E+01,2.826E+02,2.162E-05,1.194E-05,0.5524
006,"6: Carbon, Amorphous (density2.0g/cm3)",5.000E-03,2.978E+02,1.081E+01,3.086E+02,2.501E-05,1.462E-05,0.5846
006,"6: Carbon, Amorphous (density2.0g/cm3)",6.000E-03,3.227E+02,9.618E+00,3.323E+02,2.813E-05,1.718E-05,0.6107
006,"6: Carbon, Amorphous (density2.0g/cm3)",7.000E-03,3.454E+02,8.690E+00,3.541E+02,3.104E-05,1.963E-05,0.6324
006,"6: Carbon, Amorphous (density2.0g/cm3)",8.000E-03,3.651E+02,7.943E+00,3.730E+02,3.379E-05,2.199E-05,0.6509
006,"6: Carbon, Amorphous (density2.0g/cm3)",9.000E-03,3.826E+02,7.328E+00,3.899E+02,3.641E-05,2.428E-05,0.6669
006,"6: Carbon, Amorphous (density2.0g/cm3)",1.000E-02,3.987E+02,6.810E+00,4.055E+02,3.893E-05,2.651E-05,0.6810
006,"6: Carbon, Amorphous (density2.0g/cm3)",1.250E-02,4.335E+02,5.814E+00,4.393E+02,4.484E-05,3.183E-05,0.7100
006,"6: Carbon, Amorphous (density2.0g/cm3)",1.500E-02,4.624E+02,5.094E+00,4.675E+02,5.035E-05,3.689E-05,0.7326
006,"6: Carbon, Amorphous (density2.0g/cm3)",1.750E-02,4.874E+02,4.547E+00,4.920E+02,5.556E-05,4.173E-05,0.7511
006,"6: Carbon, Amorphous (density2.0g/cm3)",2.000E-02,5.099E+02,4.115E+00,5.140E+02,6.053E-05,4.639E-05,0.7664
006,"6: Carbon, Amorphous (density2.0g/cm3)",2.250E-02,5.300E+02,3.765E+00,5.337E+02,6.530E-05,5.090E-05,0.7795
006,"6: Carbon, Amorphous (density2.0g/cm3)",2.500E-02,5.477E+02,3.475E+00,5.512E+02,6.991E-05,5.528E-05,0.7908
006,"6: Carbon, Amorphous (density2.0g/cm3)",2.750E-02,5.634E+02,3.229E+00,5.667E+02,7.438E-05,5.956E-05,0.8007
006,"6: Carbon, Amorphous (density2.0g/cm3)",3.000E-02,5.776E+02,3.019E+00,5.806E+02,7.874E-05,6.374E-05,0.8095
006,"6: Carbon, Amorphous (density2.0g/cm3)",3.500E-02,6.039E+02,2.678E+00,6.065E+02,8.716E-05,7.186E-05,0.8244
006,"6: Carbon, Amorphous (density2.0g/cm3)",4.000E-02,6.283E+02,2.411E+00,6.307E+02,9.524E-05,7.969E-05,0.8367
006,"6: Carbon, Amorphous (density2.0g/cm3)",4.500E-02,6.501E+02,2.196E+00,6.523E+02,1.030E-04,8.726E-05,0.8470
006,"6: Carbon, Amorphous (density2.0g/cm3)",5.000E-02,6.686E+02,2.019E+00,6.706E+02,1.106E-04,9.464E-05,0.8558
006,"6: Carbon, Amorphous (density2.0g/cm3)",5.500E-02,6.835E+02,1.870E+00,6.854E+02,1.180E-04,1.018E-04,0.8634
006,"6: Carbon, Amorphous (density2.0g/cm3)",6.000E-02,6.953E+02,1.744E+00,6.971E+02,1.252E-04,1.089E-04,0.8701
006,"6: Carbon, Amorphous (density2.0g/cm3)",6.500E-02,7.045E+02,1.634E+00,7.062E+02,1.323E-04,1.159E-04,0.8761
006,"6: Carbon, Amorphous (density2.0g/cm3)",7.000E-02,7.114E+02,1.539E+00,7.130E+02,1.394E-04,1.229E-04,0.8815
006,"6: Carbon, Amorphous (density2.0g/cm3)",7.500E-02,7.163E+02,1.455E+00,7.178E+02,1.463E-04,1.297E-04,0.8864
006,"6: Carbon, Amorphous (density2.0g/cm3)",8.000E-02,7.194E+02,1.380E+00,7.208E+02,1.533E-04,1.366E-04,0.8909
006,"6: Carbon, Amorphous (density2.0g/cm3)",8.500E-02,7.208E+02,1.313E+00,7.222E+02,1.602E-04,1.434E-04,0.8950
006,"6: Carbon, Amorphous (density2.0g/cm3)",9.000E-02,7.209E+02,1.253E+00,7.221E+02,1.671E-04,1.502E-04,0.8989
006,"6: Carbon, Amorphous (density2.0g/cm3)",9.500E-02,7.197E+02,1.199E+00,7.209E+02,1.741E-04,1.571E-04,0.9024
006,"6: Carbon, Amorphous (density2.0g/cm3)",1.000E-01,7.174E+02,1.149E+00,7.186E+02,1.810E-04,1.640E-04,0.9057
006,"6: Carbon, Amorphous (density2.0g/cm3)",1.250E-01,6.945E+02,9.548E-01,6.954E+02,2.163E-04,1.989E-04,0.9194
006,"6: Carbon, Amorphous (density2.0g/cm3)",1.500E-01,6.611E+02,8.200E-01,6.619E+02,2.531E-04,2.354E-04,0.9299
006,"6: Carbon, Amorphous (density2.0g/cm3)",1.750E-01,6.247E+02,7.204E-01,6.254E+02,2.920E-04,2.740E-04,0.9383
006,"6: Carbon, Amorphous (density2.0g/cm3)",2.000E-01,5.891E+02,6.436E-01,5.898E+02,3.332E-04,3.149E-04,0.9451
006,"6: Carbon, Amorphous (density2.0g/cm3)",2.250E-01,5.560E+02,5.825E-01,5.566E+02,3.768E-04,3.583E-04,0.9508
006,"6: Carbon, Amorphous (density2.0g/cm3)",2.500E-01,5.260E+02,5.326E-01,5.265E+02,4.230E-04,4.042E-04,0.9556
006,"6: Carbon, Amorphous (density2.0g/cm3)",2.750E-01,4.991E+02,4.911E-01,4.996E+02,4.718E-04,4.527E-04,0.9596
006,"6: Carbon, Amorphous (density2.0g/cm3)",3.000E-01,4.750E+02,4.559E-01,4.754E+02,5.231E-04,5.038E-04,0.9631
006,"6: Carbon, Amorphous (density2.0g/cm3)",3.500E-01,4.358E+02,3.995E-01,4.362E+02,6.330E-04,6.133E-04,0.9688
006,"6: Carbon, Amorphous (density2.0g/cm3)",4.000E-01,4.044E+02,3.561E-01,4.048E+02,7.522E-04,7.319E-04,0.9731
006,"6: Carbon, Amorphous (density2.0g/cm3)",4.500E-01,3.779E+02,3.217E-01,3.782E+02,8.800E-04,8.593E-04,0.9764
006,"6: Carbon, Amorphous (density2.0g/cm3)",5.000E-01,3.546E+02,2.937E-01,3.549E+02,1.017E-03,9.953E-04,0.9791
006,"6: Carbon, Amorphous (density2.0g/cm3)",5.500E-01,3.340E+02,2.704E-01,3.343E+02,1.162E-03,1.140E-03,0.9813
006,"6: Carbon, Amorphous (density2.0g/cm3)",6.000E-01,3.159E+02,2.505E-01,3.161E+02,1.316E-03,1.293E-03,0.9831
006,"6: Carbon, Amorphous (density2.0g/cm3)",6.500E-01,3.002E+02,2.335E-01,3.004E+02,1.478E-03,1.455E-03,0.9846
006,"6: Carbon, Amorphous (density2.0g/cm3)",7.000E-01,2.862E+02,2.187E-01,2.864E+02,1.649E-03,1.625E-03,0.9859
006,"6: Carbon, Amorphous (density2.0g/cm3)",7.500E-01,2.737E+02,2.058E-01,2.739E+02,1.827E-03,1.803E-03,0.9870
006,"6: Carbon, Amorphous (density2.0g/cm3)",8.000E-01,2.624E+02,1.943E-01,2.626E+02,2.014E-03,1.989E-03,0.9879
006,"6: Carbon, Amorphous (density2.0g/cm3)",8.500E-01,2.522E+02,1.842E-01,2.523E+02,2.208E-03,2.183E-03,0.9887
006,"6: Carbon, Amorphous (density2.0g/cm3)",9.000E-01,2.427E+02,1.750E-01,2.429E+02,2.410E-03,2.384E-03,0.9894
006,"6: Carbon, Amorphous (density2.0g/cm3)",9.500E-01,2.341E+02,1.668E-01,2.342E+02,2.620E-03,2.593E-03,0.9900
006,"6: Carbon, Amorphous (density2.0g/cm3)",1.000E+00,2.261E+02,1.594E-01,2.263E+02,2.837E-03,2.810E-03,0.9906
006,"6: Carbon, Amorphous (density2.0g/cm3)",1.250E+00,1.942E+02,1.305E-01,1.943E+02,4.033E-03,4.003E-03,0.9926
006,"6: Carbon, Amorphous (density2.0g/cm3)",1.500E+00,1.711E+02,1.108E-01,1.712E+02,5.407E-03,5.374E-03,0.9939
006,"6: Carbon, Amorphous (density2.0g/cm3)",1.750E+00,1.534E+02,9.640E-02,1.535E+02,6.952E-03,6.915E-03,0.9947
006,"6: Carbon, Amorphous (density2.0g/cm3)",2.000E+00,1.394E+02,8.541E-02,1.395E+02,8.662E-03,8.621E-03,0.9953
006,"6: Carbon, Amorphous (density2.0g/cm3)",2.250E+00,1.280E+02,7.674E-02,1.281E+02,1.053E-02,1.049E-02,0.9958
006,"6: Carbon, Amorphous (density2.0g/cm3)",2.500E+00,1.185E+02,6.971E-02,1.186E+02,1.256E-02,1.252E-02,0.9961
006,"6: Carbon, Amorphous (density2.0g/cm3)",2.750E+00,1.104E+02,6.390E-02,1.105E+02,1.475E-02,1.470E-02,0.9964
006,"6: Carbon, Amorphous (density2.0g/cm3)",3.000E+00,1.035E+02,5.901E-02,1.036E+02,1.709E-02,1.703E-02,0.9966
006,"6: Carbon, Amorphous (density2.0g/cm3)",3.500E+00,9.218E+01,5.122E-02,9.223E+01,2.221E-02,2.215E-02,0.9969
006,"6: Carbon, Amorphous (density2.0g/cm3)",4.000E+00,8.326E+01,4.529E-02,8.330E+01,2.793E-02,2.785E-02,0.9972
006,"6: Carbon, Amorphous (density2.0g/cm3)",4.500E+00,7.606E+01,4.063E-02,7.610E+01,3.422E-02,3.412E-02,0.9973
006,"6: Carbon, Amorphous (density2.0g/cm3)",5.000E+00,7.010E+01,3.685E-02,7.014E+01,4.107E-02,4.096E-02,0.9975
006,"6: Carbon, Amorphous (density2.0g/cm3)",5.500E+00,6.509E+01,3.373E-02,6.512E+01,4.847E-02,4.835E-02,0.9976
006,"6: Carbon, Amorphous (density2.0g/cm3)",6.000E+00,6.081E+01,3.112E-02,6.084E+01,5.642E-02,5.629E-02,0.9977
006,"6: Carbon, Amorphous (density2.0g/cm3)",6.500E+00,5.710E+01,2.888E-02,5.713E+01,6.490E-02,6.476E-02,0.9978
006,"6: Carbon, Amorphous (density2.0g/cm3)",7.000E+00,5.386E+01,2.696E-02,5.388E+01,7.392E-02,7.376E-02,0.9978
006,"6: Carbon, Amorphous (density2.0g/cm3)",7.500E+00,5.099E+01,2.528E-02,5.102E+01,8.346E-02,8.328E-02,0.9979
006,"6: Carbon, Amorphous (density2.0g/cm3)",8.000E+00,4.845E+01,2.380E-02,4.847E+01,9.352E-02,9.332E-02,0.9979
006,"6: Carbon, Amorphous (density2.0g/cm3)",8.500E+00,4.617E+01,2.249E-02,4.620E+01,1.041E-01,1.039E-01,0.9980
006,"6: Carbon, Amorphous (density2.0g/cm3)",9.000E+00,4.411E+01,2.132E-02,4.414E+01,1.152E-01,1.149E-01,0.9980
006,"6: Carbon, Amorphous (density2.0g/cm3)",9.500E+00,4.225E+01,2.027E-02,4.227E+01,1.267E-01,1.265E-01,0.9980
006,"6: Carbon, Amorphous (density2.0g/cm3)",1.000E+01,4.055E+01,1.932E-02,4.057E+01,1.388E-01,1.386E-01,0.9981
006,"6: Carbon, Amorphous (density2.0g/cm3)",1.250E+01,3.389E+01,1.567E-02,3.391E+01,2.065E-01,2.062E-01,0.9982
006,"6: Carbon, Amorphous (density2.0g/cm3)",1.500E+01,2.925E+01,1.320E-02,2.926E+01,2.862E-01,2.857E-01,0.9983
006,"6: Carbon, Amorphous (density2.0g/cm3)",1.750E+01,2.582E+01,1.141E-02,2.583E+01,3.773E-01,3.767E-01,0.9983
006,"6: Carbon, Amorphous (density2.0g/cm3)",2.000E+01,2.317E+01,1.006E-02,2.318E+01,4.796E-01,4.789E-01,0.9984
006,"6: Carbon, Amorphous (density2.0g/cm3)",2.500E+01,1.933E+01,8.149E-03,1.934E+01,7.169E-01,7.158E-01,0.9984
006,"6: Carbon, Amorphous (density2.0g/cm3)",2.750E+01,1.790E+01,7.446E-03,1.791E+01,8.513E-01,8.500E-01,0.9985
006,"6: Carbon, Amorphous (density2.0g/cm3)",3.000E+01,1.668E+01,6.858E-03,1.669E+01,9.961E-01,9.946E-01,0.9985
006,"6: Carbon, Amorphous (density2.0g/cm3)",3.500E+01,1.473E+01,5.926E-03,1.474E+01,1.316E+00,1.314E+00,0.9985
006,"6: Carbon, Amorphous (density2.0g/cm3)",4.000E+01,1.323E+01,5.221E-03,1.324E+01,1.674E+00,1.672E+00,0.9986
006,"6: Carbon, Amorphous (density2.0g/cm3)",4.500E+01,1.204E+01,4.669E-03,1.205E+01,2.071E+00,2.068E+00,0.9986
006,"6: Carbon, Amorphous (density2.0g/cm3)",5.000E+01,1.107E+01,4.225E-03,1.108E+01,2.504E+00,2.500E+00,0.9986
006,"6: Carbon, Amorphous (density2.0g/cm3)",5.500E+01,1.027E+01,3.859E-03,1.027E+01,2.973E+00,2.969E+00,0.9986
006,"6: Carbon, Amorphous (density2.0g/cm3)",6.000E+01,9.591E+00,3.553E-03,9.595E+00,3.477E+00,3.472E+00,0.9986
006,"6: Carbon, Amorphous (density2.0g/cm3)",6.500E+01,9.010E+00,3.293E-03,9.013E+00,4.015E+00,4.010E+00,0.9987
006,"6: Carbon, Amorphous (density2.0g/cm3)",7.000E+01,8.506E+00,3.069E-03,8.509E+00,4.586E+00,4.580E+00,0.9987
006,"6: Carbon, Amorphous (density2.0g/cm3)",7.500E+01,8.065E+00,2.874E-03,8.068E+00,5.190E+00,5.183E+00,0.9987
006,"6: Carbon, Amorphous (density2.0g/cm3)",8.000E+01,7.675E+00,2.703E-03,7.678E+00,5.825E+00,5.818E+00,0.9987
006,"6: Carbon, Amorphous (density2.0g/cm3)",8.500E+01,7.329E+00,2.551E-03,7.331E+00,6.492E+00,6.484E+00,0.9987
006,"6: Carbon, Amorphous (density2.0g/cm3)",9.000E+01,7.019E+00,2.416E-03,7.021E+00,7.189E+00,7.180E+00,0.9987
006,"6: Carbon, Amorphous (density2.0g/cm3)",9.500E+01,6.739E+00,2.295E-03,6.742E+00,7.916E+00,7.906E+00,0.9987
006,"6: Carbon, Amorphous (density2.0g/cm3)",1.000E+02,6.486E+00,2.186E-03,6.488E+00,8.672E+00,8.662E+00,0.9988
006,"6: Carbon, Amorphous (density2.0g/cm3)",1.250E+02,5.509E+00,1.768E-03,5.511E+00,1.287E+01,1.286E+01,0.9988
006,"6: Carbon, Amorphous (density2.0g/cm3)",1.500E+02,4.844E+00,1.486E-03,4.845E+00,1.773E+01,1.770E+01,0.9988
006,"6: Carbon, Amorphous (density2.0g/cm3)",1.750E+02,4.360E+00,1.283E-03,4.362E+00,2.318E+01,2.315E+01,0.9989
006,"6: Carbon, Amorphous (density2.0g/cm3)",2.000E+02,3.994E+00,1.130E-03,3.995E+00,2.917E+01,2.914E+01,0.9989
006,"6: Carbon, Amorphous (density2.0g/cm3)",2.250E+02,3.706E+00,1.010E-03,3.707E+00,3.568E+01,3.564E+01,0.9989
006,"6: Carbon, Amorphous (density2.0g/cm3)",2.500E+02,3.475E+00,9.141E-04,3.475E+00,4.265E+01,4.260E+01,0.9989
006,"6: Carbon, Amorphous (density2.0g/cm3)",2.750E+02,3.284E+00,8.349E-04,3.285E+00,5.005E+01,5.000E+01,0.9990
006,"6: Carbon, Amorphous (density2.0g/cm3)",3.000E+02,3.125E+00,7.686E-04,3.126E+00,5.786E+01,5.780E+01,0.9990
006,"6: Carbon, Amorphous (density2.0g/cm3)",3.500E+02,2.875E+00,6.638E-04,2.875E+00,7.457E+01,7.449E+01,0.9990
006,"6: Carbon, Amorphous (density2.0g/cm3)",4.000E+02,2.687E+00,5.847E-04,2.688E+00,9.258E+01,9.249E+01,0.9990
006,"6: Carbon, Amorphous (density2.0g/cm3)",4.500E+02,2.542E+00,5.228E-04,2.542E+00,1.117E+02,1.116E+02,0.9991
006,"6: Carbon, Amorphous (density2.0g/cm3)",5.000E+02,2.426E+00,4.730E-04,2.427E+00,1.319E+02,1.318E+02,0.9991
006,"6: Carbon, Amorphous (density2.0g/cm3)",5.500E+02,2.333E+00,4.321E-04,2.333E+00,1.529E+02,1.528E+02,0.9991
006,"6: Carbon, Amorphous (density2.0g/cm3)",6.000E+02,2.256E+00,3.979E-04,2.256E+00,1.747E+02,1.746E+02,0.9991
006,"6: Carbon, Amorphous (density2.0g/cm3)",6.500E+02,2.191E+00,3.688E-04,2.192E+00,1.972E+02,1.970E+02,0.9992
006,"6: Carbon, Amorphous (density2.0g/cm3)",7.000E+02,2.137E+00,3.438E-04,2.137E+00,2.203E+02,2.201E+02,0.9992
006,"6: Carbon, Amorphous (density2.0g/cm3)",7.500E+02,2.091E+00,3.220E-04,2.091E+00,2.440E+02,2.438E+02,0.9992
006,"6: Carbon, Amorphous (density2.0g/cm3)",8.000E+02,2.051E+00,3.029E-04,2.051E+00,2.681E+02,2.679E+02,0.9992
006,"6: Carbon, Amorphous (density2.0g/cm3)",8.500E+02,2.016E+00,2.860E-04,2.016E+00,2.927E+02,2.925E+02,0.9992
006,"6: Carbon, Amorphous (density2.0g/cm3)",9.000E+02,1.986E+00,2.710E-04,1.986E+00,3.177E+02,3.175E+02,0.9992
006,"6: Carbon, Amorphous (density2.0g/cm3)",9.500E+02,1.960E+00,2.575E-04,1.960E+00,3.430E+02,3.428E+02,0.9993
006,"6: Carbon, Amorphous (density2.0g/cm3)",1.000E+03,1.937E+00,2.453E-04,1.937E+00,3.687E+02,3.684E+02,0.9993
006,"6: Carbon, Amorphous (density2.0g/cm3)",1.500E+03,1.807E+00,1.672E-04,1.808E+00,6.375E+02,6.372E+02,0.9994
006,"6: Carbon, Amorphous (density2.0g/cm3)",2.000E+03,1.763E+00,1.275E-04,1.763E+00,9.183E+02,9.178E+02,0.9995
006,"6: Carbon, Amorphous (density2.0g/cm3)",2.500E+03,1.748E+00,1.034E-04,1.748E+00,1.203E+03,1.203E+03,0.9995
006,"6: Carbon, Amorphous (density2.0g/cm3)",3.000E+03,1.746E+00,8.710E-05,1.746E+00,1.490E+03,1.489E+03,0.9995
006,"6: Carbon, Amorphous (density2.0g/cm3)",4.000E+03,1.759E+00,6.650E-05,1.759E+00,2.061E+03,2.060E+03,0.9996
006,"6: Carbon, Amorphous (density2.0g/cm3)",5.000E+03,1.778E+00,5.395E-05,1.778E+00,2.626E+03,2.625E+03,0.9997
006,"6: Carbon, Amorphous (density2.0g/cm3)",6.000E+03,1.799E+00,4.548E-05,1.799E+00,3.185E+03,3.184E+03,0.9997
006,"6: Carbon, Amorphous (density2.0g/cm3)",7.000E+03,1.819E+00,3.937E-05,1.819E+00,3.738E+03,3.737E+03,0.9997
006,"6: Carbon, Amorphous (density2.0g/cm3)",8.000E+03,1.837E+00,3.474E-05,1.837E+00,4.285E+03,4.284E+03,0.9997
006,"6: Carbon, Amorphous (density2.0g/cm3)",9.000E+03,1.855E+00,3.112E-05,1.855E+00,4.827E+03,4.826E+03,0.9998
006,"6: Carbon, Amorphous (density2.0g/cm3)",1.000E+04,1.871E+00,2.820E-05,1.871E+00,5.363E+03,5.362E+03,0.9998
906,6: Graphite (density 1.7 g/cm3),1.000E-03,1.426E+02,2.514E+01,1.677E+02,8.186E-06,3.051E-06,0.3727
906,6: Graphite (density 1.7 g/cm3),1.500E-03,1.753E+02,2.106E+01,1.963E+02,1.092E-05,4.596E-06,0.4210
906,6: Graphite (density 1.7 g/cm3),2.000E-03,2.031E+02,1.829E+01,2.214E+02,1.331E-05,6.107E-06,0.4588
906,6: Graphite (density 1.7 g/cm3),2.500E-03,2.280E+02,1.625E+01,2.443E+02,1.546E-05,7.564E-06,0.4893
906,6: Graphite (density 1.7 g/cm3),3.000E-03,2.505E+02,1.469E+01,2.652E+02,1.742E-05,8.966E-06,0.5147
906,6: Graphite (density 1.7 g/cm3),4.000E-03,2.834E+02,1.241E+01,2.958E+02,2.098E-05,1.166E-05,0.5557
906,6: Graphite (density 1.7 g/cm3),5.000E-03,3.133E+02,1.081E+01,3.241E+02,2.421E-05,1.423E-05,0.5877
906,6: Graphite (density 1.7 g/cm3),6.000E-03,3.404E+02,9.618E+00,3.500E+02,2.718E-05,1.667E-05,0.6136
906,6: Graphite (density 1.7 g/cm3),7.000E-03,3.651E+02,8.690E+00,3.738E+02,2.994E-05,1.901E-05,0.6351
906,6: Graphite (density 1.7 g/cm3),8.000E-03,3.867E+02,7.943E+00,3.946E+02,3.254E-05,2.126E-05,0.6534
906,6: Graphite (density 1.7 g/cm3),9.000E-03,4.059E+02,7.328E+00,4.132E+02,3.502E-05,2.343E-05,0.6693
906,6: Graphite (density 1.7 g/cm3),1.000E-02,4.235E+02,6.810E+00,4.303E+02,3.739E-05,2.554E-05,0.6832
906,6: Graphite (density 1.7 g/cm3),1.250E-02,4.620E+02,5.814E+00,4.678E+02,4.295E-05,3.057E-05,0.7118
906,6: Graphite (density 1.7 g/cm3),1.500E-02,4.940E+02,5.094E+00,4.991E+02,4.812E-05,3.533E-05,0.7343
906,6: Graphite (density 1.7 g/cm3),1.750E-02,5.219E+02,4.547E+00,5.264E+02,5.299E-05,3.987E-05,0.7525
906,6: Graphite (density 1.7 g/cm3),2.000E-02,5.469E+02,4.115E+00,5.510E+02,5.763E-05,4.424E-05,0.7677
906,6: Graphite (density 1.7 g/cm3),2.250E-02,5.693E+02,3.765E+00,5.731E+02,6.208E-05,4.846E-05,0.7806
906,6: Graphite (density 1.7 g/cm3),2.500E-02,5.892E+02,3.475E+00,5.927E+02,6.637E-05,5.254E-05,0.7917
906,6: Graphite (density 1.7 g/cm3),2.750E-02,6.069E+02,3.229E+00,6.101E+02,7.052E-05,5.652E-05,0.8015
906,6: Graphite (density 1.7 g/cm3),3.000E-02,6.229E+02,3.019E+00,6.259E+02,7.457E-05,6.041E-05,0.8102
906,6: Graphite (density 1.7 g/cm3),3.500E-02,6.524E+02,2.678E+00,6.551E+02,8.237E-05,6.795E-05,0.8250
906,6: Graphite (density 1.7 g/cm3),4.000E-02,6.799E+02,2.411E+00,6.823E+02,8.985E-05,7.521E-05,0.8371
906,6: Graphite (density 1.7 g/cm3),4.500E-02,7.045E+02,2.196E+00,7.067E+02,9.705E-05,8.222E-05,0.8472
906,6: Graphite (density 1.7 g/cm3),5.000E-02,7.253E+02,2.019E+00,7.274E+02,1.040E-04,8.903E-05,0.8559
906,6: Graphite (density 1.7 g/cm3),5.500E-02,7.422E+02,1.870E+00,7.441E+02,1.108E-04,9.568E-05,0.8635
906,6: Graphite (density 1.7 g/cm3),6.000E-02,7.556E+02,1.744E+00,7.574E+02,1.175E-04,1.022E-04,0.8702
906,6: Graphite (density 1.7 g/cm3),6.500E-02,7.661E+02,1.634E+00,7.677E+02,1.240E-04,1.087E-04,0.8761
906,6: Graphite (density 1.7 g/cm3),7.000E-02,7.740E+02,1.539E+00,7.755E+02,1.305E-04,1.150E-04,0.8815
906,6: Graphite (density 1.7 g/cm3),7.500E-02,7.796E+02,1.455E+00,7.810E+02,1.369E-04,1.214E-04,0.8864
906,6: Graphite (density 1.7 g/cm3),8.000E-02,7.831E+02,1.380E+00,7.845E+02,1.433E-04,1.277E-04,0.8908
906,6: Graphite (density 1.7 g/cm3),8.500E-02,7.847E+02,1.313E+00,7.861E+02,1.497E-04,1.339E-04,0.8949
906,6: Graphite (density 1.7 g/cm3),9.000E-02,7.848E+02,1.253E+00,7.860E+02,1.560E-04,1.402E-04,0.8987
906,6: Graphite (density 1.7 g/cm3),9.500E-02,7.834E+02,1.199E+00,7.846E+02,1.624E-04,1.465E-04,0.9022
906,6: Graphite (density 1.7 g/cm3),1.000E-01,7.807E+02,1.149E+00,7.819E+02,1.688E-04,1.528E-04,0.9055
906,6: Graphite (density 1.7 g/cm3),1.250E-01,7.538E+02,9.548E-01,7.548E+02,2.013E-04,1.850E-04,0.9192
906,6: Graphite (density 1.7 g/cm3),1.500E-01,7.145E+02,8.200E-01,7.153E+02,2.353E-04,2.187E-04,0.9298
906,6: Graphite (density 1.7 g/cm3),1.750E-01,6.714E+02,7.204E-01,6.721E+02,2.713E-04,2.545E-04,0.9382
906,6: Graphite (density 1.7 g/cm3),2.000E-01,6.291E+02,6.436E-01,6.297E+02,3.097E-04,2.927E-04,0.9451
906,6: Graphite (density 1.7 g/cm3),2.250E-01,5.902E+02,5.825E-01,5.908E+02,3.507E-04,3.335E-04,0.9509
906,6: Graphite (density 1.7 g/cm3),2.500E-01,5.556E+02,5.326E-01,5.561E+02,3.944E-04,3.769E-04,0.9558
906,6: Graphite (density 1.7 g/cm3),2.750E-01,5.249E+02,4.911E-01,5.254E+02,4.406E-04,4.230E-04,0.9599
906,6: Graphite (density 1.7 g/cm3),3.000E-01,4.977E+02,4.559E-01,4.982E+02,4.895E-04,4.717E-04,0.9635
906,6: Graphite (density 1.7 g/cm3),3.500E-01,4.539E+02,3.995E-01,4.543E+02,5.948E-04,5.765E-04,0.9692
906,6: Graphite (density 1.7 g/cm3),4.000E-01,4.193E+02,3.561E-01,4.196E+02,7.095E-04,6.907E-04,0.9736
906,6: Graphite (density 1.7 g/cm3),4.500E-01,3.903E+02,3.217E-01,3.906E+02,8.330E-04,8.139E-04,0.9770
906,6: Graphite (density 1.7 g/cm3),5.000E-01,3.651E+02,2.937E-01,3.654E+02,9.655E-04,9.458E-04,0.9797
906,6: Graphite (density 1.7 g/cm3),5.500E-01,3.430E+02,2.704E-01,3.433E+02,1.107E-03,1.087E-03,0.9818
906,6: Graphite (density 1.7 g/cm3),6.000E-01,3.237E+02,2.505E-01,3.240E+02,1.257E-03,1.236E-03,0.9836
906,6: Graphite (density 1.7 g/cm3),6.500E-01,3.071E+02,2.335E-01,3.073E+02,1.415E-03,1.394E-03,0.9851
906,6: Graphite (density 1.7 g/cm3),7.000E-01,2.923E+02,2.187E-01,2.925E+02,1.582E-03,1.561E-03,0.9864
906,6: Graphite (density 1.7 g/cm3),7.500E-01,2.791E+02,2.058E-01,2.793E+02,1.757E-03,1.735E-03,0.9874
906,6: Graphite (density 1.7 g/cm3),8.000E-01,2.673E+02,1.943E-01,2.675E+02,1.940E-03,1.917E-03,0.9884
906,6: Graphite (density 1.7 g/cm3),8.500E-01,2.566E+02,1.842E-01,2.568E+02,2.131E-03,2.108E-03,0.9891
906,6: Graphite (density 1.7 g/cm3),9.000E-01,2.468E+02,1.750E-01,2.470E+02,2.329E-03,2.306E-03,0.9898
906,6: Graphite (density 1.7 g/cm3),9.500E-01,2.378E+02,1.668E-01,2.380E+02,2.536E-03,2.512E-03,0.9905
906,6: Graphite (density 1.7 g/cm3),1.000E+00,2.295E+02,1.594E-01,2.297E+02,2.750E-03,2.725E-03,0.9910
906,6: Graphite (density 1.7 g/cm3),1.250E+00,1.967E+02,1.305E-01,1.968E+02,3.930E-03,3.902E-03,0.9929
906,6: Graphite (density 1.7 g/cm3),1.500E+00,1.730E+02,1.108E-01,1.731E+02,5.288E-03,5.257E-03,0.9941
906,6: Graphite (density 1.7 g/cm3),1.750E+00,1.550E+02,9.640E-02,1.551E+02,6.816E-03,6.781E-03,0.9949
906,6: Graphite (density 1.7 g/cm3),2.000E+00,1.408E+02,8.541E-02,1.409E+02,8.509E-03,8.471E-03,0.9955
906,6: Graphite (density 1.7 g/cm3),2.250E+00,1.292E+02,7.674E-02,1.293E+02,1.036E-02,1.032E-02,0.9959
906,6: Graphite (density 1.7 g/cm3),2.500E+00,1.196E+02,6.971E-02,1.196E+02,1.238E-02,1.233E-02,0.9962
906,6: Graphite (density 1.7 g/cm3),2.750E+00,1.114E+02,6.390E-02,1.115E+02,1.454E-02,1.449E-02,0.9965
906,6: Graphite (density 1.7 g/cm3),3.000E+00,1.044E+02,5.901E-02,1.045E+02,1.686E-02,1.680E-02,0.9967
906,6: Graphite (density 1.7 g/cm3),3.500E+00,9.296E+01,5.122E-02,9.301E+01,2.194E-02,2.188E-02,0.9970
906,6: Graphite (density 1.7 g/cm3),4.000E+00,8.394E+01,4.529E-02,8.399E+01,2.761E-02,2.753E-02,0.9972
906,6: Graphite (density 1.7 g/cm3),4.500E+00,7.667E+01,4.063E-02,7.671E+01,3.384E-02,3.376E-02,0.9974
906,6: Graphite (density 1.7 g/cm3),5.000E+00,7.065E+01,3.685E-02,7.069E+01,4.064E-02,4.054E-02,0.9975
906,6: Graphite (density 1.7 g/cm3),5.500E+00,6.559E+01,3.373E-02,6.562E+01,4.799E-02,4.787E-02,0.9976
906,6: Graphite (density 1.7 g/cm3),6.000E+00,6.126E+01,3.112E-02,6.130E+01,5.588E-02,5.575E-02,0.9977
906,6: Graphite (density 1.7 g/cm3),6.500E+00,5.752E+01,2.888E-02,5.755E+01,6.430E-02,6.416E-02,0.9978
906,6: Graphite (density 1.7 g/cm3),7.000E+00,5.425E+01,2.696E-02,5.428E+01,7.325E-02,7.309E-02,0.9979
906,6: Graphite (density 1.7 g/cm3),7.500E+00,5.136E+01,2.528E-02,5.139E+01,8.272E-02,8.255E-02,0.9979
906,6: Graphite (density 1.7 g/cm3),8.000E+00,4.879E+01,2.380E-02,4.881E+01,9.271E-02,9.252E-02,0.9980
906,6: Graphite (density 1.7 g/cm3),8.500E+00,4.650E+01,2.249E-02,4.652E+01,1.032E-01,1.030E-01,0.9980
906,6: Graphite (density 1.7 g/cm3),9.000E+00,4.442E+01,2.132E-02,4.444E+01,1.142E-01,1.140E-01,0.9980
906,6: Graphite (density 1.7 g/cm3),9.500E+00,4.254E+01,2.027E-02,4.256E+01,1.257E-01,1.255E-01,0.9981
906,6: Graphite (density 1.7 g/cm3),1.000E+01,4.082E+01,1.932E-02,4.084E+01,1.377E-01,1.374E-01,0.9981
906,6: Graphite (density 1.7 g/cm3),1.250E+01,3.411E+01,1.567E-02,3.413E+01,2.050E-01,2.046E-01,0.9982
906,6: Graphite (density 1.7 g/cm3),1.500E+01,2.944E+01,1.320E-02,2.945E+01,2.841E-01,2.836E-01,0.9983
906,6: Graphite (density 1.7 g/cm3),1.750E+01,2.598E+01,1.141E-02,2.599E+01,3.746E-01,3.740E-01,0.9983
906,6: Graphite (density 1.7 g/cm3),2.000E+01,2.331E+01,1.006E-02,2.332E+01,4.764E-01,4.756E-01,0.9984
906,6: Graphite (density 1.7 g/cm3),2.500E+01,1.945E+01,8.149E-03,1.946E+01,7.122E-01,7.111E-01,0.9985
906,6: Graphite (density 1.7 g/cm3),2.750E+01,1.800E+01,7.446E-03,1.801E+01,8.459E-01,8.446E-01,0.9985
906,6: Graphite (density 1.7 g/cm3),3.000E+01,1.678E+01,6.858E-03,1.678E+01,9.898E-01,9.883E-01,0.9985
906,6: Graphite (density 1.7 g/cm3),3.500E+01,1.481E+01,5.926E-03,1.482E+01,1.308E+00,1.306E+00,0.9985
906,6: Graphite (density 1.7 g/cm3),4.000E+01,1.331E+01,5.221E-03,1.331E+01,1.664E+00,1.662E+00,0.9986
906,6: Graphite (density 1.7 g/cm3),4.500E+01,1.211E+01,4.669E-03,1.211E+01,2.058E+00,2.056E+00,0.9986
906,6: Graphite (density 1.7 g/cm3),5.000E+01,1.113E+01,4.225E-03,1.114E+01,2.489E+00,2.486E+00,0.9986
906,6: Graphite (density 1.7 g/cm3),5.500E+01,1.033E+01,3.859E-03,1.033E+01,2.956E+00,2.952E+00,0.9986
906,6: Graphite (density 1.7 g/cm3),6.000E+01,9.642E+00,3.553E-03,9.645E+00,3.457E+00,3.453E+00,0.9987
906,6: Graphite (density 1.7 g/cm3),6.500E+01,9.056E+00,3.293E-03,9.060E+00,3.992E+00,3.987E+00,0.9987
906,6: Graphite (density 1.7 g/cm3),7.000E+01,8.549E+00,3.069E-03,8.553E+00,4.561E+00,4.555E+00,0.9987
906,6: Graphite (density 1.7 g/cm3),7.500E+01,8.106E+00,2.874E-03,8.109E+00,5.161E+00,5.155E+00,0.9987
906,6: Graphite (density 1.7 g/cm3),8.000E+01,7.714E+00,2.703E-03,7.717E+00,5.794E+00,5.786E+00,0.9987
906,6: Graphite (density 1.7 g/cm3),8.500E+01,7.366E+00,2.551E-03,7.368E+00,6.457E+00,6.449E+00,0.9987
906,6: Graphite (density 1.7 g/cm3),9.000E+01,7.054E+00,2.416E-03,7.056E+00,7.151E+00,7.142E+00,0.9987
906,6: Graphite (density 1.7 g/cm3),9.500E+01,6.773E+00,2.295E-03,6.775E+00,7.874E+00,7.864E+00,0.9987
906,6: Graphite (density 1.7 g/cm3),1.000E+02,6.518E+00,2.186E-03,6.520E+00,8.627E+00,8.616E+00,0.9988
906,6: Graphite (density 1.7 g/cm3),1.250E+02,5.536E+00,1.768E-03,5.538E+00,1.281E+01,1.279E+01,0.9988
906,6: Graphite (density 1.7 g/cm3),1.500E+02,4.867E+00,1.486E-03,4.868E+00,1.764E+01,1.762E+01,0.9988
906,6: Graphite (density 1.7 g/cm3),1.750E+02,4.381E+00,1.283E-03,4.382E+00,2.306E+01,2.303E+01,0.9989
906,6: Graphite (density 1.7 g/cm3),2.000E+02,4.013E+00,1.130E-03,4.014E+00,2.903E+01,2.900E+01,0.9989
906,6: Graphite (density 1.7 g/cm3),2.250E+02,3.723E+00,1.010E-03,3.724E+00,3.550E+01,3.547E+01,0.9989
906,6: Graphite (density 1.7 g/cm3),2.500E+02,3.491E+00,9.141E-04,3.492E+00,4.244E+01,4.240E+01,0.9989
906,6: Graphite (density 1.7 g/cm3),2.750E+02,3.299E+00,8.349E-04,3.300E+00,4.981E+01,4.976E+01,0.9990
906,6: Graphite (density 1.7 g/cm3),3.000E+02,3.140E+00,7.686E-04,3.140E+00,5.758E+01,5.753E+01,0.9990
906,6: Graphite (density 1.7 g/cm3),3.500E+02,2.888E+00,6.638E-04,2.889E+00,7.422E+01,7.414E+01,0.9990
906,6: Graphite (density 1.7 g/cm3),4.000E+02,2.699E+00,5.847E-04,2.700E+00,9.214E+01,9.206E+01,0.9990
906,6: Graphite (density 1.7 g/cm3),4.500E+02,2.553E+00,5.228E-04,2.554E+00,1.112E+02,1.111E+02,0.9991
906,6: Graphite (density 1.7 g/cm3),5.000E+02,2.437E+00,4.730E-04,2.438E+00,1.313E+02,1.311E+02,0.9991
906,6: Graphite (density 1.7 g/cm3),5.500E+02,2.343E+00,4.321E-04,2.344E+00,1.522E+02,1.521E+02,0.9991
906,6: Graphite (density 1.7 g/cm3),6.000E+02,2.266E+00,3.979E-04,2.266E+00,1.739E+02,1.737E+02,0.9991
906,6: Graphite (density 1.7 g/cm3),6.500E+02,2.201E+00,3.688E-04,2.202E+00,1.963E+02,1.961E+02,0.9992
906,6: Graphite (density 1.7 g/cm3),7.000E+02,2.147E+00,3.438E-04,2.147E+00,2.193E+02,2.191E+02,0.9992
906,6: Graphite (density 1.7 g/cm3),7.500E+02,2.100E+00,3.220E-04,2.101E+00,2.428E+02,2.426E+02,0.9992
906,6: Graphite (density 1.7 g/cm3),8.000E+02,2.060E+00,3.029E-04,2.061E+00,2.669E+02,2.667E+02,0.9992
906,6: Graphite (density 1.7 g/cm3),8.500E+02,2.026E+00,2.860E-04,2.026E+00,2.913E+02,2.911E+02,0.9992
906,6: Graphite (density 1.7 g/cm3),9.000E+02,1.996E+00,2.710E-04,1.996E+00,3.162E+02,3.160E+02,0.9992
906,6: Graphite (density 1.7 g/cm3),9.500E+02,1.969E+00,2.575E-04,1.969E+00,3.414E+02,3.412E+02,0.9993
906,6: Graphite (density 1.7 g/cm3),1.000E+03,1.946E+00,2.453E-04,1.946E+00,3.670E+02,3.667E+02,0.9993
906,6: Graphite (density 1.7 g/cm3),1.500E+03,1.816E+00,1.672E-04,1.816E+00,6.345E+02,6.341E+02,0.9994
906,6: Graphite (density 1.7 g/cm3),2.000E+03,1.771E+00,1.275E-04,1.772E+00,9.138E+02,9.133E+02,0.9995
906,6: Graphite (density 1.7 g/cm3),2.500E+03,1.757E+00,1.034E-04,1.757E+00,1.197E+03,1.197E+03,0.9995
906,6: Graphite (density 1.7 g/cm3),3.000E+03,1.755E+00,8.710E-05,1.755E+00,1.482E+03,1.482E+03,0.9995
906,6: Graphite (density 1.7 g/cm3),4.000E+03,1.768E+00,6.650E-05,1.768E+00,2.050E+03,2.050E+03,0.9996
906,6: Graphite (density 1.7 g/cm3),5.000E+03,1.787E+00,5.395E-05,1.787E+00,2.613E+03,2.612E+03,0.9997
906,6: Graphite (density 1.7 g/cm3),6.000E+03,1.808E+00,4.548E-05,1.808E+00,3.169E+03,3.168E+03,0.9997
906,6: Graphite (density 1.7 g/cm3),7.000E+03,1.828E+00,3.937E-05,1.828E+00,3.719E+03,3.718E+03,0.9997
906,6: Graphite (density 1.7 g/cm3),8.000E+03,1.847E+00,3.474E-05,1.847E+00,4.264E+03,4.263E+03,0.9997
906,6: Graphite (density 1.7 g/cm3),9.000E+03,1.864E+00,3.112E-05,1.864E+00,4.803E+03,4.801E+03,0.9998
906,6: Graphite (density 1.7 g/cm3),1.000E+04,1.881E+00,2.820E-05,1.881E+00,5.337E+03,5.335E+03,0.9998
007,7: Nitrogen,1.000E-03,1.265E+02,2.235E+01,1.489E+02,9.363E-06,3.188E-06,0.3405
007,7: Nitrogen,1.500E-03,1.550E+02,1.895E+01,1.739E+02,1.244E-05,4.813E-06,0.3869
007,7: Nitrogen,2.000E-03,1.790E+02,1.660E+01,1.956E+02,1.515E-05,6.418E-06,0.4237
007,7: Nitrogen,2.500E-03,2.001E+02,1.485E+01,2.149E+02,1.758E-05,7.980E-06,0.4538
007,7: Nitrogen,3.000E-03,2.192E+02,1.348E+01,2.327E+02,1.982E-05,9.498E-06,0.4792
007,7: Nitrogen,4.000E-03,2.531E+02,1.147E+01,2.646E+02,2.384E-05,1.240E-05,0.5202
007,7: Nitrogen,5.000E-03,2.830E+02,1.005E+01,2.930E+02,2.743E-05,1.515E-05,0.5524
007,7: Nitrogen,6.000E-03,3.100E+02,8.975E+00,3.189E+02,3.070E-05,1.776E-05,0.5785
007,7: Nitrogen,7.000E-03,3.348E+02,8.135E+00,3.429E+02,3.372E-05,2.024E-05,0.6004
007,7: Nitrogen,8.000E-03,3.579E+02,7.456E+00,3.654E+02,3.654E-05,2.262E-05,0.6190
007,7: Nitrogen,9.000E-03,3.796E+02,6.893E+00,3.865E+02,3.920E-05,2.490E-05,0.6352
007,7: Nitrogen,1.000E-02,4.002E+02,6.419E+00,4.066E+02,4.172E-05,2.710E-05,0.6495
007,7: Nitrogen,1.250E-02,4.406E+02,5.500E+00,4.461E+02,4.758E-05,3.230E-05,0.6789
007,7: Nitrogen,1.500E-02,4.758E+02,4.833E+00,4.806E+02,5.297E-05,3.720E-05,0.7022
007,7: Nitrogen,1.750E-02,5.070E+02,4.323E+00,5.113E+02,5.801E-05,4.184E-05,0.7212
007,7: Nitrogen,2.000E-02,5.350E+02,3.920E+00,5.389E+02,6.277E-05,4.627E-05,0.7372
007,7: Nitrogen,2.250E-02,5.602E+02,3.591E+00,5.638E+02,6.731E-05,5.053E-05,0.7508
007,7: Nitrogen,2.500E-02,5.831E+02,3.319E+00,5.864E+02,7.165E-05,5.465E-05,0.7627
007,7: Nitrogen,2.750E-02,6.038E+02,3.088E+00,6.069E+02,7.584E-05,5.863E-05,0.7731
007,7: Nitrogen,3.000E-02,6.227E+02,2.890E+00,6.256E+02,7.990E-05,6.251E-05,0.7823
007,7: Nitrogen,3.500E-02,6.555E+02,2.567E+00,6.581E+02,8.768E-05,6.999E-05,0.7982
007,7: Nitrogen,4.000E-02,6.827E+02,2.314E+00,6.850E+02,9.512E-05,7.718E-05,0.8113
007,7: Nitrogen,4.500E-02,7.049E+02,2.110E+00,7.070E+02,1.023E-04,8.415E-05,0.8225
007,7: Nitrogen,5.000E-02,7.229E+02,1.942E+00,7.249E+02,1.093E-04,9.094E-05,0.8322
007,7: Nitrogen,5.500E-02,7.373E+02,1.800E+00,7.391E+02,1.161E-04,9.761E-05,0.8406
007,7: Nitrogen,6.000E-02,7.484E+02,1.680E+00,7.500E+02,1.228E-04,1.042E-04,0.8482
007,7: Nitrogen,6.500E-02,7.566E+02,1.575E+00,7.582E+02,1.295E-04,1.107E-04,0.8549
007,7: Nitrogen,7.000E-02,7.623E+02,1.484E+00,7.638E+02,1.360E-04,1.171E-04,0.8611
007,7: Nitrogen,7.500E-02,7.659E+02,1.404E+00,7.673E+02,1.426E-04,1.235E-04,0.8667
007,7: Nitrogen,8.000E-02,7.675E+02,1.332E+00,7.689E+02,1.491E-04,1.300E-04,0.8718
007,7: Nitrogen,8.500E-02,7.675E+02,1.268E+00,7.688E+02,1.556E-04,1.364E-04,0.8765
007,7: Nitrogen,9.000E-02,7.660E+02,1.211E+00,7.672E+02,1.621E-04,1.428E-04,0.8809
007,7: Nitrogen,9.500E-02,7.633E+02,1.158E+00,7.644E+02,1.686E-04,1.492E-04,0.8850
007,7: Nitrogen,1.000E-01,7.594E+02,1.111E+00,7.606E+02,1.752E-04,1.557E-04,0.8889
007,7: Nitrogen,1.250E-01,7.293E+02,9.245E-01,7.302E+02,2.086E-04,1.888E-04,0.9050
007,7: Nitrogen,1.500E-01,6.898E+02,7.948E-01,6.906E+02,2.438E-04,2.237E-04,0.9174
007,7: Nitrogen,1.750E-01,6.486E+02,6.988E-01,6.493E+02,2.812E-04,2.607E-04,0.9273
007,7: Nitrogen,2.000E-01,6.091E+02,6.248E-01,6.097E+02,3.209E-04,3.002E-04,0.9355
007,7: Nitrogen,2.250E-01,5.729E+02,5.658E-01,5.735E+02,3.632E-04,3.422E-04,0.9422
007,7: Nitrogen,2.500E-01,5.404E+02,5.176E-01,5.409E+02,4.081E-04,3.869E-04,0.9480
007,7: Nitrogen,2.750E-01,5.116E+02,4.775E-01,5.121E+02,4.556E-04,4.341E-04,0.9528
007,7: Nitrogen,3.000E-01,4.862E+02,4.434E-01,4.867E+02,5.057E-04,4.840E-04,0.9570
007,7: Nitrogen,3.500E-01,4.434E+02,3.888E-01,4.438E+02,6.135E-04,5.912E-04,0.9637
007,7: Nitrogen,4.000E-01,4.088E+02,3.468E-01,4.091E+02,7.309E-04,7.081E-04,0.9688
007,7: Nitrogen,4.500E-01,3.801E+02,3.135E-01,3.804E+02,8.578E-04,8.344E-04,0.9728
007,7: Nitrogen,5.000E-01,3.560E+02,2.863E-01,3.563E+02,9.937E-04,9.698E-04,0.9760
007,7: Nitrogen,5.500E-01,3.354E+02,2.637E-01,3.356E+02,1.138E-03,1.114E-03,0.9785
007,7: Nitrogen,6.000E-01,3.172E+02,2.446E-01,3.175E+02,1.292E-03,1.267E-03,0.9807
007,7: Nitrogen,6.500E-01,3.012E+02,2.282E-01,3.014E+02,1.453E-03,1.428E-03,0.9824
007,7: Nitrogen,7.000E-01,2.868E+02,2.138E-01,2.871E+02,1.623E-03,1.597E-03,0.9839
007,7: Nitrogen,7.500E-01,2.741E+02,2.013E-01,2.743E+02,1.802E-03,1.775E-03,0.9851
007,7: Nitrogen,8.000E-01,2.626E+02,1.901E-01,2.628E+02,1.988E-03,1.960E-03,0.9862
007,7: Nitrogen,8.500E-01,2.522E+02,1.802E-01,2.524E+02,2.182E-03,2.154E-03,0.9872
007,7: Nitrogen,9.000E-01,2.427E+02,1.714E-01,2.429E+02,2.384E-03,2.355E-03,0.9880
007,7: Nitrogen,9.500E-01,2.340E+02,1.634E-01,2.341E+02,2.594E-03,2.564E-03,0.9887
007,7: Nitrogen,1.000E+00,2.259E+02,1.561E-01,2.261E+02,2.811E-03,2.781E-03,0.9893
007,7: Nitrogen,1.250E+00,1.938E+02,1.280E-01,1.939E+02,4.009E-03,3.976E-03,0.9916
007,7: Nitrogen,1.500E+00,1.705E+02,1.088E-01,1.706E+02,5.387E-03,5.350E-03,0.9931
007,7: Nitrogen,1.750E+00,1.528E+02,9.474E-02,1.529E+02,6.938E-03,6.897E-03,0.9940
007,7: Nitrogen,2.000E+00,1.388E+02,8.401E-02,1.389E+02,8.657E-03,8.611E-03,0.9947
007,7: Nitrogen,2.250E+00,1.274E+02,7.553E-02,1.274E+02,1.054E-02,1.049E-02,0.9952
007,7: Nitrogen,2.500E+00,1.179E+02,6.866E-02,1.180E+02,1.258E-02,1.252E-02,0.9956
007,7: Nitrogen,2.750E+00,1.099E+02,6.297E-02,1.099E+02,1.478E-02,1.471E-02,0.9959
007,7: Nitrogen,3.000E+00,1.030E+02,5.817E-02,1.030E+02,1.713E-02,1.706E-02,0.9961
007,7: Nitrogen,3.500E+00,9.170E+01,5.054E-02,9.175E+01,2.228E-02,2.220E-02,0.9965
007,7: Nitrogen,4.000E+00,8.287E+01,4.472E-02,8.291E+01,2.802E-02,2.793E-02,0.9968
007,7: Nitrogen,4.500E+00,7.573E+01,4.014E-02,7.577E+01,3.434E-02,3.423E-02,0.9970
007,7: Nitrogen,5.000E+00,6.981E+01,3.643E-02,6.985E+01,4.121E-02,4.110E-02,0.9971
007,7: Nitrogen,5.500E+00,6.483E+01,3.336E-02,6.486E+01,4.865E-02,4.851E-02,0.9972
007,7: Nitrogen,6.000E+00,6.057E+01,3.079E-02,6.060E+01,5.663E-02,5.648E-02,0.9973
007,7: Nitrogen,6.500E+00,5.689E+01,2.859E-02,5.692E+01,6.515E-02,6.498E-02,0.9974
007,7: Nitrogen,7.000E+00,5.367E+01,2.669E-02,5.369E+01,7.420E-02,7.401E-02,0.9975
007,7: Nitrogen,7.500E+00,5.082E+01,2.503E-02,5.084E+01,8.377E-02,8.356E-02,0.9976
007,7: Nitrogen,8.000E+00,4.829E+01,2.358E-02,4.831E+01,9.386E-02,9.364E-02,0.9976
007,7: Nitrogen,8.500E+00,4.602E+01,2.228E-02,4.604E+01,1.045E-01,1.042E-01,0.9977
007,7: Nitrogen,9.000E+00,4.397E+01,2.113E-02,4.399E+01,1.156E-01,1.153E-01,0.9977
007,7: Nitrogen,9.500E+00,4.212E+01,2.009E-02,4.214E+01,1.272E-01,1.269E-01,0.9977
007,7: Nitrogen,1.000E+01,4.043E+01,1.915E-02,4.044E+01,1.393E-01,1.390E-01,0.9978
007,7: Nitrogen,1.250E+01,3.380E+01,1.554E-02,3.382E+01,2.072E-01,2.068E-01,0.9979
007,7: Nitrogen,1.500E+01,2.918E+01,1.310E-02,2.920E+01,2.870E-01,2.864E-01,0.9980
007,7: Nitrogen,1.750E+01,2.576E+01,1.134E-02,2.577E+01,3.784E-01,3.776E-01,0.9981
007,7: Nitrogen,2.000E+01,2.312E+01,9.997E-03,2.313E+01,4.809E-01,4.800E-01,0.9981
007,7: Nitrogen,2.500E+01,1.930E+01,8.100E-03,1.931E+01,7.186E-01,7.173E-01,0.9982
007,7: Nitrogen,2.750E+01,1.787E+01,7.403E-03,1.788E+01,8.533E-01,8.518E-01,0.9982
007,7: Nitrogen,3.000E+01,1.666E+01,6.819E-03,1.666E+01,9.982E-01,9.965E-01,0.9982
007,7: Nitrogen,3.500E+01,1.471E+01,5.894E-03,1.472E+01,1.318E+00,1.316E+00,0.9983
007,7: Nitrogen,4.000E+01,1.322E+01,5.194E-03,1.322E+01,1.677E+00,1.674E+00,0.9983
007,7: Nitrogen,4.500E+01,1.203E+01,4.645E-03,1.203E+01,2.074E+00,2.071E+00,0.9984
007,7: Nitrogen,5.000E+01,1.106E+01,4.204E-03,1.107E+01,2.508E+00,2.504E+00,0.9984
007,7: Nitrogen,5.500E+01,1.026E+01,3.840E-03,1.027E+01,2.977E+00,2.973E+00,0.9984
007,7: Nitrogen,6.000E+01,9.584E+00,3.536E-03,9.587E+00,3.482E+00,3.476E+00,0.9984
007,7: Nitrogen,6.500E+01,9.003E+00,3.277E-03,9.006E+00,4.020E+00,4.014E+00,0.9985
007,7: Nitrogen,7.000E+01,8.500E+00,3.055E-03,8.503E+00,4.592E+00,4.585E+00,0.9985
007,7: Nitrogen,7.500E+01,8.060E+00,2.861E-03,8.063E+00,5.196E+00,5.188E+00,0.9985
007,7: Nitrogen,8.000E+01,7.672E+00,2.691E-03,7.674E+00,5.832E+00,5.823E+00,0.9985
007,7: Nitrogen,8.500E+01,7.326E+00,2.540E-03,7.329E+00,6.499E+00,6.489E+00,0.9985
007,7: Nitrogen,9.000E+01,7.017E+00,2.406E-03,7.019E+00,7.196E+00,7.186E+00,0.9985
007,7: Nitrogen,9.500E+01,6.738E+00,2.285E-03,6.740E+00,7.923E+00,7.912E+00,0.9985
007,7: Nitrogen,1.000E+02,6.485E+00,2.177E-03,6.487E+00,8.680E+00,8.667E+00,0.9986
007,7: Nitrogen,1.250E+02,5.511E+00,1.760E-03,5.512E+00,1.288E+01,1.286E+01,0.9986
007,7: Nitrogen,1.500E+02,4.847E+00,1.480E-03,4.848E+00,1.773E+01,1.771E+01,0.9986
007,7: Nitrogen,1.750E+02,4.365E+00,1.278E-03,4.367E+00,2.317E+01,2.314E+01,0.9987
007,7: Nitrogen,2.000E+02,4.000E+00,1.126E-03,4.001E+00,2.916E+01,2.913E+01,0.9987
007,7: Nitrogen,2.250E+02,3.714E+00,1.007E-03,3.715E+00,3.566E+01,3.561E+01,0.9987
007,7: Nitrogen,2.500E+02,3.484E+00,9.106E-04,3.484E+00,4.261E+01,4.256E+01,0.9988
007,7: Nitrogen,2.750E+02,3.294E+00,8.317E-04,3.295E+00,4.999E+01,4.993E+01,0.9988
007,7: Nitrogen,3.000E+02,3.136E+00,7.657E-04,3.137E+00,5.778E+01,5.771E+01,0.9988
007,7: Nitrogen,3.500E+02,2.888E+00,6.613E-04,2.889E+00,7.442E+01,7.433E+01,0.9989
007,7: Nitrogen,4.000E+02,2.702E+00,5.826E-04,2.703E+00,9.233E+01,9.223E+01,0.9989
007,7: Nitrogen,4.500E+02,2.559E+00,5.209E-04,2.560E+00,1.114E+02,1.112E+02,0.9989
007,7: Nitrogen,5.000E+02,2.445E+00,4.713E-04,2.446E+00,1.314E+02,1.312E+02,0.9990
007,7: Nitrogen,5.500E+02,2.354E+00,4.306E-04,2.354E+00,1.522E+02,1.521E+02,0.9990
007,7: Nitrogen,6.000E+02,2.279E+00,3.965E-04,2.279E+00,1.738E+02,1.736E+02,0.9990
007,7: Nitrogen,6.500E+02,2.216E+00,3.675E-04,2.216E+00,1.961E+02,1.959E+02,0.9990
007,7: Nitrogen,7.000E+02,2.163E+00,3.426E-04,2.164E+00,2.189E+02,2.187E+02,0.9991
007,7: Nitrogen,7.500E+02,2.119E+00,3.209E-04,2.119E+00,2.423E+02,2.420E+02,0.9991
007,7: Nitrogen,8.000E+02,2.081E+00,3.019E-04,2.081E+00,2.661E+02,2.658E+02,0.9991
007,7: Nitrogen,8.500E+02,2.048E+00,2.850E-04,2.048E+00,2.903E+02,2.900E+02,0.9991
007,7: Nitrogen,9.000E+02,2.020E+00,2.700E-04,2.020E+00,3.149E+02,3.146E+02,0.9991
007,7: Nitrogen,9.500E+02,1.995E+00,2.566E-04,1.995E+00,3.398E+02,3.395E+02,0.9991
007,7: Nitrogen,1.000E+03,1.974E+00,2.444E-04,1.974E+00,3.650E+02,3.647E+02,0.9992
007,7: Nitrogen,1.500E+03,1.860E+00,1.667E-04,1.860E+00,6.275E+02,6.270E+02,0.9993
007,7: Nitrogen,2.000E+03,1.829E+00,1.271E-04,1.830E+00,8.990E+02,8.985E+02,0.9994
007,7: Nitrogen,2.500E+03,1.828E+00,1.031E-04,1.828E+00,1.173E+03,1.172E+03,0.9994
007,7: Nitrogen,3.000E+03,1.838E+00,8.683E-05,1.838E+00,1.446E+03,1.445E+03,0.9995
007,7: Nitrogen,4.000E+03,1.870E+00,6.630E-05,1.870E+00,1.985E+03,1.984E+03,0.9995
007,7: Nitrogen,5.000E+03,1.907E+00,5.379E-05,1.907E+00,2.515E+03,2.514E+03,0.9996
007,7: Nitrogen,6.000E+03,1.943E+00,4.535E-05,1.943E+00,3.034E+03,3.033E+03,0.9996
007,7: Nitrogen,7.000E+03,1.976E+00,3.925E-05,1.976E+00,3.545E+03,3.543E+03,0.9997
007,7: Nitrogen,8.000E+03,2.007E+00,3.464E-05,2.007E+00,4.047E+03,4.045E+03,0.9997
007,7: Nitrogen,9.000E+03,2.035E+00,3.103E-05,2.035E+00,4.541E+03,4.540E+03,0.9997
007,7: Nitrogen,1.000E+04,2.062E+00,2.812E-05,2.062E+00,5.030E+03,5.028E+03,0.9997
008,8: Oxygen,1.000E-03,9.946E+01,2.006E+01,1.195E+02,1.158E-05,3.456E-06,0.2985
008,8: Oxygen,1.500E-03,1.218E+02,1.721E+01,1.390E+02,1.542E-05,5.267E-06,0.3416
008,8: Oxygen,2.000E-03,1.407E+02,1.519E+01,1.558E+02,1.881E-05,7.083E-06,0.3765
008,8: Oxygen,2.500E-03,1.573E+02,1.366E+01,1.709E+02,2.187E-05,8.871E-06,0.4056
008,8: Oxygen,3.000E-03,1.723E+02,1.246E+01,1.847E+02,2.468E-05,1.063E-05,0.4304
008,8: Oxygen,4.000E-03,1.989E+02,1.067E+01,2.096E+02,2.976E-05,1.402E-05,0.4712
008,8: Oxygen,5.000E-03,2.224E+02,9.393E+00,2.318E+02,3.429E-05,1.727E-05,0.5038
008,8: Oxygen,6.000E-03,2.436E+02,8.423E+00,2.520E+02,3.842E-05,2.039E-05,0.5306
008,8: Oxygen,7.000E-03,2.631E+02,7.657E+00,2.708E+02,4.225E-05,2.337E-05,0.5533
008,8: Oxygen,8.000E-03,2.813E+02,7.035E+00,2.883E+02,4.582E-05,2.625E-05,0.5728
008,8: Oxygen,9.000E-03,2.984E+02,6.517E+00,3.049E+02,4.919E-05,2.902E-05,0.5899
008,8: Oxygen,1.000E-02,3.145E+02,6.079E+00,3.206E+02,5.239E-05,3.169E-05,0.6050
008,8: Oxygen,1.250E-02,3.466E+02,5.228E+00,3.518E+02,5.982E-05,3.807E-05,0.6364
008,8: Oxygen,1.500E-02,3.747E+02,4.606E+00,3.793E+02,6.666E-05,4.410E-05,0.6616
008,8: Oxygen,1.750E-02,3.998E+02,4.128E+00,4.039E+02,7.304E-05,4.983E-05,0.6823
008,8: Oxygen,2.000E-02,4.224E+02,3.750E+00,4.262E+02,7.906E-05,5.532E-05,0.6997
008,8: Oxygen,2.250E-02,4.430E+02,3.440E+00,4.465E+02,8.479E-05,6.059E-05,0.7146
008,8: Oxygen,2.500E-02,4.619E+02,3.183E+00,4.650E+02,9.027E-05,6.569E-05,0.7277
008,8: Oxygen,2.750E-02,4.791E+02,2.965E+00,4.821E+02,9.555E-05,7.063E-05,0.7392
008,8: Oxygen,3.000E-02,4.950E+02,2.777E+00,4.978E+02,1.007E-04,7.543E-05,0.7494
008,8: Oxygen,3.500E-02,5.231E+02,2.470E+00,5.255E+02,1.104E-04,8.469E-05,0.7670
008,8: Oxygen,4.000E-02,5.470E+02,2.230E+00,5.492E+02,1.197E-04,9.357E-05,0.7816
008,8: Oxygen,4.500E-02,5.672E+02,2.036E+00,5.693E+02,1.287E-04,1.022E-04,0.7940
008,8: Oxygen,5.000E-02,5.844E+02,1.875E+00,5.862E+02,1.373E-04,1.105E-04,0.8048
008,8: Oxygen,5.500E-02,5.987E+02,1.740E+00,6.004E+02,1.457E-04,1.187E-04,0.8142
008,8: Oxygen,6.000E-02,6.106E+02,1.624E+00,6.122E+02,1.540E-04,1.267E-04,0.8226
008,8: Oxygen,6.500E-02,6.202E+02,1.524E+00,6.218E+02,1.621E-04,1.346E-04,0.8302
008,8: Oxygen,7.000E-02,6.280E+02,1.437E+00,6.294E+02,1.701E-04,1.424E-04,0.8370
008,8: Oxygen,7.500E-02,6.339E+02,1.360E+00,6.353E+02,1.780E-04,1.501E-04,0.8432
008,8: Oxygen,8.000E-02,6.383E+02,1.291E+00,6.396E+02,1.858E-04,1.578E-04,0.8490
008,8: Oxygen,8.500E-02,6.413E+02,1.229E+00,6.425E+02,1.936E-04,1.654E-04,0.8543
008,8: Oxygen,9.000E-02,6.430E+02,1.174E+00,6.442E+02,2.014E-04,1.730E-04,0.8592
008,8: Oxygen,9.500E-02,6.436E+02,1.124E+00,6.448E+02,2.091E-04,1.806E-04,0.8637
008,8: Oxygen,1.000E-01,6.433E+02,1.078E+00,6.444E+02,2.169E-04,1.883E-04,0.8680
008,8: Oxygen,1.250E-01,6.305E+02,8.982E-01,6.314E+02,2.560E-04,2.268E-04,0.8859
008,8: Oxygen,1.500E-01,6.067E+02,7.729E-01,6.074E+02,2.963E-04,2.667E-04,0.8998
008,8: Oxygen,1.750E-01,5.783E+02,6.802E-01,5.790E+02,3.385E-04,3.084E-04,0.9110
008,8: Oxygen,2.000E-01,5.491E+02,6.085E-01,5.497E+02,3.828E-04,3.523E-04,0.9203
008,8: Oxygen,2.250E-01,5.209E+02,5.514E-01,5.214E+02,4.295E-04,3.986E-04,0.9281
008,8: Oxygen,2.500E-01,4.946E+02,5.046E-01,4.951E+02,4.787E-04,4.474E-04,0.9347
008,8: Oxygen,2.750E-01,4.709E+02,4.657E-01,4.714E+02,5.305E-04,4.988E-04,0.9404
008,8: Oxygen,3.000E-01,4.497E+02,4.326E-01,4.501E+02,5.848E-04,5.528E-04,0.9453
008,8: Oxygen,3.500E-01,4.132E+02,3.796E-01,4.136E+02,7.008E-04,6.681E-04,0.9533
008,8: Oxygen,4.000E-01,3.831E+02,3.388E-01,3.834E+02,8.265E-04,7.931E-04,0.9596
008,8: Oxygen,4.500E-01,3.578E+02,3.063E-01,3.581E+02,9.615E-04,9.274E-04,0.9645
008,8: Oxygen,5.000E-01,3.363E+02,2.799E-01,3.365E+02,1.106E-03,1.071E-03,0.9685
008,8: Oxygen,5.500E-01,3.176E+02,2.579E-01,3.178E+02,1.259E-03,1.223E-03,0.9718
008,8: Oxygen,6.000E-01,3.011E+02,2.392E-01,3.013E+02,1.420E-03,1.384E-03,0.9745
008,8: Oxygen,6.500E-01,2.863E+02,2.233E-01,2.866E+02,1.590E-03,1.553E-03,0.9767
008,8: Oxygen,7.000E-01,2.732E+02,2.094E-01,2.734E+02,1.769E-03,1.731E-03,0.9787
008,8: Oxygen,7.500E-01,2.613E+02,1.973E-01,2.615E+02,1.956E-03,1.918E-03,0.9803
008,8: Oxygen,8.000E-01,2.505E+02,1.864E-01,2.507E+02,2.152E-03,2.112E-03,0.9817
008,8: Oxygen,8.500E-01,2.408E+02,1.768E-01,2.410E+02,2.355E-03,2.315E-03,0.9830
008,8: Oxygen,9.000E-01,2.319E+02,1.681E-01,2.321E+02,2.566E-03,2.526E-03,0.9841
008,8: Oxygen,9.500E-01,2.237E+02,1.603E-01,2.238E+02,2.786E-03,2.744E-03,0.9850
008,8: Oxygen,1.000E+00,2.161E+02,1.532E-01,2.163E+02,3.013E-03,2.971E-03,0.9859
008,8: Oxygen,1.250E+00,1.857E+02,1.258E-01,1.858E+02,4.265E-03,4.218E-03,0.9890
008,8: Oxygen,1.500E+00,1.637E+02,1.070E-01,1.638E+02,5.701E-03,5.650E-03,0.9909
008,8: Oxygen,1.750E+00,1.467E+02,9.324E-02,1.468E+02,7.316E-03,7.260E-03,0.9922
008,8: Oxygen,2.000E+00,1.334E+02,8.273E-02,1.335E+02,9.104E-03,9.042E-03,0.9932
008,8: Oxygen,2.250E+00,1.225E+02,7.443E-02,1.226E+02,1.106E-02,1.099E-02,0.9939
008,8: Oxygen,2.500E+00,1.135E+02,6.769E-02,1.136E+02,1.318E-02,1.311E-02,0.9944
008,8: Oxygen,2.750E+00,1.059E+02,6.211E-02,1.059E+02,1.546E-02,1.538E-02,0.9948
008,8: Oxygen,3.000E+00,9.929E+01,5.740E-02,9.934E+01,1.790E-02,1.781E-02,0.9951
008,8: Oxygen,3.500E+00,8.852E+01,4.991E-02,8.857E+01,2.324E-02,2.314E-02,0.9956
008,8: Oxygen,4.000E+00,8.006E+01,4.419E-02,8.011E+01,2.919E-02,2.907E-02,0.9960
008,8: Oxygen,4.500E+00,7.322E+01,3.969E-02,7.326E+01,3.572E-02,3.559E-02,0.9963
008,8: Oxygen,5.000E+00,6.757E+01,3.604E-02,6.760E+01,4.283E-02,4.268E-02,0.9965
008,8: Oxygen,5.500E+00,6.280E+01,3.302E-02,6.284E+01,5.051E-02,5.034E-02,0.9966
008,8: Oxygen,6.000E+00,5.872E+01,3.048E-02,5.875E+01,5.874E-02,5.855E-02,0.9968
008,8: Oxygen,6.500E+00,5.518E+01,2.831E-02,5.521E+01,6.753E-02,6.732E-02,0.9969
008,8: Oxygen,7.000E+00,5.208E+01,2.644E-02,5.211E+01,7.685E-02,7.662E-02,0.9970
008,8: Oxygen,7.500E+00,4.934E+01,2.481E-02,4.936E+01,8.672E-02,8.646E-02,0.9971
008,8: Oxygen,8.000E+00,4.690E+01,2.337E-02,4.693E+01,9.711E-02,9.683E-02,0.9971
008,8: Oxygen,8.500E+00,4.472E+01,2.209E-02,4.474E+01,1.080E-01,1.077E-01,0.9972
008,8: Oxygen,9.000E+00,4.274E+01,2.095E-02,4.276E+01,1.195E-01,1.191E-01,0.9973
008,8: Oxygen,9.500E+00,4.095E+01,1.993E-02,4.097E+01,1.314E-01,1.311E-01,0.9973
008,8: Oxygen,1.000E+01,3.932E+01,1.900E-02,3.934E+01,1.439E-01,1.435E-01,0.9973
008,8: Oxygen,1.250E+01,3.292E+01,1.543E-02,3.293E+01,2.136E-01,2.131E-01,0.9975
008,8: Oxygen,1.500E+01,2.845E+01,1.301E-02,2.846E+01,2.955E-01,2.948E-01,0.9976
008,8: Oxygen,1.750E+01,2.513E+01,1.126E-02,2.515E+01,3.892E-01,3.883E-01,0.9977
008,8: Oxygen,2.000E+01,2.257E+01,9.938E-03,2.258E+01,4.943E-01,4.932E-01,0.9978
008,8: Oxygen,2.500E+01,1.886E+01,8.056E-03,1.887E+01,7.376E-01,7.361E-01,0.9979
008,8: Oxygen,2.750E+01,1.747E+01,7.364E-03,1.748E+01,8.754E-01,8.736E-01,0.9979
008,8: Oxygen,3.000E+01,1.629E+01,6.784E-03,1.629E+01,1.024E+00,1.022E+00,0.9979
008,8: Oxygen,3.500E+01,1.439E+01,5.865E-03,1.440E+01,1.351E+00,1.348E+00,0.9980
008,8: Oxygen,4.000E+01,1.294E+01,5.170E-03,1.294E+01,1.718E+00,1.714E+00,0.9980
008,8: Oxygen,4.500E+01,1.178E+01,4.625E-03,1.178E+01,2.123E+00,2.119E+00,0.9981
008,8: Oxygen,5.000E+01,1.084E+01,4.186E-03,1.084E+01,2.566E+00,2.561E+00,0.9981
008,8: Oxygen,5.500E+01,1.005E+01,3.824E-03,1.006E+01,3.045E+00,3.039E+00,0.9981
008,8: Oxygen,6.000E+01,9.393E+00,3.522E-03,9.396E+00,3.560E+00,3.553E+00,0.9982
008,8: Oxygen,6.500E+01,8.826E+00,3.264E-03,8.829E+00,4.109E+00,4.102E+00,0.9982
008,8: Oxygen,7.000E+01,8.335E+00,3.043E-03,8.338E+00,4.692E+00,4.684E+00,0.9982
008,8: Oxygen,7.500E+01,7.905E+00,2.850E-03,7.908E+00,5.308E+00,5.299E+00,0.9982
008,8: Oxygen,8.000E+01,7.525E+00,2.681E-03,7.528E+00,5.957E+00,5.946E+00,0.9983
008,8: Oxygen,8.500E+01,7.187E+00,2.531E-03,7.190E+00,6.636E+00,6.625E+00,0.9983
008,8: Oxygen,9.000E+01,6.884E+00,2.397E-03,6.887E+00,7.347E+00,7.335E+00,0.9983
008,8: Oxygen,9.500E+01,6.612E+00,2.277E-03,6.614E+00,8.088E+00,8.075E+00,0.9983
008,8: Oxygen,1.000E+02,6.365E+00,2.169E-03,6.367E+00,8.859E+00,8.844E+00,0.9983
008,8: Oxygen,1.250E+02,5.411E+00,1.754E-03,5.413E+00,1.314E+01,1.312E+01,0.9984
008,8: Oxygen,1.500E+02,4.761E+00,1.475E-03,4.763E+00,1.808E+01,1.805E+01,0.9984
008,8: Oxygen,1.750E+02,4.289E+00,1.274E-03,4.291E+00,2.362E+01,2.358E+01,0.9985
008,8: Oxygen,2.000E+02,3.932E+00,1.122E-03,3.933E+00,2.971E+01,2.967E+01,0.9985
008,8: Oxygen,2.250E+02,3.651E+00,1.003E-03,3.652E+00,3.632E+01,3.626E+01,0.9985
008,8: Oxygen,2.500E+02,3.425E+00,9.078E-04,3.426E+00,4.339E+01,4.333E+01,0.9986
008,8: Oxygen,2.750E+02,3.240E+00,8.292E-04,3.241E+00,5.090E+01,5.083E+01,0.9986
008,8: Oxygen,3.000E+02,3.085E+00,7.634E-04,3.086E+00,5.881E+01,5.873E+01,0.9986
008,8: Oxygen,3.500E+02,2.841E+00,6.594E-04,2.842E+00,7.573E+01,7.563E+01,0.9987
008,8: Oxygen,4.000E+02,2.659E+00,5.808E-04,2.660E+00,9.394E+01,9.382E+01,0.9987
008,8: Oxygen,4.500E+02,2.519E+00,5.194E-04,2.519E+00,1.133E+02,1.131E+02,0.9988
008,8: Oxygen,5.000E+02,2.407E+00,4.700E-04,2.408E+00,1.336E+02,1.334E+02,0.9988
008,8: Oxygen,5.500E+02,2.317E+00,4.294E-04,2.318E+00,1.548E+02,1.546E+02,0.9988
008,8: Oxygen,6.000E+02,2.244E+00,3.954E-04,2.244E+00,1.767E+02,1.765E+02,0.9988
008,8: Oxygen,6.500E+02,2.182E+00,3.665E-04,2.183E+00,1.993E+02,1.991E+02,0.9989
008,8: Oxygen,7.000E+02,2.131E+00,3.416E-04,2.131E+00,2.225E+02,2.222E+02,0.9989
008,8: Oxygen,7.500E+02,2.087E+00,3.200E-04,2.088E+00,2.462E+02,2.459E+02,0.9989
008,8: Oxygen,8.000E+02,2.050E+00,3.011E-04,2.050E+00,2.704E+02,2.701E+02,0.9989
008,8: Oxygen,8.500E+02,2.018E+00,2.843E-04,2.018E+00,2.950E+02,2.947E+02,0.9990
008,8: Oxygen,9.000E+02,1.990E+00,2.693E-04,1.990E+00,3.199E+02,3.196E+02,0.9990
008,8: Oxygen,9.500E+02,1.966E+00,2.559E-04,1.966E+00,3.452E+02,3.448E+02,0.9990
008,8: Oxygen,1.000E+03,1.945E+00,2.438E-04,1.945E+00,3.708E+02,3.704E+02,0.9990
008,8: Oxygen,1.500E+03,1.834E+00,1.663E-04,1.835E+00,6.370E+02,6.365E+02,0.9992
008,8: Oxygen,2.000E+03,1.805E+00,1.268E-04,1.805E+00,9.123E+02,9.116E+02,0.9993
008,8: Oxygen,2.500E+03,1.804E+00,1.028E-04,1.804E+00,1.190E+03,1.189E+03,0.9993
008,8: Oxygen,3.000E+03,1.815E+00,8.662E-05,1.815E+00,1.466E+03,1.465E+03,0.9994
008,8: Oxygen,4.000E+03,1.848E+00,6.614E-05,1.848E+00,2.012E+03,2.011E+03,0.9995
008,8: Oxygen,5.000E+03,1.885E+00,5.366E-05,1.885E+00,2.548E+03,2.547E+03,0.9995
008,8: Oxygen,6.000E+03,1.921E+00,4.524E-05,1.921E+00,3.074E+03,3.072E+03,0.9996
008,8: Oxygen,7.000E+03,1.954E+00,3.917E-05,1.954E+00,3.590E+03,3.588E+03,0.9996
008,8: Oxygen,8.000E+03,1.985E+00,3.457E-05,1.985E+00,4.097E+03,4.096E+03,0.9996
008,8: Oxygen,9.000E+03,2.013E+00,3.096E-05,2.014E+00,4.598E+03,4.596E+03,0.9997
008,8: Oxygen,1.000E+04,2.040E+00,2.806E-05,2.040E+00,5.091E+03,5.089E+03,0.9997
010,10: Neon,1.000E-03,5.801E+01,1.623E+01,7.424E+01,1.811E-05,4.043E-06,0.2233
010,10: Neon,1.500E-03,7.105E+01,1.420E+01,8.525E+01,2.434E-05,6.282E-06,0.2581
010,10: Neon,2.000E-03,8.204E+01,1.270E+01,9.474E+01,2.989E-05,8.596E-06,0.2876
010,10: Neon,2.500E-03,9.173E+01,1.154E+01,1.033E+02,3.494E-05,1.094E-05,0.3129
010,10: Neon,3.000E-03,1.005E+02,1.060E+01,1.111E+02,3.961E-05,1.328E-05,0.3353
010,10: Neon,4.000E-03,1.160E+02,9.190E+00,1.252E+02,4.807E-05,1.794E-05,0.3732
010,10: Neon,5.000E-03,1.297E+02,8.158E+00,1.379E+02,5.567E-05,2.252E-05,0.4046
010,10: Neon,6.000E-03,1.421E+02,7.364E+00,1.495E+02,6.264E-05,2.701E-05,0.4312
010,10: Neon,7.000E-03,1.535E+02,6.730E+00,1.602E+02,6.909E-05,3.139E-05,0.4543
010,10: Neon,8.000E-03,1.641E+02,6.211E+00,1.703E+02,7.514E-05,3.566E-05,0.4745
010,10: Neon,9.000E-03,1.740E+02,5.776E+00,1.798E+02,8.086E-05,3.982E-05,0.4925
010,10: Neon,1.000E-02,1.835E+02,5.405E+00,1.889E+02,8.628E-05,4.389E-05,0.5087
010,10: Neon,1.250E-02,2.025E+02,4.678E+00,2.072E+02,9.889E-05,5.370E-05,0.5430
010,10: Neon,1.500E-02,2.193E+02,4.141E+00,2.235E+02,1.105E-04,6.311E-05,0.5711
010,10: Neon,1.750E-02,2.345E+02,3.727E+00,2.382E+02,1.213E-04,7.214E-05,0.5945
010,10: Neon,2.000E-02,2.483E+02,3.395E+00,2.517E+02,1.315E-04,8.084E-05,0.6146
010,10: Neon,2.250E-02,2.610E+02,3.123E+00,2.642E+02,1.412E-04,8.925E-05,0.6319
010,10: Neon,2.500E-02,2.728E+02,2.896E+00,2.757E+02,1.505E-04,9.740E-05,0.6472
010,10: Neon,2.750E-02,2.838E+02,2.703E+00,2.865E+02,1.594E-04,1.053E-04,0.6608
010,10: Neon,3.000E-02,2.940E+02,2.536E+00,2.966E+02,1.680E-04,1.130E-04,0.6729
010,10: Neon,3.500E-02,3.127E+02,2.263E+00,3.149E+02,1.843E-04,1.279E-04,0.6940
010,10: Neon,4.000E-02,3.292E+02,2.047E+00,3.312E+02,1.998E-04,1.422E-04,0.7116
010,10: Neon,4.500E-02,3.438E+02,1.872E+00,3.457E+02,2.145E-04,1.559E-04,0.7267
010,10: Neon,5.000E-02,3.569E+02,1.727E+00,3.587E+02,2.287E-04,1.692E-04,0.7397
010,10: Neon,5.500E-02,3.686E+02,1.605E+00,3.702E+02,2.425E-04,1.822E-04,0.7513
010,10: Neon,6.000E-02,3.790E+02,1.500E+00,3.805E+02,2.558E-04,1.948E-04,0.7616
010,10: Neon,6.500E-02,3.883E+02,1.410E+00,3.897E+02,2.688E-04,2.072E-04,0.7708
010,10: Neon,7.000E-02,3.965E+02,1.330E+00,3.979E+02,2.814E-04,2.193E-04,0.7791
010,10: Neon,7.500E-02,4.038E+02,1.260E+00,4.051E+02,2.939E-04,2.312E-04,0.7868
010,10: Neon,8.000E-02,4.102E+02,1.197E+00,4.114E+02,3.061E-04,2.430E-04,0.7938
010,10: Neon,8.500E-02,4.158E+02,1.141E+00,4.170E+02,3.182E-04,2.547E-04,0.8003
010,10: Neon,9.000E-02,4.207E+02,1.090E+00,4.218E+02,3.301E-04,2.662E-04,0.8063
010,10: Neon,9.500E-02,4.248E+02,1.044E+00,4.259E+02,3.419E-04,2.776E-04,0.8118
010,10: Neon,1.000E-01,4.284E+02,1.002E+00,4.294E+02,3.536E-04,2.889E-04,0.8171
010,10: Neon,1.250E-01,4.381E+02,8.371E-01,4.389E+02,4.111E-04,3.449E-04,0.8390
010,10: Neon,1.500E-01,4.379E+02,7.217E-01,4.386E+02,4.680E-04,4.006E-04,0.8560
010,10: Neon,1.750E-01,4.313E+02,6.360E-01,4.319E+02,5.254E-04,4.569E-04,0.8697
010,10: Neon,2.000E-01,4.208E+02,5.696E-01,4.214E+02,5.839E-04,5.146E-04,0.8812
010,10: Neon,2.250E-01,4.082E+02,5.166E-01,4.087E+02,6.441E-04,5.739E-04,0.8910
010,10: Neon,2.500E-01,3.946E+02,4.733E-01,3.950E+02,7.063E-04,6.354E-04,0.8995
010,10: Neon,2.750E-01,3.807E+02,4.371E-01,3.811E+02,7.708E-04,6.990E-04,0.9069
010,10: Neon,3.000E-01,3.671E+02,4.063E-01,3.675E+02,8.376E-04,7.651E-04,0.9135
010,10: Neon,3.500E-01,3.390E+02,3.569E-01,3.393E+02,9.792E-04,9.053E-04,0.9246
010,10: Neon,4.000E-01,3.138E+02,3.188E-01,3.141E+02,1.132E-03,1.057E-03,0.9336
010,10: Neon,4.500E-01,2.933E+02,2.885E-01,2.936E+02,1.297E-03,1.221E-03,0.9410
010,10: Neon,5.000E-01,2.772E+02,2.638E-01,2.775E+02,1.473E-03,1.395E-03,0.9471
010,10: Neon,5.500E-01,2.643E+02,2.432E-01,2.646E+02,1.657E-03,1.578E-03,0.9522
010,10: Neon,6.000E-01,2.526E+02,2.257E-01,2.528E+02,1.851E-03,1.770E-03,0.9565
010,10: Neon,6.500E-01,2.419E+02,2.108E-01,2.421E+02,2.053E-03,1.971E-03,0.9601
010,10: Neon,7.000E-01,2.322E+02,1.978E-01,2.323E+02,2.264E-03,2.180E-03,0.9632
010,10: Neon,7.500E-01,2.232E+02,1.864E-01,2.234E+02,2.483E-03,2.399E-03,0.9659
010,10: Neon,8.000E-01,2.150E+02,1.763E-01,2.151E+02,2.711E-03,2.625E-03,0.9683
010,10: Neon,8.500E-01,2.074E+02,1.673E-01,2.075E+02,2.948E-03,2.861E-03,0.9704
010,10: Neon,9.000E-01,2.004E+02,1.592E-01,2.005E+02,3.193E-03,3.104E-03,0.9722
010,10: Neon,9.500E-01,1.938E+02,1.520E-01,1.940E+02,3.447E-03,3.357E-03,0.9739
010,10: Neon,1.000E+00,1.877E+02,1.453E-01,1.879E+02,3.709E-03,3.617E-03,0.9753
010,10: Neon,1.250E+00,1.630E+02,1.195E-01,1.631E+02,5.141E-03,5.042E-03,0.9808
010,10: Neon,1.500E+00,1.446E+02,1.018E-01,1.447E+02,6.771E-03,6.665E-03,0.9843
010,10: Neon,1.750E+00,1.303E+02,8.880E-02,1.304E+02,8.594E-03,8.480E-03,0.9867
010,10: Neon,2.000E+00,1.189E+02,7.888E-02,1.190E+02,1.060E-02,1.048E-02,0.9884
010,10: Neon,2.250E+00,1.096E+02,7.102E-02,1.096E+02,1.279E-02,1.266E-02,0.9897
010,10: Neon,2.500E+00,1.018E+02,6.465E-02,1.018E+02,1.516E-02,1.502E-02,0.9907
010,10: Neon,2.750E+00,9.509E+01,5.936E-02,9.515E+01,1.770E-02,1.755E-02,0.9915
010,10: Neon,3.000E+00,8.935E+01,5.491E-02,8.940E+01,2.042E-02,2.025E-02,0.9921
010,10: Neon,3.500E+00,7.993E+01,4.780E-02,7.997E+01,2.634E-02,2.616E-02,0.9930
010,10: Neon,4.000E+00,7.250E+01,4.237E-02,7.254E+01,3.291E-02,3.271E-02,0.9937
010,10: Neon,4.500E+00,6.646E+01,3.808E-02,6.650E+01,4.012E-02,3.989E-02,0.9942
010,10: Neon,5.000E+00,6.145E+01,3.461E-02,6.149E+01,4.795E-02,4.769E-02,0.9946
010,10: Neon,5.500E+00,5.722E+01,3.173E-02,5.725E+01,5.638E-02,5.609E-02,0.9949
010,10: Neon,6.000E+00,5.359E+01,2.931E-02,5.361E+01,6.541E-02,6.510E-02,0.9952
010,10: Neon,6.500E+00,5.043E+01,2.725E-02,5.046E+01,7.503E-02,7.468E-02,0.9954
010,10: Neon,7.000E+00,4.767E+01,2.546E-02,4.769E+01,8.523E-02,8.485E-02,0.9956
010,10: Neon,7.500E+00,4.522E+01,2.390E-02,4.524E+01,9.599E-02,9.558E-02,0.9957
010,10: Neon,8.000E+00,4.304E+01,2.252E-02,4.306E+01,1.073E-01,1.069E-01,0.9959
010,10: Neon,8.500E+00,4.107E+01,2.130E-02,4.110E+01,1.192E-01,1.187E-01,0.9960
010,10: Neon,9.000E+00,3.930E+01,2.021E-02,3.932E+01,1.317E-01,1.311E-01,0.9961
010,10: Neon,9.500E+00,3.769E+01,1.923E-02,3.771E+01,1.446E-01,1.441E-01,0.9962
010,10: Neon,1.000E+01,3.622E+01,1.834E-02,3.624E+01,1.582E-01,1.576E-01,0.9962
010,10: Neon,1.250E+01,3.042E+01,1.492E-02,3.044E+01,2.338E-01,2.330E-01,0.9965
010,10: Neon,1.500E+01,2.636E+01,1.260E-02,2.637E+01,3.223E-01,3.212E-01,0.9967
010,10: Neon,1.750E+01,2.333E+01,1.091E-02,2.334E+01,4.233E-01,4.219E-01,0.9969
010,10: Neon,2.000E+01,2.099E+01,9.633E-03,2.100E+01,5.364E-01,5.347E-01,0.9970
010,10: Neon,2.500E+01,1.758E+01,7.817E-03,1.759E+01,7.977E-01,7.954E-01,0.9971
010,10: Neon,2.750E+01,1.630E+01,7.149E-03,1.631E+01,9.454E-01,9.428E-01,0.9972
010,10: Neon,3.000E+01,1.521E+01,6.588E-03,1.522E+01,1.104E+00,1.101E+00,0.9972
010,10: Neon,3.500E+01,1.346E+01,5.699E-03,1.347E+01,1.454E+00,1.450E+00,0.9973
010,10: Neon,4.000E+01,1.212E+01,5.025E-03,1.212E+01,1.846E+00,1.841E+00,0.9974
010,10: Neon,4.500E+01,1.104E+01,4.497E-03,1.105E+01,2.279E+00,2.273E+00,0.9975
010,10: Neon,5.000E+01,1.017E+01,4.071E-03,1.017E+01,2.751E+00,2.744E+00,0.9975
010,10: Neon,5.500E+01,9.442E+00,3.721E-03,9.446E+00,3.261E+00,3.253E+00,0.9975
010,10: Neon,6.000E+01,8.827E+00,3.427E-03,8.830E+00,3.809E+00,3.800E+00,0.9976
010,10: Neon,6.500E+01,8.299E+00,3.177E-03,8.302E+00,4.393E+00,4.383E+00,0.9976
010,10: Neon,7.000E+01,7.841E+00,2.962E-03,7.844E+00,5.013E+00,5.002E+00,0.9976
010,10: Neon,7.500E+01,7.440E+00,2.775E-03,7.443E+00,5.668E+00,5.655E+00,0.9977
010,10: Neon,8.000E+01,7.086E+00,2.610E-03,7.089E+00,6.357E+00,6.342E+00,0.9977
010,10: Neon,8.500E+01,6.771E+00,2.464E-03,6.773E+00,7.078E+00,7.062E+00,0.9977
010,10: Neon,9.000E+01,6.488E+00,2.334E-03,6.490E+00,7.833E+00,7.815E+00,0.9977
010,10: Neon,9.500E+01,6.233E+00,2.218E-03,6.235E+00,8.619E+00,8.600E+00,0.9978
010,10: Neon,1.000E+02,6.002E+00,2.113E-03,6.004E+00,9.436E+00,9.415E+00,0.9978
010,10: Neon,1.250E+02,5.110E+00,1.709E-03,5.111E+00,1.397E+01,1.394E+01,0.9979
010,10: Neon,1.500E+02,4.501E+00,1.438E-03,4.502E+00,1.920E+01,1.916E+01,0.9979
010,10: Neon,1.750E+02,4.058E+00,1.242E-03,4.059E+00,2.506E+01,2.501E+01,0.9980
010,10: Neon,2.000E+02,3.722E+00,1.094E-03,3.723E+00,3.150E+01,3.144E+01,0.9980
010,10: Neon,2.250E+02,3.458E+00,9.784E-04,3.459E+00,3.847E+01,3.840E+01,0.9981
010,10: Neon,2.500E+02,3.246E+00,8.852E-04,3.247E+00,4.594E+01,4.585E+01,0.9981
010,10: Neon,2.750E+02,3.072E+00,8.086E-04,3.073E+00,5.386E+01,5.376E+01,0.9982
010,10: Neon,3.000E+02,2.926E+00,7.445E-04,2.927E+00,6.220E+01,6.209E+01,0.9982
010,10: Neon,3.500E+02,2.697E+00,6.431E-04,2.698E+00,8.003E+01,7.989E+01,0.9983
010,10: Neon,4.000E+02,2.526E+00,5.666E-04,2.526E+00,9.920E+01,9.904E+01,0.9983
010,10: Neon,4.500E+02,2.393E+00,5.067E-04,2.394E+00,1.196E+02,1.194E+02,0.9984
010,10: Neon,5.000E+02,2.289E+00,4.585E-04,2.289E+00,1.409E+02,1.407E+02,0.9984
010,10: Neon,5.500E+02,2.204E+00,4.189E-04,2.205E+00,1.632E+02,1.630E+02,0.9985
010,10: Neon,6.000E+02,2.135E+00,3.858E-04,2.135E+00,1.863E+02,1.860E+02,0.9985
010,10: Neon,6.500E+02,2.077E+00,3.576E-04,2.078E+00,2.100E+02,2.097E+02,0.9985
010,10: Neon,7.000E+02,2.029E+00,3.334E-04,2.029E+00,2.344E+02,2.340E+02,0.9986
010,10: Neon,7.500E+02,1.988E+00,3.123E-04,1.988E+00,2.593E+02,2.589E+02,0.9986
010,10: Neon,8.000E+02,1.953E+00,2.938E-04,1.953E+00,2.846E+02,2.843E+02,0.9986
010,10: Neon,8.500E+02,1.923E+00,2.774E-04,1.923E+00,3.104E+02,3.100E+02,0.9987
010,10: Neon,9.000E+02,1.897E+00,2.628E-04,1.897E+00,3.366E+02,3.362E+02,0.9987
010,10: Neon,9.500E+02,1.874E+00,2.497E-04,1.875E+00,3.631E+02,3.627E+02,0.9987
010,10: Neon,1.000E+03,1.855E+00,2.379E-04,1.855E+00,3.900E+02,3.895E+02,0.9987
010,10: Neon,1.500E+03,1.753E+00,1.623E-04,1.753E+00,6.689E+02,6.681E+02,0.9989
010,10: Neon,2.000E+03,1.727E+00,1.238E-04,1.727E+00,9.568E+02,9.559E+02,0.9990
010,10: Neon,2.500E+03,1.728E+00,1.004E-04,1.728E+00,1.246E+03,1.245E+03,0.9991
010,10: Neon,3.000E+03,1.739E+00,8.458E-05,1.739E+00,1.535E+03,1.534E+03,0.9992
010,10: Neon,4.000E+03,1.773E+00,6.458E-05,1.774E+00,2.105E+03,2.103E+03,0.9993
010,10: Neon,5.000E+03,1.811E+00,5.241E-05,1.811E+00,2.663E+03,2.661E+03,0.9994
010,10: Neon,6.000E+03,1.847E+00,4.419E-05,1.847E+00,3.209E+03,3.208E+03,0.9995
010,10: Neon,7.000E+03,1.880E+00,3.825E-05,1.880E+00,3.746E+03,3.744E+03,0.9995
010,10: Neon,8.000E+03,1.911E+00,3.376E-05,1.911E+00,4.274E+03,4.272E+03,0.9995
010,10: Neon,9.000E+03,1.939E+00,3.024E-05,1.939E+00,4.793E+03,4.791E+03,0.9996
010,10: Neon,1.000E+04,1.965E+00,2.741E-05,1.966E+00,5.305E+03,5.303E+03,0.9996
013,13: Aluminum,1.000E-03,9.238E+01,1.197E+01,1.043E+02,1.471E-05,3.758E-06,0.2555
013,13: Aluminum,1.500E-03,1.131E+02,1.072E+01,1.239E+02,1.906E-05,5.590E-06,0.2933
013,13: Aluminum,2.000E-03,1.306E+02,9.749E+00,1.404E+02,2.285E-05,7.413E-06,0.3245
013,13: Aluminum,2.500E-03,1.461E+02,8.967E+00,1.550E+02,2.623E-05,9.205E-06,0.3509
013,13: Aluminum,3.000E-03,1.600E+02,8.324E+00,1.683E+02,2.933E-05,1.096E-05,0.3738
013,13: Aluminum,4.000E-03,1.848E+02,7.322E+00,1.921E+02,3.487E-05,1.438E-05,0.4122
013,13: Aluminum,5.000E-03,2.066E+02,6.571E+00,2.131E+02,3.981E-05,1.765E-05,0.4434
013,13: Aluminum,6.000E-03,2.263E+02,5.982E+00,2.323E+02,4.430E-05,2.080E-05,0.4696
013,13: Aluminum,7.000E-03,2.444E+02,5.505E+00,2.499E+02,4.845E-05,2.384E-05,0.4921
013,13: Aluminum,8.000E-03,2.613E+02,5.110E+00,2.664E+02,5.232E-05,2.677E-05,0.5117
013,13: Aluminum,9.000E-03,2.771E+02,4.775E+00,2.819E+02,5.597E-05,2.961E-05,0.5291
013,13: Aluminum,1.000E-02,2.921E+02,4.488E+00,2.966E+02,5.943E-05,3.236E-05,0.5445
013,13: Aluminum,1.250E-02,3.206E+02,3.917E+00,3.245E+02,6.746E-05,3.895E-05,0.5773
013,13: Aluminum,1.500E-02,3.448E+02,3.491E+00,3.483E+02,7.489E-05,4.523E-05,0.6040
013,13: Aluminum,1.750E-02,3.657E+02,3.157E+00,3.689E+02,8.186E-05,5.127E-05,0.6263
013,13: Aluminum,2.000E-02,3.838E+02,2.889E+00,3.867E+02,8.848E-05,5.711E-05,0.6454
013,13: Aluminum,2.250E-02,3.996E+02,2.667E+00,4.022E+02,9.481E-05,6.277E-05,0.6620
013,13: Aluminum,2.500E-02,4.132E+02,2.480E+00,4.157E+02,1.009E-04,6.829E-05,0.6767
013,13: Aluminum,2.750E-02,4.250E+02,2.321E+00,4.273E+02,1.069E-04,7.370E-05,0.6898
013,13: Aluminum,3.000E-02,4.351E+02,2.183E+00,4.373E+02,1.126E-04,7.902E-05,0.7015
013,13: Aluminum,3.500E-02,4.510E+02,1.955E+00,4.529E+02,1.239E-04,8.943E-05,0.7220
013,13: Aluminum,4.000E-02,4.620E+02,1.774E+00,4.638E+02,1.348E-04,9.964E-05,0.7394
013,13: Aluminum,4.500E-02,4.692E+02,1.627E+00,4.709E+02,1.455E-04,1.097E-04,0.7544
013,13: Aluminum,5.000E-02,4.734E+02,1.504E+00,4.749E+02,1.560E-04,1.198E-04,0.7676
013,13: Aluminum,5.500E-02,4.752E+02,1.401E+00,4.766E+02,1.665E-04,1.298E-04,0.7793
013,13: Aluminum,6.000E-02,4.751E+02,1.311E+00,4.764E+02,1.770E-04,1.398E-04,0.7898
013,13: Aluminum,6.500E-02,4.737E+02,1.234E+00,4.749E+02,1.875E-04,1.499E-04,0.7994
013,13: Aluminum,7.000E-02,4.712E+02,1.166E+00,4.724E+02,1.981E-04,1.601E-04,0.8081
013,13: Aluminum,7.500E-02,4.680E+02,1.106E+00,4.691E+02,2.087E-04,1.703E-04,0.8161
013,13: Aluminum,8.000E-02,4.642E+02,1.052E+00,4.653E+02,2.194E-04,1.807E-04,0.8234
013,13: Aluminum,8.500E-02,4.601E+02,1.003E+00,4.611E+02,2.302E-04,1.911E-04,0.8302
013,13: Aluminum,9.000E-02,4.558E+02,9.597E-01,4.567E+02,2.411E-04,2.017E-04,0.8366
013,13: Aluminum,9.500E-02,4.513E+02,9.200E-01,4.522E+02,2.521E-04,2.124E-04,0.8425
013,13: Aluminum,1.000E-01,4.468E+02,8.837E-01,4.477E+02,2.632E-04,2.232E-04,0.8480
013,13: Aluminum,1.250E-01,4.245E+02,7.406E-01,4.253E+02,3.205E-04,2.791E-04,0.8708
013,13: Aluminum,1.500E-01,4.045E+02,6.400E-01,4.051E+02,3.808E-04,3.381E-04,0.8880
013,13: Aluminum,1.750E-01,3.867E+02,5.651E-01,3.873E+02,4.439E-04,4.001E-04,0.9013
013,13: Aluminum,2.000E-01,3.710E+02,5.070E-01,3.715E+02,5.098E-04,4.649E-04,0.9119
013,13: Aluminum,2.250E-01,3.568E+02,4.604E-01,3.573E+02,5.785E-04,5.325E-04,0.9205
013,13: Aluminum,2.500E-01,3.440E+02,4.222E-01,3.444E+02,6.498E-04,6.028E-04,0.9277
013,13: Aluminum,2.750E-01,3.323E+02,3.903E-01,3.327E+02,7.236E-04,6.757E-04,0.9337
013,13: Aluminum,3.000E-01,3.215E+02,3.632E-01,3.218E+02,8.001E-04,7.511E-04,0.9389
013,13: Aluminum,3.500E-01,3.017E+02,3.195E-01,3.020E+02,9.605E-04,9.097E-04,0.9471
013,13: Aluminum,4.000E-01,2.842E+02,2.858E-01,2.844E+02,1.131E-03,1.079E-03,0.9535
013,13: Aluminum,4.500E-01,2.686E+02,2.589E-01,2.689E+02,1.312E-03,1.258E-03,0.9585
013,13: Aluminum,5.000E-01,2.548E+02,2.369E-01,2.550E+02,1.503E-03,1.447E-03,0.9626
013,13: Aluminum,5.500E-01,2.425E+02,2.185E-01,2.427E+02,1.704E-03,1.646E-03,0.9659
013,13: Aluminum,6.000E-01,2.314E+02,2.030E-01,2.316E+02,1.915E-03,1.855E-03,0.9687
013,13: Aluminum,6.500E-01,2.215E+02,1.897E-01,2.216E+02,2.136E-03,2.074E-03,0.9711
013,13: Aluminum,7.000E-01,2.124E+02,1.781E-01,2.126E+02,2.366E-03,2.303E-03,0.9731
013,13: Aluminum,7.500E-01,2.042E+02,1.679E-01,2.043E+02,2.606E-03,2.541E-03,0.9749
013,13: Aluminum,8.000E-01,1.966E+02,1.589E-01,1.968E+02,2.856E-03,2.788E-03,0.9764
013,13: Aluminum,8.500E-01,1.897E+02,1.509E-01,1.899E+02,3.114E-03,3.045E-03,0.9778
013,13: Aluminum,9.000E-01,1.833E+02,1.436E-01,1.835E+02,3.382E-03,3.311E-03,0.9790
013,13: Aluminum,9.500E-01,1.774E+02,1.371E-01,1.775E+02,3.659E-03,3.586E-03,0.9800
013,13: Aluminum,1.000E+00,1.719E+02,1.312E-01,1.720E+02,3.945E-03,3.870E-03,0.9810
013,13: Aluminum,1.250E+00,1.494E+02,1.082E-01,1.495E+02,5.509E-03,5.424E-03,0.9845
013,13: Aluminum,1.500E+00,1.327E+02,9.232E-02,1.328E+02,7.287E-03,7.191E-03,0.9868
013,13: Aluminum,1.750E+00,1.198E+02,8.066E-02,1.199E+02,9.272E-03,9.164E-03,0.9884
013,13: Aluminum,2.000E+00,1.094E+02,7.173E-02,1.095E+02,1.146E-02,1.134E-02,0.9895
013,13: Aluminum,2.250E+00,1.009E+02,6.466E-02,1.010E+02,1.384E-02,1.370E-02,0.9904
013,13: Aluminum,2.500E+00,9.377E+01,5.891E-02,9.383E+01,1.641E-02,1.626E-02,0.9911
013,13: Aluminum,2.750E+00,8.769E+01,5.414E-02,8.775E+01,1.916E-02,1.900E-02,0.9916
013,13: Aluminum,3.000E+00,8.245E+01,5.011E-02,8.250E+01,2.210E-02,2.193E-02,0.9921
013,13: Aluminum,3.500E+00,7.383E+01,4.369E-02,7.388E+01,2.852E-02,2.832E-02,0.9928
013,13: Aluminum,4.000E+00,6.703E+01,3.877E-02,6.707E+01,3.563E-02,3.540E-02,0.9933
013,13: Aluminum,4.500E+00,6.151E+01,3.489E-02,6.154E+01,4.343E-02,4.315E-02,0.9937
013,13: Aluminum,5.000E+00,5.691E+01,3.174E-02,5.695E+01,5.188E-02,5.157E-02,0.9940
013,13: Aluminum,5.500E+00,5.303E+01,2.913E-02,5.306E+01,6.098E-02,6.063E-02,0.9942
013,13: Aluminum,6.000E+00,4.970E+01,2.693E-02,4.973E+01,7.072E-02,7.033E-02,0.9944
013,13: Aluminum,6.500E+00,4.681E+01,2.505E-02,4.684E+01,8.109E-02,8.065E-02,0.9946
013,13: Aluminum,7.000E+00,4.428E+01,2.342E-02,4.430E+01,9.207E-02,9.158E-02,0.9948
013,13: Aluminum,7.500E+00,4.203E+01,2.200E-02,4.205E+01,1.037E-01,1.031E-01,0.9949
013,13: Aluminum,8.000E+00,4.002E+01,2.075E-02,4.004E+01,1.158E-01,1.153E-01,0.9950
013,13: Aluminum,8.500E+00,3.822E+01,1.963E-02,3.824E+01,1.286E-01,1.280E-01,0.9951
013,13: Aluminum,9.000E+00,3.658E+01,1.864E-02,3.660E+01,1.420E-01,1.413E-01,0.9952
013,13: Aluminum,9.500E+00,3.510E+01,1.774E-02,3.512E+01,1.559E-01,1.552E-01,0.9953
013,13: Aluminum,1.000E+01,3.375E+01,1.693E-02,3.376E+01,1.705E-01,1.697E-01,0.9953
013,13: Aluminum,1.250E+01,2.841E+01,1.380E-02,2.842E+01,2.515E-01,2.504E-01,0.9956
013,13: Aluminum,1.500E+01,2.465E+01,1.166E-02,2.466E+01,3.462E-01,3.448E-01,0.9958
013,13: Aluminum,1.750E+01,2.185E+01,1.012E-02,2.186E+01,4.541E-01,4.523E-01,0.9960
013,13: Aluminum,2.000E+01,1.968E+01,8.940E-03,1.969E+01,5.748E-01,5.726E-01,0.9961
013,13: Aluminum,2.500E+01,1.651E+01,7.266E-03,1.652E+01,8.533E-01,8.501E-01,0.9963
013,13: Aluminum,2.750E+01,1.532E+01,6.649E-03,1.532E+01,1.011E+00,1.007E+00,0.9963
013,13: Aluminum,3.000E+01,1.430E+01,6.130E-03,1.431E+01,1.180E+00,1.175E+00,0.9964
013,13: Aluminum,3.500E+01,1.267E+01,5.308E-03,1.268E+01,1.552E+00,1.546E+00,0.9965
013,13: Aluminum,4.000E+01,1.141E+01,4.684E-03,1.142E+01,1.968E+00,1.961E+00,0.9966
013,13: Aluminum,4.500E+01,1.041E+01,4.194E-03,1.041E+01,2.427E+00,2.419E+00,0.9966
013,13: Aluminum,5.000E+01,9.590E+00,3.798E-03,9.594E+00,2.928E+00,2.918E+00,0.9967
013,13: Aluminum,5.500E+01,8.908E+00,3.473E-03,8.911E+00,3.469E+00,3.458E+00,0.9968
013,13: Aluminum,6.000E+01,8.330E+00,3.200E-03,8.334E+00,4.050E+00,4.037E+00,0.9968
013,13: Aluminum,6.500E+01,7.835E+00,2.967E-03,7.838E+00,4.669E+00,4.654E+00,0.9968
013,13: Aluminum,7.000E+01,7.405E+00,2.767E-03,7.408E+00,5.325E+00,5.309E+00,0.9969
013,13: Aluminum,7.500E+01,7.029E+00,2.593E-03,7.031E+00,6.018E+00,6.000E+00,0.9969
013,13: Aluminum,8.000E+01,6.696E+00,2.439E-03,6.698E+00,6.747E+00,6.727E+00,0.9970
013,13: Aluminum,8.500E+01,6.399E+00,2.304E-03,6.401E+00,7.511E+00,7.488E+00,0.9970
013,13: Aluminum,9.000E+01,6.133E+00,2.182E-03,6.135E+00,8.309E+00,8.284E+00,0.9970
013,13: Aluminum,9.500E+01,5.893E+00,2.074E-03,5.895E+00,9.141E+00,9.114E+00,0.9970
013,13: Aluminum,1.000E+02,5.676E+00,1.976E-03,5.678E+00,1.001E+01,9.976E+00,0.9971
013,13: Aluminum,1.250E+02,4.835E+00,1.600E-03,4.837E+00,1.480E+01,1.476E+01,0.9972
013,13: Aluminum,1.500E+02,4.261E+00,1.346E-03,4.262E+00,2.032E+01,2.026E+01,0.9973
013,13: Aluminum,1.750E+02,3.843E+00,1.163E-03,3.844E+00,2.651E+01,2.644E+01,0.9973
013,13: Aluminum,2.000E+02,3.525E+00,1.025E-03,3.526E+00,3.331E+01,3.322E+01,0.9974
013,13: Aluminum,2.250E+02,3.276E+00,9.164E-04,3.277E+00,4.067E+01,4.057E+01,0.9975
013,13: Aluminum,2.500E+02,3.075E+00,8.293E-04,3.076E+00,4.855E+01,4.843E+01,0.9975
013,13: Aluminum,2.750E+02,2.910E+00,7.576E-04,2.911E+00,5.691E+01,5.678E+01,0.9976
013,13: Aluminum,3.000E+02,2.772E+00,6.976E-04,2.773E+00,6.572E+01,6.556E+01,0.9976
013,13: Aluminum,3.500E+02,2.555E+00,6.027E-04,2.555E+00,8.454E+01,8.434E+01,0.9977
013,13: Aluminum,4.000E+02,2.392E+00,5.311E-04,2.393E+00,1.048E+02,1.046E+02,0.9978
013,13: Aluminum,4.500E+02,2.266E+00,4.750E-04,2.267E+00,1.263E+02,1.260E+02,0.9979
013,13: Aluminum,5.000E+02,2.166E+00,4.299E-04,2.167E+00,1.489E+02,1.485E+02,0.9979
013,13: Aluminum,5.500E+02,2.086E+00,3.928E-04,2.086E+00,1.724E+02,1.720E+02,0.9980
013,13: Aluminum,6.000E+02,2.019E+00,3.617E-04,2.020E+00,1.968E+02,1.964E+02,0.9980
013,13: Aluminum,6.500E+02,1.964E+00,3.353E-04,1.965E+00,2.219E+02,2.214E+02,0.9981
013,13: Aluminum,7.000E+02,1.918E+00,3.126E-04,1.918E+00,2.476E+02,2.472E+02,0.9981
013,13: Aluminum,7.500E+02,1.878E+00,2.929E-04,1.879E+00,2.740E+02,2.735E+02,0.9982
013,13: Aluminum,8.000E+02,1.845E+00,2.755E-04,1.845E+00,3.008E+02,3.003E+02,0.9982
013,13: Aluminum,8.500E+02,1.816E+00,2.602E-04,1.816E+00,3.282E+02,3.276E+02,0.9982
013,13: Aluminum,9.000E+02,1.790E+00,2.465E-04,1.791E+00,3.559E+02,3.553E+02,0.9983
013,13: Aluminum,9.500E+02,1.768E+00,2.342E-04,1.769E+00,3.840E+02,3.833E+02,0.9983
013,13: Aluminum,1.000E+03,1.749E+00,2.232E-04,1.750E+00,4.124E+02,4.117E+02,0.9983
013,13: Aluminum,1.500E+03,1.647E+00,1.523E-04,1.647E+00,7.087E+02,7.077E+02,0.9986
013,13: Aluminum,2.000E+03,1.617E+00,1.162E-04,1.618E+00,1.016E+03,1.014E+03,0.9987
013,13: Aluminum,2.500E+03,1.613E+00,9.419E-05,1.613E+00,1.325E+03,1.324E+03,0.9989
013,13: Aluminum,3.000E+03,1.619E+00,7.938E-05,1.619E+00,1.635E+03,1.633E+03,0.9990
013,13: Aluminum,4.000E+03,1.642E+00,6.062E-05,1.642E+00,2.248E+03,2.246E+03,0.9991
013,13: Aluminum,5.000E+03,1.668E+00,4.920E-05,1.668E+00,2.853E+03,2.850E+03,0.9992
013,13: Aluminum,6.000E+03,1.692E+00,4.148E-05,1.692E+00,3.448E+03,3.445E+03,0.9993
013,13: Aluminum,7.000E+03,1.714E+00,3.592E-05,1.714E+00,4.035E+03,4.032E+03,0.9993
013,13: Aluminum,8.000E+03,1.734E+00,3.170E-05,1.734E+00,4.615E+03,4.612E+03,0.9994
013,13: Aluminum,9.000E+03,1.752E+00,2.840E-05,1.752E+00,5.189E+03,5.186E+03,0.9994
013,13: Aluminum,1.000E+04,1.768E+00,2.574E-05,1.768E+00,5.757E+03,5.754E+03,0.9995
014,14: Silicon,1.000E-03,1.050E+02,1.188E+01,1.169E+02,1.340E-05,3.558E-06,0.2655
014,14: Silicon,1.500E-03,1.286E+02,1.072E+01,1.393E+02,1.728E-05,5.242E-06,0.3034
014,14: Silicon,2.000E-03,1.485E+02,9.792E+00,1.583E+02,2.064E-05,6.906E-06,0.3346
014,14: Silicon,2.500E-03,1.660E+02,9.040E+00,1.750E+02,2.364E-05,8.532E-06,0.3609
014,14: Silicon,3.000E-03,1.818E+02,8.416E+00,1.903E+02,2.638E-05,1.012E-05,0.3837
014,14: Silicon,4.000E-03,2.100E+02,7.436E+00,2.174E+02,3.128E-05,1.319E-05,0.4217
014,14: Silicon,5.000E-03,2.348E+02,6.695E+00,2.414E+02,3.564E-05,1.613E-05,0.4526
014,14: Silicon,6.000E-03,2.572E+02,6.111E+00,2.633E+02,3.961E-05,1.895E-05,0.4785
014,14: Silicon,7.000E-03,2.778E+02,5.636E+00,2.834E+02,4.326E-05,2.166E-05,0.5007
014,14: Silicon,8.000E-03,2.969E+02,5.240E+00,3.022E+02,4.668E-05,2.427E-05,0.5200
014,14: Silicon,9.000E-03,3.150E+02,4.905E+00,3.199E+02,4.989E-05,2.680E-05,0.5371
014,14: Silicon,1.000E-02,3.320E+02,4.615E+00,3.366E+02,5.294E-05,2.924E-05,0.5523
014,14: Silicon,1.250E-02,3.646E+02,4.039E+00,3.686E+02,6.002E-05,3.508E-05,0.5845
014,14: Silicon,1.500E-02,3.925E+02,3.607E+00,3.961E+02,6.656E-05,4.065E-05,0.6108
014,14: Silicon,1.750E-02,4.167E+02,3.267E+00,4.199E+02,7.268E-05,4.598E-05,0.6327
014,14: Silicon,2.000E-02,4.378E+02,2.993E+00,4.408E+02,7.849E-05,5.113E-05,0.6514
014,14: Silicon,2.250E-02,4.563E+02,2.767E+00,4.591E+02,8.404E-05,5.611E-05,0.6677
014,14: Silicon,2.500E-02,4.725E+02,2.576E+00,4.751E+02,8.939E-05,6.097E-05,0.6820
014,14: Silicon,2.750E-02,4.866E+02,2.412E+00,4.890E+02,9.458E-05,6.572E-05,0.6948
014,14: Silicon,3.000E-02,4.989E+02,2.270E+00,5.011E+02,9.963E-05,7.037E-05,0.7063
014,14: Silicon,3.500E-02,5.184E+02,2.036E+00,5.204E+02,1.094E-04,7.947E-05,0.7263
014,14: Silicon,4.000E-02,5.323E+02,1.849E+00,5.342E+02,1.189E-04,8.836E-05,0.7433
014,14: Silicon,4.500E-02,5.416E+02,1.697E+00,5.433E+02,1.282E-04,9.714E-05,0.7579
014,14: Silicon,5.000E-02,5.470E+02,1.571E+00,5.485E+02,1.373E-04,1.058E-04,0.7708
014,14: Silicon,5.500E-02,5.492E+02,1.463E+00,5.507E+02,1.464E-04,1.145E-04,0.7823
014,14: Silicon,6.000E-02,5.490E+02,1.371E+00,5.504E+02,1.555E-04,1.232E-04,0.7926
014,14: Silicon,6.500E-02,5.468E+02,1.290E+00,5.480E+02,1.646E-04,1.320E-04,0.8019
014,14: Silicon,7.000E-02,5.430E+02,1.220E+00,5.442E+02,1.737E-04,1.408E-04,0.8105
014,14: Silicon,7.500E-02,5.380E+02,1.157E+00,5.392E+02,1.830E-04,1.497E-04,0.8184
014,14: Silicon,8.000E-02,5.322E+02,1.101E+00,5.333E+02,1.923E-04,1.588E-04,0.8256
014,14: Silicon,8.500E-02,5.257E+02,1.051E+00,5.267E+02,2.017E-04,1.679E-04,0.8324
014,14: Silicon,9.000E-02,5.188E+02,1.005E+00,5.198E+02,2.113E-04,1.772E-04,0.8387
014,14: Silicon,9.500E-02,5.117E+02,9.640E-01,5.126E+02,2.210E-04,1.866E-04,0.8446
014,14: Silicon,1.000E-01,5.044E+02,9.262E-01,5.053E+02,2.308E-04,1.962E-04,0.8501
014,14: Silicon,1.250E-01,4.687E+02,7.770E-01,4.695E+02,2.821E-04,2.463E-04,0.8731
014,14: Silicon,1.500E-01,4.373E+02,6.720E-01,4.379E+02,3.373E-04,3.004E-04,0.8906
014,14: Silicon,1.750E-01,4.107E+02,5.937E-01,4.113E+02,3.963E-04,3.583E-04,0.9042
014,14: Silicon,2.000E-01,3.884E+02,5.329E-01,3.889E+02,4.588E-04,4.198E-04,0.9150
014,14: Silicon,2.250E-01,3.694E+02,4.842E-01,3.699E+02,5.247E-04,4.848E-04,0.9238
014,14: Silicon,2.500E-01,3.530E+02,4.442E-01,3.535E+02,5.939E-04,5.529E-04,0.9310
014,14: Silicon,2.750E-01,3.387E+02,4.107E-01,3.391E+02,6.661E-04,6.242E-04,0.9370
014,14: Silicon,3.000E-01,3.259E+02,3.823E-01,3.263E+02,7.413E-04,6.984E-04,0.9421
014,14: Silicon,3.500E-01,3.041E+02,3.364E-01,3.045E+02,9.001E-04,8.553E-04,0.9502
014,14: Silicon,4.000E-01,2.859E+02,3.010E-01,2.862E+02,1.070E-03,1.023E-03,0.9564
014,14: Silicon,4.500E-01,2.703E+02,2.728E-01,2.706E+02,1.249E-03,1.201E-03,0.9611
014,14: Silicon,5.000E-01,2.567E+02,2.497E-01,2.569E+02,1.439E-03,1.389E-03,0.9649
014,14: Silicon,5.500E-01,2.452E+02,2.304E-01,2.454E+02,1.638E-03,1.586E-03,0.9680
014,14: Silicon,6.000E-01,2.351E+02,2.141E-01,2.353E+02,1.846E-03,1.792E-03,0.9706
014,14: Silicon,6.500E-01,2.259E+02,2.001E-01,2.261E+02,2.063E-03,2.007E-03,0.9728
014,14: Silicon,7.000E-01,2.172E+02,1.879E-01,2.174E+02,2.289E-03,2.231E-03,0.9746
014,14: Silicon,7.500E-01,2.090E+02,1.772E-01,2.091E+02,2.523E-03,2.463E-03,0.9762
014,14: Silicon,8.000E-01,2.011E+02,1.677E-01,2.012E+02,2.767E-03,2.705E-03,0.9776
014,14: Silicon,8.500E-01,1.936E+02,1.592E-01,1.938E+02,3.020E-03,2.956E-03,0.9788
014,14: Silicon,9.000E-01,1.870E+02,1.516E-01,1.872E+02,3.283E-03,3.217E-03,0.9799
014,14: Silicon,9.500E-01,1.809E+02,1.448E-01,1.811E+02,3.555E-03,3.487E-03,0.9809
014,14: Silicon,1.000E+00,1.753E+02,1.385E-01,1.754E+02,3.835E-03,3.765E-03,0.9817
014,14: Silicon,1.250E+00,1.523E+02,1.143E-01,1.524E+02,5.369E-03,5.288E-03,0.9849
014,14: Silicon,1.500E+00,1.354E+02,9.761E-02,1.355E+02,7.112E-03,7.020E-03,0.9870
014,14: Silicon,1.750E+00,1.222E+02,8.532E-02,1.223E+02,9.057E-03,8.953E-03,0.9885
014,14: Silicon,2.000E+00,1.117E+02,7.590E-02,1.118E+02,1.120E-02,1.108E-02,0.9895
014,14: Silicon,2.250E+00,1.030E+02,6.843E-02,1.031E+02,1.353E-02,1.340E-02,0.9903
014,14: Silicon,2.500E+00,9.580E+01,6.236E-02,9.586E+01,1.605E-02,1.590E-02,0.9910
014,14: Silicon,2.750E+00,8.962E+01,5.733E-02,8.968E+01,1.874E-02,1.858E-02,0.9915
014,14: Silicon,3.000E+00,8.428E+01,5.307E-02,8.433E+01,2.162E-02,2.144E-02,0.9919
014,14: Silicon,3.500E+00,7.550E+01,4.628E-02,7.554E+01,2.790E-02,2.769E-02,0.9925
014,14: Silicon,4.000E+00,6.856E+01,4.109E-02,6.860E+01,3.485E-02,3.461E-02,0.9930
014,14: Silicon,4.500E+00,6.292E+01,3.699E-02,6.296E+01,4.247E-02,4.219E-02,0.9934
014,14: Silicon,5.000E+00,5.824E+01,3.366E-02,5.828E+01,5.073E-02,5.041E-02,0.9937
014,14: Silicon,5.500E+00,5.428E+01,3.089E-02,5.431E+01,5.962E-02,5.926E-02,0.9939
014,14: Silicon,6.000E+00,5.088E+01,2.857E-02,5.091E+01,6.914E-02,6.873E-02,0.9941
014,14: Silicon,6.500E+00,4.792E+01,2.658E-02,4.795E+01,7.926E-02,7.881E-02,0.9943
014,14: Silicon,7.000E+00,4.533E+01,2.486E-02,4.536E+01,8.999E-02,8.949E-02,0.9944
014,14: Silicon,7.500E+00,4.304E+01,2.335E-02,4.306E+01,1.013E-01,1.008E-01,0.9946
014,14: Silicon,8.000E+00,4.099E+01,2.203E-02,4.101E+01,1.132E-01,1.126E-01,0.9947
014,14: Silicon,8.500E+00,3.914E+01,2.085E-02,3.916E+01,1.257E-01,1.250E-01,0.9948
014,14: Silicon,9.000E+00,3.748E+01,1.979E-02,3.750E+01,1.387E-01,1.380E-01,0.9949
014,14: Silicon,9.500E+00,3.596E+01,1.884E-02,3.598E+01,1.524E-01,1.516E-01,0.9950
014,14: Silicon,1.000E+01,3.458E+01,1.798E-02,3.459E+01,1.665E-01,1.657E-01,0.9950
014,14: Silicon,1.250E+01,2.912E+01,1.466E-02,2.913E+01,2.456E-01,2.445E-01,0.9953
014,14: Silicon,1.500E+01,2.528E+01,1.240E-02,2.529E+01,3.380E-01,3.365E-01,0.9955
014,14: Silicon,1.750E+01,2.242E+01,1.076E-02,2.243E+01,4.432E-01,4.413E-01,0.9957
014,14: Silicon,2.000E+01,2.019E+01,9.513E-03,2.020E+01,5.608E-01,5.585E-01,0.9958
014,14: Silicon,2.500E+01,1.695E+01,7.736E-03,1.695E+01,8.322E-01,8.289E-01,0.9960
014,14: Silicon,2.750E+01,1.572E+01,7.080E-03,1.573E+01,9.854E-01,9.815E-01,0.9960
014,14: Silicon,3.000E+01,1.469E+01,6.529E-03,1.469E+01,1.150E+00,1.145E+00,0.9961
014,14: Silicon,3.500E+01,1.301E+01,5.654E-03,1.302E+01,1.512E+00,1.507E+00,0.9962
014,14: Silicon,4.000E+01,1.172E+01,4.991E-03,1.173E+01,1.918E+00,1.911E+00,0.9963
014,14: Silicon,4.500E+01,1.069E+01,4.469E-03,1.070E+01,2.365E+00,2.356E+00,0.9964
014,14: Silicon,5.000E+01,9.852E+00,4.049E-03,9.856E+00,2.852E+00,2.842E+00,0.9964
014,14: Silicon,5.500E+01,9.153E+00,3.702E-03,9.157E+00,3.379E+00,3.367E+00,0.9965
014,14: Silicon,6.000E+01,8.561E+00,3.411E-03,8.564E+00,3.944E+00,3.930E+00,0.9966
014,14: Silicon,6.500E+01,8.052E+00,3.164E-03,8.056E+00,4.546E+00,4.531E+00,0.9966
014,14: Silicon,7.000E+01,7.611E+00,2.951E-03,7.614E+00,5.185E+00,5.167E+00,0.9966
014,14: Silicon,7.500E+01,7.225E+00,2.765E-03,7.227E+00,5.859E+00,5.840E+00,0.9967
014,14: Silicon,8.000E+01,6.883E+00,2.602E-03,6.885E+00,6.568E+00,6.547E+00,0.9967
014,14: Silicon,8.500E+01,6.578E+00,2.457E-03,6.581E+00,7.311E+00,7.288E+00,0.9967
014,14: Silicon,9.000E+01,6.305E+00,2.328E-03,6.308E+00,8.088E+00,8.062E+00,0.9968
014,14: Silicon,9.500E+01,6.059E+00,2.212E-03,6.061E+00,8.897E+00,8.868E+00,0.9968
014,14: Silicon,1.000E+02,5.836E+00,2.108E-03,5.838E+00,9.737E+00,9.706E+00,0.9968
014,14: Silicon,1.250E+02,4.972E+00,1.707E-03,4.974E+00,1.440E+01,1.435E+01,0.9970
014,14: Silicon,1.500E+02,4.382E+00,1.436E-03,4.383E+00,1.977E+01,1.971E+01,0.9970
014,14: Silicon,1.750E+02,3.953E+00,1.241E-03,3.954E+00,2.579E+01,2.571E+01,0.9971
014,14: Silicon,2.000E+02,3.627E+00,1.094E-03,3.628E+00,3.240E+01,3.231E+01,0.9972
014,14: Silicon,2.250E+02,3.370E+00,9.782E-04,3.371E+00,3.955E+01,3.945E+01,0.9973
014,14: Silicon,2.500E+02,3.164E+00,8.852E-04,3.165E+00,4.721E+01,4.709E+01,0.9973
014,14: Silicon,2.750E+02,2.994E+00,8.088E-04,2.995E+00,5.534E+01,5.520E+01,0.9974
014,14: Silicon,3.000E+02,2.852E+00,7.447E-04,2.853E+00,6.390E+01,6.373E+01,0.9974
014,14: Silicon,3.500E+02,2.629E+00,6.435E-04,2.630E+00,8.219E+01,8.198E+01,0.9975
014,14: Silicon,4.000E+02,2.462E+00,5.670E-04,2.462E+00,1.019E+02,1.016E+02,0.9976
014,14: Silicon,4.500E+02,2.332E+00,5.072E-04,2.333E+00,1.227E+02,1.225E+02,0.9977
014,14: Silicon,5.000E+02,2.230E+00,4.590E-04,2.230E+00,1.447E+02,1.444E+02,0.9977
014,14: Silicon,5.500E+02,2.147E+00,4.194E-04,2.147E+00,1.675E+02,1.672E+02,0.9978
014,14: Silicon,6.000E+02,2.079E+00,3.862E-04,2.079E+00,1.912E+02,1.908E+02,0.9979
014,14: Silicon,6.500E+02,2.022E+00,3.581E-04,2.022E+00,2.156E+02,2.152E+02,0.9979
014,14: Silicon,7.000E+02,1.974E+00,3.338E-04,1.975E+00,2.406E+02,2.401E+02,0.9980
014,14: Silicon,7.500E+02,1.934E+00,3.127E-04,1.934E+00,2.662E+02,2.657E+02,0.9980
014,14: Silicon,8.000E+02,1.899E+00,2.942E-04,1.899E+00,2.923E+02,2.917E+02,0.9980
014,14: Silicon,8.500E+02,1.869E+00,2.778E-04,1.870E+00,3.189E+02,3.182E+02,0.9981
014,14: Silicon,9.000E+02,1.843E+00,2.632E-04,1.844E+00,3.458E+02,3.451E+02,0.9981
014,14: Silicon,9.500E+02,1.821E+00,2.501E-04,1.821E+00,3.731E+02,3.724E+02,0.9982
014,14: Silicon,1.000E+03,1.801E+00,2.383E-04,1.801E+00,4.007E+02,4.000E+02,0.9982
014,14: Silicon,1.500E+03,1.696E+00,1.626E-04,1.696E+00,6.884E+02,6.873E+02,0.9985
014,14: Silicon,2.000E+03,1.665E+00,1.241E-04,1.666E+00,9.865E+02,9.851E+02,0.9986
014,14: Silicon,2.500E+03,1.661E+00,1.006E-04,1.661E+00,1.287E+03,1.286E+03,0.9988
014,14: Silicon,3.000E+03,1.668E+00,8.479E-05,1.668E+00,1.588E+03,1.586E+03,0.9989
014,14: Silicon,4.000E+03,1.692E+00,6.476E-05,1.692E+00,2.183E+03,2.181E+03,0.9990
014,14: Silicon,5.000E+03,1.720E+00,5.255E-05,1.720E+00,2.770E+03,2.767E+03,0.9991
014,14: Silicon,6.000E+03,1.746E+00,4.432E-05,1.746E+00,3.347E+03,3.344E+03,0.9992
014,14: Silicon,7.000E+03,1.770E+00,3.837E-05,1.770E+00,3.915E+03,3.913E+03,0.9993
014,14: Silicon,8.000E+03,1.792E+00,3.387E-05,1.792E+00,4.477E+03,4.474E+03,0.9993
014,14: Silicon,9.000E+03,1.812E+00,3.034E-05,1.812E+00,5.032E+03,5.029E+03,0.9994
014,14: Silicon,1.000E+04,1.830E+00,2.749E-05,1.830E+00,5.581E+03,5.578E+03,0.9994
018,18: Argon,1.000E-03,8.608E+01,7.470E+00,9.355E+01,1.741E-05,4.206E-06,0.2416
018,18: Argon,1.500E-03,1.054E+02,6.891E+00,1.123E+02,2.223E-05,6.141E-06,0.2762
018,18: Argon,2.000E-03,1.217E+02,6.398E+00,1.281E+02,2.639E-05,8.047E-06,0.3049
018,18: Argon,2.500E-03,1.361E+02,5.980E+00,1.421E+02,3.009E-05,9.911E-06,0.3294
018,18: Argon,3.000E-03,1.491E+02,5.623E+00,1.547E+02,3.346E-05,1.174E-05,0.3507
018,18: Argon,4.000E-03,1.722E+02,5.045E+00,1.772E+02,3.949E-05,1.527E-05,0.3867
018,18: Argon,5.000E-03,1.925E+02,4.594E+00,1.971E+02,4.483E-05,1.867E-05,0.4164
018,18: Argon,6.000E-03,2.109E+02,4.231E+00,2.151E+02,4.968E-05,2.194E-05,0.4415
018,18: Argon,7.000E-03,2.277E+02,3.931E+00,2.317E+02,5.416E-05,2.509E-05,0.4632
018,18: Argon,8.000E-03,2.435E+02,3.678E+00,2.472E+02,5.834E-05,2.813E-05,0.4823
018,18: Argon,9.000E-03,2.582E+02,3.460E+00,2.617E+02,6.227E-05,3.109E-05,0.4992
018,18: Argon,1.000E-02,2.722E+02,3.271E+00,2.755E+02,6.599E-05,3.395E-05,0.5145
018,18: Argon,1.250E-02,2.997E+02,2.890E+00,3.026E+02,7.463E-05,4.082E-05,0.5470
018,18: Argon,1.500E-02,3.235E+02,2.599E+00,3.261E+02,8.258E-05,4.737E-05,0.5736
018,18: Argon,1.750E-02,3.445E+02,2.368E+00,3.469E+02,9.001E-05,5.365E-05,0.5961
018,18: Argon,2.000E-02,3.633E+02,2.180E+00,3.655E+02,9.703E-05,5.971E-05,0.6154
018,18: Argon,2.250E-02,3.802E+02,2.023E+00,3.822E+02,1.037E-04,6.556E-05,0.6322
018,18: Argon,2.500E-02,3.953E+02,1.890E+00,3.972E+02,1.101E-04,7.126E-05,0.6470
018,18: Argon,2.750E-02,4.090E+02,1.775E+00,4.108E+02,1.163E-04,7.680E-05,0.6603
018,18: Argon,3.000E-02,4.214E+02,1.675E+00,4.230E+02,1.223E-04,8.223E-05,0.6723
018,18: Argon,3.500E-02,4.425E+02,1.509E+00,4.440E+02,1.338E-04,9.277E-05,0.6932
018,18: Argon,4.000E-02,4.594E+02,1.376E+00,4.608E+02,1.449E-04,1.030E-04,0.7108
018,18: Argon,4.500E-02,4.728E+02,1.266E+00,4.741E+02,1.556E-04,1.130E-04,0.7261
018,18: Argon,5.000E-02,4.831E+02,1.175E+00,4.843E+02,1.660E-04,1.228E-04,0.7395
018,18: Argon,5.500E-02,4.907E+02,1.097E+00,4.918E+02,1.762E-04,1.324E-04,0.7514
018,18: Argon,6.000E-02,4.960E+02,1.030E+00,4.970E+02,1.864E-04,1.420E-04,0.7622
018,18: Argon,6.500E-02,4.992E+02,9.711E-01,5.002E+02,1.964E-04,1.516E-04,0.7719
018,18: Argon,7.000E-02,5.007E+02,9.194E-01,5.017E+02,2.064E-04,1.611E-04,0.7809
018,18: Argon,7.500E-02,5.008E+02,8.734E-01,5.016E+02,2.163E-04,1.707E-04,0.7891
018,18: Argon,8.000E-02,4.995E+02,8.323E-01,5.003E+02,2.263E-04,1.803E-04,0.7967
018,18: Argon,8.500E-02,4.972E+02,7.952E-01,4.980E+02,2.363E-04,1.899E-04,0.8037
018,18: Argon,9.000E-02,4.940E+02,7.616E-01,4.947E+02,2.464E-04,1.997E-04,0.8104
018,18: Argon,9.500E-02,4.900E+02,7.310E-01,4.907E+02,2.565E-04,2.095E-04,0.8166
018,18: Argon,1.000E-01,4.855E+02,7.029E-01,4.862E+02,2.668E-04,2.194E-04,0.8224
018,18: Argon,1.250E-01,4.574E+02,5.920E-01,4.580E+02,3.197E-04,2.708E-04,0.8472
018,18: Argon,1.500E-01,4.267E+02,5.134E-01,4.272E+02,3.762E-04,3.260E-04,0.8666
018,18: Argon,1.750E-01,3.977E+02,4.546E-01,3.982E+02,4.368E-04,3.854E-04,0.8822
018,18: Argon,2.000E-01,3.719E+02,4.088E-01,3.724E+02,5.018E-04,4.491E-04,0.8949
018,18: Argon,2.250E-01,3.495E+02,3.719E-01,3.499E+02,5.711E-04,5.172E-04,0.9056
018,18: Argon,2.500E-01,3.301E+02,3.417E-01,3.304E+02,6.447E-04,5.895E-04,0.9144
018,18: Argon,2.750E-01,3.132E+02,3.163E-01,3.135E+02,7.224E-04,6.660E-04,0.9220
018,18: Argon,3.000E-01,2.985E+02,2.947E-01,2.988E+02,8.041E-04,7.465E-04,0.9284
018,18: Argon,3.500E-01,2.742E+02,2.598E-01,2.745E+02,9.789E-04,9.189E-04,0.9387
018,18: Argon,4.000E-01,2.549E+02,2.328E-01,2.551E+02,1.168E-03,1.106E-03,0.9465
018,18: Argon,4.500E-01,2.390E+02,2.112E-01,2.392E+02,1.371E-03,1.306E-03,0.9525
018,18: Argon,5.000E-01,2.256E+02,1.935E-01,2.258E+02,1.586E-03,1.518E-03,0.9574
018,18: Argon,5.500E-01,2.144E+02,1.787E-01,2.146E+02,1.813E-03,1.743E-03,0.9613
018,18: Argon,6.000E-01,2.047E+02,1.662E-01,2.048E+02,2.052E-03,1.979E-03,0.9645
018,18: Argon,6.500E-01,1.961E+02,1.554E-01,1.962E+02,2.301E-03,2.226E-03,0.9672
018,18: Argon,7.000E-01,1.884E+02,1.460E-01,1.885E+02,2.561E-03,2.483E-03,0.9694
018,18: Argon,7.500E-01,1.813E+02,1.378E-01,1.815E+02,2.832E-03,2.751E-03,0.9714
018,18: Argon,8.000E-01,1.749E+02,1.304E-01,1.750E+02,3.112E-03,3.029E-03,0.9731
018,18: Argon,8.500E-01,1.689E+02,1.239E-01,1.691E+02,3.403E-03,3.316E-03,0.9745
018,18: Argon,9.000E-01,1.634E+02,1.181E-01,1.635E+02,3.704E-03,3.614E-03,0.9758
018,18: Argon,9.500E-01,1.582E+02,1.128E-01,1.583E+02,4.015E-03,3.922E-03,0.9770
018,18: Argon,1.000E+00,1.533E+02,1.080E-01,1.534E+02,4.336E-03,4.240E-03,0.9780
018,18: Argon,1.250E+00,1.330E+02,8.925E-02,1.331E+02,6.090E-03,5.979E-03,0.9818
018,18: Argon,1.500E+00,1.182E+02,7.633E-02,1.183E+02,8.087E-03,7.960E-03,0.9843
018,18: Argon,1.750E+00,1.068E+02,6.682E-02,1.069E+02,1.031E-02,1.017E-02,0.9860
018,18: Argon,2.000E+00,9.772E+01,5.950E-02,9.778E+01,1.276E-02,1.260E-02,0.9872
018,18: Argon,2.250E+00,9.027E+01,5.370E-02,9.032E+01,1.543E-02,1.524E-02,0.9881
018,18: Argon,2.500E+00,8.401E+01,4.898E-02,8.406E+01,1.830E-02,1.809E-02,0.9889
018,18: Argon,2.750E+00,7.867E+01,4.505E-02,7.872E+01,2.137E-02,2.115E-02,0.9895
018,18: Argon,3.000E+00,7.405E+01,4.174E-02,7.409E+01,2.465E-02,2.440E-02,0.9900
018,18: Argon,3.500E+00,6.643E+01,3.645E-02,6.647E+01,3.179E-02,3.149E-02,0.9907
018,18: Argon,4.000E+00,6.039E+01,3.239E-02,6.043E+01,3.969E-02,3.934E-02,0.9913
018,18: Argon,4.500E+00,5.547E+01,2.919E-02,5.550E+01,4.833E-02,4.793E-02,0.9917
018,18: Argon,5.000E+00,5.138E+01,2.658E-02,5.141E+01,5.770E-02,5.724E-02,0.9921
018,18: Argon,5.500E+00,4.791E+01,2.442E-02,4.793E+01,6.778E-02,6.726E-02,0.9924
018,18: Argon,6.000E+00,4.493E+01,2.259E-02,4.495E+01,7.856E-02,7.798E-02,0.9926
018,18: Argon,6.500E+00,4.233E+01,2.104E-02,4.236E+01,9.002E-02,8.937E-02,0.9928
018,18: Argon,7.000E+00,4.006E+01,1.969E-02,4.008E+01,1.022E-01,1.014E-01,0.9930
018,18: Argon,7.500E+00,3.804E+01,1.850E-02,3.806E+01,1.150E-01,1.142E-01,0.9931
018,18: Argon,8.000E+00,3.624E+01,1.746E-02,3.626E+01,1.284E-01,1.276E-01,0.9933
018,18: Argon,8.500E+00,3.462E+01,1.654E-02,3.463E+01,1.425E-01,1.416E-01,0.9934
018,18: Argon,9.000E+00,3.315E+01,1.571E-02,3.317E+01,1.573E-01,1.563E-01,0.9935
018,18: Argon,9.500E+00,3.182E+01,1.496E-02,3.183E+01,1.727E-01,1.716E-01,0.9936
018,18: Argon,1.000E+01,3.060E+01,1.428E-02,3.061E+01,1.887E-01,1.875E-01,0.9937
018,18: Argon,1.250E+01,2.579E+01,1.167E-02,2.581E+01,2.780E-01,2.764E-01,0.9940
018,18: Argon,1.500E+01,2.241E+01,9.887E-03,2.242E+01,3.823E-01,3.801E-01,0.9943
018,18: Argon,1.750E+01,1.989E+01,8.590E-03,1.989E+01,5.009E-01,4.981E-01,0.9945
018,18: Argon,2.000E+01,1.792E+01,7.601E-03,1.793E+01,6.335E-01,6.301E-01,0.9946
018,18: Argon,2.500E+01,1.506E+01,6.192E-03,1.507E+01,9.390E-01,9.342E-01,0.9949
018,18: Argon,2.750E+01,1.398E+01,5.671E-03,1.399E+01,1.111E+00,1.106E+00,0.9949
018,18: Argon,3.000E+01,1.306E+01,5.233E-03,1.307E+01,1.296E+00,1.290E+00,0.9950
018,18: Argon,3.500E+01,1.158E+01,4.537E-03,1.159E+01,1.704E+00,1.695E+00,0.9952
018,18: Argon,4.000E+01,1.044E+01,4.008E-03,1.044E+01,2.159E+00,2.149E+00,0.9953
018,18: Argon,4.500E+01,9.525E+00,3.592E-03,9.529E+00,2.661E+00,2.649E+00,0.9954
018,18: Argon,5.000E+01,8.780E+00,3.256E-03,8.783E+00,3.208E+00,3.193E+00,0.9954
018,18: Argon,5.500E+01,8.159E+00,2.979E-03,8.162E+00,3.799E+00,3.782E+00,0.9955
018,18: Argon,6.000E+01,7.633E+00,2.746E-03,7.636E+00,4.433E+00,4.413E+00,0.9956
018,18: Argon,6.500E+01,7.182E+00,2.548E-03,7.184E+00,5.108E+00,5.086E+00,0.9956
018,18: Argon,7.000E+01,6.790E+00,2.377E-03,6.792E+00,5.824E+00,5.799E+00,0.9957
018,18: Argon,7.500E+01,6.446E+00,2.228E-03,6.449E+00,6.580E+00,6.552E+00,0.9957
018,18: Argon,8.000E+01,6.142E+00,2.097E-03,6.145E+00,7.375E+00,7.344E+00,0.9958
018,18: Argon,8.500E+01,5.872E+00,1.981E-03,5.874E+00,8.207E+00,8.173E+00,0.9958
018,18: Argon,9.000E+01,5.629E+00,1.878E-03,5.631E+00,9.077E+00,9.040E+00,0.9959
018,18: Argon,9.500E+01,5.410E+00,1.785E-03,5.412E+00,9.983E+00,9.942E+00,0.9959
018,18: Argon,1.000E+02,5.212E+00,1.701E-03,5.213E+00,1.092E+01,1.088E+01,0.9959
018,18: Argon,1.250E+02,4.443E+00,1.378E-03,4.445E+00,1.614E+01,1.608E+01,0.9961
018,18: Argon,1.500E+02,3.918E+00,1.161E-03,3.919E+00,2.215E+01,2.207E+01,0.9962
018,18: Argon,1.750E+02,3.536E+00,1.003E-03,3.537E+00,2.888E+01,2.877E+01,0.9963
018,18: Argon,2.000E+02,3.246E+00,8.844E-04,3.246E+00,3.627E+01,3.614E+01,0.9964
018,18: Argon,2.250E+02,3.017E+00,7.912E-04,3.018E+00,4.426E+01,4.411E+01,0.9965
018,18: Argon,2.500E+02,2.834E+00,7.162E-04,2.834E+00,5.282E+01,5.264E+01,0.9966
018,18: Argon,2.750E+02,2.683E+00,6.545E-04,2.683E+00,6.189E+01,6.168E+01,0.9966
018,18: Argon,3.000E+02,2.556E+00,6.027E-04,2.557E+00,7.144E+01,7.120E+01,0.9967
018,18: Argon,3.500E+02,2.358E+00,5.210E-04,2.358E+00,9.184E+01,9.154E+01,0.9968
018,18: Argon,4.000E+02,2.210E+00,4.591E-04,2.210E+00,1.138E+02,1.134E+02,0.9969
018,18: Argon,4.500E+02,2.095E+00,4.107E-04,2.095E+00,1.370E+02,1.366E+02,0.9970
018,18: Argon,5.000E+02,2.004E+00,3.718E-04,2.004E+00,1.614E+02,1.610E+02,0.9971
018,18: Argon,5.500E+02,1.931E+00,3.397E-04,1.931E+00,1.869E+02,1.863E+02,0.9972
018,18: Argon,6.000E+02,1.871E+00,3.129E-04,1.871E+00,2.132E+02,2.126E+02,0.9972
018,18: Argon,6.500E+02,1.821E+00,2.901E-04,1.821E+00,2.403E+02,2.396E+02,0.9973
018,18: Argon,7.000E+02,1.779E+00,2.705E-04,1.779E+00,2.681E+02,2.674E+02,0.9974
018,18: Argon,7.500E+02,1.744E+00,2.534E-04,1.744E+00,2.965E+02,2.957E+02,0.9974
018,18: Argon,8.000E+02,1.713E+00,2.384E-04,1.714E+00,3.254E+02,3.246E+02,0.9975
018,18: Argon,8.500E+02,1.688E+00,2.252E-04,1.688E+00,3.548E+02,3.539E+02,0.9975
018,18: Argon,9.000E+02,1.665E+00,2.133E-04,1.665E+00,3.846E+02,3.837E+02,0.9976
018,18: Argon,9.500E+02,1.646E+00,2.027E-04,1.646E+00,4.148E+02,4.138E+02,0.9976
018,18: Argon,1.000E+03,1.629E+00,1.932E-04,1.629E+00,4.454E+02,4.443E+02,0.9977
018,18: Argon,1.500E+03,1.542E+00,1.318E-04,1.542E+00,7.626E+02,7.611E+02,0.9980
018,18: Argon,2.000E+03,1.521E+00,1.006E-04,1.521E+00,1.090E+03,1.088E+03,0.9983
018,18: Argon,2.500E+03,1.523E+00,8.159E-05,1.523E+00,1.418E+03,1.416E+03,0.9984
018,18: Argon,3.000E+03,1.535E+00,6.877E-05,1.535E+00,1.745E+03,1.743E+03,0.9986
018,18: Argon,4.000E+03,1.567E+00,5.253E-05,1.567E+00,2.391E+03,2.388E+03,0.9988
018,18: Argon,5.000E+03,1.601E+00,4.264E-05,1.601E+00,3.022E+03,3.018E+03,0.9989
018,18: Argon,6.000E+03,1.634E+00,3.596E-05,1.634E+00,3.640E+03,3.636E+03,0.9990
018,18: Argon,7.000E+03,1.665E+00,3.113E-05,1.665E+00,4.246E+03,4.242E+03,0.9991
018,18: Argon,8.000E+03,1.693E+00,2.748E-05,1.693E+00,4.842E+03,4.838E+03,0.9992
018,18: Argon,9.000E+03,1.719E+00,2.462E-05,1.719E+00,5.428E+03,5.424E+03,0.9992
018,18: Argon,1.000E+04,1.743E+00,2.231E-05,1.743E+00,6.005E+03,6.001E+03,0.9993
022,22: Titanium,1.000E-03,6.088E+01,6.201E+00,6.708E+01,2.420E-05,4.702E-06,0.1942
022,22: Titanium,1.500E-03,7.456E+01,5.821E+00,8.038E+01,3.094E-05,6.906E-06,0.2232
022,22: Titanium,2.000E-03,8.610E+01,5.475E+00,9.157E+01,3.676E-05,9.107E-06,0.2478
022,22: Titanium,2.500E-03,9.626E+01,5.170E+00,1.014E+02,4.194E-05,1.128E-05,0.2691
022,22: Titanium,3.000E-03,1.054E+02,4.902E+00,1.103E+02,4.666E-05,1.344E-05,0.2880
022,22: Titanium,4.000E-03,1.218E+02,4.455E+00,1.262E+02,5.511E-05,1.767E-05,0.3206
022,22: Titanium,5.000E-03,1.361E+02,4.096E+00,1.402E+02,6.262E-05,2.180E-05,0.3481
022,22: Titanium,6.000E-03,1.491E+02,3.802E+00,1.529E+02,6.944E-05,2.582E-05,0.3719
022,22: Titanium,7.000E-03,1.611E+02,3.554E+00,1.646E+02,7.574E-05,2.975E-05,0.3927
022,22: Titanium,8.000E-03,1.722E+02,3.343E+00,1.755E+02,8.162E-05,3.357E-05,0.4113
022,22: Titanium,9.000E-03,1.826E+02,3.160E+00,1.858E+02,8.715E-05,3.731E-05,0.4281
022,22: Titanium,1.000E-02,1.925E+02,2.999E+00,1.955E+02,9.240E-05,4.096E-05,0.4433
022,22: Titanium,1.250E-02,2.123E+02,2.671E+00,2.150E+02,1.046E-04,4.979E-05,0.4762
022,22: Titanium,1.500E-02,2.296E+02,2.418E+00,2.320E+02,1.158E-04,5.830E-05,0.5037
022,22: Titanium,1.750E-02,2.451E+02,2.214E+00,2.473E+02,1.262E-04,6.651E-05,0.5271
022,22: Titanium,2.000E-02,2.591E+02,2.047E+00,2.611E+02,1.360E-04,7.446E-05,0.5474
022,22: Titanium,2.250E-02,2.718E+02,1.906E+00,2.737E+02,1.454E-04,8.217E-05,0.5653
022,22: Titanium,2.500E-02,2.835E+02,1.786E+00,2.853E+02,1.543E-04,8.969E-05,0.5812
022,22: Titanium,2.750E-02,2.942E+02,1.683E+00,2.959E+02,1.629E-04,9.702E-05,0.5956
022,22: Titanium,3.000E-02,3.041E+02,1.592E+00,3.057E+02,1.712E-04,1.042E-04,0.6085
022,22: Titanium,3.500E-02,3.216E+02,1.439E+00,3.230E+02,1.871E-04,1.181E-04,0.6313
022,22: Titanium,4.000E-02,3.365E+02,1.317E+00,3.378E+02,2.022E-04,1.316E-04,0.6506
022,22: Titanium,4.500E-02,3.491E+02,1.216E+00,3.503E+02,2.168E-04,1.447E-04,0.6675
022,22: Titanium,5.000E-02,3.598E+02,1.130E+00,3.609E+02,2.308E-04,1.575E-04,0.6823
022,22: Titanium,5.500E-02,3.687E+02,1.058E+00,3.698E+02,2.445E-04,1.700E-04,0.6955
022,22: Titanium,6.000E-02,3.760E+02,9.947E-01,3.770E+02,2.579E-04,1.824E-04,0.7074
022,22: Titanium,6.500E-02,3.820E+02,9.396E-01,3.829E+02,2.710E-04,1.947E-04,0.7182
022,22: Titanium,7.000E-02,3.867E+02,8.908E-01,3.875E+02,2.840E-04,2.068E-04,0.7281
022,22: Titanium,7.500E-02,3.902E+02,8.474E-01,3.910E+02,2.969E-04,2.189E-04,0.7373
022,22: Titanium,8.000E-02,3.927E+02,8.084E-01,3.935E+02,3.096E-04,2.309E-04,0.7457
022,22: Titanium,8.500E-02,3.944E+02,7.732E-01,3.951E+02,3.223E-04,2.429E-04,0.7536
022,22: Titanium,9.000E-02,3.952E+02,7.413E-01,3.959E+02,3.349E-04,2.548E-04,0.7609
022,22: Titanium,9.500E-02,3.953E+02,7.121E-01,3.960E+02,3.475E-04,2.669E-04,0.7678
022,22: Titanium,1.000E-01,3.948E+02,6.854E-01,3.955E+02,3.602E-04,2.789E-04,0.7743
022,22: Titanium,1.250E-01,3.854E+02,5.792E-01,3.860E+02,4.240E-04,3.401E-04,0.8021
022,22: Titanium,1.500E-01,3.693E+02,5.036E-01,3.698E+02,4.901E-04,4.039E-04,0.8241
022,22: Titanium,1.750E-01,3.510E+02,4.469E-01,3.514E+02,5.595E-04,4.711E-04,0.8421
022,22: Titanium,2.000E-01,3.326E+02,4.025E-01,3.330E+02,6.325E-04,5.422E-04,0.8572
022,22: Titanium,2.250E-01,3.154E+02,3.667E-01,3.158E+02,7.096E-04,6.174E-04,0.8700
022,22: Titanium,2.500E-01,2.996E+02,3.373E-01,3.000E+02,7.909E-04,6.968E-04,0.8810
022,22: Titanium,2.750E-01,2.855E+02,3.126E-01,2.858E+02,8.763E-04,7.803E-04,0.8905
022,22: Titanium,3.000E-01,2.728E+02,2.915E-01,2.731E+02,9.658E-04,8.680E-04,0.8987
022,22: Titanium,3.500E-01,2.513E+02,2.573E-01,2.516E+02,1.157E-03,1.055E-03,0.9122
022,22: Titanium,4.000E-01,2.339E+02,2.309E-01,2.342E+02,1.363E-03,1.258E-03,0.9228
022,22: Titanium,4.500E-01,2.196E+02,2.096E-01,2.198E+02,1.584E-03,1.475E-03,0.9312
022,22: Titanium,5.000E-01,2.076E+02,1.923E-01,2.078E+02,1.818E-03,1.705E-03,0.9380
022,22: Titanium,5.500E-01,1.974E+02,1.777E-01,1.976E+02,2.065E-03,1.948E-03,0.9436
022,22: Titanium,6.000E-01,1.887E+02,1.654E-01,1.888E+02,2.324E-03,2.203E-03,0.9482
022,22: Titanium,6.500E-01,1.810E+02,1.547E-01,1.811E+02,2.594E-03,2.470E-03,0.9522
022,22: Titanium,7.000E-01,1.741E+02,1.455E-01,1.743E+02,2.876E-03,2.748E-03,0.9555
022,22: Titanium,7.500E-01,1.679E+02,1.373E-01,1.680E+02,3.168E-03,3.036E-03,0.9584
022,22: Titanium,8.000E-01,1.622E+02,1.301E-01,1.624E+02,3.471E-03,3.335E-03,0.9608
022,22: Titanium,8.500E-01,1.570E+02,1.237E-01,1.572E+02,3.784E-03,3.644E-03,0.9630
022,22: Titanium,9.000E-01,1.522E+02,1.179E-01,1.523E+02,4.107E-03,3.963E-03,0.9650
022,22: Titanium,9.500E-01,1.477E+02,1.126E-01,1.478E+02,4.440E-03,4.292E-03,0.9667
022,22: Titanium,1.000E+00,1.435E+02,1.078E-01,1.437E+02,4.783E-03,4.631E-03,0.9682
022,22: Titanium,1.250E+00,1.260E+02,8.928E-02,1.261E+02,6.645E-03,6.472E-03,0.9739
022,22: Titanium,1.500E+00,1.125E+02,7.644E-02,1.125E+02,8.747E-03,8.551E-03,0.9776
022,22: Titanium,1.750E+00,1.017E+02,6.699E-02,1.018E+02,1.109E-02,1.087E-02,0.9802
022,22: Titanium,2.000E+00,9.307E+01,5.973E-02,9.313E+01,1.366E-02,1.341E-02,0.9821
022,22: Titanium,2.250E+00,8.604E+01,5.395E-02,8.610E+01,1.645E-02,1.618E-02,0.9835
022,22: Titanium,2.500E+00,8.014E+01,4.924E-02,8.018E+01,1.946E-02,1.917E-02,0.9847
022,22: Titanium,2.750E+00,7.510E+01,4.532E-02,7.515E+01,2.269E-02,2.236E-02,0.9856
022,22: Titanium,3.000E+00,7.076E+01,4.201E-02,7.080E+01,2.612E-02,2.576E-02,0.9863
022,22: Titanium,3.500E+00,6.359E+01,3.672E-02,6.363E+01,3.358E-02,3.316E-02,0.9875
022,22: Titanium,4.000E+00,5.791E+01,3.266E-02,5.794E+01,4.182E-02,4.134E-02,0.9884
022,22: Titanium,4.500E+00,5.327E+01,2.945E-02,5.330E+01,5.083E-02,5.027E-02,0.9890
022,22: Titanium,5.000E+00,4.941E+01,2.683E-02,4.943E+01,6.058E-02,5.994E-02,0.9895
022,22: Titanium,5.500E+00,4.613E+01,2.467E-02,4.615E+01,7.105E-02,7.034E-02,0.9900
022,22: Titanium,6.000E+00,4.331E+01,2.284E-02,4.333E+01,8.224E-02,8.144E-02,0.9903
022,22: Titanium,6.500E+00,4.085E+01,2.127E-02,4.087E+01,9.413E-02,9.325E-02,0.9906
022,22: Titanium,7.000E+00,3.868E+01,1.992E-02,3.870E+01,1.067E-01,1.057E-01,0.9909
022,22: Titanium,7.500E+00,3.677E+01,1.873E-02,3.679E+01,1.200E-01,1.189E-01,0.9911
022,22: Titanium,8.000E+00,3.505E+01,1.768E-02,3.507E+01,1.339E-01,1.327E-01,0.9913
022,22: Titanium,8.500E+00,3.351E+01,1.675E-02,3.352E+01,1.485E-01,1.472E-01,0.9915
022,22: Titanium,9.000E+00,3.211E+01,1.592E-02,3.213E+01,1.637E-01,1.623E-01,0.9916
022,22: Titanium,9.500E+00,3.084E+01,1.516E-02,3.085E+01,1.796E-01,1.781E-01,0.9918
022,22: Titanium,1.000E+01,2.967E+01,1.448E-02,2.969E+01,1.961E-01,1.945E-01,0.9919
022,22: Titanium,1.250E+01,2.507E+01,1.185E-02,2.508E+01,2.881E-01,2.859E-01,0.9924
022,22: Titanium,1.500E+01,2.182E+01,1.005E-02,2.183E+01,3.953E-01,3.924E-01,0.9927
022,22: Titanium,1.750E+01,1.939E+01,8.742E-03,1.940E+01,5.170E-01,5.134E-01,0.9930
022,22: Titanium,2.000E+01,1.750E+01,7.743E-03,1.750E+01,6.529E-01,6.485E-01,0.9932
022,22: Titanium,2.500E+01,1.473E+01,6.316E-03,1.473E+01,9.656E-01,9.593E-01,0.9935
022,22: Titanium,2.750E+01,1.368E+01,5.789E-03,1.369E+01,1.142E+00,1.135E+00,0.9936
022,22: Titanium,3.000E+01,1.279E+01,5.345E-03,1.280E+01,1.331E+00,1.322E+00,0.9937
022,22: Titanium,3.500E+01,1.135E+01,4.638E-03,1.136E+01,1.746E+00,1.736E+00,0.9939
022,22: Titanium,4.000E+01,1.024E+01,4.101E-03,1.025E+01,2.211E+00,2.198E+00,0.9940
022,22: Titanium,4.500E+01,9.355E+00,3.678E-03,9.359E+00,2.722E+00,2.706E+00,0.9942
022,22: Titanium,5.000E+01,8.629E+00,3.336E-03,8.632E+00,3.279E+00,3.260E+00,0.9943
022,22: Titanium,5.500E+01,8.023E+00,3.053E-03,8.026E+00,3.880E+00,3.858E+00,0.9944
022,22: Titanium,6.000E+01,7.510E+00,2.816E-03,7.513E+00,4.524E+00,4.499E+00,0.9944
022,22: Titanium,6.500E+01,7.069E+00,2.614E-03,7.072E+00,5.211E+00,5.182E+00,0.9945
022,22: Titanium,7.000E+01,6.686E+00,2.440E-03,6.688E+00,5.938E+00,5.906E+00,0.9946
022,22: Titanium,7.500E+01,6.350E+00,2.288E-03,6.352E+00,6.706E+00,6.670E+00,0.9946
022,22: Titanium,8.000E+01,6.052E+00,2.154E-03,6.054E+00,7.512E+00,7.472E+00,0.9947
022,22: Titanium,8.500E+01,5.787E+00,2.035E-03,5.789E+00,8.357E+00,8.313E+00,0.9948
022,22: Titanium,9.000E+01,5.549E+00,1.929E-03,5.551E+00,9.239E+00,9.191E+00,0.9948
022,22: Titanium,9.500E+01,5.334E+00,1.834E-03,5.336E+00,1.016E+01,1.011E+01,0.9949
022,22: Titanium,1.000E+02,5.140E+00,1.748E-03,5.141E+00,1.111E+01,1.106E+01,0.9949
022,22: Titanium,1.250E+02,4.385E+00,1.418E-03,4.387E+00,1.640E+01,1.632E+01,0.9951
022,22: Titanium,1.500E+02,3.869E+00,1.195E-03,3.870E+00,2.249E+01,2.238E+01,0.9953
022,22: Titanium,1.750E+02,3.493E+00,1.033E-03,3.494E+00,2.930E+01,2.916E+01,0.9954
022,22: Titanium,2.000E+02,3.206E+00,9.111E-04,3.207E+00,3.678E+01,3.661E+01,0.9955
022,22: Titanium,2.250E+02,2.981E+00,8.153E-04,2.982E+00,4.487E+01,4.468E+01,0.9956
022,22: Titanium,2.500E+02,2.800E+00,7.382E-04,2.801E+00,5.353E+01,5.330E+01,0.9957
022,22: Titanium,2.750E+02,2.651E+00,6.747E-04,2.651E+00,6.271E+01,6.245E+01,0.9958
022,22: Titanium,3.000E+02,2.526E+00,6.215E-04,2.526E+00,7.238E+01,7.208E+01,0.9959
022,22: Titanium,3.500E+02,2.329E+00,5.373E-04,2.330E+00,9.303E+01,9.266E+01,0.9960
022,22: Titanium,4.000E+02,2.182E+00,4.736E-04,2.182E+00,1.152E+02,1.148E+02,0.9961
022,22: Titanium,4.500E+02,2.068E+00,4.238E-04,2.068E+00,1.388E+02,1.383E+02,0.9963
022,22: Titanium,5.000E+02,1.978E+00,3.836E-04,1.978E+00,1.635E+02,1.629E+02,0.9964
022,22: Titanium,5.500E+02,1.905E+00,3.506E-04,1.905E+00,1.893E+02,1.886E+02,0.9965
022,22: Titanium,6.000E+02,1.845E+00,3.229E-04,1.845E+00,2.160E+02,2.152E+02,0.9966
022,22: Titanium,6.500E+02,1.795E+00,2.994E-04,1.795E+00,2.435E+02,2.427E+02,0.9966
022,22: Titanium,7.000E+02,1.753E+00,2.792E-04,1.753E+00,2.717E+02,2.708E+02,0.9967
022,22: Titanium,7.500E+02,1.717E+00,2.616E-04,1.717E+00,3.005E+02,2.995E+02,0.9968
022,22: Titanium,8.000E+02,1.686E+00,2.462E-04,1.687E+00,3.299E+02,3.288E+02,0.9969
022,22: Titanium,8.500E+02,1.660E+00,2.325E-04,1.660E+00,3.598E+02,3.587E+02,0.9969
022,22: Titanium,9.000E+02,1.637E+00,2.203E-04,1.638E+00,3.901E+02,3.889E+02,0.9970
022,22: Titanium,9.500E+02,1.618E+00,2.093E-04,1.618E+00,4.208E+02,4.196E+02,0.9970
022,22: Titanium,1.000E+03,1.600E+00,1.995E-04,1.600E+00,4.519E+02,4.506E+02,0.9971
022,22: Titanium,1.500E+03,1.508E+00,1.362E-04,1.508E+00,7.756E+02,7.737E+02,0.9975
022,22: Titanium,2.000E+03,1.481E+00,1.039E-04,1.481E+00,1.111E+03,1.108E+03,0.9978
022,22: Titanium,2.500E+03,1.477E+00,8.430E-05,1.477E+00,1.449E+03,1.446E+03,0.9980
022,22: Titanium,3.000E+03,1.482E+00,7.106E-05,1.482E+00,1.787E+03,1.784E+03,0.9982
022,22: Titanium,4.000E+03,1.502E+00,5.429E-05,1.502E+00,2.458E+03,2.454E+03,0.9984
022,22: Titanium,5.000E+03,1.525E+00,4.407E-05,1.525E+00,3.119E+03,3.114E+03,0.9986
022,22: Titanium,6.000E+03,1.549E+00,3.717E-05,1.549E+00,3.769E+03,3.765E+03,0.9988
022,22: Titanium,7.000E+03,1.570E+00,3.218E-05,1.570E+00,4.411E+03,4.405E+03,0.9989
022,22: Titanium,8.000E+03,1.590E+00,2.841E-05,1.590E+00,5.043E+03,5.038E+03,0.9989
022,22: Titanium,9.000E+03,1.609E+00,2.545E-05,1.609E+00,5.668E+03,5.663E+03,0.9990
022,22: Titanium,1.000E+04,1.626E+00,2.307E-05,1.626E+00,6.287E+03,6.281E+03,0.9991
026,26: Iron,1.000E-03,3.781E+01,5.233E+00,4.304E+01,3.706E-05,5.311E-06,0.1433
026,26: Iron,1.500E-03,4.631E+01,4.980E+00,5.129E+01,4.758E-05,7.882E-06,0.1656
026,26: Iron,2.000E-03,5.347E+01,4.734E+00,5.820E+01,5.672E-05,1.049E-05,0.1850
026,26: Iron,2.500E-03,5.978E+01,4.508E+00,6.429E+01,6.489E-05,1.312E-05,0.2021
026,26: Iron,3.000E-03,6.549E+01,4.304E+00,6.979E+01,7.234E-05,1.575E-05,0.2177
026,26: Iron,4.000E-03,7.562E+01,3.954E+00,7.957E+01,8.573E-05,2.102E-05,0.2451
026,26: Iron,5.000E-03,8.454E+01,3.666E+00,8.821E+01,9.765E-05,2.627E-05,0.2690
026,26: Iron,6.000E-03,9.261E+01,3.425E+00,9.604E+01,1.085E-04,3.147E-05,0.2901
026,26: Iron,7.000E-03,1.000E+02,3.220E+00,1.033E+02,1.185E-04,3.663E-05,0.3090
026,26: Iron,8.000E-03,1.069E+02,3.043E+00,1.100E+02,1.279E-04,4.172E-05,0.3262
026,26: Iron,9.000E-03,1.134E+02,2.888E+00,1.163E+02,1.368E-04,4.675E-05,0.3418
026,26: Iron,1.000E-02,1.196E+02,2.750E+00,1.223E+02,1.451E-04,5.171E-05,0.3563
026,26: Iron,1.250E-02,1.320E+02,2.467E+00,1.345E+02,1.646E-04,6.389E-05,0.3882
026,26: Iron,1.500E-02,1.430E+02,2.246E+00,1.453E+02,1.825E-04,7.579E-05,0.4154
026,26: Iron,1.750E-02,1.530E+02,2.066E+00,1.550E+02,1.991E-04,8.741E-05,0.4390
026,26: Iron,2.000E-02,1.620E+02,1.917E+00,1.640E+02,2.148E-04,9.876E-05,0.4598
026,26: Iron,2.250E-02,1.704E+02,1.791E+00,1.722E+02,2.297E-04,1.099E-04,0.4784
026,26: Iron,2.500E-02,1.782E+02,1.683E+00,1.799E+02,2.439E-04,1.207E-04,0.4950
026,26: Iron,2.750E-02,1.854E+02,1.589E+00,1.870E+02,2.575E-04,1.314E-04,0.5102
026,26: Iron,3.000E-02,1.922E+02,1.507E+00,1.937E+02,2.706E-04,1.418E-04,0.5240
026,26: Iron,3.500E-02,2.046E+02,1.368E+00,2.060E+02,2.956E-04,1.621E-04,0.5484
026,26: Iron,4.000E-02,2.156E+02,1.255E+00,2.169E+02,3.193E-04,1.818E-04,0.5694
026,26: Iron,4.500E-02,2.254E+02,1.162E+00,2.266E+02,3.418E-04,2.009E-04,0.5878
026,26: Iron,5.000E-02,2.342E+02,1.083E+00,2.353E+02,3.635E-04,2.196E-04,0.6041
026,26: Iron,5.500E-02,2.421E+02,1.015E+00,2.431E+02,3.844E-04,2.378E-04,0.6188
026,26: Iron,6.000E-02,2.492E+02,9.561E-01,2.502E+02,4.046E-04,2.557E-04,0.6319
026,26: Iron,6.500E-02,2.555E+02,9.044E-01,2.565E+02,4.244E-04,2.733E-04,0.6440
026,26: Iron,7.000E-02,2.612E+02,8.586E-01,2.621E+02,4.436E-04,2.906E-04,0.6550
026,26: Iron,7.500E-02,2.662E+02,8.177E-01,2.671E+02,4.625E-04,3.077E-04,0.6651
026,26: Iron,8.000E-02,2.707E+02,7.810E-01,2.715E+02,4.811E-04,3.245E-04,0.6746
026,26: Iron,8.500E-02,2.746E+02,7.478E-01,2.754E+02,4.994E-04,3.412E-04,0.6833
026,26: Iron,9.000E-02,2.781E+02,7.175E-01,2.788E+02,5.174E-04,3.578E-04,0.6915
026,26: Iron,9.500E-02,2.810E+02,6.899E-01,2.817E+02,5.353E-04,3.743E-04,0.6992
026,26: Iron,1.000E-01,2.836E+02,6.645E-01,2.842E+02,5.529E-04,3.906E-04,0.7065
026,26: Iron,1.250E-01,2.909E+02,5.634E-01,2.915E+02,6.396E-04,4.716E-04,0.7374
026,26: Iron,1.500E-01,2.915E+02,4.911E-01,2.920E+02,7.251E-04,5.525E-04,0.7620
026,26: Iron,1.750E-01,2.876E+02,4.365E-01,2.880E+02,8.113E-04,6.346E-04,0.7822
026,26: Iron,2.000E-01,2.810E+02,3.938E-01,2.813E+02,8.990E-04,7.187E-04,0.7994
026,26: Iron,2.250E-01,2.728E+02,3.593E-01,2.732E+02,9.892E-04,8.055E-04,0.8143
026,26: Iron,2.500E-01,2.639E+02,3.308E-01,2.643E+02,1.082E-03,8.953E-04,0.8273
026,26: Iron,2.750E-01,2.549E+02,3.068E-01,2.552E+02,1.178E-03,9.885E-04,0.8388
026,26: Iron,3.000E-01,2.460E+02,2.864E-01,2.463E+02,1.278E-03,1.085E-03,0.8491
026,26: Iron,3.500E-01,2.295E+02,2.532E-01,2.297E+02,1.488E-03,1.290E-03,0.8665
026,26: Iron,4.000E-01,2.148E+02,2.274E-01,2.150E+02,1.714E-03,1.509E-03,0.8808
026,26: Iron,4.500E-01,2.021E+02,2.067E-01,2.023E+02,1.953E-03,1.744E-03,0.8926
026,26: Iron,5.000E-01,1.911E+02,1.897E-01,1.913E+02,2.208E-03,1.992E-03,0.9025
026,26: Iron,5.500E-01,1.816E+02,1.755E-01,1.818E+02,2.476E-03,2.255E-03,0.9108
026,26: Iron,6.000E-01,1.734E+02,1.634E-01,1.736E+02,2.758E-03,2.531E-03,0.9179
026,26: Iron,6.500E-01,1.662E+02,1.530E-01,1.663E+02,3.052E-03,2.820E-03,0.9240
026,26: Iron,7.000E-01,1.597E+02,1.439E-01,1.598E+02,3.359E-03,3.121E-03,0.9293
026,26: Iron,7.500E-01,1.538E+02,1.359E-01,1.540E+02,3.678E-03,3.435E-03,0.9339
026,26: Iron,8.000E-01,1.485E+02,1.288E-01,1.486E+02,4.008E-03,3.760E-03,0.9380
026,26: Iron,8.500E-01,1.436E+02,1.225E-01,1.438E+02,4.350E-03,4.096E-03,0.9415
026,26: Iron,9.000E-01,1.391E+02,1.168E-01,1.393E+02,4.704E-03,4.444E-03,0.9447
026,26: Iron,9.500E-01,1.350E+02,1.116E-01,1.351E+02,5.068E-03,4.803E-03,0.9476
026,26: Iron,1.000E+00,1.311E+02,1.069E-01,1.313E+02,5.444E-03,5.172E-03,0.9501
026,26: Iron,1.250E+00,1.153E+02,8.862E-02,1.154E+02,7.481E-03,7.179E-03,0.9597
026,26: Iron,1.500E+00,1.035E+02,7.595E-02,1.036E+02,9.771E-03,9.438E-03,0.9659
026,26: Iron,1.750E+00,9.402E+01,6.661E-02,9.408E+01,1.231E-02,1.194E-02,0.9703
026,26: Iron,2.000E+00,8.652E+01,5.944E-02,8.658E+01,1.508E-02,1.468E-02,0.9735
026,26: Iron,2.250E+00,8.026E+01,5.373E-02,8.031E+01,1.808E-02,1.765E-02,0.9759
026,26: Iron,2.500E+00,7.496E+01,4.908E-02,7.501E+01,2.130E-02,2.083E-02,0.9778
026,26: Iron,2.750E+00,7.044E+01,4.520E-02,7.049E+01,2.474E-02,2.423E-02,0.9793
026,26: Iron,3.000E+00,6.649E+01,4.192E-02,6.653E+01,2.840E-02,2.785E-02,0.9806
026,26: Iron,3.500E+00,5.999E+01,3.666E-02,6.002E+01,3.632E-02,3.569E-02,0.9825
026,26: Iron,4.000E+00,5.479E+01,3.263E-02,5.482E+01,4.505E-02,4.433E-02,0.9839
026,26: Iron,4.500E+00,5.053E+01,2.944E-02,5.056E+01,5.456E-02,5.374E-02,0.9850
026,26: Iron,5.000E+00,4.696E+01,2.684E-02,4.699E+01,6.482E-02,6.391E-02,0.9858
026,26: Iron,5.500E+00,4.393E+01,2.468E-02,4.395E+01,7.583E-02,7.481E-02,0.9865
026,26: Iron,6.000E+00,4.131E+01,2.286E-02,4.133E+01,8.757E-02,8.644E-02,0.9871
026,26: Iron,6.500E+00,3.902E+01,2.130E-02,3.904E+01,1.000E-01,9.878E-02,0.9876
026,26: Iron,7.000E+00,3.700E+01,1.995E-02,3.702E+01,1.132E-01,1.118E-01,0.9880
026,26: Iron,7.500E+00,3.521E+01,1.877E-02,3.523E+01,1.270E-01,1.255E-01,0.9883
026,26: Iron,8.000E+00,3.360E+01,1.773E-02,3.362E+01,1.416E-01,1.400E-01,0.9886
026,26: Iron,8.500E+00,3.215E+01,1.680E-02,3.217E+01,1.568E-01,1.550E-01,0.9889
026,26: Iron,9.000E+00,3.084E+01,1.597E-02,3.085E+01,1.726E-01,1.708E-01,0.9892
026,26: Iron,9.500E+00,2.964E+01,1.522E-02,2.965E+01,1.892E-01,1.872E-01,0.9894
026,26: Iron,1.000E+01,2.854E+01,1.454E-02,2.856E+01,2.064E-01,2.042E-01,0.9896
026,26: Iron,1.250E+01,2.419E+01,1.191E-02,2.420E+01,3.019E-01,2.989E-01,0.9903
026,26: Iron,1.500E+01,2.109E+01,1.011E-02,2.110E+01,4.128E-01,4.090E-01,0.9908
026,26: Iron,1.750E+01,1.878E+01,8.800E-03,1.878E+01,5.386E-01,5.339E-01,0.9912
026,26: Iron,2.000E+01,1.697E+01,7.800E-03,1.697E+01,6.788E-01,6.731E-01,0.9915
026,26: Iron,2.500E+01,1.431E+01,6.370E-03,1.432E+01,1.001E+00,9.929E-01,0.9919
026,26: Iron,2.750E+01,1.330E+01,5.841E-03,1.331E+01,1.182E+00,1.173E+00,0.9921
026,26: Iron,3.000E+01,1.245E+01,5.396E-03,1.245E+01,1.377E+00,1.366E+00,0.9922
026,26: Iron,3.500E+01,1.106E+01,4.686E-03,1.107E+01,1.803E+00,1.790E+00,0.9925
026,26: Iron,4.000E+01,9.990E+00,4.146E-03,9.994E+00,2.279E+00,2.263E+00,0.9927
026,26: Iron,4.500E+01,9.133E+00,3.721E-03,9.136E+00,2.803E+00,2.783E+00,0.9928
026,26: Iron,5.000E+01,8.430E+00,3.376E-03,8.433E+00,3.374E+00,3.350E+00,0.9930
026,26: Iron,5.500E+01,7.843E+00,3.092E-03,7.847E+00,3.989E+00,3.961E+00,0.9931
026,26: Iron,6.000E+01,7.346E+00,2.853E-03,7.348E+00,4.648E+00,4.616E+00,0.9932
026,26: Iron,6.500E+01,6.918E+00,2.649E-03,6.920E+00,5.349E+00,5.313E+00,0.9933
026,26: Iron,7.000E+01,6.545E+00,2.473E-03,6.548E+00,6.092E+00,6.052E+00,0.9934
026,26: Iron,7.500E+01,6.219E+00,2.320E-03,6.221E+00,6.876E+00,6.831E+00,0.9935
026,26: Iron,8.000E+01,5.929E+00,2.185E-03,5.932E+00,7.699E+00,7.650E+00,0.9935
026,26: Iron,8.500E+01,5.671E+00,2.065E-03,5.673E+00,8.562E+00,8.507E+00,0.9936
026,26: Iron,9.000E+01,5.440E+00,1.958E-03,5.442E+00,9.462E+00,9.402E+00,0.9937
026,26: Iron,9.500E+01,5.231E+00,1.862E-03,5.232E+00,1.040E+01,1.033E+01,0.9937
026,26: Iron,1.000E+02,5.041E+00,1.775E-03,5.043E+00,1.137E+01,1.130E+01,0.9938
026,26: Iron,1.250E+02,4.305E+00,1.441E-03,4.306E+00,1.676E+01,1.666E+01,0.9940
026,26: Iron,1.500E+02,3.800E+00,1.215E-03,3.801E+00,2.296E+01,2.283E+01,0.9942
026,26: Iron,1.750E+02,3.432E+00,1.051E-03,3.433E+00,2.989E+01,2.972E+01,0.9944
026,26: Iron,2.000E+02,3.152E+00,9.271E-04,3.153E+00,3.750E+01,3.730E+01,0.9946
026,26: Iron,2.250E+02,2.931E+00,8.299E-04,2.932E+00,4.573E+01,4.549E+01,0.9947
026,26: Iron,2.500E+02,2.753E+00,7.516E-04,2.754E+00,5.454E+01,5.426E+01,0.9948
026,26: Iron,2.750E+02,2.607E+00,6.871E-04,2.607E+00,6.388E+01,6.355E+01,0.9949
026,26: Iron,3.000E+02,2.484E+00,6.330E-04,2.485E+00,7.371E+01,7.334E+01,0.9950
026,26: Iron,3.500E+02,2.291E+00,5.474E-04,2.291E+00,9.470E+01,9.424E+01,0.9952
026,26: Iron,4.000E+02,2.146E+00,4.827E-04,2.147E+00,1.173E+02,1.167E+02,0.9953
026,26: Iron,4.500E+02,2.034E+00,4.319E-04,2.034E+00,1.412E+02,1.406E+02,0.9955
026,26: Iron,5.000E+02,1.945E+00,3.911E-04,1.945E+00,1.664E+02,1.656E+02,0.9956
026,26: Iron,5.500E+02,1.873E+00,3.574E-04,1.874E+00,1.926E+02,1.918E+02,0.9957
026,26: Iron,6.000E+02,1.814E+00,3.293E-04,1.814E+00,2.197E+02,2.188E+02,0.9958
026,26: Iron,6.500E+02,1.765E+00,3.053E-04,1.765E+00,2.477E+02,2.467E+02,0.9959
026,26: Iron,7.000E+02,1.724E+00,2.847E-04,1.724E+00,2.763E+02,2.752E+02,0.9960
026,26: Iron,7.500E+02,1.688E+00,2.668E-04,1.689E+00,3.056E+02,3.045E+02,0.9961
026,26: Iron,8.000E+02,1.658E+00,2.511E-04,1.659E+00,3.355E+02,3.342E+02,0.9962
026,26: Iron,8.500E+02,1.632E+00,2.371E-04,1.633E+00,3.659E+02,3.645E+02,0.9963
026,26: Iron,9.000E+02,1.610E+00,2.247E-04,1.610E+00,3.968E+02,3.953E+02,0.9963
026,26: Iron,9.500E+02,1.590E+00,2.135E-04,1.591E+00,4.280E+02,4.265E+02,0.9964
026,26: Iron,1.000E+03,1.573E+00,2.035E-04,1.574E+00,4.596E+02,4.580E+02,0.9965
026,26: Iron,1.500E+03,1.482E+00,1.390E-04,1.482E+00,7.889E+02,7.865E+02,0.9970
026,26: Iron,2.000E+03,1.456E+00,1.061E-04,1.456E+00,1.130E+03,1.127E+03,0.9974
026,26: Iron,2.500E+03,1.452E+00,8.605E-05,1.452E+00,1.474E+03,1.471E+03,0.9976
026,26: Iron,3.000E+03,1.457E+00,7.254E-05,1.457E+00,1.818E+03,1.814E+03,0.9978
026,26: Iron,4.000E+03,1.478E+00,5.543E-05,1.478E+00,2.500E+03,2.495E+03,0.9981
026,26: Iron,5.000E+03,1.501E+00,4.500E-05,1.501E+00,3.171E+03,3.166E+03,0.9983
026,26: Iron,6.000E+03,1.524E+00,3.795E-05,1.524E+00,3.832E+03,3.826E+03,0.9985
026,26: Iron,7.000E+03,1.546E+00,3.287E-05,1.546E+00,4.483E+03,4.477E+03,0.9986
026,26: Iron,8.000E+03,1.566E+00,2.901E-05,1.566E+00,5.126E+03,5.120E+03,0.9987
026,26: Iron,9.000E+03,1.584E+00,2.600E-05,1.584E+00,5.761E+03,5.754E+03,0.9988
026,26: Iron,1.000E+04,1.601E+00,2.356E-05,1.601E+00,6.389E+03,6.382E+03,0.9989
029,29: Copper,1.000E-03,3.490E+01,4.408E+00,3.931E+01,4.116E-05,5.620E-06,0.1365
029,29: Copper,1.500E-03,4.274E+01,4.231E+00,4.697E+01,5.267E-05,8.301E-06,0.1576
029,29: Copper,2.000E-03,4.935E+01,4.049E+00,5.340E+01,6.263E-05,1.101E-05,0.1759
029,29: Copper,2.500E-03,5.518E+01,3.876E+00,5.906E+01,7.152E-05,1.374E-05,0.1921
029,29: Copper,3.000E-03,6.045E+01,3.718E+00,6.416E+01,7.964E-05,1.647E-05,0.2068
029,29: Copper,4.000E-03,6.980E+01,3.440E+00,7.324E+01,9.419E-05,2.194E-05,0.2329
029,29: Copper,5.000E-03,7.804E+01,3.207E+00,8.124E+01,1.071E-04,2.739E-05,0.2556
029,29: Copper,6.000E-03,8.548E+01,3.010E+00,8.849E+01,1.189E-04,3.280E-05,0.2758
029,29: Copper,7.000E-03,9.233E+01,2.840E+00,9.517E+01,1.298E-04,3.817E-05,0.2940
029,29: Copper,8.000E-03,9.871E+01,2.692E+00,1.014E+02,1.400E-04,4.347E-05,0.3106
029,29: Copper,9.000E-03,1.047E+02,2.561E+00,1.073E+02,1.496E-04,4.872E-05,0.3258
029,29: Copper,1.000E-02,1.104E+02,2.445E+00,1.128E+02,1.587E-04,5.391E-05,0.3398
029,29: Copper,1.250E-02,1.214E+02,2.204E+00,1.236E+02,1.798E-04,6.668E-05,0.3709
029,29: Copper,1.500E-02,1.309E+02,2.014E+00,1.329E+02,1.993E-04,7.925E-05,0.3977
029,29: Copper,1.750E-02,1.392E+02,1.859E+00,1.411E+02,2.175E-04,9.160E-05,0.4211
029,29: Copper,2.000E-02,1.466E+02,1.729E+00,1.484E+02,2.348E-04,1.037E-04,0.4419
029,29: Copper,2.250E-02,1.532E+02,1.620E+00,1.548E+02,2.513E-04,1.157E-04,0.4605
029,29: Copper,2.500E-02,1.590E+02,1.525E+00,1.606E+02,2.671E-04,1.275E-04,0.4774
029,29: Copper,2.750E-02,1.643E+02,1.442E+00,1.657E+02,2.824E-04,1.392E-04,0.4928
029,29: Copper,3.000E-02,1.689E+02,1.369E+00,1.703E+02,2.973E-04,1.507E-04,0.5069
029,29: Copper,3.500E-02,1.769E+02,1.246E+00,1.781E+02,3.260E-04,1.735E-04,0.5321
029,29: Copper,4.000E-02,1.832E+02,1.146E+00,1.844E+02,3.536E-04,1.959E-04,0.5541
029,29: Copper,4.500E-02,1.884E+02,1.062E+00,1.894E+02,3.803E-04,2.181E-04,0.5734
029,29: Copper,5.000E-02,1.925E+02,9.917E-01,1.935E+02,4.064E-04,2.401E-04,0.5908
029,29: Copper,5.500E-02,1.959E+02,9.309E-01,1.968E+02,4.320E-04,2.620E-04,0.6064
029,29: Copper,6.000E-02,1.987E+02,8.779E-01,1.996E+02,4.573E-04,2.838E-04,0.6206
029,29: Copper,6.500E-02,2.010E+02,8.314E-01,2.018E+02,4.822E-04,3.055E-04,0.6336
029,29: Copper,7.000E-02,2.028E+02,7.900E-01,2.036E+02,5.068E-04,3.272E-04,0.6456
029,29: Copper,7.500E-02,2.044E+02,7.531E-01,2.051E+02,5.313E-04,3.489E-04,0.6567
029,29: Copper,8.000E-02,2.056E+02,7.198E-01,2.063E+02,5.556E-04,3.705E-04,0.6669
029,29: Copper,8.500E-02,2.067E+02,6.896E-01,2.073E+02,5.798E-04,3.922E-04,0.6765
029,29: Copper,9.000E-02,2.075E+02,6.622E-01,2.082E+02,6.038E-04,4.139E-04,0.6855
029,29: Copper,9.500E-02,2.082E+02,6.371E-01,2.088E+02,6.278E-04,4.356E-04,0.6939
029,29: Copper,1.000E-01,2.087E+02,6.140E-01,2.093E+02,6.517E-04,4.574E-04,0.7018
029,29: Copper,1.250E-01,2.099E+02,5.217E-01,2.104E+02,7.707E-04,5.667E-04,0.7353
029,29: Copper,1.500E-01,2.092E+02,4.556E-01,2.097E+02,8.897E-04,6.774E-04,0.7613
029,29: Copper,1.750E-01,2.075E+02,4.055E-01,2.079E+02,1.009E-03,7.897E-04,0.7824
029,29: Copper,2.000E-01,2.051E+02,3.662E-01,2.055E+02,1.130E-03,9.040E-04,0.7998
029,29: Copper,2.250E-01,2.023E+02,3.344E-01,2.026E+02,1.253E-03,1.020E-03,0.8144
029,29: Copper,2.500E-01,1.991E+02,3.081E-01,1.994E+02,1.377E-03,1.139E-03,0.8270
029,29: Copper,2.750E-01,1.958E+02,2.860E-01,1.961E+02,1.504E-03,1.260E-03,0.8380
029,29: Copper,3.000E-01,1.923E+02,2.671E-01,1.926E+02,1.632E-03,1.383E-03,0.8476
029,29: Copper,3.500E-01,1.854E+02,2.364E-01,1.856E+02,1.897E-03,1.638E-03,0.8637
029,29: Copper,4.000E-01,1.786E+02,2.125E-01,1.788E+02,2.171E-03,1.903E-03,0.8767
029,29: Copper,4.500E-01,1.720E+02,1.933E-01,1.722E+02,2.456E-03,2.180E-03,0.8874
029,29: Copper,5.000E-01,1.658E+02,1.775E-01,1.660E+02,2.752E-03,2.467E-03,0.8964
029,29: Copper,5.500E-01,1.596E+02,1.643E-01,1.598E+02,3.059E-03,2.766E-03,0.9041
029,29: Copper,6.000E-01,1.536E+02,1.530E-01,1.538E+02,3.378E-03,3.076E-03,0.9108
029,29: Copper,6.500E-01,1.480E+02,1.433E-01,1.481E+02,3.709E-03,3.400E-03,0.9166
029,29: Copper,7.000E-01,1.427E+02,1.348E-01,1.428E+02,4.053E-03,3.736E-03,0.9217
029,29: Copper,7.500E-01,1.378E+02,1.274E-01,1.379E+02,4.409E-03,4.084E-03,0.9262
029,29: Copper,8.000E-01,1.333E+02,1.208E-01,1.334E+02,4.778E-03,4.445E-03,0.9303
029,29: Copper,8.500E-01,1.291E+02,1.149E-01,1.292E+02,5.159E-03,4.818E-03,0.9339
029,29: Copper,9.000E-01,1.252E+02,1.095E-01,1.253E+02,5.552E-03,5.203E-03,0.9371
029,29: Copper,9.500E-01,1.217E+02,1.047E-01,1.218E+02,5.957E-03,5.599E-03,0.9400
029,29: Copper,1.000E+00,1.183E+02,1.003E-01,1.184E+02,6.373E-03,6.008E-03,0.9427
029,29: Copper,1.250E+00,1.047E+02,8.324E-02,1.048E+02,8.622E-03,8.216E-03,0.9529
029,29: Copper,1.500E+00,9.443E+01,7.139E-02,9.450E+01,1.114E-02,1.069E-02,0.9598
029,29: Copper,1.750E+00,8.645E+01,6.265E-02,8.652E+01,1.391E-02,1.342E-02,0.9647
029,29: Copper,2.000E+00,7.987E+01,5.593E-02,7.992E+01,1.692E-02,1.638E-02,0.9683
029,29: Copper,2.250E+00,7.425E+01,5.058E-02,7.430E+01,2.016E-02,1.958E-02,0.9711
029,29: Copper,2.500E+00,6.955E+01,4.622E-02,6.960E+01,2.364E-02,2.301E-02,0.9734
029,29: Copper,2.750E+00,6.552E+01,4.259E-02,6.556E+01,2.735E-02,2.667E-02,0.9752
029,29: Copper,3.000E+00,6.196E+01,3.950E-02,6.199E+01,3.127E-02,3.054E-02,0.9767
029,29: Copper,3.500E+00,5.607E+01,3.457E-02,5.610E+01,3.976E-02,3.893E-02,0.9790
029,29: Copper,4.000E+00,5.133E+01,3.078E-02,5.136E+01,4.909E-02,4.814E-02,0.9807
029,29: Copper,4.500E+00,4.743E+01,2.778E-02,4.746E+01,5.922E-02,5.816E-02,0.9821
029,29: Copper,5.000E+00,4.416E+01,2.534E-02,4.418E+01,7.015E-02,6.897E-02,0.9831
029,29: Copper,5.500E+00,4.136E+01,2.331E-02,4.139E+01,8.185E-02,8.054E-02,0.9840
029,29: Copper,6.000E+00,3.894E+01,2.159E-02,3.897E+01,9.431E-02,9.286E-02,0.9847
029,29: Copper,6.500E+00,3.683E+01,2.013E-02,3.685E+01,1.075E-01,1.059E-01,0.9853
029,29: Copper,7.000E+00,3.496E+01,1.886E-02,3.498E+01,1.214E-01,1.197E-01,0.9858
029,29: Copper,7.500E+00,3.329E+01,1.774E-02,3.331E+01,1.361E-01,1.342E-01,0.9862
029,29: Copper,8.000E+00,3.180E+01,1.676E-02,3.181E+01,1.515E-01,1.494E-01,0.9866
029,29: Copper,8.500E+00,3.045E+01,1.588E-02,3.046E+01,1.675E-01,1.653E-01,0.9870
029,29: Copper,9.000E+00,2.922E+01,1.510E-02,2.924E+01,1.843E-01,1.819E-01,0.9873
029,29: Copper,9.500E+00,2.810E+01,1.439E-02,2.812E+01,2.017E-01,1.992E-01,0.9875
029,29: Copper,1.000E+01,2.708E+01,1.375E-02,2.709E+01,2.199E-01,2.172E-01,0.9878
029,29: Copper,1.250E+01,2.299E+01,1.127E-02,2.301E+01,3.204E-01,3.168E-01,0.9887
029,29: Copper,1.500E+01,2.009E+01,9.579E-03,2.010E+01,4.370E-01,4.323E-01,0.9894
029,29: Copper,1.750E+01,1.790E+01,8.341E-03,1.791E+01,5.690E-01,5.632E-01,0.9898
029,29: Copper,2.000E+01,1.619E+01,7.396E-03,1.620E+01,7.160E-01,7.090E-01,0.9902
029,29: Copper,2.500E+01,1.368E+01,6.045E-03,1.368E+01,1.053E+00,1.044E+00,0.9907
029,29: Copper,2.750E+01,1.272E+01,5.545E-03,1.273E+01,1.243E+00,1.232E+00,0.9909
029,29: Copper,3.000E+01,1.191E+01,5.123E-03,1.191E+01,1.446E+00,1.433E+00,0.9911
029,29: Copper,3.500E+01,1.059E+01,4.452E-03,1.060E+01,1.892E+00,1.876E+00,0.9914
029,29: Copper,4.000E+01,9.573E+00,3.941E-03,9.577E+00,2.389E+00,2.369E+00,0.9917
029,29: Copper,4.500E+01,8.756E+00,3.538E-03,8.760E+00,2.936E+00,2.912E+00,0.9918
029,29: Copper,5.000E+01,8.086E+00,3.212E-03,8.090E+00,3.530E+00,3.502E+00,0.9920
029,29: Copper,5.500E+01,7.527E+00,2.942E-03,7.530E+00,4.171E+00,4.139E+00,0.9922
029,29: Copper,6.000E+01,7.052E+00,2.716E-03,7.055E+00,4.858E+00,4.820E+00,0.9923
029,29: Copper,6.500E+01,6.644E+00,2.522E-03,6.646E+00,5.588E+00,5.546E+00,0.9924
029,29: Copper,7.000E+01,6.288E+00,2.355E-03,6.291E+00,6.362E+00,6.314E+00,0.9925
029,29: Copper,7.500E+01,5.976E+00,2.210E-03,5.979E+00,7.178E+00,7.124E+00,0.9926
029,29: Copper,8.000E+01,5.700E+00,2.081E-03,5.702E+00,8.034E+00,7.975E+00,0.9927
029,29: Copper,8.500E+01,5.453E+00,1.968E-03,5.455E+00,8.931E+00,8.866E+00,0.9928
029,29: Copper,9.000E+01,5.232E+00,1.866E-03,5.234E+00,9.867E+00,9.796E+00,0.9928
029,29: Copper,9.500E+01,5.032E+00,1.774E-03,5.034E+00,1.084E+01,1.076E+01,0.9929
029,29: Copper,1.000E+02,4.850E+00,1.692E-03,4.852E+00,1.185E+01,1.177E+01,0.9930
029,29: Copper,1.250E+02,4.146E+00,1.374E-03,4.147E+00,1.745E+01,1.733E+01,0.9933
029,29: Copper,1.500E+02,3.663E+00,1.159E-03,3.664E+00,2.388E+01,2.373E+01,0.9935
029,29: Copper,1.750E+02,3.310E+00,1.003E-03,3.311E+00,3.108E+01,3.088E+01,0.9937
029,29: Copper,2.000E+02,3.041E+00,8.852E-04,3.042E+00,3.896E+01,3.872E+01,0.9938
029,29: Copper,2.250E+02,2.829E+00,7.926E-04,2.830E+00,4.749E+01,4.721E+01,0.9940
029,29: Copper,2.500E+02,2.658E+00,7.179E-04,2.659E+00,5.662E+01,5.628E+01,0.9941
029,29: Copper,2.750E+02,2.518E+00,6.564E-04,2.518E+00,6.628E+01,6.590E+01,0.9942
029,29: Copper,3.000E+02,2.400E+00,6.048E-04,2.400E+00,7.646E+01,7.603E+01,0.9944
029,29: Copper,3.500E+02,2.214E+00,5.231E-04,2.214E+00,9.819E+01,9.765E+01,0.9946
029,29: Copper,4.000E+02,2.074E+00,4.613E-04,2.074E+00,1.215E+02,1.209E+02,0.9947
029,29: Copper,4.500E+02,1.966E+00,4.129E-04,1.966E+00,1.463E+02,1.456E+02,0.9949
029,29: Copper,5.000E+02,1.880E+00,3.739E-04,1.880E+00,1.724E+02,1.715E+02,0.9950
029,29: Copper,5.500E+02,1.810E+00,3.418E-04,1.811E+00,1.995E+02,1.985E+02,0.9952
029,29: Copper,6.000E+02,1.753E+00,3.149E-04,1.754E+00,2.275E+02,2.265E+02,0.9953
029,29: Copper,6.500E+02,1.706E+00,2.920E-04,1.706E+00,2.565E+02,2.553E+02,0.9954
029,29: Copper,7.000E+02,1.666E+00,2.723E-04,1.666E+00,2.861E+02,2.848E+02,0.9955
029,29: Copper,7.500E+02,1.632E+00,2.552E-04,1.632E+00,3.164E+02,3.151E+02,0.9956
029,29: Copper,8.000E+02,1.603E+00,2.401E-04,1.603E+00,3.474E+02,3.459E+02,0.9957
029,29: Copper,8.500E+02,1.578E+00,2.268E-04,1.578E+00,3.788E+02,3.772E+02,0.9958
029,29: Copper,9.000E+02,1.556E+00,2.149E-04,1.556E+00,4.107E+02,4.090E+02,0.9959
029,29: Copper,9.500E+02,1.537E+00,2.043E-04,1.538E+00,4.430E+02,4.412E+02,0.9960
029,29: Copper,1.000E+03,1.521E+00,1.947E-04,1.521E+00,4.757E+02,4.739E+02,0.9960
029,29: Copper,1.500E+03,1.433E+00,1.330E-04,1.433E+00,8.164E+02,8.136E+02,0.9966
029,29: Copper,2.000E+03,1.407E+00,1.015E-04,1.407E+00,1.169E+03,1.166E+03,0.9970
029,29: Copper,2.500E+03,1.404E+00,8.235E-05,1.404E+00,1.525E+03,1.521E+03,0.9973
029,29: Copper,3.000E+03,1.409E+00,6.943E-05,1.409E+00,1.881E+03,1.876E+03,0.9975
029,29: Copper,4.000E+03,1.430E+00,5.306E-05,1.430E+00,2.585E+03,2.580E+03,0.9979
029,29: Copper,5.000E+03,1.454E+00,4.307E-05,1.454E+00,3.279E+03,3.273E+03,0.9981
029,29: Copper,6.000E+03,1.476E+00,3.633E-05,1.476E+00,3.961E+03,3.955E+03,0.9983
029,29: Copper,7.000E+03,1.498E+00,3.146E-05,1.498E+00,4.634E+03,4.627E+03,0.9984
029,29: Copper,8.000E+03,1.517E+00,2.778E-05,1.517E+00,5.297E+03,5.290E+03,0.9986
029,29: Copper,9.000E+03,1.535E+00,2.489E-05,1.535E+00,5.952E+03,5.945E+03,0.9987
029,29: Copper,1.000E+04,1.552E+00,2.256E-05,1.552E+00,6.600E+03,6.592E+03,0.9987
032,32: Germanium,1.000E-03,4.591E+01,3.642E+00,4.955E+01,3.390E-05,5.626E-06,0.1660
032,32: Germanium,1.500E-03,5.623E+01,3.522E+00,5.975E+01,4.298E-05,8.165E-06,0.1900
032,32: Germanium,2.000E-03,6.493E+01,3.390E+00,6.831E+01,5.080E-05,1.069E-05,0.2104
032,32: Germanium,2.500E-03,7.259E+01,3.261E+00,7.585E+01,5.773E-05,1.317E-05,0.2282
032,32: Germanium,3.000E-03,7.952E+01,3.140E+00,8.266E+01,6.404E-05,1.564E-05,0.2442
032,32: Germanium,4.000E-03,9.182E+01,2.924E+00,9.474E+01,7.531E-05,2.050E-05,0.2722
032,32: Germanium,5.000E-03,1.027E+02,2.740E+00,1.054E+02,8.531E-05,2.526E-05,0.2962
032,32: Germanium,6.000E-03,1.125E+02,2.582E+00,1.150E+02,9.438E-05,2.994E-05,0.3172
032,32: Germanium,7.000E-03,1.215E+02,2.444E+00,1.239E+02,1.028E-04,3.452E-05,0.3360
032,32: Germanium,8.000E-03,1.299E+02,2.323E+00,1.322E+02,1.106E-04,3.902E-05,0.3530
032,32: Germanium,9.000E-03,1.377E+02,2.216E+00,1.399E+02,1.179E-04,4.344E-05,0.3684
032,32: Germanium,1.000E-02,1.452E+02,2.121E+00,1.473E+02,1.249E-04,4.777E-05,0.3826
032,32: Germanium,1.250E-02,1.597E+02,1.920E+00,1.617E+02,1.410E-04,5.835E-05,0.4137
032,32: Germanium,1.500E-02,1.723E+02,1.760E+00,1.741E+02,1.559E-04,6.865E-05,0.4403
032,32: Germanium,1.750E-02,1.833E+02,1.630E+00,1.850E+02,1.698E-04,7.870E-05,0.4633
032,32: Germanium,2.000E-02,1.931E+02,1.520E+00,1.946E+02,1.830E-04,8.852E-05,0.4837
032,32: Germanium,2.250E-02,2.017E+02,1.426E+00,2.032E+02,1.956E-04,9.814E-05,0.5018
032,32: Germanium,2.500E-02,2.094E+02,1.345E+00,2.108E+02,2.077E-04,1.076E-04,0.5181
032,32: Germanium,2.750E-02,2.163E+02,1.274E+00,2.175E+02,2.193E-04,1.169E-04,0.5330
032,32: Germanium,3.000E-02,2.223E+02,1.212E+00,2.235E+02,2.307E-04,1.261E-04,0.5466
032,32: Germanium,3.500E-02,2.323E+02,1.105E+00,2.334E+02,2.525E-04,1.441E-04,0.5707
032,32: Germanium,4.000E-02,2.400E+02,1.018E+00,2.410E+02,2.736E-04,1.619E-04,0.5917
032,32: Germanium,4.500E-02,2.456E+02,9.459E-01,2.466E+02,2.941E-04,1.795E-04,0.6102
032,32: Germanium,5.000E-02,2.496E+02,8.842E-01,2.505E+02,3.142E-04,1.969E-04,0.6268
032,32: Germanium,5.500E-02,2.523E+02,8.310E-01,2.531E+02,3.341E-04,2.144E-04,0.6417
032,32: Germanium,6.000E-02,2.539E+02,7.847E-01,2.546E+02,3.537E-04,2.318E-04,0.6554
032,32: Germanium,6.500E-02,2.545E+02,7.438E-01,2.553E+02,3.733E-04,2.493E-04,0.6679
032,32: Germanium,7.000E-02,2.545E+02,7.074E-01,2.552E+02,3.929E-04,2.670E-04,0.6794
032,32: Germanium,7.500E-02,2.539E+02,6.749E-01,2.546E+02,4.125E-04,2.847E-04,0.6901
032,32: Germanium,8.000E-02,2.529E+02,6.455E-01,2.535E+02,4.322E-04,3.026E-04,0.7001
032,32: Germanium,8.500E-02,2.515E+02,6.189E-01,2.521E+02,4.520E-04,3.207E-04,0.7095
032,32: Germanium,9.000E-02,2.500E+02,5.946E-01,2.505E+02,4.719E-04,3.389E-04,0.7182
032,32: Germanium,9.500E-02,2.482E+02,5.724E-01,2.488E+02,4.919E-04,3.574E-04,0.7265
032,32: Germanium,1.000E-01,2.464E+02,5.520E-01,2.469E+02,5.121E-04,3.760E-04,0.7342
032,32: Germanium,1.250E-01,2.365E+02,4.701E-01,2.370E+02,6.154E-04,4.722E-04,0.7672
032,32: Germanium,1.500E-01,2.272E+02,4.111E-01,2.276E+02,7.231E-04,5.733E-04,0.7929
032,32: Germanium,1.750E-01,2.189E+02,3.664E-01,2.193E+02,8.350E-04,6.792E-04,0.8134
032,32: Germanium,2.000E-01,2.116E+02,3.312E-01,2.120E+02,9.510E-04,7.895E-04,0.8302
032,32: Germanium,2.250E-01,2.051E+02,3.027E-01,2.054E+02,1.071E-03,9.039E-04,0.8441
032,32: Germanium,2.500E-01,1.993E+02,2.792E-01,1.996E+02,1.194E-03,1.022E-03,0.8558
032,32: Germanium,2.750E-01,1.939E+02,2.593E-01,1.942E+02,1.321E-03,1.144E-03,0.8658
032,32: Germanium,3.000E-01,1.890E+02,2.423E-01,1.893E+02,1.452E-03,1.269E-03,0.8745
032,32: Germanium,3.500E-01,1.801E+02,2.146E-01,1.804E+02,1.723E-03,1.531E-03,0.8886
032,32: Germanium,4.000E-01,1.723E+02,1.930E-01,1.725E+02,2.006E-03,1.805E-03,0.8998
032,32: Germanium,4.500E-01,1.652E+02,1.757E-01,1.654E+02,2.302E-03,2.092E-03,0.9087
032,32: Germanium,5.000E-01,1.588E+02,1.615E-01,1.590E+02,2.611E-03,2.392E-03,0.9161
032,32: Germanium,5.500E-01,1.526E+02,1.495E-01,1.527E+02,2.932E-03,2.704E-03,0.9223
032,32: Germanium,6.000E-01,1.466E+02,1.393E-01,1.467E+02,3.266E-03,3.029E-03,0.9276
032,32: Germanium,6.500E-01,1.409E+02,1.305E-01,1.411E+02,3.613E-03,3.368E-03,0.9322
032,32: Germanium,7.000E-01,1.357E+02,1.229E-01,1.358E+02,3.975E-03,3.721E-03,0.9362
032,32: Germanium,7.500E-01,1.308E+02,1.161E-01,1.309E+02,4.350E-03,4.087E-03,0.9397
032,32: Germanium,8.000E-01,1.263E+02,1.101E-01,1.264E+02,4.738E-03,4.467E-03,0.9428
032,32: Germanium,8.500E-01,1.221E+02,1.047E-01,1.222E+02,5.141E-03,4.861E-03,0.9455
032,32: Germanium,9.000E-01,1.183E+02,9.991E-02,1.184E+02,5.556E-03,5.267E-03,0.9480
032,32: Germanium,9.500E-01,1.147E+02,9.554E-02,1.148E+02,5.985E-03,5.688E-03,0.9502
032,32: Germanium,1.000E+00,1.113E+02,9.156E-02,1.114E+02,6.428E-03,6.121E-03,0.9523
032,32: Germanium,1.250E+00,9.772E+01,7.603E-02,9.779E+01,8.830E-03,8.476E-03,0.9600
032,32: Germanium,1.500E+00,8.777E+01,6.524E-02,8.783E+01,1.153E-02,1.113E-02,0.9651
032,32: Germanium,1.750E+00,8.018E+01,5.728E-02,8.024E+01,1.452E-02,1.406E-02,0.9688
032,32: Germanium,2.000E+00,7.418E+01,5.116E-02,7.423E+01,1.776E-02,1.725E-02,0.9715
032,32: Germanium,2.250E+00,6.920E+01,4.628E-02,6.925E+01,2.125E-02,2.069E-02,0.9736
032,32: Germanium,2.500E+00,6.489E+01,4.230E-02,6.493E+01,2.498E-02,2.436E-02,0.9753
032,32: Germanium,2.750E+00,6.112E+01,3.899E-02,6.116E+01,2.895E-02,2.827E-02,0.9767
032,32: Germanium,3.000E+00,5.783E+01,3.619E-02,5.787E+01,3.315E-02,3.242E-02,0.9778
032,32: Germanium,3.500E+00,5.243E+01,3.168E-02,5.246E+01,4.224E-02,4.138E-02,0.9796
032,32: Germanium,4.000E+00,4.804E+01,2.822E-02,4.807E+01,5.221E-02,5.122E-02,0.9810
032,32: Germanium,4.500E+00,4.445E+01,2.548E-02,4.448E+01,6.303E-02,6.190E-02,0.9820
032,32: Germanium,5.000E+00,4.141E+01,2.324E-02,4.144E+01,7.469E-02,7.341E-02,0.9829
032,32: Germanium,5.500E+00,3.883E+01,2.139E-02,3.885E+01,8.716E-02,8.573E-02,0.9836
032,32: Germanium,6.000E+00,3.658E+01,1.982E-02,3.660E+01,1.004E-01,9.884E-02,0.9842
032,32: Germanium,6.500E+00,3.462E+01,1.848E-02,3.464E+01,1.145E-01,1.127E-01,0.9847
032,32: Germanium,7.000E+00,3.288E+01,1.731E-02,3.290E+01,1.293E-01,1.274E-01,0.9851
032,32: Germanium,7.500E+00,3.133E+01,1.630E-02,3.135E+01,1.449E-01,1.428E-01,0.9855
032,32: Germanium,8.000E+00,2.994E+01,1.540E-02,2.995E+01,1.612E-01,1.589E-01,0.9859
032,32: Germanium,8.500E+00,2.868E+01,1.459E-02,2.869E+01,1.783E-01,1.758E-01,0.9862
032,32: Germanium,9.000E+00,2.754E+01,1.388E-02,2.755E+01,1.960E-01,1.934E-01,0.9864
032,32: Germanium,9.500E+00,2.649E+01,1.323E-02,2.650E+01,2.145E-01,2.117E-01,0.9867
032,32: Germanium,1.000E+01,2.553E+01,1.264E-02,2.555E+01,2.338E-01,2.307E-01,0.9869
032,32: Germanium,1.250E+01,2.172E+01,1.037E-02,2.173E+01,3.403E-01,3.361E-01,0.9878
032,32: Germanium,1.500E+01,1.899E+01,8.815E-03,1.900E+01,4.636E-01,4.583E-01,0.9884
032,32: Germanium,1.750E+01,1.694E+01,7.679E-03,1.695E+01,6.032E-01,5.965E-01,0.9889
032,32: Germanium,2.000E+01,1.533E+01,6.812E-03,1.534E+01,7.585E-01,7.503E-01,0.9892
032,32: Germanium,2.500E+01,1.297E+01,5.572E-03,1.297E+01,1.114E+00,1.103E+00,0.9898
032,32: Germanium,2.750E+01,1.207E+01,5.112E-03,1.207E+01,1.314E+00,1.301E+00,0.9900
032,32: Germanium,3.000E+01,1.130E+01,4.724E-03,1.130E+01,1.528E+00,1.513E+00,0.9902
032,32: Germanium,3.500E+01,1.006E+01,4.108E-03,1.006E+01,1.998E+00,1.979E+00,0.9905
032,32: Germanium,4.000E+01,9.093E+00,3.637E-03,9.097E+00,2.522E+00,2.498E+00,0.9908
032,32: Germanium,4.500E+01,8.321E+00,3.266E-03,8.324E+00,3.097E+00,3.069E+00,0.9910
032,32: Germanium,5.000E+01,7.687E+00,2.966E-03,7.690E+00,3.723E+00,3.690E+00,0.9911
032,32: Germanium,5.500E+01,7.158E+00,2.718E-03,7.160E+00,4.397E+00,4.359E+00,0.9913
032,32: Germanium,6.000E+01,6.708E+00,2.509E-03,6.711E+00,5.119E+00,5.075E+00,0.9914
032,32: Germanium,6.500E+01,6.321E+00,2.331E-03,6.324E+00,5.887E+00,5.837E+00,0.9916
032,32: Germanium,7.000E+01,5.984E+00,2.177E-03,5.987E+00,6.700E+00,6.644E+00,0.9917
032,32: Germanium,7.500E+01,5.689E+00,2.043E-03,5.691E+00,7.557E+00,7.495E+00,0.9918
032,32: Germanium,8.000E+01,5.427E+00,1.925E-03,5.429E+00,8.457E+00,8.388E+00,0.9919
032,32: Germanium,8.500E+01,5.193E+00,1.820E-03,5.195E+00,9.398E+00,9.323E+00,0.9920
032,32: Germanium,9.000E+01,4.983E+00,1.726E-03,4.985E+00,1.038E+01,1.030E+01,0.9920
032,32: Germanium,9.500E+01,4.793E+00,1.642E-03,4.795E+00,1.140E+01,1.131E+01,0.9921
032,32: Germanium,1.000E+02,4.621E+00,1.566E-03,4.623E+00,1.247E+01,1.237E+01,0.9922
032,32: Germanium,1.250E+02,3.953E+00,1.272E-03,3.954E+00,1.834E+01,1.820E+01,0.9925
032,32: Germanium,1.500E+02,3.494E+00,1.074E-03,3.495E+00,2.508E+01,2.490E+01,0.9928
032,32: Germanium,1.750E+02,3.159E+00,9.297E-04,3.160E+00,3.262E+01,3.239E+01,0.9930
032,32: Germanium,2.000E+02,2.904E+00,8.205E-04,2.905E+00,4.089E+01,4.061E+01,0.9932
032,32: Germanium,2.250E+02,2.703E+00,7.348E-04,2.704E+00,4.982E+01,4.948E+01,0.9933
032,32: Germanium,2.500E+02,2.541E+00,6.657E-04,2.542E+00,5.936E+01,5.897E+01,0.9935
032,32: Germanium,2.750E+02,2.408E+00,6.087E-04,2.409E+00,6.947E+01,6.903E+01,0.9936
032,32: Germanium,3.000E+02,2.297E+00,5.610E-04,2.297E+00,8.010E+01,7.960E+01,0.9937
032,32: Germanium,3.500E+02,2.121E+00,4.853E-04,2.122E+00,1.028E+02,1.022E+02,0.9940
032,32: Germanium,4.000E+02,1.990E+00,4.281E-04,1.990E+00,1.272E+02,1.264E+02,0.9942
032,32: Germanium,4.500E+02,1.888E+00,3.832E-04,1.888E+00,1.530E+02,1.521E+02,0.9943
032,32: Germanium,5.000E+02,1.808E+00,3.470E-04,1.808E+00,1.801E+02,1.791E+02,0.9945
032,32: Germanium,5.500E+02,1.743E+00,3.172E-04,1.743E+00,2.082E+02,2.071E+02,0.9947
032,32: Germanium,6.000E+02,1.689E+00,2.923E-04,1.689E+00,2.374E+02,2.362E+02,0.9948
032,32: Germanium,6.500E+02,1.645E+00,2.711E-04,1.645E+00,2.674E+02,2.660E+02,0.9949
032,32: Germanium,7.000E+02,1.608E+00,2.528E-04,1.608E+00,2.981E+02,2.967E+02,0.9950
032,32: Germanium,7.500E+02,1.576E+00,2.369E-04,1.576E+00,3.296E+02,3.280E+02,0.9951
032,32: Germanium,8.000E+02,1.549E+00,2.230E-04,1.549E+00,3.616E+02,3.598E+02,0.9953
032,32: Germanium,8.500E+02,1.526E+00,2.106E-04,1.526E+00,3.941E+02,3.922E+02,0.9953
032,32: Germanium,9.000E+02,1.506E+00,1.996E-04,1.506E+00,4.271E+02,4.251E+02,0.9954
032,32: Germanium,9.500E+02,1.489E+00,1.897E-04,1.489E+00,4.604E+02,4.584E+02,0.9955
032,32: Germanium,1.000E+03,1.474E+00,1.808E-04,1.474E+00,4.942E+02,4.920E+02,0.9956
032,32: Germanium,1.500E+03,1.395E+00,1.235E-04,1.395E+00,8.449E+02,8.417E+02,0.9963
032,32: Germanium,2.000E+03,1.374E+00,9.429E-05,1.374E+00,1.207E+03,1.203E+03,0.9967
032,32: Germanium,2.500E+03,1.373E+00,7.651E-05,1.373E+00,1.571E+03,1.566E+03,0.9970
032,32: Germanium,3.000E+03,1.380E+00,6.451E-05,1.380E+00,1.934E+03,1.929E+03,0.9973
032,32: Germanium,4.000E+03,1.402E+00,4.930E-05,1.402E+00,2.653E+03,2.647E+03,0.9977
032,32: Germanium,5.000E+03,1.427E+00,4.002E-05,1.427E+00,3.360E+03,3.353E+03,0.9979
032,32: Germanium,6.000E+03,1.450E+00,3.376E-05,1.450E+00,4.055E+03,4.048E+03,0.9981
032,32: Germanium,7.000E+03,1.471E+00,2.924E-05,1.471E+00,4.740E+03,4.732E+03,0.9983
032,32: Germanium,8.000E+03,1.491E+00,2.582E-05,1.491E+00,5.415E+03,5.406E+03,0.9984
032,32: Germanium,9.000E+03,1.509E+00,2.313E-05,1.509E+00,6.081E+03,6.073E+03,0.9985
032,32: Germanium,1.000E+04,1.525E+00,2.097E-05,1.525E+00,6.741E+03,6.731E+03,0.9986
036,36: Krypton,1.000E-03,4.592E+01,2.984E+00,4.890E+01,3.486E-05,5.921E-06,0.1699
036,36: Krypton,1.500E-03,5.624E+01,2.910E+00,5.915E+01,4.404E-05,8.525E-06,0.1936
036,36: Krypton,2.000E-03,6.494E+01,2.820E+00,6.776E+01,5.193E-05,1.109E-05,0.2136
036,36: Krypton,2.500E-03,7.260E+01,2.728E+00,7.533E+01,5.892E-05,1.362E-05,0.2311
036,36: Krypton,3.000E-03,7.953E+01,2.639E+00,8.217E+01,6.527E-05,1.611E-05,0.2468
036,36: Krypton,4.000E-03,9.184E+01,2.477E+00,9.431E+01,7.660E-05,2.100E-05,0.2741
036,36: Krypton,5.000E-03,1.027E+02,2.335E+00,1.050E+02,8.663E-05,2.577E-05,0.2975
036,36: Krypton,6.000E-03,1.125E+02,2.210E+00,1.147E+02,9.573E-05,3.045E-05,0.3181
036,36: Krypton,7.000E-03,1.215E+02,2.101E+00,1.236E+02,1.041E-04,3.503E-05,0.3364
036,36: Krypton,8.000E-03,1.299E+02,2.004E+00,1.319E+02,1.120E-04,3.951E-05,0.3529
036,36: Krypton,9.000E-03,1.378E+02,1.918E+00,1.397E+02,1.193E-04,4.391E-05,0.3680
036,36: Krypton,1.000E-02,1.452E+02,1.840E+00,1.470E+02,1.263E-04,4.823E-05,0.3819
036,36: Krypton,1.250E-02,1.601E+02,1.675E+00,1.618E+02,1.425E-04,5.875E-05,0.4124
036,36: Krypton,1.500E-02,1.732E+02,1.543E+00,1.748E+02,1.573E-04,6.896E-05,0.4383
036,36: Krypton,1.750E-02,1.849E+02,1.433E+00,1.864E+02,1.712E-04,7.889E-05,0.4609
036,36: Krypton,2.000E-02,1.955E+02,1.341E+00,1.968E+02,1.842E-04,8.856E-05,0.4807
036,36: Krypton,2.250E-02,2.051E+02,1.261E+00,2.063E+02,1.966E-04,9.800E-05,0.4984
036,36: Krypton,2.500E-02,2.138E+02,1.192E+00,2.150E+02,2.085E-04,1.072E-04,0.5144
036,36: Krypton,2.750E-02,2.218E+02,1.132E+00,2.229E+02,2.199E-04,1.163E-04,0.5289
036,36: Krypton,3.000E-02,2.291E+02,1.078E+00,2.302E+02,2.309E-04,1.252E-04,0.5421
036,36: Krypton,3.500E-02,2.420E+02,9.863E-01,2.430E+02,2.520E-04,1.426E-04,0.5656
036,36: Krypton,4.000E-02,2.527E+02,9.111E-01,2.536E+02,2.722E-04,1.595E-04,0.5859
036,36: Krypton,4.500E-02,2.616E+02,8.480E-01,2.625E+02,2.915E-04,1.760E-04,0.6038
036,36: Krypton,5.000E-02,2.688E+02,7.941E-01,2.696E+02,3.103E-04,1.923E-04,0.6197
036,36: Krypton,5.500E-02,2.746E+02,7.476E-01,2.753E+02,3.287E-04,2.084E-04,0.6341
036,36: Krypton,6.000E-02,2.790E+02,7.069E-01,2.797E+02,3.467E-04,2.244E-04,0.6472
036,36: Krypton,6.500E-02,2.823E+02,6.709E-01,2.829E+02,3.644E-04,2.402E-04,0.6592
036,36: Krypton,7.000E-02,2.845E+02,6.388E-01,2.851E+02,3.820E-04,2.561E-04,0.6703
036,36: Krypton,7.500E-02,2.858E+02,6.101E-01,2.864E+02,3.995E-04,2.719E-04,0.6805
036,36: Krypton,8.000E-02,2.862E+02,5.841E-01,2.868E+02,4.170E-04,2.878E-04,0.6901
036,36: Krypton,8.500E-02,2.860E+02,5.605E-01,2.865E+02,4.344E-04,3.037E-04,0.6991
036,36: Krypton,9.000E-02,2.851E+02,5.389E-01,2.857E+02,4.519E-04,3.198E-04,0.7076
036,36: Krypton,9.500E-02,2.838E+02,5.192E-01,2.843E+02,4.694E-04,3.359E-04,0.7156
036,36: Krypton,1.000E-01,2.819E+02,5.010E-01,2.824E+02,4.871E-04,3.522E-04,0.7232
036,36: Krypton,1.250E-01,2.686E+02,4.278E-01,2.690E+02,5.776E-04,4.367E-04,0.7560
036,36: Krypton,1.500E-01,2.522E+02,3.749E-01,2.526E+02,6.735E-04,5.269E-04,0.7824
036,36: Krypton,1.750E-01,2.362E+02,3.347E-01,2.365E+02,7.758E-04,6.239E-04,0.8042
036,36: Krypton,2.000E-01,2.217E+02,3.030E-01,2.220E+02,8.850E-04,7.279E-04,0.8225
036,36: Krypton,2.250E-01,2.090E+02,2.773E-01,2.093E+02,1.001E-03,8.388E-04,0.8379
036,36: Krypton,2.500E-01,1.982E+02,2.559E-01,1.984E+02,1.124E-03,9.564E-04,0.8510
036,36: Krypton,2.750E-01,1.889E+02,2.379E-01,1.891E+02,1.253E-03,1.080E-03,0.8623
036,36: Krypton,3.000E-01,1.809E+02,2.224E-01,1.812E+02,1.388E-03,1.210E-03,0.8720
036,36: Krypton,3.500E-01,1.681E+02,1.973E-01,1.683E+02,1.675E-03,1.487E-03,0.8877
036,36: Krypton,4.000E-01,1.581E+02,1.776E-01,1.583E+02,1.981E-03,1.783E-03,0.8998
036,36: Krypton,4.500E-01,1.502E+02,1.618E-01,1.504E+02,2.306E-03,2.097E-03,0.9094
036,36: Krypton,5.000E-01,1.437E+02,1.488E-01,1.438E+02,2.646E-03,2.427E-03,0.9171
036,36: Krypton,5.500E-01,1.381E+02,1.378E-01,1.382E+02,3.001E-03,2.771E-03,0.9234
036,36: Krypton,6.000E-01,1.332E+02,1.285E-01,1.333E+02,3.369E-03,3.129E-03,0.9287
036,36: Krypton,6.500E-01,1.288E+02,1.205E-01,1.289E+02,3.751E-03,3.500E-03,0.9331
036,36: Krypton,7.000E-01,1.248E+02,1.134E-01,1.250E+02,4.145E-03,3.883E-03,0.9370
036,36: Krypton,7.500E-01,1.212E+02,1.072E-01,1.213E+02,4.551E-03,4.279E-03,0.9403
036,36: Krypton,8.000E-01,1.178E+02,1.017E-01,1.179E+02,4.969E-03,4.687E-03,0.9432
036,36: Krypton,8.500E-01,1.146E+02,9.682E-02,1.147E+02,5.399E-03,5.106E-03,0.9458
036,36: Krypton,9.000E-01,1.116E+02,9.238E-02,1.117E+02,5.841E-03,5.537E-03,0.9480
036,36: Krypton,9.500E-01,1.088E+02,8.836E-02,1.089E+02,6.294E-03,5.980E-03,0.9501
036,36: Krypton,1.000E+00,1.061E+02,8.470E-02,1.062E+02,6.759E-03,6.435E-03,0.9520
036,36: Krypton,1.250E+00,9.463E+01,7.041E-02,9.470E+01,9.256E-03,8.877E-03,0.9591
036,36: Krypton,1.500E+00,8.543E+01,6.047E-02,8.549E+01,1.204E-02,1.160E-02,0.9639
036,36: Krypton,1.750E+00,7.791E+01,5.313E-02,7.797E+01,1.510E-02,1.461E-02,0.9674
036,36: Krypton,2.000E+00,7.184E+01,4.747E-02,7.188E+01,1.845E-02,1.789E-02,0.9700
036,36: Krypton,2.250E+00,6.689E+01,4.296E-02,6.693E+01,2.206E-02,2.144E-02,0.9721
036,36: Krypton,2.500E+00,6.269E+01,3.929E-02,6.273E+01,2.592E-02,2.524E-02,0.9737
036,36: Krypton,2.750E+00,5.913E+01,3.622E-02,5.917E+01,3.002E-02,2.927E-02,0.9751
036,36: Krypton,3.000E+00,5.601E+01,3.363E-02,5.604E+01,3.437E-02,3.355E-02,0.9762
036,36: Krypton,3.500E+00,5.073E+01,2.947E-02,5.076E+01,4.375E-02,4.279E-02,0.9780
036,36: Krypton,4.000E+00,4.648E+01,2.626E-02,4.650E+01,5.406E-02,5.295E-02,0.9794
036,36: Krypton,4.500E+00,4.301E+01,2.372E-02,4.304E+01,6.524E-02,6.397E-02,0.9805
036,36: Krypton,5.000E+00,4.007E+01,2.165E-02,4.010E+01,7.729E-02,7.585E-02,0.9814
036,36: Krypton,5.500E+00,3.758E+01,1.992E-02,3.760E+01,9.018E-02,8.856E-02,0.9821
036,36: Krypton,6.000E+00,3.541E+01,1.847E-02,3.543E+01,1.039E-01,1.021E-01,0.9827
036,36: Krypton,6.500E+00,3.351E+01,1.722E-02,3.353E+01,1.184E-01,1.164E-01,0.9833
036,36: Krypton,7.000E+00,3.184E+01,1.614E-02,3.185E+01,1.337E-01,1.315E-01,0.9837
036,36: Krypton,7.500E+00,3.034E+01,1.520E-02,3.036E+01,1.498E-01,1.474E-01,0.9841
036,36: Krypton,8.000E+00,2.900E+01,1.436E-02,2.901E+01,1.666E-01,1.640E-01,0.9845
036,36: Krypton,8.500E+00,2.778E+01,1.361E-02,2.780E+01,1.842E-01,1.814E-01,0.9848
036,36: Krypton,9.000E+00,2.668E+01,1.295E-02,2.669E+01,2.026E-01,1.996E-01,0.9851
036,36: Krypton,9.500E+00,2.567E+01,1.234E-02,2.569E+01,2.217E-01,2.185E-01,0.9853
036,36: Krypton,1.000E+01,2.475E+01,1.180E-02,2.476E+01,2.415E-01,2.381E-01,0.9856
036,36: Krypton,1.250E+01,2.106E+01,9.686E-03,2.107E+01,3.514E-01,3.467E-01,0.9865
036,36: Krypton,1.500E+01,1.843E+01,8.238E-03,1.844E+01,4.786E-01,4.724E-01,0.9872
036,36: Krypton,1.750E+01,1.645E+01,7.181E-03,1.645E+01,6.224E-01,6.147E-01,0.9877
036,36: Krypton,2.000E+01,1.489E+01,6.373E-03,1.489E+01,7.823E-01,7.730E-01,0.9881
036,36: Krypton,2.500E+01,1.260E+01,5.216E-03,1.260E+01,1.149E+00,1.136E+00,0.9887
036,36: Krypton,2.750E+01,1.172E+01,4.787E-03,1.173E+01,1.355E+00,1.340E+00,0.9889
036,36: Krypton,3.000E+01,1.098E+01,4.426E-03,1.099E+01,1.575E+00,1.558E+00,0.9891
036,36: Krypton,3.500E+01,9.776E+00,3.850E-03,9.780E+00,2.058E+00,2.037E+00,0.9894
036,36: Krypton,4.000E+01,8.840E+00,3.411E-03,8.843E+00,2.597E+00,2.570E+00,0.9897
036,36: Krypton,4.500E+01,8.090E+00,3.064E-03,8.093E+00,3.189E+00,3.157E+00,0.9900
036,36: Krypton,5.000E+01,7.475E+00,2.784E-03,7.478E+00,3.832E+00,3.794E+00,0.9902
036,36: Krypton,5.500E+01,6.961E+00,2.552E-03,6.964E+00,4.525E+00,4.482E+00,0.9903
036,36: Krypton,6.000E+01,6.525E+00,2.357E-03,6.527E+00,5.267E+00,5.217E+00,0.9905
036,36: Krypton,6.500E+01,6.149E+00,2.190E-03,6.151E+00,6.057E+00,6.000E+00,0.9906
036,36: Krypton,7.000E+01,5.822E+00,2.046E-03,5.824E+00,6.893E+00,6.829E+00,0.9907
036,36: Krypton,7.500E+01,5.535E+00,1.920E-03,5.536E+00,7.774E+00,7.703E+00,0.9908
036,36: Krypton,8.000E+01,5.280E+00,1.810E-03,5.282E+00,8.699E+00,8.620E+00,0.9910
036,36: Krypton,8.500E+01,5.053E+00,1.711E-03,5.055E+00,9.667E+00,9.580E+00,0.9911
036,36: Krypton,9.000E+01,4.849E+00,1.623E-03,4.851E+00,1.068E+01,1.058E+01,0.9911
036,36: Krypton,9.500E+01,4.665E+00,1.544E-03,4.666E+00,1.173E+01,1.163E+01,0.9912
036,36: Krypton,1.000E+02,4.497E+00,1.473E-03,4.499E+00,1.282E+01,1.271E+01,0.9913
036,36: Krypton,1.250E+02,3.848E+00,1.198E-03,3.849E+00,1.885E+01,1.870E+01,0.9917
036,36: Krypton,1.500E+02,3.402E+00,1.011E-03,3.403E+00,2.578E+01,2.557E+01,0.9919
036,36: Krypton,1.750E+02,3.077E+00,8.760E-04,3.078E+00,3.352E+01,3.326E+01,0.9922
036,36: Krypton,2.000E+02,2.829E+00,7.734E-04,2.830E+00,4.201E+01,4.168E+01,0.9924
036,36: Krypton,2.250E+02,2.634E+00,6.928E-04,2.635E+00,5.117E+01,5.079E+01,0.9926
036,36: Krypton,2.500E+02,2.477E+00,6.278E-04,2.477E+00,6.097E+01,6.052E+01,0.9927
036,36: Krypton,2.750E+02,2.347E+00,5.742E-04,2.348E+00,7.134E+01,7.083E+01,0.9929
036,36: Krypton,3.000E+02,2.239E+00,5.293E-04,2.239E+00,8.225E+01,8.168E+01,0.9930
036,36: Krypton,3.500E+02,2.068E+00,4.580E-04,2.069E+00,1.055E+02,1.048E+02,0.9933
036,36: Krypton,4.000E+02,1.941E+00,4.041E-04,1.941E+00,1.305E+02,1.297E+02,0.9935
036,36: Krypton,4.500E+02,1.842E+00,3.618E-04,1.843E+00,1.570E+02,1.560E+02,0.9937
036,36: Krypton,5.000E+02,1.764E+00,3.277E-04,1.765E+00,1.847E+02,1.836E+02,0.9939
036,36: Krypton,5.500E+02,1.701E+00,2.996E-04,1.702E+00,2.136E+02,2.123E+02,0.9940
036,36: Krypton,6.000E+02,1.650E+00,2.761E-04,1.650E+00,2.434E+02,2.420E+02,0.9942
036,36: Krypton,6.500E+02,1.607E+00,2.561E-04,1.607E+00,2.742E+02,2.726E+02,0.9943
036,36: Krypton,7.000E+02,1.571E+00,2.388E-04,1.572E+00,3.056E+02,3.039E+02,0.9945
036,36: Krypton,7.500E+02,1.541E+00,2.238E-04,1.541E+00,3.378E+02,3.359E+02,0.9946
036,36: Krypton,8.000E+02,1.515E+00,2.107E-04,1.516E+00,3.705E+02,3.685E+02,0.9947
036,36: Krypton,8.500E+02,1.493E+00,1.990E-04,1.493E+00,4.037E+02,4.016E+02,0.9948
036,36: Krypton,9.000E+02,1.474E+00,1.886E-04,1.474E+00,4.374E+02,4.352E+02,0.9949
036,36: Krypton,9.500E+02,1.458E+00,1.793E-04,1.458E+00,4.715E+02,4.692E+02,0.9950
036,36: Krypton,1.000E+03,1.444E+00,1.708E-04,1.444E+00,5.060E+02,5.035E+02,0.9951
036,36: Krypton,1.500E+03,1.372E+00,1.167E-04,1.372E+00,8.632E+02,8.596E+02,0.9958
036,36: Krypton,2.000E+03,1.357E+00,8.915E-05,1.357E+00,1.230E+03,1.226E+03,0.9963
036,36: Krypton,2.500E+03,1.362E+00,7.234E-05,1.362E+00,1.598E+03,1.593E+03,0.9967
036,36: Krypton,3.000E+03,1.375E+00,6.100E-05,1.375E+00,1.964E+03,1.958E+03,0.9970
036,36: Krypton,4.000E+03,1.407E+00,4.662E-05,1.407E+00,2.683E+03,2.676E+03,0.9974
036,36: Krypton,5.000E+03,1.441E+00,3.786E-05,1.441E+00,3.385E+03,3.377E+03,0.9977
036,36: Krypton,6.000E+03,1.473E+00,3.194E-05,1.473E+00,4.071E+03,4.063E+03,0.9979
036,36: Krypton,7.000E+03,1.502E+00,2.766E-05,1.503E+00,4.744E+03,4.734E+03,0.9981
036,36: Krypton,8.000E+03,1.530E+00,2.442E-05,1.530E+00,5.403E+03,5.393E+03,0.9982
036,36: Krypton,9.000E+03,1.554E+00,2.188E-05,1.555E+00,6.051E+03,6.041E+03,0.9984
036,36: Krypton,1.000E+04,1.577E+00,1.983E-05,1.577E+00,6.690E+03,6.680E+03,0.9985
042,42: Molybdenum,1.000E-03,4.018E+01,2.539E+00,4.272E+01,4.014E-05,6.262E-06,0.1560
042,42: Molybdenum,1.500E-03,4.921E+01,2.502E+00,5.171E+01,5.065E-05,8.991E-06,0.1775
042,42: Molybdenum,2.000E-03,5.682E+01,2.445E+00,5.926E+01,5.967E-05,1.168E-05,0.1958
042,42: Molybdenum,2.500E-03,6.353E+01,2.382E+00,6.591E+01,6.765E-05,1.432E-05,0.2117
042,42: Molybdenum,3.000E-03,6.959E+01,2.318E+00,7.191E+01,7.491E-05,1.693E-05,0.2260
042,42: Molybdenum,4.000E-03,8.035E+01,2.197E+00,8.255E+01,8.786E-05,2.207E-05,0.2512
042,42: Molybdenum,5.000E-03,8.984E+01,2.087E+00,9.193E+01,9.932E-05,2.710E-05,0.2728
042,42: Molybdenum,6.000E-03,9.841E+01,1.989E+00,1.004E+02,1.097E-04,3.204E-05,0.2920
042,42: Molybdenum,7.000E-03,1.063E+02,1.901E+00,1.082E+02,1.193E-04,3.689E-05,0.3092
042,42: Molybdenum,8.000E-03,1.136E+02,1.822E+00,1.155E+02,1.283E-04,4.166E-05,0.3248
042,42: Molybdenum,9.000E-03,1.205E+02,1.750E+00,1.223E+02,1.367E-04,4.635E-05,0.3391
042,42: Molybdenum,1.000E-02,1.270E+02,1.685E+00,1.287E+02,1.446E-04,5.096E-05,0.3523
042,42: Molybdenum,1.250E-02,1.402E+02,1.546E+00,1.417E+02,1.631E-04,6.224E-05,0.3816
042,42: Molybdenum,1.500E-02,1.517E+02,1.432E+00,1.532E+02,1.800E-04,7.324E-05,0.4068
042,42: Molybdenum,1.750E-02,1.621E+02,1.337E+00,1.634E+02,1.958E-04,8.397E-05,0.4288
042,42: Molybdenum,2.000E-02,1.715E+02,1.256E+00,1.728E+02,2.107E-04,9.445E-05,0.4483
042,42: Molybdenum,2.250E-02,1.801E+02,1.186E+00,1.813E+02,2.248E-04,1.047E-04,0.4657
042,42: Molybdenum,2.500E-02,1.880E+02,1.124E+00,1.892E+02,2.383E-04,1.148E-04,0.4815
042,42: Molybdenum,2.750E-02,1.954E+02,1.070E+00,1.964E+02,2.513E-04,1.246E-04,0.4959
042,42: Molybdenum,3.000E-02,2.021E+02,1.021E+00,2.032E+02,2.638E-04,1.343E-04,0.5092
042,42: Molybdenum,3.500E-02,2.143E+02,9.386E-01,2.152E+02,2.877E-04,1.533E-04,0.5327
042,42: Molybdenum,4.000E-02,2.248E+02,8.701E-01,2.256E+02,3.104E-04,1.717E-04,0.5532
042,42: Molybdenum,4.500E-02,2.338E+02,8.122E-01,2.346E+02,3.321E-04,1.897E-04,0.5712
042,42: Molybdenum,5.000E-02,2.416E+02,7.626E-01,2.424E+02,3.530E-04,2.074E-04,0.5873
042,42: Molybdenum,5.500E-02,2.483E+02,7.195E-01,2.490E+02,3.734E-04,2.247E-04,0.6019
042,42: Molybdenum,6.000E-02,2.539E+02,6.817E-01,2.546E+02,3.932E-04,2.419E-04,0.6151
042,42: Molybdenum,6.500E-02,2.587E+02,6.481E-01,2.593E+02,4.127E-04,2.589E-04,0.6273
042,42: Molybdenum,7.000E-02,2.626E+02,6.182E-01,2.632E+02,4.318E-04,2.757E-04,0.6385
042,42: Molybdenum,7.500E-02,2.657E+02,5.912E-01,2.663E+02,4.507E-04,2.925E-04,0.6489
042,42: Molybdenum,8.000E-02,2.682E+02,5.668E-01,2.688E+02,4.694E-04,3.091E-04,0.6586
042,42: Molybdenum,8.500E-02,2.700E+02,5.445E-01,2.706E+02,4.879E-04,3.258E-04,0.6677
042,42: Molybdenum,9.000E-02,2.713E+02,5.242E-01,2.718E+02,5.064E-04,3.424E-04,0.6762
042,42: Molybdenum,9.500E-02,2.721E+02,5.055E-01,2.726E+02,5.247E-04,3.591E-04,0.6843
042,42: Molybdenum,1.000E-01,2.724E+02,4.882E-01,2.729E+02,5.430E-04,3.758E-04,0.6919
042,42: Molybdenum,1.250E-01,2.687E+02,4.186E-01,2.691E+02,6.351E-04,4.604E-04,0.7250
042,42: Molybdenum,1.500E-01,2.595E+02,3.679E-01,2.599E+02,7.295E-04,5.484E-04,0.7517
042,42: Molybdenum,1.750E-01,2.480E+02,3.293E-01,2.483E+02,8.279E-04,6.407E-04,0.7740
042,42: Molybdenum,2.000E-01,2.358E+02,2.986E-01,2.361E+02,9.311E-04,7.383E-04,0.7929
042,42: Molybdenum,2.250E-01,2.240E+02,2.737E-01,2.243E+02,1.040E-03,8.415E-04,0.8093
042,42: Molybdenum,2.500E-01,2.131E+02,2.529E-01,2.133E+02,1.154E-03,9.504E-04,0.8235
042,42: Molybdenum,2.750E-01,2.031E+02,2.354E-01,2.033E+02,1.274E-03,1.065E-03,0.8359
042,42: Molybdenum,3.000E-01,1.941E+02,2.203E-01,1.944E+02,1.400E-03,1.186E-03,0.8468
042,42: Molybdenum,3.500E-01,1.789E+02,1.957E-01,1.791E+02,1.668E-03,1.443E-03,0.8651
042,42: Molybdenum,4.000E-01,1.666E+02,1.765E-01,1.668E+02,1.958E-03,1.722E-03,0.8795
042,42: Molybdenum,4.500E-01,1.565E+02,1.610E-01,1.567E+02,2.267E-03,2.021E-03,0.8911
042,42: Molybdenum,5.000E-01,1.481E+02,1.482E-01,1.483E+02,2.596E-03,2.338E-03,0.9006
042,42: Molybdenum,5.500E-01,1.410E+02,1.374E-01,1.412E+02,2.942E-03,2.672E-03,0.9085
042,42: Molybdenum,6.000E-01,1.349E+02,1.282E-01,1.350E+02,3.304E-03,3.023E-03,0.9151
042,42: Molybdenum,6.500E-01,1.295E+02,1.202E-01,1.296E+02,3.682E-03,3.390E-03,0.9207
042,42: Molybdenum,7.000E-01,1.247E+02,1.133E-01,1.248E+02,4.075E-03,3.772E-03,0.9255
042,42: Molybdenum,7.500E-01,1.204E+02,1.072E-01,1.205E+02,4.483E-03,4.168E-03,0.9297
042,42: Molybdenum,8.000E-01,1.164E+02,1.017E-01,1.165E+02,4.905E-03,4.578E-03,0.9333
042,42: Molybdenum,8.500E-01,1.126E+02,9.683E-02,1.127E+02,5.341E-03,5.002E-03,0.9365
042,42: Molybdenum,9.000E-01,1.091E+02,9.243E-02,1.092E+02,5.792E-03,5.441E-03,0.9393
042,42: Molybdenum,9.500E-01,1.058E+02,8.845E-02,1.058E+02,6.257E-03,5.894E-03,0.9419
042,42: Molybdenum,1.000E+00,1.026E+02,8.482E-02,1.027E+02,6.737E-03,6.361E-03,0.9442
042,42: Molybdenum,1.250E+00,8.980E+01,7.060E-02,8.987E+01,9.346E-03,8.906E-03,0.9528
042,42: Molybdenum,1.500E+00,8.034E+01,6.070E-02,8.040E+01,1.229E-02,1.178E-02,0.9586
042,42: Molybdenum,1.750E+00,7.315E+01,5.338E-02,7.320E+01,1.556E-02,1.498E-02,0.9626
042,42: Molybdenum,2.000E+00,6.751E+01,4.773E-02,6.756E+01,1.912E-02,1.846E-02,0.9656
042,42: Molybdenum,2.250E+00,6.294E+01,4.323E-02,6.299E+01,2.295E-02,2.222E-02,0.9679
042,42: Molybdenum,2.500E+00,5.908E+01,3.955E-02,5.912E+01,2.705E-02,2.623E-02,0.9697
042,42: Molybdenum,2.750E+00,5.578E+01,3.648E-02,5.582E+01,3.141E-02,3.050E-02,0.9712
042,42: Molybdenum,3.000E+00,5.290E+01,3.389E-02,5.293E+01,3.601E-02,3.502E-02,0.9724
042,42: Molybdenum,3.500E+00,4.808E+01,2.972E-02,4.811E+01,4.593E-02,4.476E-02,0.9744
042,42: Molybdenum,4.000E+00,4.423E+01,2.651E-02,4.425E+01,5.678E-02,5.541E-02,0.9759
042,42: Molybdenum,4.500E+00,4.102E+01,2.395E-02,4.104E+01,6.852E-02,6.695E-02,0.9771
042,42: Molybdenum,5.000E+00,3.829E+01,2.187E-02,3.831E+01,8.114E-02,7.936E-02,0.9780
042,42: Molybdenum,5.500E+00,3.594E+01,2.014E-02,3.596E+01,9.462E-02,9.262E-02,0.9788
042,42: Molybdenum,6.000E+00,3.393E+01,1.868E-02,3.395E+01,1.089E-01,1.067E-01,0.9795
042,42: Molybdenum,6.500E+00,3.216E+01,1.742E-02,3.217E+01,1.241E-01,1.216E-01,0.9801
042,42: Molybdenum,7.000E+00,3.058E+01,1.634E-02,3.060E+01,1.400E-01,1.373E-01,0.9806
042,42: Molybdenum,7.500E+00,2.917E+01,1.538E-02,2.919E+01,1.568E-01,1.538E-01,0.9811
042,42: Molybdenum,8.000E+00,2.791E+01,1.454E-02,2.793E+01,1.743E-01,1.710E-01,0.9815
042,42: Molybdenum,8.500E+00,2.677E+01,1.379E-02,2.678E+01,1.926E-01,1.891E-01,0.9818
042,42: Molybdenum,9.000E+00,2.573E+01,1.312E-02,2.574E+01,2.116E-01,2.078E-01,0.9821
042,42: Molybdenum,9.500E+00,2.478E+01,1.251E-02,2.479E+01,2.314E-01,2.273E-01,0.9824
042,42: Molybdenum,1.000E+01,2.390E+01,1.196E-02,2.391E+01,2.519E-01,2.476E-01,0.9827
042,42: Molybdenum,1.250E+01,2.041E+01,9.826E-03,2.042E+01,3.655E-01,3.596E-01,0.9838
042,42: Molybdenum,1.500E+01,1.790E+01,8.364E-03,1.791E+01,4.966E-01,4.889E-01,0.9846
042,42: Molybdenum,1.750E+01,1.600E+01,7.295E-03,1.601E+01,6.445E-01,6.349E-01,0.9852
042,42: Molybdenum,2.000E+01,1.451E+01,6.478E-03,1.452E+01,8.087E-01,7.971E-01,0.9857
042,42: Molybdenum,2.500E+01,1.231E+01,5.307E-03,1.231E+01,1.184E+00,1.168E+00,0.9864
042,42: Molybdenum,2.750E+01,1.147E+01,4.873E-03,1.147E+01,1.395E+00,1.376E+00,0.9867
042,42: Molybdenum,3.000E+01,1.075E+01,4.507E-03,1.075E+01,1.620E+00,1.599E+00,0.9869
042,42: Molybdenum,3.500E+01,9.582E+00,3.923E-03,9.585E+00,2.113E+00,2.087E+00,0.9873
042,42: Molybdenum,4.000E+01,8.674E+00,3.478E-03,8.677E+00,2.662E+00,2.630E+00,0.9877
042,42: Molybdenum,4.500E+01,7.945E+00,3.126E-03,7.948E+00,3.265E+00,3.226E+00,0.9880
042,42: Molybdenum,5.000E+01,7.347E+00,2.841E-03,7.350E+00,3.920E+00,3.874E+00,0.9882
042,42: Molybdenum,5.500E+01,6.846E+00,2.606E-03,6.849E+00,4.625E+00,4.572E+00,0.9884
042,42: Molybdenum,6.000E+01,6.420E+00,2.407E-03,6.423E+00,5.380E+00,5.318E+00,0.9886
042,42: Molybdenum,6.500E+01,6.053E+00,2.238E-03,6.056E+00,6.182E+00,6.113E+00,0.9888
042,42: Molybdenum,7.000E+01,5.734E+00,2.091E-03,5.736E+00,7.031E+00,6.953E+00,0.9889
042,42: Molybdenum,7.500E+01,5.453E+00,1.963E-03,5.455E+00,7.925E+00,7.838E+00,0.9891
042,42: Molybdenum,8.000E+01,5.204E+00,1.851E-03,5.206E+00,8.863E+00,8.768E+00,0.9892
042,42: Molybdenum,8.500E+01,4.982E+00,1.751E-03,4.984E+00,9.845E+00,9.740E+00,0.9893
042,42: Molybdenum,9.000E+01,4.782E+00,1.661E-03,4.784E+00,1.087E+01,1.075E+01,0.9894
042,42: Molybdenum,9.500E+01,4.602E+00,1.581E-03,4.603E+00,1.194E+01,1.181E+01,0.9895
042,42: Molybdenum,1.000E+02,4.438E+00,1.508E-03,4.439E+00,1.304E+01,1.291E+01,0.9896
042,42: Molybdenum,1.250E+02,3.801E+00,1.227E-03,3.802E+00,1.915E+01,1.896E+01,0.9900
042,42: Molybdenum,1.500E+02,3.363E+00,1.037E-03,3.364E+00,2.616E+01,2.591E+01,0.9904
042,42: Molybdenum,1.750E+02,3.043E+00,8.988E-04,3.043E+00,3.399E+01,3.368E+01,0.9907
042,42: Molybdenum,2.000E+02,2.798E+00,7.939E-04,2.799E+00,4.257E+01,4.218E+01,0.9909
042,42: Molybdenum,2.250E+02,2.606E+00,7.115E-04,2.607E+00,5.184E+01,5.138E+01,0.9911
042,42: Molybdenum,2.500E+02,2.451E+00,6.449E-04,2.452E+00,6.173E+01,6.120E+01,0.9913
042,42: Molybdenum,2.750E+02,2.323E+00,5.901E-04,2.324E+00,7.222E+01,7.160E+01,0.9915
042,42: Molybdenum,3.000E+02,2.216E+00,5.440E-04,2.217E+00,8.324E+01,8.254E+01,0.9917
042,42: Molybdenum,3.500E+02,2.048E+00,4.710E-04,2.048E+00,1.067E+02,1.059E+02,0.9920
042,42: Molybdenum,4.000E+02,1.921E+00,4.156E-04,1.922E+00,1.320E+02,1.310E+02,0.9922
042,42: Molybdenum,4.500E+02,1.823E+00,3.722E-04,1.824E+00,1.587E+02,1.575E+02,0.9925
042,42: Molybdenum,5.000E+02,1.746E+00,3.372E-04,1.746E+00,1.868E+02,1.854E+02,0.9927
042,42: Molybdenum,5.500E+02,1.683E+00,3.084E-04,1.684E+00,2.159E+02,2.144E+02,0.9929
042,42: Molybdenum,6.000E+02,1.632E+00,2.842E-04,1.632E+00,2.461E+02,2.444E+02,0.9931
042,42: Molybdenum,6.500E+02,1.589E+00,2.637E-04,1.589E+00,2.772E+02,2.753E+02,0.9932
042,42: Molybdenum,7.000E+02,1.553E+00,2.460E-04,1.553E+00,3.090E+02,3.070E+02,0.9934
042,42: Molybdenum,7.500E+02,1.523E+00,2.305E-04,1.523E+00,3.415E+02,3.393E+02,0.9935
042,42: Molybdenum,8.000E+02,1.497E+00,2.170E-04,1.497E+00,3.746E+02,3.723E+02,0.9937
042,42: Molybdenum,8.500E+02,1.474E+00,2.050E-04,1.475E+00,4.083E+02,4.058E+02,0.9938
042,42: Molybdenum,9.000E+02,1.455E+00,1.943E-04,1.455E+00,4.424E+02,4.397E+02,0.9939
042,42: Molybdenum,9.500E+02,1.438E+00,1.847E-04,1.439E+00,4.770E+02,4.741E+02,0.9941
042,42: Molybdenum,1.000E+03,1.424E+00,1.760E-04,1.424E+00,5.119E+02,5.089E+02,0.9942
042,42: Molybdenum,1.500E+03,1.348E+00,1.203E-04,1.348E+00,8.748E+02,8.705E+02,0.9950
042,42: Molybdenum,2.000E+03,1.329E+00,9.192E-05,1.329E+00,1.249E+03,1.244E+03,0.9956
042,42: Molybdenum,2.500E+03,1.329E+00,7.460E-05,1.329E+00,1.626E+03,1.619E+03,0.9961
042,42: Molybdenum,3.000E+03,1.337E+00,6.292E-05,1.337E+00,2.001E+03,1.994E+03,0.9964
042,42: Molybdenum,4.000E+03,1.361E+00,4.809E-05,1.361E+00,2.743E+03,2.734E+03,0.9969
042,42: Molybdenum,5.000E+03,1.386E+00,3.906E-05,1.386E+00,3.471E+03,3.461E+03,0.9972
042,42: Molybdenum,6.000E+03,1.410E+00,3.295E-05,1.410E+00,4.186E+03,4.175E+03,0.9975
042,42: Molybdenum,7.000E+03,1.433E+00,2.854E-05,1.433E+00,4.889E+03,4.878E+03,0.9977
042,42: Molybdenum,8.000E+03,1.453E+00,2.520E-05,1.453E+00,5.582E+03,5.571E+03,0.9979
042,42: Molybdenum,9.000E+03,1.471E+00,2.258E-05,1.471E+00,6.266E+03,6.254E+03,0.9980
042,42: Molybdenum,1.000E+04,1.487E+00,2.047E-05,1.488E+00,6.942E+03,6.930E+03,0.9982
047,47: Silver,1.000E-03,2.973E+01,2.169E+00,3.190E+01,5.358E-05,6.877E-06,0.1284
047,47: Silver,1.500E-03,3.641E+01,2.153E+00,3.857E+01,6.767E-05,9.912E-06,0.1465
047,47: Silver,2.000E-03,4.205E+01,2.115E+00,4.416E+01,7.976E-05,1.292E-05,0.1620
047,47: Silver,2.500E-03,4.701E+01,2.071E+00,4.908E+01,9.048E-05,1.590E-05,0.1757
047,47: Silver,3.000E-03,5.150E+01,2.024E+00,5.352E+01,1.002E-04,1.885E-05,0.1881
047,47: Silver,4.000E-03,5.946E+01,1.931E+00,6.140E+01,1.176E-04,2.471E-05,0.2101
047,47: Silver,5.000E-03,6.648E+01,1.845E+00,6.833E+01,1.330E-04,3.051E-05,0.2293
047,47: Silver,6.000E-03,7.283E+01,1.767E+00,7.460E+01,1.470E-04,3.624E-05,0.2465
047,47: Silver,7.000E-03,7.866E+01,1.695E+00,8.036E+01,1.600E-04,4.192E-05,0.2621
047,47: Silver,8.000E-03,8.409E+01,1.630E+00,8.573E+01,1.720E-04,4.753E-05,0.2764
047,47: Silver,9.000E-03,8.920E+01,1.571E+00,9.077E+01,1.833E-04,5.309E-05,0.2896
047,47: Silver,1.000E-02,9.402E+01,1.517E+00,9.554E+01,1.941E-04,5.858E-05,0.3019
047,47: Silver,1.250E-02,1.037E+02,1.399E+00,1.051E+02,2.190E-04,7.214E-05,0.3295
047,47: Silver,1.500E-02,1.121E+02,1.302E+00,1.134E+02,2.418E-04,8.549E-05,0.3535
047,47: Silver,1.750E-02,1.197E+02,1.220E+00,1.209E+02,2.632E-04,9.863E-05,0.3748
047,47: Silver,2.000E-02,1.266E+02,1.149E+00,1.277E+02,2.833E-04,1.116E-04,0.3938
047,47: Silver,2.250E-02,1.328E+02,1.088E+00,1.339E+02,3.024E-04,1.243E-04,0.4111
047,47: Silver,2.500E-02,1.385E+02,1.034E+00,1.395E+02,3.207E-04,1.368E-04,0.4268
047,47: Silver,2.750E-02,1.437E+02,9.861E-01,1.447E+02,3.382E-04,1.492E-04,0.4412
047,47: Silver,3.000E-02,1.485E+02,9.432E-01,1.495E+02,3.552E-04,1.615E-04,0.4545
047,47: Silver,3.500E-02,1.571E+02,8.695E-01,1.579E+02,3.878E-04,1.855E-04,0.4785
047,47: Silver,4.000E-02,1.643E+02,8.081E-01,1.651E+02,4.187E-04,2.091E-04,0.4995
047,47: Silver,4.500E-02,1.705E+02,7.561E-01,1.713E+02,4.484E-04,2.324E-04,0.5182
047,47: Silver,5.000E-02,1.757E+02,7.113E-01,1.764E+02,4.772E-04,2.553E-04,0.5350
047,47: Silver,5.500E-02,1.801E+02,6.723E-01,1.808E+02,5.051E-04,2.780E-04,0.5504
047,47: Silver,6.000E-02,1.837E+02,6.379E-01,1.844E+02,5.325E-04,3.005E-04,0.5644
047,47: Silver,6.500E-02,1.867E+02,6.074E-01,1.873E+02,5.594E-04,3.230E-04,0.5773
047,47: Silver,7.000E-02,1.891E+02,5.800E-01,1.897E+02,5.859E-04,3.453E-04,0.5893
047,47: Silver,7.500E-02,1.911E+02,5.553E-01,1.916E+02,6.122E-04,3.676E-04,0.6005
047,47: Silver,8.000E-02,1.925E+02,5.329E-01,1.931E+02,6.381E-04,3.899E-04,0.6109
047,47: Silver,8.500E-02,1.936E+02,5.125E-01,1.941E+02,6.640E-04,4.122E-04,0.6207
047,47: Silver,9.000E-02,1.944E+02,4.938E-01,1.949E+02,6.897E-04,4.345E-04,0.6300
047,47: Silver,9.500E-02,1.948E+02,4.765E-01,1.953E+02,7.153E-04,4.569E-04,0.6388
047,47: Silver,1.000E-01,1.950E+02,4.606E-01,1.955E+02,7.409E-04,4.794E-04,0.6471
047,47: Silver,1.250E-01,1.934E+02,3.961E-01,1.938E+02,8.691E-04,5.936E-04,0.6830
047,47: Silver,1.500E-01,1.893E+02,3.490E-01,1.897E+02,9.994E-04,7.116E-04,0.7120
047,47: Silver,1.750E-01,1.844E+02,3.129E-01,1.847E+02,1.133E-03,8.339E-04,0.7360
047,47: Silver,2.000E-01,1.792E+02,2.842E-01,1.795E+02,1.270E-03,9.607E-04,0.7563
047,47: Silver,2.250E-01,1.741E+02,2.608E-01,1.744E+02,1.412E-03,1.092E-03,0.7737
047,47: Silver,2.500E-01,1.693E+02,2.413E-01,1.696E+02,1.557E-03,1.228E-03,0.7887
047,47: Silver,2.750E-01,1.648E+02,2.247E-01,1.650E+02,1.706E-03,1.368E-03,0.8018
047,47: Silver,3.000E-01,1.605E+02,2.105E-01,1.607E+02,1.860E-03,1.513E-03,0.8133
047,47: Silver,3.500E-01,1.527E+02,1.873E-01,1.529E+02,2.179E-03,1.815E-03,0.8327
047,47: Silver,4.000E-01,1.457E+02,1.691E-01,1.459E+02,2.514E-03,2.133E-03,0.8483
047,47: Silver,4.500E-01,1.395E+02,1.543E-01,1.396E+02,2.864E-03,2.467E-03,0.8611
047,47: Silver,5.000E-01,1.338E+02,1.422E-01,1.339E+02,3.230E-03,2.816E-03,0.8718
047,47: Silver,5.500E-01,1.286E+02,1.319E-01,1.288E+02,3.611E-03,3.181E-03,0.8809
047,47: Silver,6.000E-01,1.239E+02,1.232E-01,1.240E+02,4.007E-03,3.561E-03,0.8887
047,47: Silver,6.500E-01,1.195E+02,1.156E-01,1.196E+02,4.417E-03,3.956E-03,0.8955
047,47: Silver,7.000E-01,1.154E+02,1.090E-01,1.156E+02,4.843E-03,4.365E-03,0.9014
047,47: Silver,7.500E-01,1.117E+02,1.031E-01,1.118E+02,5.283E-03,4.790E-03,0.9067
047,47: Silver,8.000E-01,1.081E+02,9.791E-02,1.082E+02,5.737E-03,5.228E-03,0.9113
047,47: Silver,8.500E-01,1.048E+02,9.324E-02,1.049E+02,6.207E-03,5.682E-03,0.9154
047,47: Silver,9.000E-01,1.017E+02,8.903E-02,1.018E+02,6.690E-03,6.150E-03,0.9192
047,47: Silver,9.500E-01,9.874E+01,8.522E-02,9.882E+01,7.189E-03,6.632E-03,0.9225
047,47: Silver,1.000E+00,9.598E+01,8.175E-02,9.606E+01,7.702E-03,7.129E-03,0.9256
047,47: Silver,1.250E+00,8.449E+01,6.813E-02,8.456E+01,1.048E-02,9.827E-03,0.9374
047,47: Silver,1.500E+00,7.592E+01,5.862E-02,7.598E+01,1.361E-02,1.287E-02,0.9454
047,47: Silver,1.750E+00,6.930E+01,5.159E-02,6.935E+01,1.706E-02,1.622E-02,0.9511
047,47: Silver,2.000E+00,6.405E+01,4.616E-02,6.409E+01,2.081E-02,1.988E-02,0.9554
047,47: Silver,2.250E+00,5.977E+01,4.182E-02,5.981E+01,2.485E-02,2.383E-02,0.9587
047,47: Silver,2.500E+00,5.618E+01,3.828E-02,5.622E+01,2.917E-02,2.804E-02,0.9614
047,47: Silver,2.750E+00,5.307E+01,3.532E-02,5.311E+01,3.374E-02,3.251E-02,0.9635
047,47: Silver,3.000E+00,5.037E+01,3.282E-02,5.041E+01,3.858E-02,3.724E-02,0.9653
047,47: Silver,3.500E+00,4.586E+01,2.880E-02,4.589E+01,4.899E-02,4.743E-02,0.9682
047,47: Silver,4.000E+00,4.221E+01,2.570E-02,4.224E+01,6.036E-02,5.857E-02,0.9703
047,47: Silver,4.500E+00,3.919E+01,2.324E-02,3.921E+01,7.266E-02,7.062E-02,0.9720
047,47: Silver,5.000E+00,3.666E+01,2.123E-02,3.668E+01,8.585E-02,8.356E-02,0.9733
047,47: Silver,5.500E+00,3.447E+01,1.955E-02,3.449E+01,9.992E-02,9.736E-02,0.9744
047,47: Silver,6.000E+00,3.256E+01,1.814E-02,3.258E+01,1.148E-01,1.120E-01,0.9754
047,47: Silver,6.500E+00,3.088E+01,1.692E-02,3.089E+01,1.306E-01,1.275E-01,0.9762
047,47: Silver,7.000E+00,2.937E+01,1.587E-02,2.939E+01,1.472E-01,1.438E-01,0.9769
047,47: Silver,7.500E+00,2.805E+01,1.495E-02,2.807E+01,1.646E-01,1.609E-01,0.9775
047,47: Silver,8.000E+00,2.685E+01,1.413E-02,2.687E+01,1.828E-01,1.788E-01,0.9780
047,47: Silver,8.500E+00,2.577E+01,1.340E-02,2.578E+01,2.018E-01,1.975E-01,0.9785
047,47: Silver,9.000E+00,2.478E+01,1.275E-02,2.479E+01,2.216E-01,2.170E-01,0.9789
047,47: Silver,9.500E+00,2.387E+01,1.216E-02,2.388E+01,2.422E-01,2.372E-01,0.9793
047,47: Silver,1.000E+01,2.304E+01,1.163E-02,2.305E+01,2.635E-01,2.581E-01,0.9797
047,47: Silver,1.250E+01,1.971E+01,9.563E-03,1.972E+01,3.812E-01,3.740E-01,0.9811
047,47: Silver,1.500E+01,1.731E+01,8.144E-03,1.732E+01,5.168E-01,5.076E-01,0.9821
047,47: Silver,1.750E+01,1.550E+01,7.107E-03,1.550E+01,6.696E-01,6.582E-01,0.9829
047,47: Silver,2.000E+01,1.407E+01,6.313E-03,1.407E+01,8.391E-01,8.253E-01,0.9835
047,47: Silver,2.500E+01,1.195E+01,5.176E-03,1.195E+01,1.226E+00,1.207E+00,0.9844
047,47: Silver,2.750E+01,1.114E+01,4.754E-03,1.114E+01,1.443E+00,1.421E+00,0.9847
047,47: Silver,3.000E+01,1.045E+01,4.398E-03,1.045E+01,1.675E+00,1.650E+00,0.9850
047,47: Silver,3.500E+01,9.321E+00,3.830E-03,9.325E+00,2.182E+00,2.151E+00,0.9856
047,47: Silver,4.000E+01,8.444E+00,3.397E-03,8.447E+00,2.746E+00,2.708E+00,0.9860
047,47: Silver,4.500E+01,7.739E+00,3.054E-03,7.742E+00,3.365E+00,3.319E+00,0.9863
047,47: Silver,5.000E+01,7.160E+00,2.777E-03,7.163E+00,4.038E+00,3.983E+00,0.9866
047,47: Silver,5.500E+01,6.675E+00,2.547E-03,6.677E+00,4.761E+00,4.698E+00,0.9868
047,47: Silver,6.000E+01,6.262E+00,2.354E-03,6.264E+00,5.535E+00,5.463E+00,0.9871
047,47: Silver,6.500E+01,5.906E+00,2.189E-03,5.908E+00,6.357E+00,6.276E+00,0.9873
047,47: Silver,7.000E+01,5.596E+00,2.046E-03,5.598E+00,7.227E+00,7.136E+00,0.9874
047,47: Silver,7.500E+01,5.323E+00,1.921E-03,5.325E+00,8.143E+00,8.042E+00,0.9876
047,47: Silver,8.000E+01,5.081E+00,1.812E-03,5.083E+00,9.105E+00,8.993E+00,0.9878
047,47: Silver,8.500E+01,4.865E+00,1.714E-03,4.867E+00,1.011E+01,9.988E+00,0.9879
047,47: Silver,9.000E+01,4.671E+00,1.627E-03,4.672E+00,1.116E+01,1.103E+01,0.9880
047,47: Silver,9.500E+01,4.495E+00,1.548E-03,4.497E+00,1.225E+01,1.210E+01,0.9881
047,47: Silver,1.000E+02,4.336E+00,1.477E-03,4.337E+00,1.338E+01,1.323E+01,0.9883
047,47: Silver,1.250E+02,3.715E+00,1.203E-03,3.716E+00,1.964E+01,1.941E+01,0.9887
047,47: Silver,1.500E+02,3.288E+00,1.017E-03,3.289E+00,2.681E+01,2.652E+01,0.9891
047,47: Silver,1.750E+02,2.975E+00,8.819E-04,2.976E+00,3.481E+01,3.445E+01,0.9894
047,47: Silver,2.000E+02,2.736E+00,7.793E-04,2.737E+00,4.359E+01,4.314E+01,0.9897
047,47: Silver,2.250E+02,2.548E+00,6.986E-04,2.549E+00,5.306E+01,5.253E+01,0.9900
047,47: Silver,2.500E+02,2.396E+00,6.334E-04,2.397E+00,6.319E+01,6.257E+01,0.9902
047,47: Silver,2.750E+02,2.271E+00,5.796E-04,2.271E+00,7.391E+01,7.320E+01,0.9904
047,47: Silver,3.000E+02,2.166E+00,5.345E-04,2.166E+00,8.519E+01,8.439E+01,0.9906
047,47: Silver,3.500E+02,2.000E+00,4.629E-04,2.001E+00,1.092E+02,1.083E+02,0.9909
047,47: Silver,4.000E+02,1.876E+00,4.086E-04,1.877E+00,1.351E+02,1.339E+02,0.9912
047,47: Silver,4.500E+02,1.780E+00,3.660E-04,1.781E+00,1.625E+02,1.611E+02,0.9915
047,47: Silver,5.000E+02,1.704E+00,3.317E-04,1.705E+00,1.912E+02,1.896E+02,0.9917
047,47: Silver,5.500E+02,1.643E+00,3.034E-04,1.643E+00,2.211E+02,2.193E+02,0.9920
047,47: Silver,6.000E+02,1.592E+00,2.796E-04,1.593E+00,2.520E+02,2.500E+02,0.9922
047,47: Silver,6.500E+02,1.551E+00,2.594E-04,1.551E+00,2.838E+02,2.817E+02,0.9924
047,47: Silver,7.000E+02,1.515E+00,2.420E-04,1.516E+00,3.164E+02,3.141E+02,0.9925
047,47: Silver,7.500E+02,1.485E+00,2.269E-04,1.486E+00,3.498E+02,3.472E+02,0.9927
047,47: Silver,8.000E+02,1.460E+00,2.136E-04,1.460E+00,3.837E+02,3.810E+02,0.9929
047,47: Silver,8.500E+02,1.438E+00,2.018E-04,1.438E+00,4.182E+02,4.153E+02,0.9930
047,47: Silver,9.000E+02,1.419E+00,1.912E-04,1.419E+00,4.532E+02,4.501E+02,0.9931
047,47: Silver,9.500E+02,1.403E+00,1.818E-04,1.403E+00,4.887E+02,4.854E+02,0.9933
047,47: Silver,1.000E+03,1.389E+00,1.733E-04,1.389E+00,5.245E+02,5.210E+02,0.9934
047,47: Silver,1.500E+03,1.314E+00,1.185E-04,1.315E+00,8.966E+02,8.916E+02,0.9944
047,47: Silver,2.000E+03,1.296E+00,9.054E-05,1.296E+00,1.280E+03,1.274E+03,0.9950
047,47: Silver,2.500E+03,1.296E+00,7.349E-05,1.296E+00,1.666E+03,1.659E+03,0.9955
047,47: Silver,3.000E+03,1.305E+00,6.199E-05,1.305E+00,2.051E+03,2.043E+03,0.9959
047,47: Silver,4.000E+03,1.329E+00,4.739E-05,1.329E+00,2.811E+03,2.801E+03,0.9965
047,47: Silver,5.000E+03,1.355E+00,3.849E-05,1.355E+00,3.556E+03,3.545E+03,0.9969
047,47: Silver,6.000E+03,1.379E+00,3.247E-05,1.379E+00,4.287E+03,4.275E+03,0.9972
047,47: Silver,7.000E+03,1.402E+00,2.813E-05,1.402E+00,5.006E+03,4.993E+03,0.9974
047,47: Silver,8.000E+03,1.423E+00,2.484E-05,1.423E+00,5.714E+03,5.701E+03,0.9976
047,47: Silver,9.000E+03,1.442E+00,2.226E-05,1.442E+00,6.412E+03,6.398E+03,0.9978
047,47: Silver,1.000E+04,1.459E+00,2.018E-05,1.459E+00,7.101E+03,7.087E+03,0.9979
050,50: Tin,1.000E-03,3.240E+01,1.866E+00,3.427E+01,5.045E-05,7.107E-06,0.1409
050,50: Tin,1.500E-03,3.968E+01,1.859E+00,4.154E+01,6.355E-05,1.017E-05,0.1600
050,50: Tin,2.000E-03,4.582E+01,1.833E+00,4.765E+01,7.476E-05,1.318E-05,0.1763
050,50: Tin,2.500E-03,5.123E+01,1.799E+00,5.303E+01,8.470E-05,1.614E-05,0.1906
050,50: Tin,3.000E-03,5.612E+01,1.762E+00,5.788E+01,9.371E-05,1.907E-05,0.2035
050,50: Tin,4.000E-03,6.480E+01,1.688E+00,6.649E+01,1.098E-04,2.483E-05,0.2262
050,50: Tin,5.000E-03,7.245E+01,1.618E+00,7.407E+01,1.240E-04,3.049E-05,0.2459
050,50: Tin,6.000E-03,7.936E+01,1.553E+00,8.092E+01,1.369E-04,3.606E-05,0.2634
050,50: Tin,7.000E-03,8.572E+01,1.493E+00,8.722E+01,1.488E-04,4.155E-05,0.2792
050,50: Tin,8.000E-03,9.164E+01,1.439E+00,9.308E+01,1.599E-04,4.697E-05,0.2937
050,50: Tin,9.000E-03,9.720E+01,1.389E+00,9.859E+01,1.704E-04,5.230E-05,0.3070
050,50: Tin,1.000E-02,1.025E+02,1.343E+00,1.038E+02,1.802E-04,5.756E-05,0.3194
050,50: Tin,1.250E-02,1.131E+02,1.242E+00,1.143E+02,2.031E-04,7.049E-05,0.3470
050,50: Tin,1.500E-02,1.224E+02,1.159E+00,1.236E+02,2.241E-04,8.317E-05,0.3710
050,50: Tin,1.750E-02,1.308E+02,1.088E+00,1.319E+02,2.437E-04,9.558E-05,0.3922
050,50: Tin,2.000E-02,1.385E+02,1.027E+00,1.395E+02,2.621E-04,1.078E-04,0.4111
050,50: Tin,2.250E-02,1.455E+02,9.734E-01,1.464E+02,2.796E-04,1.197E-04,0.4281
050,50: Tin,2.500E-02,1.519E+02,9.263E-01,1.528E+02,2.963E-04,1.315E-04,0.4436
050,50: Tin,2.750E-02,1.579E+02,8.845E-01,1.588E+02,3.124E-04,1.430E-04,0.4578
050,50: Tin,3.000E-02,1.634E+02,8.469E-01,1.643E+02,3.278E-04,1.544E-04,0.4709
050,50: Tin,3.500E-02,1.734E+02,7.821E-01,1.741E+02,3.574E-04,1.767E-04,0.4944
050,50: Tin,4.000E-02,1.820E+02,7.280E-01,1.827E+02,3.854E-04,1.984E-04,0.5149
050,50: Tin,4.500E-02,1.895E+02,6.820E-01,1.902E+02,4.122E-04,2.197E-04,0.5331
050,50: Tin,5.000E-02,1.960E+02,6.423E-01,1.966E+02,4.380E-04,2.407E-04,0.5495
050,50: Tin,5.500E-02,2.016E+02,6.077E-01,2.022E+02,4.631E-04,2.613E-04,0.5643
050,50: Tin,6.000E-02,2.064E+02,5.771E-01,2.069E+02,4.875E-04,2.817E-04,0.5779
050,50: Tin,6.500E-02,2.104E+02,5.499E-01,2.109E+02,5.115E-04,3.019E-04,0.5903
050,50: Tin,7.000E-02,2.138E+02,5.255E-01,2.143E+02,5.350E-04,3.220E-04,0.6019
050,50: Tin,7.500E-02,2.165E+02,5.034E-01,2.170E+02,5.582E-04,3.420E-04,0.6126
050,50: Tin,8.000E-02,2.187E+02,4.834E-01,2.192E+02,5.811E-04,3.618E-04,0.6227
050,50: Tin,8.500E-02,2.204E+02,4.651E-01,2.209E+02,6.038E-04,3.817E-04,0.6321
050,50: Tin,9.000E-02,2.216E+02,4.484E-01,2.221E+02,6.264E-04,4.015E-04,0.6410
050,50: Tin,9.500E-02,2.224E+02,4.329E-01,2.229E+02,6.488E-04,4.214E-04,0.6495
050,50: Tin,1.000E-01,2.229E+02,4.187E-01,2.233E+02,6.713E-04,4.413E-04,0.6575
050,50: Tin,1.250E-01,2.207E+02,3.607E-01,2.210E+02,7.835E-04,5.423E-04,0.6922
050,50: Tin,1.500E-01,2.138E+02,3.182E-01,2.142E+02,8.983E-04,6.472E-04,0.7205
050,50: Tin,1.750E-01,2.049E+02,2.856E-01,2.052E+02,1.017E-03,7.572E-04,0.7442
050,50: Tin,2.000E-01,1.954E+02,2.596E-01,1.956E+02,1.142E-03,8.733E-04,0.7645
050,50: Tin,2.250E-01,1.860E+02,2.384E-01,1.863E+02,1.273E-03,9.958E-04,0.7821
050,50: Tin,2.500E-01,1.773E+02,2.207E-01,1.776E+02,1.411E-03,1.125E-03,0.7975
050,50: Tin,2.750E-01,1.694E+02,2.057E-01,1.696E+02,1.555E-03,1.261E-03,0.8109
050,50: Tin,3.000E-01,1.623E+02,1.928E-01,1.625E+02,1.705E-03,1.403E-03,0.8228
050,50: Tin,3.500E-01,1.501E+02,1.716E-01,1.503E+02,2.026E-03,1.707E-03,0.8428
050,50: Tin,4.000E-01,1.403E+02,1.550E-01,1.404E+02,2.370E-03,2.035E-03,0.8586
050,50: Tin,4.500E-01,1.322E+02,1.416E-01,1.324E+02,2.737E-03,2.386E-03,0.8715
050,50: Tin,5.000E-01,1.255E+02,1.305E-01,1.257E+02,3.125E-03,2.757E-03,0.8821
050,50: Tin,5.500E-01,1.197E+02,1.211E-01,1.199E+02,3.533E-03,3.147E-03,0.8909
050,50: Tin,6.000E-01,1.147E+02,1.131E-01,1.148E+02,3.959E-03,3.557E-03,0.8983
050,50: Tin,6.500E-01,1.101E+02,1.062E-01,1.103E+02,4.404E-03,3.984E-03,0.9046
050,50: Tin,7.000E-01,1.061E+02,1.001E-01,1.062E+02,4.866E-03,4.429E-03,0.9101
050,50: Tin,7.500E-01,1.025E+02,9.479E-02,1.025E+02,5.345E-03,4.890E-03,0.9148
050,50: Tin,8.000E-01,9.914E+01,9.002E-02,9.923E+01,5.841E-03,5.368E-03,0.9190
050,50: Tin,8.500E-01,9.612E+01,8.575E-02,9.620E+01,6.353E-03,5.862E-03,0.9227
050,50: Tin,9.000E-01,9.334E+01,8.190E-02,9.342E+01,6.880E-03,6.371E-03,0.9260
050,50: Tin,9.500E-01,9.077E+01,7.840E-02,9.085E+01,7.423E-03,6.896E-03,0.9289
050,50: Tin,1.000E+00,8.840E+01,7.522E-02,8.847E+01,7.981E-03,7.435E-03,0.9315
050,50: Tin,1.250E+00,7.869E+01,6.273E-02,7.875E+01,1.098E-02,1.034E-02,0.9416
050,50: Tin,1.500E+00,7.147E+01,5.401E-02,7.152E+01,1.432E-02,1.358E-02,0.9483
050,50: Tin,1.750E+00,6.570E+01,4.755E-02,6.575E+01,1.797E-02,1.713E-02,0.9531
050,50: Tin,2.000E+00,6.079E+01,4.255E-02,6.084E+01,2.193E-02,2.098E-02,0.9567
050,50: Tin,2.250E+00,5.686E+01,3.857E-02,5.690E+01,2.618E-02,2.512E-02,0.9595
050,50: Tin,2.500E+00,5.345E+01,3.531E-02,5.349E+01,3.071E-02,2.954E-02,0.9618
050,50: Tin,2.750E+00,5.047E+01,3.259E-02,5.050E+01,3.553E-02,3.424E-02,0.9637
050,50: Tin,3.000E+00,4.794E+01,3.028E-02,4.797E+01,4.061E-02,3.920E-02,0.9653
050,50: Tin,3.500E+00,4.366E+01,2.658E-02,4.369E+01,5.155E-02,4.989E-02,0.9678
050,50: Tin,4.000E+00,4.020E+01,2.373E-02,4.023E+01,6.349E-02,6.156E-02,0.9697
050,50: Tin,4.500E+00,3.734E+01,2.146E-02,3.736E+01,7.640E-02,7.420E-02,0.9713
050,50: Tin,5.000E+00,3.491E+01,1.961E-02,3.493E+01,9.025E-02,8.777E-02,0.9725
050,50: Tin,5.500E+00,3.284E+01,1.807E-02,3.286E+01,1.050E-01,1.022E-01,0.9736
050,50: Tin,6.000E+00,3.105E+01,1.676E-02,3.106E+01,1.207E-01,1.176E-01,0.9745
050,50: Tin,6.500E+00,2.946E+01,1.564E-02,2.947E+01,1.372E-01,1.338E-01,0.9752
050,50: Tin,7.000E+00,2.804E+01,1.467E-02,2.805E+01,1.546E-01,1.509E-01,0.9759
050,50: Tin,7.500E+00,2.677E+01,1.382E-02,2.678E+01,1.728E-01,1.688E-01,0.9765
050,50: Tin,8.000E+00,2.562E+01,1.306E-02,2.563E+01,1.919E-01,1.875E-01,0.9770
050,50: Tin,8.500E+00,2.459E+01,1.239E-02,2.461E+01,2.118E-01,2.071E-01,0.9775
050,50: Tin,9.000E+00,2.366E+01,1.179E-02,2.367E+01,2.326E-01,2.274E-01,0.9779
050,50: Tin,9.500E+00,2.280E+01,1.125E-02,2.281E+01,2.541E-01,2.486E-01,0.9783
050,50: Tin,1.000E+01,2.200E+01,1.076E-02,2.202E+01,2.764E-01,2.705E-01,0.9787
050,50: Tin,1.250E+01,1.883E+01,8.848E-03,1.884E+01,3.996E-01,3.916E-01,0.9801
050,50: Tin,1.500E+01,1.655E+01,7.537E-03,1.656E+01,5.415E-01,5.312E-01,0.9811
050,50: Tin,1.750E+01,1.482E+01,6.579E-03,1.483E+01,7.013E-01,6.886E-01,0.9819
050,50: Tin,2.000E+01,1.346E+01,5.846E-03,1.347E+01,8.785E-01,8.631E-01,0.9825
050,50: Tin,2.500E+01,1.144E+01,4.794E-03,1.145E+01,1.283E+00,1.262E+00,0.9834
050,50: Tin,2.750E+01,1.067E+01,4.404E-03,1.067E+01,1.509E+00,1.485E+00,0.9838
050,50: Tin,3.000E+01,1.001E+01,4.075E-03,1.001E+01,1.751E+00,1.723E+00,0.9841
050,50: Tin,3.500E+01,8.932E+00,3.550E-03,8.936E+00,2.281E+00,2.246E+00,0.9846
050,50: Tin,4.000E+01,8.094E+00,3.149E-03,8.097E+00,2.870E+00,2.827E+00,0.9851
050,50: Tin,4.500E+01,7.421E+00,2.832E-03,7.424E+00,3.515E+00,3.464E+00,0.9854
050,50: Tin,5.000E+01,6.867E+00,2.575E-03,6.869E+00,4.216E+00,4.156E+00,0.9857
050,50: Tin,5.500E+01,6.403E+00,2.363E-03,6.405E+00,4.970E+00,4.901E+00,0.9860
050,50: Tin,6.000E+01,6.008E+00,2.184E-03,6.010E+00,5.777E+00,5.697E+00,0.9862
050,50: Tin,6.500E+01,5.667E+00,2.031E-03,5.669E+00,6.634E+00,6.544E+00,0.9864
050,50: Tin,7.000E+01,5.370E+00,1.899E-03,5.372E+00,7.540E+00,7.440E+00,0.9866
050,50: Tin,7.500E+01,5.109E+00,1.783E-03,5.111E+00,8.495E+00,8.383E+00,0.9868
050,50: Tin,8.000E+01,4.878E+00,1.681E-03,4.879E+00,9.497E+00,9.373E+00,0.9870
050,50: Tin,8.500E+01,4.671E+00,1.591E-03,4.672E+00,1.054E+01,1.041E+01,0.9871
050,50: Tin,9.000E+01,4.485E+00,1.510E-03,4.486E+00,1.164E+01,1.149E+01,0.9872
050,50: Tin,9.500E+01,4.317E+00,1.437E-03,4.318E+00,1.277E+01,1.261E+01,0.9874
050,50: Tin,1.000E+02,4.164E+00,1.371E-03,4.165E+00,1.395E+01,1.378E+01,0.9875
050,50: Tin,1.250E+02,3.570E+00,1.117E-03,3.571E+00,2.046E+01,2.022E+01,0.9880
050,50: Tin,1.500E+02,3.161E+00,9.448E-04,3.162E+00,2.792E+01,2.760E+01,0.9884
050,50: Tin,1.750E+02,2.862E+00,8.195E-04,2.863E+00,3.625E+01,3.584E+01,0.9888
050,50: Tin,2.000E+02,2.634E+00,7.243E-04,2.635E+00,4.536E+01,4.487E+01,0.9891
050,50: Tin,2.250E+02,2.454E+00,6.494E-04,2.455E+00,5.521E+01,5.462E+01,0.9893
050,50: Tin,2.500E+02,2.309E+00,5.889E-04,2.310E+00,6.571E+01,6.503E+01,0.9896
050,50: Tin,2.750E+02,2.189E+00,5.390E-04,2.190E+00,7.684E+01,7.605E+01,0.9898
050,50: Tin,3.000E+02,2.089E+00,4.971E-04,2.090E+00,8.853E+01,8.765E+01,0.9900
050,50: Tin,3.500E+02,1.932E+00,4.306E-04,1.932E+00,1.135E+02,1.124E+02,0.9904
050,50: Tin,4.000E+02,1.813E+00,3.801E-04,1.814E+00,1.402E+02,1.389E+02,0.9907
050,50: Tin,4.500E+02,1.722E+00,3.405E-04,1.722E+00,1.685E+02,1.670E+02,0.9910
050,50: Tin,5.000E+02,1.649E+00,3.086E-04,1.650E+00,1.982E+02,1.965E+02,0.9912
050,50: Tin,5.500E+02,1.591E+00,2.823E-04,1.591E+00,2.291E+02,2.271E+02,0.9915
050,50: Tin,6.000E+02,1.543E+00,2.602E-04,1.543E+00,2.610E+02,2.588E+02,0.9917
050,50: Tin,6.500E+02,1.503E+00,2.415E-04,1.503E+00,2.939E+02,2.915E+02,0.9919
050,50: Tin,7.000E+02,1.469E+00,2.253E-04,1.469E+00,3.275E+02,3.249E+02,0.9921
050,50: Tin,7.500E+02,1.441E+00,2.112E-04,1.441E+00,3.619E+02,3.591E+02,0.9923
050,50: Tin,8.000E+02,1.417E+00,1.988E-04,1.417E+00,3.969E+02,3.939E+02,0.9924
050,50: Tin,8.500E+02,1.396E+00,1.878E-04,1.396E+00,4.324E+02,4.292E+02,0.9926
050,50: Tin,9.000E+02,1.378E+00,1.780E-04,1.378E+00,4.685E+02,4.651E+02,0.9927
050,50: Tin,9.500E+02,1.362E+00,1.692E-04,1.362E+00,5.050E+02,5.014E+02,0.9929
050,50: Tin,1.000E+03,1.349E+00,1.613E-04,1.349E+00,5.419E+02,5.381E+02,0.9930
050,50: Tin,1.500E+03,1.279E+00,1.104E-04,1.279E+00,9.247E+02,9.192E+02,0.9940
050,50: Tin,2.000E+03,1.262E+00,8.432E-05,1.262E+00,1.319E+03,1.312E+03,0.9947
050,50: Tin,2.500E+03,1.263E+00,6.845E-05,1.263E+00,1.715E+03,1.707E+03,0.9953
050,50: Tin,3.000E+03,1.271E+00,5.774E-05,1.271E+00,2.110E+03,2.101E+03,0.9957
050,50: Tin,4.000E+03,1.295E+00,4.415E-05,1.295E+00,2.890E+03,2.879E+03,0.9963
050,50: Tin,5.000E+03,1.321E+00,3.586E-05,1.321E+00,3.655E+03,3.642E+03,0.9967
050,50: Tin,6.000E+03,1.345E+00,3.025E-05,1.345E+00,4.405E+03,4.392E+03,0.9970
050,50: Tin,7.000E+03,1.367E+00,2.621E-05,1.367E+00,5.142E+03,5.128E+03,0.9973
050,50: Tin,8.000E+03,1.388E+00,2.314E-05,1.388E+00,5.868E+03,5.853E+03,0.9975
050,50: Tin,9.000E+03,1.406E+00,2.074E-05,1.406E+00,6.584E+03,6.568E+03,0.9976
050,50: Tin,1.000E+04,1.423E+00,1.880E-05,1.423E+00,7.291E+03,7.274E+03,0.9978
054,54: Xenon,1.000E-03,3.810E+01,1.604E+00,3.971E+01,4.404E-05,7.194E-06,0.1633
054,54: Xenon,1.500E-03,4.667E+01,1.606E+00,4.827E+01,5.533E-05,1.019E-05,0.1841
054,54: Xenon,2.000E-03,5.388E+01,1.588E+00,5.547E+01,6.497E-05,1.310E-05,0.2016
054,54: Xenon,2.500E-03,6.024E+01,1.564E+00,6.181E+01,7.350E-05,1.594E-05,0.2169
054,54: Xenon,3.000E-03,6.599E+01,1.536E+00,6.753E+01,8.123E-05,1.872E-05,0.2305
054,54: Xenon,4.000E-03,7.620E+01,1.478E+00,7.768E+01,9.500E-05,2.415E-05,0.2542
054,54: Xenon,5.000E-03,8.520E+01,1.422E+00,8.662E+01,1.072E-04,2.943E-05,0.2746
054,54: Xenon,6.000E-03,9.333E+01,1.369E+00,9.470E+01,1.182E-04,3.459E-05,0.2927
054,54: Xenon,7.000E-03,1.008E+02,1.320E+00,1.021E+02,1.284E-04,3.965E-05,0.3088
054,54: Xenon,8.000E-03,1.078E+02,1.275E+00,1.090E+02,1.378E-04,4.460E-05,0.3236
054,54: Xenon,9.000E-03,1.143E+02,1.233E+00,1.155E+02,1.467E-04,4.946E-05,0.3370
054,54: Xenon,1.000E-02,1.205E+02,1.195E+00,1.217E+02,1.552E-04,5.423E-05,0.3495
054,54: Xenon,1.250E-02,1.328E+02,1.110E+00,1.339E+02,1.747E-04,6.590E-05,0.3772
054,54: Xenon,1.500E-02,1.436E+02,1.038E+00,1.446E+02,1.927E-04,7.728E-05,0.4011
054,54: Xenon,1.750E-02,1.532E+02,9.772E-01,1.541E+02,2.094E-04,8.839E-05,0.4221
054,54: Xenon,2.000E-02,1.618E+02,9.243E-01,1.627E+02,2.252E-04,9.926E-05,0.4408
054,54: Xenon,2.250E-02,1.696E+02,8.780E-01,1.705E+02,2.402E-04,1.099E-04,0.4576
054,54: Xenon,2.500E-02,1.767E+02,8.370E-01,1.775E+02,2.545E-04,1.204E-04,0.4729
054,54: Xenon,2.750E-02,1.832E+02,8.003E-01,1.840E+02,2.684E-04,1.307E-04,0.4869
054,54: Xenon,3.000E-02,1.891E+02,7.673E-01,1.899E+02,2.817E-04,1.408E-04,0.4997
054,54: Xenon,3.500E-02,1.994E+02,7.102E-01,2.001E+02,3.074E-04,1.607E-04,0.5228
054,54: Xenon,4.000E-02,2.080E+02,6.624E-01,2.087E+02,3.318E-04,1.802E-04,0.5429
054,54: Xenon,4.500E-02,2.150E+02,6.216E-01,2.156E+02,3.554E-04,1.993E-04,0.5608
054,54: Xenon,5.000E-02,2.207E+02,5.862E-01,2.213E+02,3.782E-04,2.182E-04,0.5769
054,54: Xenon,5.500E-02,2.252E+02,5.553E-01,2.258E+02,4.006E-04,2.370E-04,0.5915
054,54: Xenon,6.000E-02,2.287E+02,5.280E-01,2.292E+02,4.226E-04,2.556E-04,0.6048
054,54: Xenon,6.500E-02,2.312E+02,5.036E-01,2.317E+02,4.443E-04,2.742E-04,0.6172
054,54: Xenon,7.000E-02,2.329E+02,4.816E-01,2.334E+02,4.658E-04,2.928E-04,0.6286
054,54: Xenon,7.500E-02,2.339E+02,4.618E-01,2.344E+02,4.871E-04,3.114E-04,0.6393
054,54: Xenon,8.000E-02,2.343E+02,4.438E-01,2.347E+02,5.085E-04,3.301E-04,0.6492
054,54: Xenon,8.500E-02,2.341E+02,4.273E-01,2.345E+02,5.298E-04,3.489E-04,0.6586
054,54: Xenon,9.000E-02,2.335E+02,4.122E-01,2.339E+02,5.511E-04,3.679E-04,0.6675
054,54: Xenon,9.500E-02,2.325E+02,3.982E-01,2.329E+02,5.725E-04,3.870E-04,0.6759
054,54: Xenon,1.000E-01,2.311E+02,3.853E-01,2.315E+02,5.941E-04,4.063E-04,0.6839
054,54: Xenon,1.250E-01,2.213E+02,3.327E-01,2.216E+02,7.043E-04,5.060E-04,0.7186
054,54: Xenon,1.500E-01,2.093E+02,2.941E-01,2.096E+02,8.202E-04,6.124E-04,0.7466
054,54: Xenon,1.750E-01,1.974E+02,2.643E-01,1.976E+02,9.431E-04,7.261E-04,0.7699
054,54: Xenon,2.000E-01,1.865E+02,2.405E-01,1.868E+02,1.073E-03,8.473E-04,0.7894
054,54: Xenon,2.250E-01,1.770E+02,2.210E-01,1.772E+02,1.211E-03,9.759E-04,0.8060
054,54: Xenon,2.500E-01,1.686E+02,2.048E-01,1.688E+02,1.355E-03,1.112E-03,0.8202
054,54: Xenon,2.750E-01,1.613E+02,1.910E-01,1.615E+02,1.507E-03,1.254E-03,0.8325
054,54: Xenon,3.000E-01,1.550E+02,1.791E-01,1.551E+02,1.665E-03,1.404E-03,0.8431
054,54: Xenon,3.500E-01,1.444E+02,1.596E-01,1.445E+02,1.999E-03,1.720E-03,0.8605
054,54: Xenon,4.000E-01,1.359E+02,1.443E-01,1.360E+02,2.356E-03,2.059E-03,0.8741
054,54: Xenon,4.500E-01,1.288E+02,1.319E-01,1.290E+02,2.734E-03,2.419E-03,0.8849
054,54: Xenon,5.000E-01,1.228E+02,1.216E-01,1.230E+02,3.131E-03,2.799E-03,0.8938
054,54: Xenon,5.500E-01,1.175E+02,1.130E-01,1.176E+02,3.547E-03,3.196E-03,0.9011
054,54: Xenon,6.000E-01,1.127E+02,1.055E-01,1.128E+02,3.981E-03,3.612E-03,0.9073
054,54: Xenon,6.500E-01,1.084E+02,9.912E-02,1.085E+02,4.433E-03,4.046E-03,0.9126
054,54: Xenon,7.000E-01,1.045E+02,9.349E-02,1.046E+02,4.903E-03,4.496E-03,0.9172
054,54: Xenon,7.500E-01,1.010E+02,8.852E-02,1.011E+02,5.389E-03,4.964E-03,0.9211
054,54: Xenon,8.000E-01,9.775E+01,8.410E-02,9.783E+01,5.892E-03,5.448E-03,0.9246
054,54: Xenon,8.500E-01,9.480E+01,8.013E-02,9.488E+01,6.411E-03,5.948E-03,0.9277
054,54: Xenon,9.000E-01,9.209E+01,7.655E-02,9.217E+01,6.946E-03,6.463E-03,0.9305
054,54: Xenon,9.500E-01,8.960E+01,7.330E-02,8.967E+01,7.496E-03,6.994E-03,0.9330
054,54: Xenon,1.000E+00,8.729E+01,7.034E-02,8.736E+01,8.061E-03,7.539E-03,0.9353
054,54: Xenon,1.250E+00,7.780E+01,5.871E-02,7.786E+01,1.110E-02,1.048E-02,0.9439
054,54: Xenon,1.500E+00,7.052E+01,5.058E-02,7.057E+01,1.448E-02,1.375E-02,0.9497
054,54: Xenon,1.750E+00,6.484E+01,4.455E-02,6.488E+01,1.818E-02,1.734E-02,0.9539
054,54: Xenon,2.000E+00,6.013E+01,3.989E-02,6.017E+01,2.218E-02,2.123E-02,0.9572
054,54: Xenon,2.250E+00,5.608E+01,3.616E-02,5.611E+01,2.649E-02,2.542E-02,0.9597
054,54: Xenon,2.500E+00,5.263E+01,3.312E-02,5.266E+01,3.109E-02,2.990E-02,0.9618
054,54: Xenon,2.750E+00,4.971E+01,3.058E-02,4.974E+01,3.598E-02,3.466E-02,0.9635
054,54: Xenon,3.000E+00,4.717E+01,2.842E-02,4.720E+01,4.114E-02,3.970E-02,0.9650
054,54: Xenon,3.500E+00,4.292E+01,2.495E-02,4.294E+01,5.226E-02,5.055E-02,0.9673
054,54: Xenon,4.000E+00,3.948E+01,2.228E-02,3.950E+01,6.441E-02,6.243E-02,0.9691
054,54: Xenon,4.500E+00,3.665E+01,2.016E-02,3.667E+01,7.756E-02,7.528E-02,0.9706
054,54: Xenon,5.000E+00,3.425E+01,1.843E-02,3.427E+01,9.168E-02,8.909E-02,0.9718
054,54: Xenon,5.500E+00,3.219E+01,1.698E-02,3.221E+01,1.067E-01,1.038E-01,0.9728
054,54: Xenon,6.000E+00,3.041E+01,1.576E-02,3.042E+01,1.227E-01,1.195E-01,0.9736
054,54: Xenon,6.500E+00,2.885E+01,1.471E-02,2.886E+01,1.396E-01,1.360E-01,0.9744
054,54: Xenon,7.000E+00,2.747E+01,1.380E-02,2.748E+01,1.574E-01,1.534E-01,0.9750
054,54: Xenon,7.500E+00,2.623E+01,1.300E-02,2.624E+01,1.760E-01,1.717E-01,0.9756
054,54: Xenon,8.000E+00,2.511E+01,1.229E-02,2.512E+01,1.955E-01,1.908E-01,0.9761
054,54: Xenon,8.500E+00,2.409E+01,1.166E-02,2.410E+01,2.158E-01,2.107E-01,0.9766
054,54: Xenon,9.000E+00,2.316E+01,1.110E-02,2.317E+01,2.370E-01,2.315E-01,0.9770
054,54: Xenon,9.500E+00,2.231E+01,1.059E-02,2.232E+01,2.590E-01,2.531E-01,0.9774
054,54: Xenon,1.000E+01,2.153E+01,1.012E-02,2.154E+01,2.818E-01,2.755E-01,0.9777
054,54: Xenon,1.250E+01,1.843E+01,8.332E-03,1.843E+01,4.077E-01,3.991E-01,0.9791
054,54: Xenon,1.500E+01,1.619E+01,7.100E-03,1.620E+01,5.527E-01,5.417E-01,0.9801
054,54: Xenon,1.750E+01,1.450E+01,6.199E-03,1.450E+01,7.161E-01,7.024E-01,0.9809
054,54: Xenon,2.000E+01,1.316E+01,5.510E-03,1.317E+01,8.972E-01,8.807E-01,0.9815
054,54: Xenon,2.500E+01,1.119E+01,4.521E-03,1.119E+01,1.311E+00,1.288E+00,0.9825
054,54: Xenon,2.750E+01,1.043E+01,4.154E-03,1.044E+01,1.542E+00,1.516E+00,0.9828
054,54: Xenon,3.000E+01,9.786E+00,3.844E-03,9.790E+00,1.790E+00,1.760E+00,0.9832
054,54: Xenon,3.500E+01,8.735E+00,3.349E-03,8.739E+00,2.331E+00,2.293E+00,0.9837
054,54: Xenon,4.000E+01,7.916E+00,2.972E-03,7.919E+00,2.933E+00,2.887E+00,0.9841
054,54: Xenon,4.500E+01,7.257E+00,2.674E-03,7.260E+00,3.593E+00,3.538E+00,0.9845
054,54: Xenon,5.000E+01,6.716E+00,2.432E-03,6.718E+00,4.310E+00,4.245E+00,0.9848
054,54: Xenon,5.500E+01,6.262E+00,2.231E-03,6.264E+00,5.081E+00,5.006E+00,0.9851
054,54: Xenon,6.000E+01,5.876E+00,2.063E-03,5.878E+00,5.906E+00,5.819E+00,0.9854
054,54: Xenon,6.500E+01,5.543E+00,1.919E-03,5.545E+00,6.782E+00,6.684E+00,0.9856
054,54: Xenon,7.000E+01,5.253E+00,1.794E-03,5.255E+00,7.709E+00,7.599E+00,0.9858
054,54: Xenon,7.500E+01,4.998E+00,1.685E-03,4.999E+00,8.685E+00,8.563E+00,0.9859
054,54: Xenon,8.000E+01,4.771E+00,1.589E-03,4.773E+00,9.709E+00,9.574E+00,0.9861
054,54: Xenon,8.500E+01,4.569E+00,1.504E-03,4.571E+00,1.078E+01,1.063E+01,0.9863
054,54: Xenon,9.000E+01,4.387E+00,1.428E-03,4.389E+00,1.190E+01,1.173E+01,0.9864
054,54: Xenon,9.500E+01,4.223E+00,1.359E-03,4.224E+00,1.306E+01,1.288E+01,0.9865
054,54: Xenon,1.000E+02,4.074E+00,1.297E-03,4.075E+00,1.426E+01,1.407E+01,0.9867
054,54: Xenon,1.250E+02,3.493E+00,1.057E-03,3.494E+00,2.092E+01,2.065E+01,0.9872
054,54: Xenon,1.500E+02,3.093E+00,8.942E-04,3.094E+00,2.854E+01,2.819E+01,0.9876
054,54: Xenon,1.750E+02,2.801E+00,7.759E-04,2.802E+00,3.705E+01,3.661E+01,0.9880
054,54: Xenon,2.000E+02,2.578E+00,6.859E-04,2.579E+00,4.637E+01,4.582E+01,0.9883
054,54: Xenon,2.250E+02,2.402E+00,6.151E-04,2.403E+00,5.642E+01,5.578E+01,0.9886
054,54: Xenon,2.500E+02,2.261E+00,5.579E-04,2.261E+00,6.715E+01,6.641E+01,0.9889
054,54: Xenon,2.750E+02,2.144E+00,5.107E-04,2.144E+00,7.851E+01,7.766E+01,0.9891
054,54: Xenon,3.000E+02,2.046E+00,4.710E-04,2.047E+00,9.046E+01,8.949E+01,0.9893
054,54: Xenon,3.500E+02,1.892E+00,4.081E-04,1.893E+00,1.159E+02,1.147E+02,0.9897
054,54: Xenon,4.000E+02,1.777E+00,3.604E-04,1.778E+00,1.432E+02,1.418E+02,0.9900
054,54: Xenon,4.500E+02,1.688E+00,3.229E-04,1.688E+00,1.721E+02,1.704E+02,0.9903
054,54: Xenon,5.000E+02,1.618E+00,2.927E-04,1.618E+00,2.024E+02,2.005E+02,0.9906
054,54: Xenon,5.500E+02,1.561E+00,2.677E-04,1.561E+00,2.338E+02,2.317E+02,0.9909
054,54: Xenon,6.000E+02,1.514E+00,2.468E-04,1.515E+00,2.664E+02,2.640E+02,0.9911
054,54: Xenon,6.500E+02,1.476E+00,2.290E-04,1.476E+00,2.998E+02,2.972E+02,0.9913
054,54: Xenon,7.000E+02,1.444E+00,2.137E-04,1.444E+00,3.341E+02,3.312E+02,0.9915
054,54: Xenon,7.500E+02,1.416E+00,2.004E-04,1.417E+00,3.691E+02,3.660E+02,0.9917
054,54: Xenon,8.000E+02,1.393E+00,1.886E-04,1.393E+00,4.046E+02,4.014E+02,0.9919
054,54: Xenon,8.500E+02,1.373E+00,1.782E-04,1.373E+00,4.408E+02,4.373E+02,0.9921
054,54: Xenon,9.000E+02,1.356E+00,1.689E-04,1.356E+00,4.774E+02,4.737E+02,0.9922
054,54: Xenon,9.500E+02,1.342E+00,1.606E-04,1.342E+00,5.145E+02,5.106E+02,0.9924
054,54: Xenon,1.000E+03,1.329E+00,1.531E-04,1.329E+00,5.519E+02,5.478E+02,0.9925
054,54: Xenon,1.500E+03,1.266E+00,1.048E-04,1.266E+00,9.396E+02,9.336E+02,0.9936
054,54: Xenon,2.000E+03,1.254E+00,8.006E-05,1.254E+00,1.337E+03,1.330E+03,0.9944
054,54: Xenon,2.500E+03,1.260E+00,6.500E-05,1.260E+00,1.735E+03,1.726E+03,0.9949
054,54: Xenon,3.000E+03,1.273E+00,5.483E-05,1.273E+00,2.130E+03,2.120E+03,0.9954
054,54: Xenon,4.000E+03,1.305E+00,4.193E-05,1.305E+00,2.906E+03,2.894E+03,0.9960
054,54: Xenon,5.000E+03,1.338E+00,3.405E-05,1.338E+00,3.662E+03,3.649E+03,0.9965
054,54: Xenon,6.000E+03,1.369E+00,2.874E-05,1.369E+00,4.401E+03,4.387E+03,0.9968
054,54: Xenon,7.000E+03,1.397E+00,2.489E-05,1.397E+00,5.124E+03,5.109E+03,0.9971
054,54: Xenon,8.000E+03,1.423E+00,2.198E-05,1.423E+00,5.833E+03,5.817E+03,0.9973
054,54: Xenon,9.000E+03,1.447E+00,1.970E-05,1.447E+00,6.530E+03,6.513E+03,0.9975
054,54: Xenon,1.000E+04,1.469E+00,1.786E-05,1.469E+00,7.215E+03,7.198E+03,0.9976
064,64: Gadolinium,1.000E-03,2.571E+01,1.244E+00,2.696E+01,6.484E-05,8.285E-06,0.1278
064,64: Gadolinium,1.500E-03,3.149E+01,1.257E+00,3.275E+01,8.147E-05,1.177E-05,0.1445
064,64: Gadolinium,2.000E-03,3.637E+01,1.253E+00,3.762E+01,9.569E-05,1.519E-05,0.1587
064,64: Gadolinium,2.500E-03,4.066E+01,1.242E+00,4.190E+01,1.083E-04,1.853E-05,0.1712
064,64: Gadolinium,3.000E-03,4.454E+01,1.227E+00,4.577E+01,1.197E-04,2.183E-05,0.1825
064,64: Gadolinium,4.000E-03,5.143E+01,1.192E+00,5.262E+01,1.400E-04,2.833E-05,0.2024
064,64: Gadolinium,5.000E-03,5.750E+01,1.156E+00,5.865E+01,1.580E-04,3.471E-05,0.2197
064,64: Gadolinium,6.000E-03,6.299E+01,1.121E+00,6.411E+01,1.743E-04,4.100E-05,0.2353
064,64: Gadolinium,7.000E-03,6.803E+01,1.087E+00,6.912E+01,1.893E-04,4.720E-05,0.2494
064,64: Gadolinium,8.000E-03,7.273E+01,1.055E+00,7.379E+01,2.033E-04,5.332E-05,0.2623
064,64: Gadolinium,9.000E-03,7.714E+01,1.025E+00,7.817E+01,2.164E-04,5.937E-05,0.2743
064,64: Gadolinium,1.000E-02,8.132E+01,9.972E-01,8.231E+01,2.289E-04,6.535E-05,0.2855
064,64: Gadolinium,1.250E-02,8.978E+01,9.344E-01,9.071E+01,2.578E-04,8.010E-05,0.3108
064,64: Gadolinium,1.500E-02,9.724E+01,8.804E-01,9.812E+01,2.842E-04,9.462E-05,0.3329
064,64: Gadolinium,1.750E-02,1.040E+02,8.335E-01,1.048E+02,3.089E-04,1.089E-04,0.3526
064,64: Gadolinium,2.000E-02,1.101E+02,7.923E-01,1.109E+02,3.320E-04,1.230E-04,0.3703
064,64: Gadolinium,2.250E-02,1.158E+02,7.558E-01,1.165E+02,3.540E-04,1.368E-04,0.3864
064,64: Gadolinium,2.500E-02,1.210E+02,7.232E-01,1.217E+02,3.750E-04,1.504E-04,0.4012
064,64: Gadolinium,2.750E-02,1.258E+02,6.938E-01,1.265E+02,3.952E-04,1.639E-04,0.4147
064,64: Gadolinium,3.000E-02,1.304E+02,6.672E-01,1.310E+02,4.146E-04,1.772E-04,0.4274
064,64: Gadolinium,3.500E-02,1.385E+02,6.208E-01,1.392E+02,4.516E-04,2.033E-04,0.4501
064,64: Gadolinium,4.000E-02,1.457E+02,5.815E-01,1.463E+02,4.866E-04,2.288E-04,0.4702
064,64: Gadolinium,4.500E-02,1.521E+02,5.478E-01,1.526E+02,5.200E-04,2.538E-04,0.4881
064,64: Gadolinium,5.000E-02,1.577E+02,5.183E-01,1.582E+02,5.522E-04,2.785E-04,0.5043
064,64: Gadolinium,5.500E-02,1.626E+02,4.924E-01,1.631E+02,5.833E-04,3.028E-04,0.5191
064,64: Gadolinium,6.000E-02,1.669E+02,4.694E-01,1.674E+02,6.136E-04,3.268E-04,0.5326
064,64: Gadolinium,6.500E-02,1.707E+02,4.487E-01,1.711E+02,6.431E-04,3.506E-04,0.5452
064,64: Gadolinium,7.000E-02,1.739E+02,4.301E-01,1.743E+02,6.720E-04,3.742E-04,0.5568
064,64: Gadolinium,7.500E-02,1.767E+02,4.132E-01,1.771E+02,7.005E-04,3.976E-04,0.5677
064,64: Gadolinium,8.000E-02,1.790E+02,3.978E-01,1.794E+02,7.285E-04,4.210E-04,0.5779
064,64: Gadolinium,8.500E-02,1.810E+02,3.836E-01,1.813E+02,7.562E-04,4.443E-04,0.5875
064,64: Gadolinium,9.000E-02,1.825E+02,3.706E-01,1.829E+02,7.837E-04,4.675E-04,0.5965
064,64: Gadolinium,9.500E-02,1.838E+02,3.585E-01,1.841E+02,8.109E-04,4.907E-04,0.6051
064,64: Gadolinium,1.000E-01,1.847E+02,3.474E-01,1.850E+02,8.380E-04,5.140E-04,0.6133
064,64: Gadolinium,1.250E-01,1.856E+02,3.016E-01,1.859E+02,9.725E-04,6.311E-04,0.6490
064,64: Gadolinium,1.500E-01,1.821E+02,2.676E-01,1.824E+02,1.108E-03,7.515E-04,0.6783
064,64: Gadolinium,1.750E-01,1.763E+02,2.413E-01,1.766E+02,1.247E-03,8.769E-04,0.7031
064,64: Gadolinium,2.000E-01,1.694E+02,2.202E-01,1.696E+02,1.392E-03,1.008E-03,0.7245
064,64: Gadolinium,2.250E-01,1.622E+02,2.028E-01,1.624E+02,1.542E-03,1.146E-03,0.7432
064,64: Gadolinium,2.500E-01,1.552E+02,1.883E-01,1.554E+02,1.700E-03,1.291E-03,0.7598
064,64: Gadolinium,2.750E-01,1.487E+02,1.759E-01,1.488E+02,1.864E-03,1.444E-03,0.7744
064,64: Gadolinium,3.000E-01,1.426E+02,1.652E-01,1.428E+02,2.036E-03,1.603E-03,0.7875
064,64: Gadolinium,3.500E-01,1.320E+02,1.476E-01,1.322E+02,2.400E-03,1.943E-03,0.8097
064,64: Gadolinium,4.000E-01,1.233E+02,1.337E-01,1.235E+02,2.792E-03,2.311E-03,0.8277
064,64: Gadolinium,4.500E-01,1.162E+02,1.224E-01,1.163E+02,3.209E-03,2.704E-03,0.8424
064,64: Gadolinium,5.000E-01,1.102E+02,1.130E-01,1.103E+02,3.651E-03,3.121E-03,0.8547
064,64: Gadolinium,5.500E-01,1.050E+02,1.051E-01,1.051E+02,4.116E-03,3.560E-03,0.8650
064,64: Gadolinium,6.000E-01,1.006E+02,9.827E-02,1.007E+02,4.602E-03,4.021E-03,0.8737
064,64: Gadolinium,6.500E-01,9.667E+01,9.237E-02,9.676E+01,5.109E-03,4.502E-03,0.8812
064,64: Gadolinium,7.000E-01,9.320E+01,8.721E-02,9.328E+01,5.635E-03,5.002E-03,0.8877
064,64: Gadolinium,7.500E-01,9.008E+01,8.263E-02,9.016E+01,6.180E-03,5.521E-03,0.8934
064,64: Gadolinium,8.000E-01,8.727E+01,7.856E-02,8.735E+01,6.744E-03,6.058E-03,0.8984
064,64: Gadolinium,8.500E-01,8.472E+01,7.490E-02,8.479E+01,7.325E-03,6.613E-03,0.9028
064,64: Gadolinium,9.000E-01,8.238E+01,7.159E-02,8.246E+01,7.923E-03,7.184E-03,0.9067
064,64: Gadolinium,9.500E-01,8.024E+01,6.859E-02,8.031E+01,8.538E-03,7.771E-03,0.9102
064,64: Gadolinium,1.000E+00,7.826E+01,6.585E-02,7.833E+01,9.168E-03,8.374E-03,0.9134
064,64: Gadolinium,1.250E+00,7.014E+01,5.507E-02,7.019E+01,1.255E-02,1.161E-02,0.9256
064,64: Gadolinium,1.500E+00,6.387E+01,4.752E-02,6.392E+01,1.629E-02,1.521E-02,0.9338
064,64: Gadolinium,1.750E+00,5.887E+01,4.191E-02,5.891E+01,2.036E-02,1.914E-02,0.9397
064,64: Gadolinium,2.000E+00,5.476E+01,3.756E-02,5.479E+01,2.477E-02,2.339E-02,0.9442
064,64: Gadolinium,2.250E+00,5.129E+01,3.408E-02,5.133E+01,2.949E-02,2.794E-02,0.9477
064,64: Gadolinium,2.500E+00,4.835E+01,3.123E-02,4.838E+01,3.451E-02,3.280E-02,0.9506
064,64: Gadolinium,2.750E+00,4.580E+01,2.885E-02,4.582E+01,3.982E-02,3.795E-02,0.9530
064,64: Gadolinium,3.000E+00,4.354E+01,2.683E-02,4.357E+01,4.541E-02,4.337E-02,0.9550
064,64: Gadolinium,3.500E+00,3.976E+01,2.358E-02,3.978E+01,5.744E-02,5.504E-02,0.9582
064,64: Gadolinium,4.000E+00,3.669E+01,2.108E-02,3.671E+01,7.054E-02,6.777E-02,0.9607
064,64: Gadolinium,4.500E+00,3.413E+01,1.908E-02,3.415E+01,8.467E-02,8.151E-02,0.9627
064,64: Gadolinium,5.000E+00,3.197E+01,1.745E-02,3.199E+01,9.981E-02,9.625E-02,0.9643
064,64: Gadolinium,5.500E+00,3.011E+01,1.609E-02,3.012E+01,1.159E-01,1.119E-01,0.9657
064,64: Gadolinium,6.000E+00,2.848E+01,1.494E-02,2.850E+01,1.330E-01,1.286E-01,0.9668
064,64: Gadolinium,6.500E+00,2.705E+01,1.395E-02,2.707E+01,1.510E-01,1.462E-01,0.9678
064,64: Gadolinium,7.000E+00,2.578E+01,1.309E-02,2.580E+01,1.699E-01,1.646E-01,0.9687
064,64: Gadolinium,7.500E+00,2.464E+01,1.234E-02,2.466E+01,1.898E-01,1.840E-01,0.9695
064,64: Gadolinium,8.000E+00,2.362E+01,1.167E-02,2.363E+01,2.105E-01,2.042E-01,0.9702
064,64: Gadolinium,8.500E+00,2.268E+01,1.108E-02,2.270E+01,2.321E-01,2.253E-01,0.9708
064,64: Gadolinium,9.000E+00,2.183E+01,1.054E-02,2.184E+01,2.546E-01,2.473E-01,0.9714
064,64: Gadolinium,9.500E+00,2.105E+01,1.006E-02,2.106E+01,2.779E-01,2.701E-01,0.9719
064,64: Gadolinium,1.000E+01,2.034E+01,9.624E-03,2.035E+01,3.020E-01,2.937E-01,0.9724
064,64: Gadolinium,1.250E+01,1.746E+01,7.928E-03,1.746E+01,4.351E-01,4.239E-01,0.9742
064,64: Gadolinium,1.500E+01,1.537E+01,6.762E-03,1.538E+01,5.880E-01,5.737E-01,0.9756
064,64: Gadolinium,1.750E+01,1.379E+01,5.908E-03,1.379E+01,7.600E-01,7.422E-01,0.9766
064,64: Gadolinium,2.000E+01,1.254E+01,5.254E-03,1.254E+01,9.503E-01,9.289E-01,0.9774
064,64: Gadolinium,2.500E+01,1.068E+01,4.315E-03,1.068E+01,1.384E+00,1.354E+00,0.9787
064,64: Gadolinium,2.750E+01,9.963E+00,3.966E-03,9.967E+00,1.626E+00,1.592E+00,0.9791
064,64: Gadolinium,3.000E+01,9.348E+00,3.672E-03,9.352E+00,1.886E+00,1.847E+00,0.9796
064,64: Gadolinium,3.500E+01,8.344E+00,3.202E-03,8.347E+00,2.453E+00,2.404E+00,0.9803
064,64: Gadolinium,4.000E+01,7.558E+00,2.842E-03,7.561E+00,3.083E+00,3.024E+00,0.9808
064,64: Gadolinium,4.500E+01,6.926E+00,2.558E-03,6.928E+00,3.775E+00,3.704E+00,0.9813
064,64: Gadolinium,5.000E+01,6.405E+00,2.328E-03,6.408E+00,4.526E+00,4.443E+00,0.9817
064,64: Gadolinium,5.500E+01,5.970E+00,2.137E-03,5.972E+00,5.335E+00,5.239E+00,0.9820
064,64: Gadolinium,6.000E+01,5.599E+00,1.976E-03,5.601E+00,6.200E+00,6.090E+00,0.9823
064,64: Gadolinium,6.500E+01,5.280E+00,1.839E-03,5.282E+00,7.119E+00,6.996E+00,0.9826
064,64: Gadolinium,7.000E+01,5.003E+00,1.720E-03,5.005E+00,8.092E+00,7.954E+00,0.9829
064,64: Gadolinium,7.500E+01,4.759E+00,1.616E-03,4.761E+00,9.117E+00,8.963E+00,0.9831
064,64: Gadolinium,8.000E+01,4.543E+00,1.524E-03,4.545E+00,1.019E+01,1.002E+01,0.9833
064,64: Gadolinium,8.500E+01,4.351E+00,1.443E-03,4.352E+00,1.132E+01,1.113E+01,0.9835
064,64: Gadolinium,9.000E+01,4.178E+00,1.370E-03,4.179E+00,1.249E+01,1.229E+01,0.9836
064,64: Gadolinium,9.500E+01,4.022E+00,1.305E-03,4.023E+00,1.371E+01,1.349E+01,0.9838
064,64: Gadolinium,1.000E+02,3.880E+00,1.245E-03,3.882E+00,1.497E+01,1.473E+01,0.9840
064,64: Gadolinium,1.250E+02,3.330E+00,1.016E-03,3.331E+00,2.196E+01,2.162E+01,0.9846
064,64: Gadolinium,1.500E+02,2.951E+00,8.602E-04,2.951E+00,2.995E+01,2.951E+01,0.9851
064,64: Gadolinium,1.750E+02,2.673E+00,7.468E-04,2.673E+00,3.887E+01,3.831E+01,0.9856
064,64: Gadolinium,2.000E+02,2.460E+00,6.606E-04,2.461E+00,4.863E+01,4.795E+01,0.9859
064,64: Gadolinium,2.250E+02,2.293E+00,5.927E-04,2.293E+00,5.917E+01,5.835E+01,0.9863
064,64: Gadolinium,2.500E+02,2.158E+00,5.378E-04,2.158E+00,7.041E+01,6.947E+01,0.9866
064,64: Gadolinium,2.750E+02,2.046E+00,4.925E-04,2.047E+00,8.232E+01,8.123E+01,0.9868
064,64: Gadolinium,3.000E+02,1.953E+00,4.544E-04,1.953E+00,9.483E+01,9.360E+01,0.9871
064,64: Gadolinium,3.500E+02,1.806E+00,3.939E-04,1.806E+00,1.215E+02,1.200E+02,0.9876
064,64: Gadolinium,4.000E+02,1.695E+00,3.480E-04,1.696E+00,1.501E+02,1.483E+02,0.9880
064,64: Gadolinium,4.500E+02,1.610E+00,3.119E-04,1.610E+00,1.804E+02,1.783E+02,0.9883
064,64: Gadolinium,5.000E+02,1.542E+00,2.828E-04,1.542E+00,2.121E+02,2.097E+02,0.9887
064,64: Gadolinium,5.500E+02,1.488E+00,2.588E-04,1.488E+00,2.452E+02,2.425E+02,0.9890
064,64: Gadolinium,6.000E+02,1.443E+00,2.386E-04,1.443E+00,2.793E+02,2.763E+02,0.9892
064,64: Gadolinium,6.500E+02,1.405E+00,2.215E-04,1.406E+00,3.144E+02,3.111E+02,0.9895
064,64: Gadolinium,7.000E+02,1.374E+00,2.067E-04,1.374E+00,3.504E+02,3.468E+02,0.9898
064,64: Gadolinium,7.500E+02,1.348E+00,1.938E-04,1.348E+00,3.872E+02,3.833E+02,0.9900
064,64: Gadolinium,8.000E+02,1.325E+00,1.825E-04,1.325E+00,4.246E+02,4.204E+02,0.9902
064,64: Gadolinium,8.500E+02,1.306E+00,1.724E-04,1.306E+00,4.626E+02,4.581E+02,0.9904
064,64: Gadolinium,9.000E+02,1.289E+00,1.635E-04,1.289E+00,5.011E+02,4.964E+02,0.9906
064,64: Gadolinium,9.500E+02,1.275E+00,1.554E-04,1.275E+00,5.401E+02,5.351E+02,0.9908
064,64: Gadolinium,1.000E+03,1.262E+00,1.482E-04,1.262E+00,5.795E+02,5.743E+02,0.9909
064,64: Gadolinium,1.500E+03,1.198E+00,1.015E-04,1.198E+00,9.884E+02,9.807E+02,0.9923
064,64: Gadolinium,2.000E+03,1.183E+00,7.757E-05,1.183E+00,1.409E+03,1.399E+03,0.9932
064,64: Gadolinium,2.500E+03,1.186E+00,6.299E-05,1.186E+00,1.832E+03,1.820E+03,0.9939
064,64: Gadolinium,3.000E+03,1.195E+00,5.315E-05,1.195E+00,2.252E+03,2.239E+03,0.9944
064,64: Gadolinium,4.000E+03,1.219E+00,4.065E-05,1.219E+00,3.081E+03,3.066E+03,0.9952
064,64: Gadolinium,5.000E+03,1.245E+00,3.303E-05,1.245E+00,3.892E+03,3.876E+03,0.9957
064,64: Gadolinium,6.000E+03,1.269E+00,2.787E-05,1.269E+00,4.688E+03,4.669E+03,0.9961
064,64: Gadolinium,7.000E+03,1.292E+00,2.415E-05,1.292E+00,5.469E+03,5.449E+03,0.9965
064,64: Gadolinium,8.000E+03,1.312E+00,2.133E-05,1.312E+00,6.237E+03,6.216E+03,0.9967
064,64: Gadolinium,9.000E+03,1.330E+00,1.911E-05,1.330E+00,6.994E+03,6.972E+03,0.9969
064,64: Gadolinium,1.000E+04,1.347E+00,1.733E-05,1.347E+00,7.740E+03,7.718E+03,0.9971
074,74: Tungsten,1.000E-03,1.497E+01,9.926E-01,1.596E+01,1.088E-04,9.540E-06,0.0877
074,74: Tungsten,1.500E-03,1.834E+01,1.011E+00,1.935E+01,1.370E-04,1.363E-05,0.0995
074,74: Tungsten,2.000E-03,2.117E+01,1.014E+00,2.219E+01,1.611E-04,1.768E-05,0.1098
074,74: Tungsten,2.500E-03,2.367E+01,1.010E+00,2.468E+01,1.824E-04,2.169E-05,0.1189
074,74: Tungsten,3.000E-03,2.593E+01,1.002E+00,2.693E+01,2.018E-04,2.568E-05,0.1273
074,74: Tungsten,4.000E-03,2.994E+01,9.814E-01,3.092E+01,2.363E-04,3.361E-05,0.1422
074,74: Tungsten,5.000E-03,3.347E+01,9.579E-01,3.443E+01,2.669E-04,4.152E-05,0.1555
074,74: Tungsten,6.000E-03,3.667E+01,9.338E-01,3.760E+01,2.947E-04,4.940E-05,0.1676
074,74: Tungsten,7.000E-03,3.961E+01,9.102E-01,4.052E+01,3.203E-04,5.726E-05,0.1788
074,74: Tungsten,8.000E-03,4.234E+01,8.874E-01,4.323E+01,3.442E-04,6.511E-05,0.1892
074,74: Tungsten,9.000E-03,4.491E+01,8.657E-01,4.578E+01,3.666E-04,7.294E-05,0.1989
074,74: Tungsten,1.000E-02,4.734E+01,8.450E-01,4.819E+01,3.879E-04,8.074E-05,0.2081
074,74: Tungsten,1.250E-02,5.230E+01,7.977E-01,5.310E+01,4.372E-04,1.002E-04,0.2292
074,74: Tungsten,1.500E-02,5.670E+01,7.562E-01,5.746E+01,4.825E-04,1.197E-04,0.2482
074,74: Tungsten,1.750E-02,6.068E+01,7.195E-01,6.140E+01,5.245E-04,1.392E-04,0.2653
074,74: Tungsten,2.000E-02,6.433E+01,6.869E-01,6.502E+01,5.641E-04,1.585E-04,0.2810
074,74: Tungsten,2.250E-02,6.770E+01,6.578E-01,6.836E+01,6.016E-04,1.778E-04,0.2955
074,74: Tungsten,2.500E-02,7.084E+01,6.315E-01,7.148E+01,6.373E-04,1.969E-04,0.3089
074,74: Tungsten,2.750E-02,7.378E+01,6.077E-01,7.439E+01,6.716E-04,2.159E-04,0.3215
074,74: Tungsten,3.000E-02,7.655E+01,5.859E-01,7.713E+01,7.046E-04,2.348E-04,0.3332
074,74: Tungsten,3.500E-02,8.161E+01,5.477E-01,8.216E+01,7.673E-04,2.722E-04,0.3547
074,74: Tungsten,4.000E-02,8.615E+01,5.151E-01,8.667E+01,8.266E-04,3.091E-04,0.3739
074,74: Tungsten,4.500E-02,9.024E+01,4.868E-01,9.073E+01,8.829E-04,3.455E-04,0.3914
074,74: Tungsten,5.000E-02,9.395E+01,4.620E-01,9.441E+01,9.369E-04,3.816E-04,0.4073
074,74: Tungsten,5.500E-02,9.730E+01,4.400E-01,9.774E+01,9.890E-04,4.173E-04,0.4220
074,74: Tungsten,6.000E-02,1.003E+02,4.204E-01,1.008E+02,1.039E-03,4.527E-04,0.4356
074,74: Tungsten,6.500E-02,1.031E+02,4.028E-01,1.035E+02,1.088E-03,4.878E-04,0.4482
074,74: Tungsten,7.000E-02,1.056E+02,3.868E-01,1.060E+02,1.136E-03,5.226E-04,0.4601
074,74: Tungsten,7.500E-02,1.078E+02,3.722E-01,1.082E+02,1.183E-03,5.572E-04,0.4712
074,74: Tungsten,8.000E-02,1.099E+02,3.589E-01,1.102E+02,1.228E-03,5.917E-04,0.4816
074,74: Tungsten,8.500E-02,1.117E+02,3.467E-01,1.120E+02,1.273E-03,6.260E-04,0.4915
074,74: Tungsten,9.000E-02,1.133E+02,3.353E-01,1.136E+02,1.318E-03,6.601E-04,0.5009
074,74: Tungsten,9.500E-02,1.147E+02,3.248E-01,1.150E+02,1.362E-03,6.942E-04,0.5099
074,74: Tungsten,1.000E-01,1.160E+02,3.151E-01,1.163E+02,1.405E-03,7.282E-04,0.5184
074,74: Tungsten,1.250E-01,1.200E+02,2.749E-01,1.203E+02,1.616E-03,8.981E-04,0.5559
074,74: Tungsten,1.500E-01,1.212E+02,2.449E-01,1.214E+02,1.822E-03,1.070E-03,0.5870
074,74: Tungsten,1.750E-01,1.205E+02,2.215E-01,1.207E+02,2.028E-03,1.245E-03,0.6136
074,74: Tungsten,2.000E-01,1.185E+02,2.026E-01,1.187E+02,2.237E-03,1.425E-03,0.6368
074,74: Tungsten,2.250E-01,1.159E+02,1.870E-01,1.161E+02,2.450E-03,1.610E-03,0.6573
074,74: Tungsten,2.500E-01,1.129E+02,1.739E-01,1.131E+02,2.668E-03,1.803E-03,0.6757
074,74: Tungsten,2.750E-01,1.098E+02,1.627E-01,1.100E+02,2.892E-03,2.002E-03,0.6922
074,74: Tungsten,3.000E-01,1.067E+02,1.530E-01,1.069E+02,3.123E-03,2.208E-03,0.7071
074,74: Tungsten,3.500E-01,1.002E+02,1.370E-01,1.003E+02,3.606E-03,2.643E-03,0.7331
074,74: Tungsten,4.000E-01,9.414E+01,1.243E-01,9.426E+01,4.120E-03,3.111E-03,0.7551
074,74: Tungsten,4.500E-01,8.908E+01,1.140E-01,8.919E+01,4.666E-03,3.610E-03,0.7737
074,74: Tungsten,5.000E-01,8.500E+01,1.054E-01,8.510E+01,5.240E-03,4.137E-03,0.7895
074,74: Tungsten,5.500E-01,8.168E+01,9.811E-02,8.178E+01,5.840E-03,4.690E-03,0.8031
074,74: Tungsten,6.000E-01,7.878E+01,9.186E-02,7.887E+01,6.463E-03,5.266E-03,0.8149
074,74: Tungsten,6.500E-01,7.620E+01,8.642E-02,7.629E+01,7.107E-03,5.864E-03,0.8251
074,74: Tungsten,7.000E-01,7.388E+01,8.165E-02,7.396E+01,7.773E-03,6.483E-03,0.8341
074,74: Tungsten,7.500E-01,7.178E+01,7.743E-02,7.186E+01,8.459E-03,7.123E-03,0.8420
074,74: Tungsten,8.000E-01,6.986E+01,7.365E-02,6.993E+01,9.165E-03,7.781E-03,0.8491
074,74: Tungsten,8.500E-01,6.809E+01,7.026E-02,6.816E+01,9.889E-03,8.459E-03,0.8554
074,74: Tungsten,9.000E-01,6.645E+01,6.720E-02,6.652E+01,1.063E-02,9.155E-03,0.8611
074,74: Tungsten,9.500E-01,6.493E+01,6.441E-02,6.499E+01,1.139E-02,9.868E-03,0.8662
074,74: Tungsten,1.000E+00,6.350E+01,6.187E-02,6.356E+01,1.217E-02,1.060E-02,0.8709
074,74: Tungsten,1.250E+00,5.752E+01,5.184E-02,5.758E+01,1.631E-02,1.450E-02,0.8891
074,74: Tungsten,1.500E+00,5.290E+01,4.480E-02,5.294E+01,2.084E-02,1.880E-02,0.9017
074,74: Tungsten,1.750E+00,4.915E+01,3.955E-02,4.919E+01,2.575E-02,2.346E-02,0.9110
074,74: Tungsten,2.000E+00,4.604E+01,3.548E-02,4.607E+01,3.100E-02,2.846E-02,0.9181
074,74: Tungsten,2.250E+00,4.338E+01,3.222E-02,4.342E+01,3.660E-02,3.380E-02,0.9237
074,74: Tungsten,2.500E+00,4.109E+01,2.955E-02,4.112E+01,4.252E-02,3.947E-02,0.9283
074,74: Tungsten,2.750E+00,3.908E+01,2.731E-02,3.911E+01,4.875E-02,4.544E-02,0.9321
074,74: Tungsten,3.000E+00,3.731E+01,2.541E-02,3.733E+01,5.530E-02,5.172E-02,0.9353
074,74: Tungsten,3.500E+00,3.429E+01,2.235E-02,3.431E+01,6.928E-02,6.516E-02,0.9405
074,74: Tungsten,4.000E+00,3.181E+01,1.999E-02,3.183E+01,8.443E-02,7.974E-02,0.9445
074,74: Tungsten,4.500E+00,2.973E+01,1.811E-02,2.975E+01,1.007E-01,9.542E-02,0.9477
074,74: Tungsten,5.000E+00,2.795E+01,1.657E-02,2.797E+01,1.180E-01,1.122E-01,0.9503
074,74: Tungsten,5.500E+00,2.641E+01,1.529E-02,2.643E+01,1.364E-01,1.300E-01,0.9525
074,74: Tungsten,6.000E+00,2.506E+01,1.420E-02,2.508E+01,1.559E-01,1.487E-01,0.9544
074,74: Tungsten,6.500E+00,2.387E+01,1.327E-02,2.388E+01,1.763E-01,1.685E-01,0.9560
074,74: Tungsten,7.000E+00,2.280E+01,1.246E-02,2.281E+01,1.977E-01,1.893E-01,0.9574
074,74: Tungsten,7.500E+00,2.184E+01,1.174E-02,2.185E+01,2.201E-01,2.110E-01,0.9586
074,74: Tungsten,8.000E+00,2.097E+01,1.111E-02,2.098E+01,2.435E-01,2.337E-01,0.9597
074,74: Tungsten,8.500E+00,2.018E+01,1.055E-02,2.019E+01,2.678E-01,2.573E-01,0.9607
074,74: Tungsten,9.000E+00,1.946E+01,1.004E-02,1.947E+01,2.930E-01,2.818E-01,0.9616
074,74: Tungsten,9.500E+00,1.879E+01,9.584E-03,1.880E+01,3.192E-01,3.072E-01,0.9624
074,74: Tungsten,1.000E+01,1.818E+01,9.170E-03,1.818E+01,3.462E-01,3.334E-01,0.9632
074,74: Tungsten,1.250E+01,1.569E+01,7.560E-03,1.570E+01,4.947E-01,4.779E-01,0.9661
074,74: Tungsten,1.500E+01,1.388E+01,6.453E-03,1.389E+01,6.643E-01,6.432E-01,0.9682
074,74: Tungsten,1.750E+01,1.250E+01,5.641E-03,1.250E+01,8.544E-01,8.285E-01,0.9697
074,74: Tungsten,2.000E+01,1.140E+01,5.019E-03,1.140E+01,1.064E+00,1.033E+00,0.9710
074,74: Tungsten,2.500E+01,9.751E+00,4.125E-03,9.755E+00,1.540E+00,1.498E+00,0.9728
074,74: Tungsten,2.750E+01,9.121E+00,3.793E-03,9.125E+00,1.805E+00,1.757E+00,0.9735
074,74: Tungsten,3.000E+01,8.581E+00,3.513E-03,8.585E+00,2.088E+00,2.034E+00,0.9741
074,74: Tungsten,3.500E+01,7.701E+00,3.065E-03,7.704E+00,2.704E+00,2.637E+00,0.9751
074,74: Tungsten,4.000E+01,7.012E+00,2.722E-03,7.015E+00,3.385E+00,3.303E+00,0.9760
074,74: Tungsten,4.500E+01,6.455E+00,2.451E-03,6.458E+00,4.129E+00,4.032E+00,0.9766
074,74: Tungsten,5.000E+01,5.995E+00,2.231E-03,5.997E+00,4.933E+00,4.820E+00,0.9772
074,74: Tungsten,5.500E+01,5.606E+00,2.049E-03,5.609E+00,5.796E+00,5.666E+00,0.9777
074,74: Tungsten,6.000E+01,5.275E+00,1.895E-03,5.276E+00,6.715E+00,6.568E+00,0.9781
074,74: Tungsten,6.500E+01,4.987E+00,1.764E-03,4.989E+00,7.690E+00,7.525E+00,0.9785
074,74: Tungsten,7.000E+01,4.735E+00,1.650E-03,4.737E+00,8.719E+00,8.535E+00,0.9789
074,74: Tungsten,7.500E+01,4.512E+00,1.551E-03,4.514E+00,9.801E+00,9.597E+00,0.9792
074,74: Tungsten,8.000E+01,4.314E+00,1.464E-03,4.316E+00,1.093E+01,1.071E+01,0.9795
074,74: Tungsten,8.500E+01,4.136E+00,1.386E-03,4.138E+00,1.212E+01,1.187E+01,0.9798
074,74: Tungsten,9.000E+01,3.976E+00,1.316E-03,3.977E+00,1.335E+01,1.308E+01,0.9800
074,74: Tungsten,9.500E+01,3.830E+00,1.253E-03,3.831E+00,1.463E+01,1.434E+01,0.9802
074,74: Tungsten,1.000E+02,3.697E+00,1.196E-03,3.698E+00,1.596E+01,1.565E+01,0.9804
074,74: Tungsten,1.250E+02,3.178E+00,9.772E-04,3.179E+00,2.328E+01,2.285E+01,0.9814
074,74: Tungsten,1.500E+02,2.820E+00,8.277E-04,2.821E+00,3.165E+01,3.108E+01,0.9821
074,74: Tungsten,1.750E+02,2.557E+00,7.190E-04,2.558E+00,4.098E+01,4.027E+01,0.9826
074,74: Tungsten,2.000E+02,2.356E+00,6.363E-04,2.357E+00,5.117E+01,5.031E+01,0.9831
074,74: Tungsten,2.250E+02,2.198E+00,5.711E-04,2.198E+00,6.217E+01,6.115E+01,0.9836
074,74: Tungsten,2.500E+02,2.070E+00,5.184E-04,2.070E+00,7.390E+01,7.271E+01,0.9840
074,74: Tungsten,2.750E+02,1.964E+00,4.748E-04,1.965E+00,8.630E+01,8.495E+01,0.9843
074,74: Tungsten,3.000E+02,1.876E+00,4.382E-04,1.876E+00,9.933E+01,9.781E+01,0.9846
074,74: Tungsten,3.500E+02,1.736E+00,3.801E-04,1.736E+00,1.271E+02,1.252E+02,0.9852
074,74: Tungsten,4.000E+02,1.631E+00,3.359E-04,1.631E+00,1.568E+02,1.546E+02,0.9857
074,74: Tungsten,4.500E+02,1.550E+00,3.012E-04,1.550E+00,1.883E+02,1.857E+02,0.9862
074,74: Tungsten,5.000E+02,1.486E+00,2.731E-04,1.486E+00,2.213E+02,2.183E+02,0.9866
074,74: Tungsten,5.500E+02,1.434E+00,2.500E-04,1.434E+00,2.555E+02,2.522E+02,0.9869
074,74: Tungsten,6.000E+02,1.391E+00,2.306E-04,1.391E+00,2.909E+02,2.872E+02,0.9873
074,74: Tungsten,6.500E+02,1.356E+00,2.140E-04,1.356E+00,3.274E+02,3.233E+02,0.9876
074,74: Tungsten,7.000E+02,1.326E+00,1.998E-04,1.326E+00,3.647E+02,3.602E+02,0.9879
074,74: Tungsten,7.500E+02,1.301E+00,1.874E-04,1.301E+00,4.027E+02,3.980E+02,0.9882
074,74: Tungsten,8.000E+02,1.279E+00,1.764E-04,1.279E+00,4.415E+02,4.364E+02,0.9884
074,74: Tungsten,8.500E+02,1.261E+00,1.667E-04,1.261E+00,4.809E+02,4.754E+02,0.9887
074,74: Tungsten,9.000E+02,1.245E+00,1.581E-04,1.245E+00,5.208E+02,5.150E+02,0.9889
074,74: Tungsten,9.500E+02,1.231E+00,1.503E-04,1.231E+00,5.612E+02,5.550E+02,0.9891
074,74: Tungsten,1.000E+03,1.219E+00,1.433E-04,1.219E+00,6.020E+02,5.955E+02,0.9893
074,74: Tungsten,1.500E+03,1.157E+00,9.821E-05,1.157E+00,1.025E+03,1.016E+03,0.9909
074,74: Tungsten,2.000E+03,1.143E+00,7.511E-05,1.143E+00,1.461E+03,1.449E+03,0.9920
074,74: Tungsten,2.500E+03,1.145E+00,6.101E-05,1.145E+00,1.898E+03,1.884E+03,0.9928
074,74: Tungsten,3.000E+03,1.153E+00,5.148E-05,1.153E+00,2.334E+03,2.318E+03,0.9934
074,74: Tungsten,4.000E+03,1.175E+00,3.939E-05,1.175E+00,3.193E+03,3.175E+03,0.9943
074,74: Tungsten,5.000E+03,1.199E+00,3.200E-05,1.199E+00,4.035E+03,4.015E+03,0.9950
074,74: Tungsten,6.000E+03,1.222E+00,2.701E-05,1.222E+00,4.861E+03,4.839E+03,0.9954
074,74: Tungsten,7.000E+03,1.243E+00,2.341E-05,1.243E+00,5.672E+03,5.648E+03,0.9958
074,74: Tungsten,8.000E+03,1.262E+00,2.067E-05,1.262E+00,6.470E+03,6.445E+03,0.9961
074,74: Tungsten,9.000E+03,1.280E+00,1.853E-05,1.280E+00,7.257E+03,7.231E+03,0.9964
074,74: Tungsten,1.000E+04,1.296E+00,1.680E-05,1.296E+00,8.034E+03,8.007E+03,0.9966
078,78: Platinum,1.000E-03,1.377E+01,9.089E-01,1.468E+01,1.185E-04,9.896E-06,0.0835
078,78: Platinum,1.500E-03,1.687E+01,9.287E-01,1.779E+01,1.491E-04,1.412E-05,0.0947
078,78: Platinum,2.000E-03,1.947E+01,9.334E-01,2.041E+01,1.753E-04,1.831E-05,0.1044
078,78: Platinum,2.500E-03,2.177E+01,9.312E-01,2.270E+01,1.985E-04,2.245E-05,0.1131
078,78: Platinum,3.000E-03,2.385E+01,9.255E-01,2.478E+01,2.196E-04,2.657E-05,0.1210
078,78: Platinum,4.000E-03,2.754E+01,9.087E-01,2.845E+01,2.571E-04,3.477E-05,0.1352
078,78: Platinum,5.000E-03,3.079E+01,8.889E-01,3.168E+01,2.904E-04,4.294E-05,0.1479
078,78: Platinum,6.000E-03,3.373E+01,8.682E-01,3.460E+01,3.206E-04,5.109E-05,0.1594
078,78: Platinum,7.000E-03,3.643E+01,8.478E-01,3.728E+01,3.484E-04,5.923E-05,0.1700
078,78: Platinum,8.000E-03,3.895E+01,8.278E-01,3.978E+01,3.743E-04,6.736E-05,0.1799
078,78: Platinum,9.000E-03,4.131E+01,8.086E-01,4.212E+01,3.988E-04,7.547E-05,0.1893
078,78: Platinum,1.000E-02,4.355E+01,7.903E-01,4.434E+01,4.219E-04,8.357E-05,0.1981
078,78: Platinum,1.250E-02,4.811E+01,7.481E-01,4.886E+01,4.755E-04,1.038E-04,0.2184
078,78: Platinum,1.500E-02,5.216E+01,7.107E-01,5.287E+01,5.246E-04,1.241E-04,0.2366
078,78: Platinum,1.750E-02,5.583E+01,6.775E-01,5.651E+01,5.703E-04,1.444E-04,0.2531
078,78: Platinum,2.000E-02,5.920E+01,6.479E-01,5.985E+01,6.133E-04,1.646E-04,0.2683
078,78: Platinum,2.250E-02,6.232E+01,6.212E-01,6.294E+01,6.540E-04,1.847E-04,0.2824
078,78: Platinum,2.500E-02,6.523E+01,5.971E-01,6.582E+01,6.929E-04,2.047E-04,0.2954
078,78: Platinum,2.750E-02,6.795E+01,5.752E-01,6.852E+01,7.301E-04,2.246E-04,0.3076
078,78: Platinum,3.000E-02,7.051E+01,5.552E-01,7.107E+01,7.659E-04,2.444E-04,0.3191
078,78: Platinum,3.500E-02,7.522E+01,5.199E-01,7.574E+01,8.340E-04,2.836E-04,0.3401
078,78: Platinum,4.000E-02,7.946E+01,4.896E-01,7.995E+01,8.982E-04,3.224E-04,0.3590
078,78: Platinum,4.500E-02,8.330E+01,4.633E-01,8.377E+01,9.593E-04,3.608E-04,0.3761
078,78: Platinum,5.000E-02,8.679E+01,4.402E-01,8.723E+01,1.018E-03,3.988E-04,0.3918
078,78: Platinum,5.500E-02,8.997E+01,4.197E-01,9.039E+01,1.074E-03,4.364E-04,0.4063
078,78: Platinum,6.000E-02,9.287E+01,4.013E-01,9.327E+01,1.128E-03,4.737E-04,0.4198
078,78: Platinum,6.500E-02,9.551E+01,3.848E-01,9.590E+01,1.181E-03,5.107E-04,0.4323
078,78: Platinum,7.000E-02,9.792E+01,3.698E-01,9.829E+01,1.233E-03,5.474E-04,0.4440
078,78: Platinum,7.500E-02,1.001E+02,3.561E-01,1.005E+02,1.283E-03,5.839E-04,0.4550
078,78: Platinum,8.000E-02,1.021E+02,3.436E-01,1.024E+02,1.332E-03,6.202E-04,0.4654
078,78: Platinum,8.500E-02,1.039E+02,3.320E-01,1.042E+02,1.381E-03,6.563E-04,0.4753
078,78: Platinum,9.000E-02,1.055E+02,3.213E-01,1.058E+02,1.428E-03,6.922E-04,0.4846
078,78: Platinum,9.500E-02,1.070E+02,3.114E-01,1.073E+02,1.475E-03,7.281E-04,0.4935
078,78: Platinum,1.000E-01,1.083E+02,3.022E-01,1.086E+02,1.522E-03,7.639E-04,0.5020
078,78: Platinum,1.250E-01,1.127E+02,2.642E-01,1.130E+02,1.747E-03,9.422E-04,0.5394
078,78: Platinum,1.500E-01,1.145E+02,2.357E-01,1.148E+02,1.966E-03,1.122E-03,0.5705
078,78: Platinum,1.750E-01,1.144E+02,2.134E-01,1.146E+02,2.184E-03,1.304E-03,0.5972
078,78: Platinum,2.000E-01,1.130E+02,1.954E-01,1.132E+02,2.403E-03,1.491E-03,0.6205
078,78: Platinum,2.250E-01,1.108E+02,1.805E-01,1.110E+02,2.626E-03,1.684E-03,0.6412
078,78: Platinum,2.500E-01,1.081E+02,1.679E-01,1.083E+02,2.854E-03,1.883E-03,0.6597
078,78: Platinum,2.750E-01,1.053E+02,1.572E-01,1.054E+02,3.088E-03,2.089E-03,0.6765
078,78: Platinum,3.000E-01,1.024E+02,1.479E-01,1.025E+02,3.328E-03,2.302E-03,0.6917
078,78: Platinum,3.500E-01,9.692E+01,1.326E-01,9.706E+01,3.830E-03,2.751E-03,0.7183
078,78: Platinum,4.000E-01,9.212E+01,1.204E-01,9.224E+01,4.358E-03,3.228E-03,0.7406
078,78: Platinum,4.500E-01,8.791E+01,1.104E-01,8.802E+01,4.914E-03,3.732E-03,0.7596
078,78: Platinum,5.000E-01,8.422E+01,1.022E-01,8.432E+01,5.494E-03,4.263E-03,0.7759
078,78: Platinum,5.500E-01,8.097E+01,9.515E-02,8.107E+01,6.099E-03,4.818E-03,0.7899
078,78: Platinum,6.000E-01,7.811E+01,8.912E-02,7.820E+01,6.727E-03,5.396E-03,0.8021
078,78: Platinum,6.500E-01,7.556E+01,8.388E-02,7.564E+01,7.378E-03,5.997E-03,0.8128
078,78: Platinum,7.000E-01,7.326E+01,7.927E-02,7.334E+01,8.049E-03,6.619E-03,0.8223
078,78: Platinum,7.500E-01,7.117E+01,7.519E-02,7.125E+01,8.741E-03,7.261E-03,0.8307
078,78: Platinum,8.000E-01,6.926E+01,7.154E-02,6.933E+01,9.452E-03,7.923E-03,0.8382
078,78: Platinum,8.500E-01,6.750E+01,6.826E-02,6.757E+01,1.018E-02,8.604E-03,0.8449
078,78: Platinum,9.000E-01,6.587E+01,6.530E-02,6.594E+01,1.093E-02,9.304E-03,0.8510
078,78: Platinum,9.500E-01,6.436E+01,6.260E-02,6.442E+01,1.170E-02,1.002E-02,0.8566
078,78: Platinum,1.000E+00,6.294E+01,6.014E-02,6.300E+01,1.248E-02,1.076E-02,0.8616
078,78: Platinum,1.250E+00,5.700E+01,5.043E-02,5.705E+01,1.666E-02,1.468E-02,0.8813
078,78: Platinum,1.500E+00,5.239E+01,4.360E-02,5.243E+01,2.124E-02,1.901E-02,0.8949
078,78: Platinum,1.750E+00,4.867E+01,3.851E-02,4.871E+01,2.619E-02,2.370E-02,0.9050
078,78: Platinum,2.000E+00,4.557E+01,3.456E-02,4.561E+01,3.150E-02,2.875E-02,0.9127
078,78: Platinum,2.250E+00,4.294E+01,3.139E-02,4.297E+01,3.715E-02,3.413E-02,0.9188
078,78: Platinum,2.500E+00,4.066E+01,2.880E-02,4.069E+01,4.313E-02,3.984E-02,0.9238
078,78: Platinum,2.750E+00,3.867E+01,2.662E-02,3.869E+01,4.944E-02,4.587E-02,0.9279
078,78: Platinum,3.000E+00,3.690E+01,2.478E-02,3.693E+01,5.605E-02,5.221E-02,0.9314
078,78: Platinum,3.500E+00,3.391E+01,2.180E-02,3.393E+01,7.020E-02,6.578E-02,0.9370
078,78: Platinum,4.000E+00,3.145E+01,1.950E-02,3.147E+01,8.551E-02,8.050E-02,0.9414
078,78: Platinum,4.500E+00,2.939E+01,1.767E-02,2.941E+01,1.020E-01,9.633E-02,0.9448
078,78: Platinum,5.000E+00,2.763E+01,1.617E-02,2.765E+01,1.195E-01,1.132E-01,0.9476
078,78: Platinum,5.500E+00,2.611E+01,1.492E-02,2.612E+01,1.381E-01,1.312E-01,0.9500
078,78: Platinum,6.000E+00,2.477E+01,1.386E-02,2.478E+01,1.578E-01,1.502E-01,0.9519
078,78: Platinum,6.500E+00,2.359E+01,1.295E-02,2.360E+01,1.785E-01,1.702E-01,0.9537
078,78: Platinum,7.000E+00,2.253E+01,1.216E-02,2.254E+01,2.001E-01,1.912E-01,0.9552
078,78: Platinum,7.500E+00,2.158E+01,1.147E-02,2.159E+01,2.228E-01,2.131E-01,0.9565
078,78: Platinum,8.000E+00,2.072E+01,1.085E-02,2.074E+01,2.465E-01,2.360E-01,0.9577
078,78: Platinum,8.500E+00,1.994E+01,1.030E-02,1.995E+01,2.710E-01,2.598E-01,0.9587
078,78: Platinum,9.000E+00,1.923E+01,9.811E-03,1.924E+01,2.966E-01,2.846E-01,0.9596
078,78: Platinum,9.500E+00,1.857E+01,9.366E-03,1.858E+01,3.230E-01,3.103E-01,0.9605
078,78: Platinum,1.000E+01,1.796E+01,8.961E-03,1.797E+01,3.504E-01,3.368E-01,0.9613
078,78: Platinum,1.250E+01,1.551E+01,7.391E-03,1.552E+01,5.006E-01,4.827E-01,0.9644
078,78: Platinum,1.500E+01,1.373E+01,6.310E-03,1.373E+01,6.722E-01,6.497E-01,0.9666
078,78: Platinum,1.750E+01,1.236E+01,5.517E-03,1.236E+01,8.644E-01,8.369E-01,0.9682
078,78: Platinum,2.000E+01,1.127E+01,4.909E-03,1.128E+01,1.076E+00,1.044E+00,0.9695
078,78: Platinum,2.500E+01,9.646E+00,4.037E-03,9.651E+00,1.557E+00,1.513E+00,0.9715
078,78: Platinum,2.750E+01,9.019E+00,3.712E-03,9.023E+00,1.826E+00,1.775E+00,0.9722
078,78: Platinum,3.000E+01,8.480E+00,3.438E-03,8.484E+00,2.111E+00,2.054E+00,0.9729
078,78: Platinum,3.500E+01,7.599E+00,3.000E-03,7.602E+00,2.735E+00,2.664E+00,0.9739
078,78: Platinum,4.000E+01,6.908E+00,2.665E-03,6.910E+00,3.426E+00,3.340E+00,0.9748
078,78: Platinum,4.500E+01,6.349E+00,2.400E-03,6.352E+00,4.182E+00,4.079E+00,0.9755
078,78: Platinum,5.000E+01,5.888E+00,2.185E-03,5.891E+00,5.000E+00,4.880E+00,0.9761
078,78: Platinum,5.500E+01,5.501E+00,2.007E-03,5.503E+00,5.879E+00,5.741E+00,0.9766
078,78: Platinum,6.000E+01,5.170E+00,1.857E-03,5.172E+00,6.816E+00,6.660E+00,0.9771
078,78: Platinum,6.500E+01,4.884E+00,1.728E-03,4.886E+00,7.812E+00,7.635E+00,0.9775
078,78: Platinum,7.000E+01,4.635E+00,1.617E-03,4.636E+00,8.863E+00,8.666E+00,0.9778
078,78: Platinum,7.500E+01,4.415E+00,1.520E-03,4.416E+00,9.968E+00,9.750E+00,0.9781
078,78: Platinum,8.000E+01,4.219E+00,1.434E-03,4.221E+00,1.113E+01,1.089E+01,0.9784
078,78: Platinum,8.500E+01,4.044E+00,1.358E-03,4.046E+00,1.234E+01,1.207E+01,0.9787
078,78: Platinum,9.000E+01,3.887E+00,1.290E-03,3.888E+00,1.360E+01,1.331E+01,0.9790
078,78: Platinum,9.500E+01,3.744E+00,1.228E-03,3.746E+00,1.491E+01,1.460E+01,0.9792
078,78: Platinum,1.000E+02,3.615E+00,1.173E-03,3.616E+00,1.627E+01,1.593E+01,0.9794
078,78: Platinum,1.250E+02,3.109E+00,9.581E-04,3.110E+00,2.375E+01,2.329E+01,0.9803
078,78: Platinum,1.500E+02,2.759E+00,8.118E-04,2.760E+00,3.231E+01,3.170E+01,0.9810
078,78: Platinum,1.750E+02,2.503E+00,7.053E-04,2.503E+00,4.184E+01,4.107E+01,0.9816
078,78: Platinum,2.000E+02,2.306E+00,6.242E-04,2.307E+00,5.226E+01,5.133E+01,0.9822
078,78: Platinum,2.250E+02,2.151E+00,5.604E-04,2.152E+00,6.349E+01,6.239E+01,0.9826
078,78: Platinum,2.500E+02,2.026E+00,5.087E-04,2.027E+00,7.547E+01,7.419E+01,0.9830
078,78: Platinum,2.750E+02,1.923E+00,4.660E-04,1.923E+00,8.814E+01,8.668E+01,0.9834
078,78: Platinum,3.000E+02,1.836E+00,4.301E-04,1.837E+00,1.015E+02,9.980E+01,0.9837
078,78: Platinum,3.500E+02,1.700E+00,3.731E-04,1.700E+00,1.298E+02,1.278E+02,0.9843
078,78: Platinum,4.000E+02,1.597E+00,3.298E-04,1.598E+00,1.602E+02,1.577E+02,0.9849
078,78: Platinum,4.500E+02,1.518E+00,2.957E-04,1.518E+00,1.923E+02,1.895E+02,0.9853
078,78: Platinum,5.000E+02,1.455E+00,2.682E-04,1.456E+00,2.260E+02,2.227E+02,0.9858
078,78: Platinum,5.500E+02,1.405E+00,2.455E-04,1.405E+00,2.609E+02,2.573E+02,0.9861
078,78: Platinum,6.000E+02,1.363E+00,2.265E-04,1.364E+00,2.971E+02,2.931E+02,0.9865
078,78: Platinum,6.500E+02,1.329E+00,2.103E-04,1.329E+00,3.342E+02,3.298E+02,0.9868
078,78: Platinum,7.000E+02,1.300E+00,1.963E-04,1.300E+00,3.723E+02,3.675E+02,0.9871
078,78: Platinum,7.500E+02,1.276E+00,1.841E-04,1.276E+00,4.111E+02,4.059E+02,0.9874
078,78: Platinum,8.000E+02,1.255E+00,1.733E-04,1.255E+00,4.506E+02,4.451E+02,0.9877
078,78: Platinum,8.500E+02,1.237E+00,1.638E-04,1.237E+00,4.908E+02,4.849E+02,0.9879
078,78: Platinum,9.000E+02,1.222E+00,1.553E-04,1.222E+00,5.315E+02,5.252E+02,0.9882
078,78: Platinum,9.500E+02,1.208E+00,1.477E-04,1.208E+00,5.726E+02,5.660E+02,0.9884
078,78: Platinum,1.000E+03,1.197E+00,1.408E-04,1.197E+00,6.142E+02,6.072E+02,0.9886
078,78: Platinum,1.500E+03,1.139E+00,9.652E-05,1.139E+00,1.045E+03,1.035E+03,0.9903
078,78: Platinum,2.000E+03,1.126E+00,7.383E-05,1.126E+00,1.487E+03,1.474E+03,0.9915
078,78: Platinum,2.500E+03,1.129E+00,5.997E-05,1.129E+00,1.931E+03,1.916E+03,0.9923
078,78: Platinum,3.000E+03,1.138E+00,5.061E-05,1.138E+00,2.372E+03,2.356E+03,0.9930
078,78: Platinum,4.000E+03,1.161E+00,3.873E-05,1.161E+00,3.243E+03,3.223E+03,0.9939
078,78: Platinum,5.000E+03,1.185E+00,3.147E-05,1.185E+00,4.095E+03,4.073E+03,0.9946
078,78: Platinum,6.000E+03,1.208E+00,2.656E-05,1.208E+00,4.931E+03,4.907E+03,0.9952
078,78: Platinum,7.000E+03,1.229E+00,2.302E-05,1.229E+00,5.751E+03,5.726E+03,0.9956
078,78: Platinum,8.000E+03,1.248E+00,2.033E-05,1.248E+00,6.559E+03,6.532E+03,0.9959
078,78: Platinum,9.000E+03,1.265E+00,1.822E-05,1.265E+00,7.354E+03,7.326E+03,0.9962
078,78: Platinum,1.000E+04,1.281E+00,1.652E-05,1.281E+00,8.140E+03,8.111E+03,0.9964
079,79: Gold,1.000E-03,1.476E+01,8.981E-01,1.565E+01,1.115E-04,9.842E-06,0.0883
079,79: Gold,1.500E-03,1.807E+01,9.183E-01,1.899E+01,1.401E-04,1.402E-05,0.1000
079,79: Gold,2.000E-03,2.087E+01,9.234E-01,2.179E+01,1.646E-04,1.814E-05,0.1102
079,79: Gold,2.500E-03,2.333E+01,9.217E-01,2.425E+01,1.864E-04,2.221E-05,0.1192
079,79: Gold,3.000E-03,2.556E+01,9.163E-01,2.648E+01,2.061E-04,2.625E-05,0.1274
079,79: Gold,4.000E-03,2.951E+01,9.002E-01,3.041E+01,2.412E-04,3.428E-05,0.1421
079,79: Gold,5.000E-03,3.300E+01,8.811E-01,3.388E+01,2.723E-04,4.226E-05,0.1552
079,79: Gold,6.000E-03,3.615E+01,8.611E-01,3.701E+01,3.005E-04,5.020E-05,0.1670
079,79: Gold,7.000E-03,3.904E+01,8.411E-01,3.988E+01,3.266E-04,5.812E-05,0.1780
079,79: Gold,8.000E-03,4.174E+01,8.216E-01,4.256E+01,3.508E-04,6.601E-05,0.1882
079,79: Gold,9.000E-03,4.427E+01,8.029E-01,4.507E+01,3.736E-04,7.387E-05,0.1977
079,79: Gold,1.000E-02,4.666E+01,7.849E-01,4.745E+01,3.953E-04,8.171E-05,0.2067
079,79: Gold,1.250E-02,5.151E+01,7.434E-01,5.226E+01,4.454E-04,1.013E-04,0.2274
079,79: Gold,1.500E-02,5.580E+01,7.067E-01,5.650E+01,4.913E-04,1.209E-04,0.2460
079,79: Gold,1.750E-02,5.966E+01,6.740E-01,6.033E+01,5.341E-04,1.404E-04,0.2628
079,79: Gold,2.000E-02,6.318E+01,6.447E-01,6.383E+01,5.744E-04,1.598E-04,0.2782
079,79: Gold,2.250E-02,6.643E+01,6.184E-01,6.705E+01,6.126E-04,1.791E-04,0.2925
079,79: Gold,2.500E-02,6.943E+01,5.946E-01,7.003E+01,6.490E-04,1.984E-04,0.3057
079,79: Gold,2.750E-02,7.223E+01,5.730E-01,7.280E+01,6.840E-04,2.175E-04,0.3180
079,79: Gold,3.000E-02,7.484E+01,5.532E-01,7.539E+01,7.178E-04,2.366E-04,0.3296
079,79: Gold,3.500E-02,7.958E+01,5.182E-01,8.010E+01,7.821E-04,2.743E-04,0.3508
079,79: Gold,4.000E-02,8.377E+01,4.882E-01,8.426E+01,8.429E-04,3.117E-04,0.3698
079,79: Gold,4.500E-02,8.750E+01,4.621E-01,8.796E+01,9.009E-04,3.488E-04,0.3871
079,79: Gold,5.000E-02,9.081E+01,4.392E-01,9.125E+01,9.567E-04,3.855E-04,0.4030
079,79: Gold,5.500E-02,9.377E+01,4.188E-01,9.419E+01,1.011E-03,4.220E-04,0.4176
079,79: Gold,6.000E-02,9.640E+01,4.006E-01,9.680E+01,1.063E-03,4.583E-04,0.4311
079,79: Gold,6.500E-02,9.874E+01,3.841E-01,9.912E+01,1.114E-03,4.944E-04,0.4438
079,79: Gold,7.000E-02,1.008E+02,3.692E-01,1.012E+02,1.164E-03,5.303E-04,0.4556
079,79: Gold,7.500E-02,1.026E+02,3.556E-01,1.030E+02,1.213E-03,5.661E-04,0.4668
079,79: Gold,8.000E-02,1.043E+02,3.431E-01,1.046E+02,1.261E-03,6.019E-04,0.4773
079,79: Gold,8.500E-02,1.057E+02,3.316E-01,1.060E+02,1.309E-03,6.376E-04,0.4872
079,79: Gold,9.000E-02,1.069E+02,3.210E-01,1.072E+02,1.355E-03,6.733E-04,0.4967
079,79: Gold,9.500E-02,1.080E+02,3.112E-01,1.083E+02,1.402E-03,7.089E-04,0.5057
079,79: Gold,1.000E-01,1.089E+02,3.020E-01,1.092E+02,1.448E-03,7.446E-04,0.5143
079,79: Gold,1.250E-01,1.115E+02,2.641E-01,1.118E+02,1.674E-03,9.242E-04,0.5522
079,79: Gold,1.500E-01,1.120E+02,2.357E-01,1.122E+02,1.897E-03,1.107E-03,0.5836
079,79: Gold,1.750E-01,1.112E+02,2.134E-01,1.114E+02,2.120E-03,1.294E-03,0.6104
079,79: Gold,2.000E-01,1.096E+02,1.955E-01,1.098E+02,2.346E-03,1.487E-03,0.6337
079,79: Gold,2.250E-01,1.076E+02,1.806E-01,1.078E+02,2.576E-03,1.685E-03,0.6541
079,79: Gold,2.500E-01,1.054E+02,1.681E-01,1.056E+02,2.810E-03,1.889E-03,0.6723
079,79: Gold,2.750E-01,1.032E+02,1.574E-01,1.034E+02,3.049E-03,2.100E-03,0.6885
079,79: Gold,3.000E-01,1.010E+02,1.481E-01,1.011E+02,3.294E-03,2.316E-03,0.7031
079,79: Gold,3.500E-01,9.633E+01,1.328E-01,9.646E+01,3.800E-03,2.768E-03,0.7284
079,79: Gold,4.000E-01,9.180E+01,1.206E-01,9.192E+01,4.331E-03,3.246E-03,0.7495
079,79: Gold,4.500E-01,8.770E+01,1.106E-01,8.781E+01,4.888E-03,3.751E-03,0.7675
079,79: Gold,5.000E-01,8.405E+01,1.024E-01,8.415E+01,5.470E-03,4.282E-03,0.7829
079,79: Gold,5.500E-01,8.083E+01,9.534E-02,8.093E+01,6.076E-03,4.837E-03,0.7962
079,79: Gold,6.000E-01,7.800E+01,8.930E-02,7.809E+01,6.705E-03,5.416E-03,0.8077
079,79: Gold,6.500E-01,7.547E+01,8.406E-02,7.555E+01,7.356E-03,6.017E-03,0.8179
079,79: Gold,7.000E-01,7.318E+01,7.945E-02,7.326E+01,8.028E-03,6.638E-03,0.8269
079,79: Gold,7.500E-01,7.111E+01,7.536E-02,7.118E+01,8.721E-03,7.281E-03,0.8348
079,79: Gold,8.000E-01,6.921E+01,7.171E-02,6.928E+01,9.433E-03,7.942E-03,0.8420
079,79: Gold,8.500E-01,6.746E+01,6.843E-02,6.753E+01,1.016E-02,8.623E-03,0.8484
079,79: Gold,9.000E-01,6.583E+01,6.546E-02,6.590E+01,1.091E-02,9.322E-03,0.8542
079,79: Gold,9.500E-01,6.432E+01,6.276E-02,6.439E+01,1.168E-02,1.004E-02,0.8595
079,79: Gold,1.000E+00,6.291E+01,6.030E-02,6.297E+01,1.247E-02,1.077E-02,0.8643
079,79: Gold,1.250E+00,5.698E+01,5.057E-02,5.703E+01,1.665E-02,1.470E-02,0.8831
079,79: Gold,1.500E+00,5.239E+01,4.373E-02,5.243E+01,2.122E-02,1.902E-02,0.8962
079,79: Gold,1.750E+00,4.868E+01,3.863E-02,4.872E+01,2.618E-02,2.371E-02,0.9059
079,79: Gold,2.000E+00,4.558E+01,3.467E-02,4.562E+01,3.148E-02,2.875E-02,0.9133
079,79: Gold,2.250E+00,4.295E+01,3.149E-02,4.298E+01,3.713E-02,3.413E-02,0.9193
079,79: Gold,2.500E+00,4.067E+01,2.889E-02,4.070E+01,4.311E-02,3.984E-02,0.9241
079,79: Gold,2.750E+00,3.868E+01,2.671E-02,3.871E+01,4.941E-02,4.586E-02,0.9281
079,79: Gold,3.000E+00,3.692E+01,2.486E-02,3.694E+01,5.603E-02,5.219E-02,0.9315
079,79: Gold,3.500E+00,3.392E+01,2.188E-02,3.394E+01,7.016E-02,6.575E-02,0.9370
079,79: Gold,4.000E+00,3.146E+01,1.957E-02,3.148E+01,8.547E-02,8.045E-02,0.9413
079,79: Gold,4.500E+00,2.940E+01,1.773E-02,2.942E+01,1.019E-01,9.627E-02,0.9446
079,79: Gold,5.000E+00,2.765E+01,1.623E-02,2.766E+01,1.195E-01,1.132E-01,0.9474
079,79: Gold,5.500E+00,2.612E+01,1.498E-02,2.614E+01,1.381E-01,1.311E-01,0.9497
079,79: Gold,6.000E+00,2.479E+01,1.392E-02,2.480E+01,1.577E-01,1.501E-01,0.9517
079,79: Gold,6.500E+00,2.360E+01,1.300E-02,2.362E+01,1.784E-01,1.701E-01,0.9534
079,79: Gold,7.000E+00,2.255E+01,1.221E-02,2.256E+01,2.000E-01,1.910E-01,0.9549
079,79: Gold,7.500E+00,2.160E+01,1.151E-02,2.161E+01,2.227E-01,2.129E-01,0.9562
079,79: Gold,8.000E+00,2.074E+01,1.089E-02,2.075E+01,2.463E-01,2.358E-01,0.9573
079,79: Gold,8.500E+00,1.996E+01,1.034E-02,1.997E+01,2.709E-01,2.596E-01,0.9584
079,79: Gold,9.000E+00,1.924E+01,9.849E-03,1.925E+01,2.964E-01,2.843E-01,0.9593
079,79: Gold,9.500E+00,1.859E+01,9.402E-03,1.860E+01,3.228E-01,3.100E-01,0.9602
079,79: Gold,1.000E+01,1.798E+01,8.996E-03,1.799E+01,3.501E-01,3.365E-01,0.9610
079,79: Gold,1.250E+01,1.553E+01,7.420E-03,1.554E+01,5.002E-01,4.822E-01,0.9640
079,79: Gold,1.500E+01,1.374E+01,6.335E-03,1.375E+01,6.716E-01,6.489E-01,0.9662
079,79: Gold,1.750E+01,1.237E+01,5.539E-03,1.238E+01,8.636E-01,8.358E-01,0.9679
079,79: Gold,2.000E+01,1.129E+01,4.930E-03,1.129E+01,1.075E+00,1.042E+00,0.9692
079,79: Gold,2.500E+01,9.661E+00,4.054E-03,9.665E+00,1.556E+00,1.511E+00,0.9711
079,79: Gold,2.750E+01,9.035E+00,3.728E-03,9.038E+00,1.823E+00,1.772E+00,0.9719
079,79: Gold,3.000E+01,8.496E+00,3.452E-03,8.499E+00,2.109E+00,2.051E+00,0.9725
079,79: Gold,3.500E+01,7.615E+00,3.013E-03,7.618E+00,2.731E+00,2.659E+00,0.9736
079,79: Gold,4.000E+01,6.924E+00,2.677E-03,6.926E+00,3.421E+00,3.333E+00,0.9745
079,79: Gold,4.500E+01,6.365E+00,2.411E-03,6.368E+00,4.174E+00,4.071E+00,0.9752
079,79: Gold,5.000E+01,5.904E+00,2.195E-03,5.906E+00,4.990E+00,4.870E+00,0.9758
079,79: Gold,5.500E+01,5.516E+00,2.016E-03,5.518E+00,5.867E+00,5.728E+00,0.9763
079,79: Gold,6.000E+01,5.185E+00,1.865E-03,5.187E+00,6.802E+00,6.644E+00,0.9768
079,79: Gold,6.500E+01,4.899E+00,1.736E-03,4.901E+00,7.794E+00,7.616E+00,0.9772
079,79: Gold,7.000E+01,4.649E+00,1.624E-03,4.651E+00,8.842E+00,8.643E+00,0.9775
079,79: Gold,7.500E+01,4.429E+00,1.527E-03,4.430E+00,9.944E+00,9.724E+00,0.9779
079,79: Gold,8.000E+01,4.233E+00,1.441E-03,4.234E+00,1.110E+01,1.086E+01,0.9782
079,79: Gold,8.500E+01,4.058E+00,1.364E-03,4.059E+00,1.231E+01,1.204E+01,0.9784
079,79: Gold,9.000E+01,3.900E+00,1.296E-03,3.901E+00,1.356E+01,1.327E+01,0.9787
079,79: Gold,9.500E+01,3.757E+00,1.234E-03,3.758E+00,1.487E+01,1.455E+01,0.9789
079,79: Gold,1.000E+02,3.627E+00,1.178E-03,3.628E+00,1.622E+01,1.588E+01,0.9792
079,79: Gold,1.250E+02,3.120E+00,9.626E-04,3.121E+00,2.368E+01,2.321E+01,0.9801
079,79: Gold,1.500E+02,2.769E+00,8.156E-04,2.770E+00,3.221E+01,3.159E+01,0.9808
079,79: Gold,1.750E+02,2.512E+00,7.087E-04,2.513E+00,4.170E+01,4.093E+01,0.9814
079,79: Gold,2.000E+02,2.315E+00,6.272E-04,2.316E+00,5.208E+01,5.114E+01,0.9820
079,79: Gold,2.250E+02,2.160E+00,5.631E-04,2.160E+00,6.327E+01,6.216E+01,0.9824
079,79: Gold,2.500E+02,2.034E+00,5.112E-04,2.034E+00,7.521E+01,7.391E+01,0.9828
079,79: Gold,2.750E+02,1.930E+00,4.683E-04,1.931E+00,8.783E+01,8.635E+01,0.9832
079,79: Gold,3.000E+02,1.843E+00,4.322E-04,1.844E+00,1.011E+02,9.942E+01,0.9835
079,79: Gold,3.500E+02,1.706E+00,3.750E-04,1.707E+00,1.293E+02,1.273E+02,0.9842
079,79: Gold,4.000E+02,1.603E+00,3.315E-04,1.604E+00,1.596E+02,1.571E+02,0.9847
079,79: Gold,4.500E+02,1.524E+00,2.972E-04,1.524E+00,1.916E+02,1.888E+02,0.9852
079,79: Gold,5.000E+02,1.461E+00,2.696E-04,1.461E+00,2.251E+02,2.219E+02,0.9856
079,79: Gold,5.500E+02,1.410E+00,2.468E-04,1.410E+00,2.600E+02,2.563E+02,0.9860
079,79: Gold,6.000E+02,1.368E+00,2.276E-04,1.368E+00,2.960E+02,2.920E+02,0.9863
079,79: Gold,6.500E+02,1.334E+00,2.113E-04,1.334E+00,3.330E+02,3.286E+02,0.9867
079,79: Gold,7.000E+02,1.305E+00,1.973E-04,1.305E+00,3.709E+02,3.661E+02,0.9870
079,79: Gold,7.500E+02,1.280E+00,1.850E-04,1.280E+00,4.096E+02,4.044E+02,0.9873
079,79: Gold,8.000E+02,1.259E+00,1.742E-04,1.259E+00,4.490E+02,4.434E+02,0.9876
079,79: Gold,8.500E+02,1.241E+00,1.647E-04,1.241E+00,4.890E+02,4.831E+02,0.9878
079,79: Gold,9.000E+02,1.226E+00,1.561E-04,1.226E+00,5.296E+02,5.232E+02,0.9881
079,79: Gold,9.500E+02,1.213E+00,1.485E-04,1.213E+00,5.706E+02,5.639E+02,0.9883
079,79: Gold,1.000E+03,1.201E+00,1.416E-04,1.201E+00,6.120E+02,6.050E+02,0.9885
079,79: Gold,1.500E+03,1.143E+00,9.703E-05,1.143E+00,1.041E+03,1.031E+03,0.9902
079,79: Gold,2.000E+03,1.131E+00,7.422E-05,1.131E+00,1.482E+03,1.469E+03,0.9914
079,79: Gold,2.500E+03,1.134E+00,6.029E-05,1.134E+00,1.923E+03,1.909E+03,0.9922
079,79: Gold,3.000E+03,1.143E+00,5.088E-05,1.143E+00,2.363E+03,2.346E+03,0.9929
079,79: Gold,4.000E+03,1.167E+00,3.893E-05,1.167E+00,3.229E+03,3.209E+03,0.9939
079,79: Gold,5.000E+03,1.191E+00,3.164E-05,1.192E+00,4.077E+03,4.055E+03,0.9946
079,79: Gold,6.000E+03,1.215E+00,2.671E-05,1.215E+00,4.908E+03,4.884E+03,0.9951
079,79: Gold,7.000E+03,1.236E+00,2.314E-05,1.236E+00,5.724E+03,5.698E+03,0.9955
079,79: Gold,8.000E+03,1.255E+00,2.044E-05,1.255E+00,6.527E+03,6.500E+03,0.9959
079,79: Gold,9.000E+03,1.272E+00,1.832E-05,1.272E+00,7.318E+03,7.290E+03,0.9961
079,79: Gold,1.000E+04,1.288E+00,1.661E-05,1.288E+00,8.099E+03,8.070E+03,0.9964
082,82: Lead,1.000E-03,1.540E+01,8.290E-01,1.623E+01,1.079E-04,1.006E-05,0.0932
082,82: Lead,1.500E-03,1.886E+01,8.494E-01,1.971E+01,1.355E-04,1.428E-05,0.1054
082,82: Lead,2.000E-03,2.178E+01,8.554E-01,2.264E+01,1.592E-04,1.843E-05,0.1158
082,82: Lead,2.500E-03,2.435E+01,8.548E-01,2.521E+01,1.801E-04,2.253E-05,0.1251
082,82: Lead,3.000E-03,2.668E+01,8.508E-01,2.753E+01,1.990E-04,2.658E-05,0.1335
082,82: Lead,4.000E-03,3.081E+01,8.374E-01,3.164E+01,2.328E-04,3.460E-05,0.1486
082,82: Lead,5.000E-03,3.444E+01,8.208E-01,3.526E+01,2.627E-04,4.255E-05,0.1620
082,82: Lead,6.000E-03,3.773E+01,8.033E-01,3.853E+01,2.898E-04,5.045E-05,0.1741
082,82: Lead,7.000E-03,4.075E+01,7.856E-01,4.154E+01,3.148E-04,5.830E-05,0.1852
082,82: Lead,8.000E-03,4.357E+01,7.682E-01,4.433E+01,3.381E-04,6.610E-05,0.1955
082,82: Lead,9.000E-03,4.621E+01,7.514E-01,4.696E+01,3.600E-04,7.387E-05,0.2052
082,82: Lead,1.000E-02,4.871E+01,7.352E-01,4.944E+01,3.807E-04,8.160E-05,0.2143
082,82: Lead,1.250E-02,5.382E+01,6.977E-01,5.451E+01,4.288E-04,1.009E-04,0.2352
082,82: Lead,1.500E-02,5.834E+01,6.643E-01,5.901E+01,4.728E-04,1.200E-04,0.2539
082,82: Lead,1.750E-02,6.245E+01,6.344E-01,6.308E+01,5.138E-04,1.391E-04,0.2708
082,82: Lead,2.000E-02,6.621E+01,6.075E-01,6.682E+01,5.523E-04,1.581E-04,0.2863
082,82: Lead,2.250E-02,6.970E+01,5.833E-01,7.028E+01,5.887E-04,1.769E-04,0.3005
082,82: Lead,2.500E-02,7.294E+01,5.614E-01,7.350E+01,6.235E-04,1.956E-04,0.3137
082,82: Lead,2.750E-02,7.598E+01,5.413E-01,7.653E+01,6.568E-04,2.141E-04,0.3260
082,82: Lead,3.000E-02,7.885E+01,5.230E-01,7.937E+01,6.889E-04,2.325E-04,0.3376
082,82: Lead,3.500E-02,8.411E+01,4.905E-01,8.460E+01,7.499E-04,2.689E-04,0.3587
082,82: Lead,4.000E-02,8.884E+01,4.626E-01,8.930E+01,8.074E-04,3.048E-04,0.3776
082,82: Lead,4.500E-02,9.313E+01,4.383E-01,9.356E+01,8.620E-04,3.402E-04,0.3947
082,82: Lead,5.000E-02,9.702E+01,4.169E-01,9.744E+01,9.144E-04,3.752E-04,0.4104
082,82: Lead,5.500E-02,1.006E+02,3.978E-01,1.010E+02,9.648E-04,4.098E-04,0.4248
082,82: Lead,6.000E-02,1.038E+02,3.807E-01,1.042E+02,1.014E-03,4.440E-04,0.4381
082,82: Lead,6.500E-02,1.068E+02,3.653E-01,1.071E+02,1.061E-03,4.779E-04,0.4505
082,82: Lead,7.000E-02,1.095E+02,3.513E-01,1.098E+02,1.107E-03,5.115E-04,0.4621
082,82: Lead,7.500E-02,1.119E+02,3.385E-01,1.122E+02,1.152E-03,5.449E-04,0.4730
082,82: Lead,8.000E-02,1.141E+02,3.268E-01,1.145E+02,1.196E-03,5.781E-04,0.4833
082,82: Lead,8.500E-02,1.162E+02,3.160E-01,1.165E+02,1.239E-03,6.110E-04,0.4930
082,82: Lead,9.000E-02,1.180E+02,3.060E-01,1.183E+02,1.282E-03,6.438E-04,0.5022
082,82: Lead,9.500E-02,1.196E+02,2.967E-01,1.199E+02,1.324E-03,6.765E-04,0.5110
082,82: Lead,1.000E-01,1.211E+02,2.880E-01,1.214E+02,1.365E-03,7.091E-04,0.5193
082,82: Lead,1.250E-01,1.261E+02,2.522E-01,1.264E+02,1.567E-03,8.712E-04,0.5561
082,82: Lead,1.500E-01,1.281E+02,2.253E-01,1.283E+02,1.763E-03,1.034E-03,0.5865
082,82: Lead,1.750E-01,1.279E+02,2.042E-01,1.281E+02,1.957E-03,1.199E-03,0.6126
082,82: Lead,2.000E-01,1.263E+02,1.872E-01,1.265E+02,2.154E-03,1.368E-03,0.6353
082,82: Lead,2.250E-01,1.236E+02,1.730E-01,1.238E+02,2.353E-03,1.543E-03,0.6555
082,82: Lead,2.500E-01,1.204E+02,1.611E-01,1.206E+02,2.558E-03,1.723E-03,0.6736
082,82: Lead,2.750E-01,1.169E+02,1.509E-01,1.171E+02,2.768E-03,1.910E-03,0.6900
082,82: Lead,3.000E-01,1.133E+02,1.421E-01,1.135E+02,2.985E-03,2.104E-03,0.7048
082,82: Lead,3.500E-01,1.064E+02,1.274E-01,1.065E+02,3.440E-03,2.514E-03,0.7309
082,82: Lead,4.000E-01,9.998E+01,1.158E-01,1.001E+02,3.925E-03,2.955E-03,0.7529
082,82: Lead,4.500E-01,9.437E+01,1.063E-01,9.448E+01,4.439E-03,3.425E-03,0.7716
082,82: Lead,5.000E-01,8.950E+01,9.838E-02,8.960E+01,4.983E-03,3.925E-03,0.7876
082,82: Lead,5.500E-01,8.518E+01,9.166E-02,8.528E+01,5.555E-03,4.452E-03,0.8015
082,82: Lead,6.000E-01,8.137E+01,8.589E-02,8.146E+01,6.155E-03,5.007E-03,0.8135
082,82: Lead,6.500E-01,7.801E+01,8.086E-02,7.810E+01,6.782E-03,5.589E-03,0.8241
082,82: Lead,7.000E-01,7.505E+01,7.644E-02,7.512E+01,7.435E-03,6.196E-03,0.8333
082,82: Lead,7.500E-01,7.242E+01,7.253E-02,7.249E+01,8.113E-03,6.827E-03,0.8415
082,82: Lead,8.000E-01,7.008E+01,6.903E-02,7.015E+01,8.814E-03,7.481E-03,0.8488
082,82: Lead,8.500E-01,6.799E+01,6.588E-02,6.806E+01,9.538E-03,8.157E-03,0.8552
082,82: Lead,9.000E-01,6.612E+01,6.303E-02,6.619E+01,1.028E-02,8.854E-03,0.8611
082,82: Lead,9.500E-01,6.444E+01,6.044E-02,6.450E+01,1.105E-02,9.571E-03,0.8663
082,82: Lead,1.000E+00,6.292E+01,5.807E-02,6.298E+01,1.183E-02,1.031E-02,0.8710
082,82: Lead,1.250E+00,5.688E+01,4.873E-02,5.693E+01,1.602E-02,1.424E-02,0.8893
082,82: Lead,1.500E+00,5.222E+01,4.216E-02,5.226E+01,2.061E-02,1.858E-02,0.9016
082,82: Lead,1.750E+00,4.846E+01,3.725E-02,4.850E+01,2.558E-02,2.329E-02,0.9105
082,82: Lead,2.000E+00,4.534E+01,3.344E-02,4.537E+01,3.091E-02,2.836E-02,0.9174
082,82: Lead,2.250E+00,4.269E+01,3.038E-02,4.272E+01,3.659E-02,3.377E-02,0.9228
082,82: Lead,2.500E+00,4.040E+01,2.788E-02,4.043E+01,4.261E-02,3.951E-02,0.9272
082,82: Lead,2.750E+00,3.840E+01,2.578E-02,3.843E+01,4.896E-02,4.557E-02,0.9308
082,82: Lead,3.000E+00,3.663E+01,2.400E-02,3.666E+01,5.562E-02,5.195E-02,0.9339
082,82: Lead,3.500E+00,3.364E+01,2.112E-02,3.366E+01,6.988E-02,6.561E-02,0.9389
082,82: Lead,4.000E+00,3.118E+01,1.890E-02,3.120E+01,8.532E-02,8.043E-02,0.9427
082,82: Lead,4.500E+00,2.913E+01,1.713E-02,2.914E+01,1.019E-01,9.639E-02,0.9458
082,82: Lead,5.000E+00,2.737E+01,1.568E-02,2.739E+01,1.196E-01,1.134E-01,0.9483
082,82: Lead,5.500E+00,2.586E+01,1.447E-02,2.587E+01,1.384E-01,1.316E-01,0.9504
082,82: Lead,6.000E+00,2.453E+01,1.344E-02,2.454E+01,1.583E-01,1.507E-01,0.9522
082,82: Lead,6.500E+00,2.336E+01,1.256E-02,2.337E+01,1.792E-01,1.709E-01,0.9538
082,82: Lead,7.000E+00,2.231E+01,1.180E-02,2.232E+01,2.011E-01,1.920E-01,0.9552
082,82: Lead,7.500E+00,2.137E+01,1.113E-02,2.138E+01,2.239E-01,2.142E-01,0.9564
082,82: Lead,8.000E+00,2.051E+01,1.053E-02,2.052E+01,2.478E-01,2.373E-01,0.9575
082,82: Lead,8.500E+00,1.974E+01,9.999E-03,1.975E+01,2.727E-01,2.613E-01,0.9584
082,82: Lead,9.000E+00,1.903E+01,9.521E-03,1.904E+01,2.985E-01,2.863E-01,0.9593
082,82: Lead,9.500E+00,1.838E+01,9.090E-03,1.839E+01,3.252E-01,3.122E-01,0.9601
082,82: Lead,1.000E+01,1.778E+01,8.698E-03,1.779E+01,3.528E-01,3.390E-01,0.9608
082,82: Lead,1.250E+01,1.535E+01,7.176E-03,1.536E+01,5.046E-01,4.863E-01,0.9638
082,82: Lead,1.500E+01,1.359E+01,6.127E-03,1.359E+01,6.780E-01,6.548E-01,0.9658
082,82: Lead,1.750E+01,1.223E+01,5.359E-03,1.224E+01,8.722E-01,8.438E-01,0.9674
082,82: Lead,2.000E+01,1.116E+01,4.770E-03,1.116E+01,1.086E+00,1.052E+00,0.9687
082,82: Lead,2.500E+01,9.550E+00,3.923E-03,9.554E+00,1.572E+00,1.526E+00,0.9706
082,82: Lead,2.750E+01,8.929E+00,3.608E-03,8.932E+00,1.843E+00,1.790E+00,0.9713
082,82: Lead,3.000E+01,8.393E+00,3.342E-03,8.396E+00,2.132E+00,2.072E+00,0.9720
082,82: Lead,3.500E+01,7.514E+00,2.916E-03,7.516E+00,2.763E+00,2.688E+00,0.9730
082,82: Lead,4.000E+01,6.822E+00,2.591E-03,6.825E+00,3.462E+00,3.371E+00,0.9739
082,82: Lead,4.500E+01,6.264E+00,2.334E-03,6.267E+00,4.227E+00,4.120E+00,0.9746
082,82: Lead,5.000E+01,5.804E+00,2.125E-03,5.806E+00,5.057E+00,4.931E+00,0.9752
082,82: Lead,5.500E+01,5.418E+00,1.952E-03,5.420E+00,5.949E+00,5.804E+00,0.9757
082,82: Lead,6.000E+01,5.088E+00,1.806E-03,5.090E+00,6.901E+00,6.737E+00,0.9761
082,82: Lead,6.500E+01,4.804E+00,1.681E-03,4.806E+00,7.913E+00,7.727E+00,0.9765
082,82: Lead,7.000E+01,4.557E+00,1.573E-03,4.558E+00,8.982E+00,8.774E+00,0.9769
082,82: Lead,7.500E+01,4.339E+00,1.479E-03,4.340E+00,1.011E+01,9.876E+00,0.9772
082,82: Lead,8.000E+01,4.146E+00,1.396E-03,4.147E+00,1.129E+01,1.103E+01,0.9775
082,82: Lead,8.500E+01,3.973E+00,1.322E-03,3.974E+00,1.252E+01,1.224E+01,0.9778
082,82: Lead,9.000E+01,3.818E+00,1.255E-03,3.819E+00,1.380E+01,1.350E+01,0.9781
082,82: Lead,9.500E+01,3.678E+00,1.196E-03,3.679E+00,1.514E+01,1.481E+01,0.9783
082,82: Lead,1.000E+02,3.551E+00,1.142E-03,3.552E+00,1.652E+01,1.616E+01,0.9785
082,82: Lead,1.250E+02,3.056E+00,9.329E-04,3.057E+00,2.414E+01,2.364E+01,0.9794
082,82: Lead,1.500E+02,2.713E+00,7.905E-04,2.714E+00,3.284E+01,3.219E+01,0.9802
082,82: Lead,1.750E+02,2.462E+00,6.870E-04,2.463E+00,4.253E+01,4.171E+01,0.9808
082,82: Lead,2.000E+02,2.270E+00,6.081E-04,2.271E+00,5.312E+01,5.212E+01,0.9813
082,82: Lead,2.250E+02,2.118E+00,5.459E-04,2.119E+00,6.453E+01,6.335E+01,0.9818
082,82: Lead,2.500E+02,1.996E+00,4.957E-04,1.996E+00,7.669E+01,7.533E+01,0.9822
082,82: Lead,2.750E+02,1.895E+00,4.541E-04,1.895E+00,8.955E+01,8.799E+01,0.9826
082,82: Lead,3.000E+02,1.810E+00,4.192E-04,1.810E+00,1.031E+02,1.013E+02,0.9829
082,82: Lead,3.500E+02,1.676E+00,3.637E-04,1.677E+00,1.318E+02,1.296E+02,0.9836
082,82: Lead,4.000E+02,1.576E+00,3.215E-04,1.577E+00,1.626E+02,1.600E+02,0.9841
082,82: Lead,4.500E+02,1.499E+00,2.883E-04,1.499E+00,1.952E+02,1.921E+02,0.9846
082,82: Lead,5.000E+02,1.437E+00,2.615E-04,1.438E+00,2.292E+02,2.258E+02,0.9850
082,82: Lead,5.500E+02,1.388E+00,2.394E-04,1.388E+00,2.646E+02,2.608E+02,0.9854
082,82: Lead,6.000E+02,1.347E+00,2.209E-04,1.348E+00,3.012E+02,2.969E+02,0.9858
082,82: Lead,6.500E+02,1.314E+00,2.051E-04,1.314E+00,3.388E+02,3.341E+02,0.9862
082,82: Lead,7.000E+02,1.286E+00,1.914E-04,1.286E+00,3.773E+02,3.722E+02,0.9865
082,82: Lead,7.500E+02,1.262E+00,1.795E-04,1.262E+00,4.165E+02,4.110E+02,0.9868
082,82: Lead,8.000E+02,1.242E+00,1.691E-04,1.242E+00,4.565E+02,4.506E+02,0.9871
082,82: Lead,8.500E+02,1.224E+00,1.598E-04,1.224E+00,4.971E+02,4.908E+02,0.9873
082,82: Lead,9.000E+02,1.209E+00,1.515E-04,1.210E+00,5.382E+02,5.315E+02,0.9876
082,82: Lead,9.500E+02,1.197E+00,1.441E-04,1.197E+00,5.797E+02,5.727E+02,0.9878
082,82: Lead,1.000E+03,1.185E+00,1.374E-04,1.186E+00,6.217E+02,6.143E+02,0.9881
082,82: Lead,1.500E+03,1.130E+00,9.419E-05,1.130E+00,1.056E+03,1.045E+03,0.9898
082,82: Lead,2.000E+03,1.120E+00,7.205E-05,1.120E+00,1.501E+03,1.488E+03,0.9910
082,82: Lead,2.500E+03,1.124E+00,5.854E-05,1.124E+00,1.947E+03,1.932E+03,0.9919
082,82: Lead,3.000E+03,1.135E+00,4.940E-05,1.135E+00,2.390E+03,2.372E+03,0.9926
082,82: Lead,4.000E+03,1.161E+00,3.780E-05,1.161E+00,3.261E+03,3.241E+03,0.9936
082,82: Lead,5.000E+03,1.187E+00,3.072E-05,1.187E+00,4.113E+03,4.090E+03,0.9944
082,82: Lead,6.000E+03,1.211E+00,2.593E-05,1.211E+00,4.947E+03,4.922E+03,0.9949
082,82: Lead,7.000E+03,1.233E+00,2.247E-05,1.233E+00,5.765E+03,5.738E+03,0.9954
082,82: Lead,8.000E+03,1.253E+00,1.985E-05,1.253E+00,6.569E+03,6.541E+03,0.9957
082,82: Lead,9.000E+03,1.271E+00,1.779E-05,1.271E+00,7.361E+03,7.332E+03,0.9960
082,82: Lead,1.000E+04,1.288E+00,1.613E-05,1.288E+00,8.143E+03,8.112E+03,0.9962
092,92: Uranium,1.000E-03,1.838E+01,6.695E-01,1.905E+01,9.290E-05,1.052E-05,0.1132
092,92: Uranium,1.500E-03,2.251E+01,6.904E-01,2.320E+01,1.164E-04,1.476E-05,0.1268
092,92: Uranium,2.000E-03,2.599E+01,6.984E-01,2.669E+01,1.365E-04,1.890E-05,0.1385
092,92: Uranium,2.500E-03,2.906E+01,7.005E-01,2.976E+01,1.542E-04,2.294E-05,0.1488
092,92: Uranium,3.000E-03,3.183E+01,6.995E-01,3.253E+01,1.702E-04,2.691E-05,0.1581
092,92: Uranium,4.000E-03,3.675E+01,6.922E-01,3.745E+01,1.988E-04,3.470E-05,0.1745
092,92: Uranium,5.000E-03,4.109E+01,6.817E-01,4.177E+01,2.241E-04,4.234E-05,0.1889
092,92: Uranium,6.000E-03,4.501E+01,6.699E-01,4.568E+01,2.469E-04,4.985E-05,0.2019
092,92: Uranium,7.000E-03,4.862E+01,6.575E-01,4.928E+01,2.680E-04,5.726E-05,0.2137
092,92: Uranium,8.000E-03,5.198E+01,6.451E-01,5.262E+01,2.876E-04,6.458E-05,0.2245
092,92: Uranium,9.000E-03,5.513E+01,6.328E-01,5.576E+01,3.061E-04,7.182E-05,0.2347
092,92: Uranium,1.000E-02,5.811E+01,6.208E-01,5.873E+01,3.235E-04,7.899E-05,0.2442
092,92: Uranium,1.250E-02,6.419E+01,5.926E-01,6.479E+01,3.640E-04,9.672E-05,0.2657
092,92: Uranium,1.500E-02,6.957E+01,5.669E-01,7.014E+01,4.010E-04,1.142E-04,0.2849
092,92: Uranium,1.750E-02,7.444E+01,5.436E-01,7.499E+01,4.355E-04,1.316E-04,0.3021
092,92: Uranium,2.000E-02,7.890E+01,5.224E-01,7.942E+01,4.679E-04,1.487E-04,0.3178
092,92: Uranium,2.250E-02,8.302E+01,5.032E-01,8.352E+01,4.985E-04,1.656E-04,0.3321
092,92: Uranium,2.500E-02,8.684E+01,4.856E-01,8.733E+01,5.278E-04,1.823E-04,0.3454
092,92: Uranium,2.750E-02,9.042E+01,4.694E-01,9.089E+01,5.559E-04,1.988E-04,0.3577
092,92: Uranium,3.000E-02,9.378E+01,4.545E-01,9.423E+01,5.829E-04,2.152E-04,0.3692
092,92: Uranium,3.500E-02,9.992E+01,4.279E-01,1.003E+02,6.342E-04,2.475E-04,0.3902
092,92: Uranium,4.000E-02,1.054E+02,4.049E-01,1.058E+02,6.827E-04,2.792E-04,0.4089
092,92: Uranium,4.500E-02,1.103E+02,3.847E-01,1.107E+02,7.289E-04,3.104E-04,0.4258
092,92: Uranium,5.000E-02,1.148E+02,3.668E-01,1.151E+02,7.732E-04,3.411E-04,0.4412
092,92: Uranium,5.500E-02,1.188E+02,3.508E-01,1.191E+02,8.158E-04,3.715E-04,0.4554
092,92: Uranium,6.000E-02,1.224E+02,3.364E-01,1.227E+02,8.572E-04,4.016E-04,0.4685
092,92: Uranium,6.500E-02,1.257E+02,3.234E-01,1.260E+02,8.974E-04,4.313E-04,0.4806
092,92: Uranium,7.000E-02,1.286E+02,3.115E-01,1.289E+02,9.366E-04,4.608E-04,0.4920
092,92: Uranium,7.500E-02,1.312E+02,3.006E-01,1.315E+02,9.750E-04,4.901E-04,0.5026
092,92: Uranium,8.000E-02,1.335E+02,2.906E-01,1.338E+02,1.013E-03,5.192E-04,0.5127
092,92: Uranium,8.500E-02,1.356E+02,2.813E-01,1.359E+02,1.050E-03,5.481E-04,0.5221
092,92: Uranium,9.000E-02,1.374E+02,2.727E-01,1.377E+02,1.086E-03,5.770E-04,0.5311
092,92: Uranium,9.500E-02,1.390E+02,2.647E-01,1.393E+02,1.122E-03,6.057E-04,0.5397
092,92: Uranium,1.000E-01,1.404E+02,2.573E-01,1.406E+02,1.158E-03,6.345E-04,0.5478
092,92: Uranium,1.250E-01,1.444E+02,2.263E-01,1.446E+02,1.333E-03,7.780E-04,0.5836
092,92: Uranium,1.500E-01,1.448E+02,2.028E-01,1.450E+02,1.505E-03,9.233E-04,0.6134
092,92: Uranium,1.750E-01,1.427E+02,1.843E-01,1.429E+02,1.679E-03,1.072E-03,0.6388
092,92: Uranium,2.000E-01,1.391E+02,1.693E-01,1.393E+02,1.856E-03,1.227E-03,0.6611
092,92: Uranium,2.250E-01,1.345E+02,1.568E-01,1.347E+02,2.038E-03,1.388E-03,0.6808
092,92: Uranium,2.500E-01,1.296E+02,1.462E-01,1.297E+02,2.227E-03,1.556E-03,0.6985
092,92: Uranium,2.750E-01,1.242E+02,1.372E-01,1.243E+02,2.424E-03,1.732E-03,0.7145
092,92: Uranium,3.000E-01,1.188E+02,1.293E-01,1.189E+02,2.630E-03,1.917E-03,0.7290
092,92: Uranium,3.500E-01,1.087E+02,1.162E-01,1.088E+02,3.070E-03,2.316E-03,0.7543
092,92: Uranium,4.000E-01,1.000E+02,1.058E-01,1.001E+02,3.549E-03,2.753E-03,0.7756
092,92: Uranium,4.500E-01,9.278E+01,9.722E-02,9.288E+01,4.068E-03,3.228E-03,0.7935
092,92: Uranium,5.000E-01,8.672E+01,9.009E-02,8.681E+01,4.625E-03,3.740E-03,0.8086
092,92: Uranium,5.500E-01,8.164E+01,8.402E-02,8.172E+01,5.219E-03,4.287E-03,0.8214
092,92: Uranium,6.000E-01,7.735E+01,7.880E-02,7.743E+01,5.848E-03,4.868E-03,0.8324
092,92: Uranium,6.500E-01,7.371E+01,7.425E-02,7.379E+01,6.510E-03,5.481E-03,0.8418
092,92: Uranium,7.000E-01,7.060E+01,7.024E-02,7.067E+01,7.203E-03,6.122E-03,0.8500
092,92: Uranium,7.500E-01,6.792E+01,6.669E-02,6.799E+01,7.925E-03,6.792E-03,0.8571
092,92: Uranium,8.000E-01,6.559E+01,6.351E-02,6.565E+01,8.673E-03,7.488E-03,0.8633
092,92: Uranium,8.500E-01,6.356E+01,6.064E-02,6.362E+01,9.447E-03,8.208E-03,0.8688
092,92: Uranium,9.000E-01,6.177E+01,5.805E-02,6.183E+01,1.024E-02,8.950E-03,0.8737
092,92: Uranium,9.500E-01,6.019E+01,5.569E-02,6.024E+01,1.106E-02,9.714E-03,0.8780
092,92: Uranium,1.000E+00,5.878E+01,5.353E-02,5.884E+01,1.190E-02,1.050E-02,0.8819
092,92: Uranium,1.250E+00,5.333E+01,4.500E-02,5.338E+01,1.638E-02,1.468E-02,0.8966
092,92: Uranium,1.500E+00,4.908E+01,3.897E-02,4.912E+01,2.126E-02,1.927E-02,0.9064
092,92: Uranium,1.750E+00,4.562E+01,3.447E-02,4.566E+01,2.655E-02,2.425E-02,0.9135
092,92: Uranium,2.000E+00,4.273E+01,3.097E-02,4.276E+01,3.221E-02,2.960E-02,0.9190
092,92: Uranium,2.250E+00,4.028E+01,2.816E-02,4.031E+01,3.824E-02,3.531E-02,0.9234
092,92: Uranium,2.500E+00,3.815E+01,2.585E-02,3.818E+01,4.461E-02,4.135E-02,0.9270
092,92: Uranium,2.750E+00,3.629E+01,2.392E-02,3.631E+01,5.133E-02,4.774E-02,0.9300
092,92: Uranium,3.000E+00,3.463E+01,2.228E-02,3.465E+01,5.838E-02,5.445E-02,0.9326
092,92: Uranium,3.500E+00,3.182E+01,1.962E-02,3.184E+01,7.345E-02,6.881E-02,0.9369
092,92: Uranium,4.000E+00,2.952E+01,1.757E-02,2.954E+01,8.977E-02,8.440E-02,0.9402
092,92: Uranium,4.500E+00,2.759E+01,1.593E-02,2.760E+01,1.073E-01,1.012E-01,0.9430
092,92: Uranium,5.000E+00,2.594E+01,1.459E-02,2.595E+01,1.260E-01,1.191E-01,0.9452
092,92: Uranium,5.500E+00,2.451E+01,1.347E-02,2.452E+01,1.458E-01,1.381E-01,0.9472
092,92: Uranium,6.000E+00,2.326E+01,1.252E-02,2.327E+01,1.668E-01,1.582E-01,0.9488
092,92: Uranium,6.500E+00,2.215E+01,1.170E-02,2.216E+01,1.888E-01,1.794E-01,0.9503
092,92: Uranium,7.000E+00,2.116E+01,1.099E-02,2.117E+01,2.119E-01,2.016E-01,0.9516
092,92: Uranium,7.500E+00,2.027E+01,1.037E-02,2.028E+01,2.360E-01,2.249E-01,0.9528
092,92: Uranium,8.000E+00,1.947E+01,9.819E-03,1.948E+01,2.612E-01,2.491E-01,0.9538
092,92: Uranium,8.500E+00,1.874E+01,9.326E-03,1.875E+01,2.873E-01,2.743E-01,0.9547
092,92: Uranium,9.000E+00,1.807E+01,8.882E-03,1.808E+01,3.145E-01,3.005E-01,0.9556
092,92: Uranium,9.500E+00,1.746E+01,8.481E-03,1.747E+01,3.426E-01,3.277E-01,0.9564
092,92: Uranium,1.000E+01,1.689E+01,8.117E-03,1.690E+01,3.718E-01,3.558E-01,0.9571
092,92: Uranium,1.250E+01,1.460E+01,6.702E-03,1.461E+01,5.314E-01,5.102E-01,0.9600
092,92: Uranium,1.500E+01,1.294E+01,5.726E-03,1.294E+01,7.136E-01,6.866E-01,0.9622
092,92: Uranium,1.750E+01,1.166E+01,5.010E-03,1.166E+01,9.175E-01,8.843E-01,0.9638
092,92: Uranium,2.000E+01,1.064E+01,4.461E-03,1.065E+01,1.142E+00,1.102E+00,0.9651
092,92: Uranium,2.500E+01,9.121E+00,3.671E-03,9.124E+00,1.651E+00,1.597E+00,0.9671
092,92: Uranium,2.750E+01,8.532E+00,3.377E-03,8.535E+00,1.935E+00,1.873E+00,0.9679
092,92: Uranium,3.000E+01,8.023E+00,3.129E-03,8.026E+00,2.237E+00,2.167E+00,0.9686
092,92: Uranium,3.500E+01,7.189E+00,2.732E-03,7.191E+00,2.896E+00,2.809E+00,0.9698
092,92: Uranium,4.000E+01,6.532E+00,2.428E-03,6.534E+00,3.627E+00,3.521E+00,0.9707
092,92: Uranium,4.500E+01,6.001E+00,2.188E-03,6.003E+00,4.426E+00,4.300E+00,0.9715
092,92: Uranium,5.000E+01,5.562E+00,1.993E-03,5.564E+00,5.292E+00,5.145E+00,0.9722
092,92: Uranium,5.500E+01,5.193E+00,1.831E-03,5.195E+00,6.223E+00,6.053E+00,0.9727
092,92: Uranium,6.000E+01,4.879E+00,1.694E-03,4.881E+00,7.216E+00,7.023E+00,0.9732
092,92: Uranium,6.500E+01,4.608E+00,1.578E-03,4.610E+00,8.271E+00,8.053E+00,0.9737
092,92: Uranium,7.000E+01,4.372E+00,1.477E-03,4.373E+00,9.385E+00,9.142E+00,0.9741
092,92: Uranium,7.500E+01,4.164E+00,1.388E-03,4.165E+00,1.056E+01,1.029E+01,0.9744
092,92: Uranium,8.000E+01,3.979E+00,1.310E-03,3.980E+00,1.179E+01,1.149E+01,0.9748
092,92: Uranium,8.500E+01,3.814E+00,1.241E-03,3.815E+00,1.307E+01,1.274E+01,0.9751
092,92: Uranium,9.000E+01,3.666E+00,1.179E-03,3.667E+00,1.441E+01,1.405E+01,0.9754
092,92: Uranium,9.500E+01,3.532E+00,1.123E-03,3.533E+00,1.580E+01,1.541E+01,0.9756
092,92: Uranium,1.000E+02,3.410E+00,1.072E-03,3.411E+00,1.724E+01,1.682E+01,0.9759
092,92: Uranium,1.250E+02,2.936E+00,8.769E-04,2.937E+00,2.517E+01,2.459E+01,0.9769
092,92: Uranium,1.500E+02,2.607E+00,7.434E-04,2.608E+00,3.423E+01,3.346E+01,0.9777
092,92: Uranium,1.750E+02,2.366E+00,6.463E-04,2.367E+00,4.431E+01,4.335E+01,0.9784
092,92: Uranium,2.000E+02,2.182E+00,5.723E-04,2.183E+00,5.532E+01,5.416E+01,0.9790
092,92: Uranium,2.250E+02,2.036E+00,5.139E-04,2.037E+00,6.719E+01,6.582E+01,0.9795
092,92: Uranium,2.500E+02,1.919E+00,4.667E-04,1.919E+00,7.985E+01,7.825E+01,0.9800
092,92: Uranium,2.750E+02,1.821E+00,4.277E-04,1.822E+00,9.323E+01,9.140E+01,0.9804
092,92: Uranium,3.000E+02,1.740E+00,3.949E-04,1.740E+00,1.073E+02,1.052E+02,0.9808
092,92: Uranium,3.500E+02,1.612E+00,3.427E-04,1.612E+00,1.372E+02,1.346E+02,0.9815
092,92: Uranium,4.000E+02,1.515E+00,3.031E-04,1.516E+00,1.692E+02,1.662E+02,0.9821
092,92: Uranium,4.500E+02,1.441E+00,2.719E-04,1.441E+00,2.031E+02,1.996E+02,0.9827
092,92: Uranium,5.000E+02,1.382E+00,2.467E-04,1.382E+00,2.385E+02,2.345E+02,0.9832
092,92: Uranium,5.500E+02,1.334E+00,2.259E-04,1.334E+00,2.754E+02,2.709E+02,0.9836
092,92: Uranium,6.000E+02,1.295E+00,2.084E-04,1.295E+00,3.134E+02,3.084E+02,0.9841
092,92: Uranium,6.500E+02,1.263E+00,1.935E-04,1.263E+00,3.525E+02,3.470E+02,0.9845
092,92: Uranium,7.000E+02,1.236E+00,1.806E-04,1.236E+00,3.925E+02,3.866E+02,0.9848
092,92: Uranium,7.500E+02,1.213E+00,1.694E-04,1.213E+00,4.334E+02,4.269E+02,0.9852
092,92: Uranium,8.000E+02,1.193E+00,1.596E-04,1.194E+00,4.749E+02,4.680E+02,0.9855
092,92: Uranium,8.500E+02,1.177E+00,1.509E-04,1.177E+00,5.171E+02,5.098E+02,0.9858
092,92: Uranium,9.000E+02,1.163E+00,1.431E-04,1.163E+00,5.599E+02,5.521E+02,0.9861
092,92: Uranium,9.500E+02,1.150E+00,1.361E-04,1.150E+00,6.031E+02,5.949E+02,0.9863
092,92: Uranium,1.000E+03,1.140E+00,1.297E-04,1.140E+00,6.468E+02,6.381E+02,0.9866
092,92: Uranium,1.500E+03,1.087E+00,8.898E-05,1.087E+00,1.099E+03,1.086E+03,0.9886
092,92: Uranium,2.000E+03,1.077E+00,6.809E-05,1.077E+00,1.562E+03,1.546E+03,0.9899
092,92: Uranium,2.500E+03,1.082E+00,5.533E-05,1.082E+00,2.025E+03,2.007E+03,0.9909
092,92: Uranium,3.000E+03,1.092E+00,4.670E-05,1.092E+00,2.485E+03,2.465E+03,0.9917
092,92: Uranium,4.000E+03,1.117E+00,3.575E-05,1.117E+00,3.391E+03,3.366E+03,0.9928
092,92: Uranium,5.000E+03,1.143E+00,2.906E-05,1.143E+00,4.275E+03,4.248E+03,0.9937
092,92: Uranium,6.000E+03,1.167E+00,2.453E-05,1.167E+00,5.141E+03,5.111E+03,0.9943
092,92: Uranium,7.000E+03,1.189E+00,2.126E-05,1.189E+00,5.990E+03,5.958E+03,0.9948
092,92: Uranium,8.000E+03,1.208E+00,1.878E-05,1.208E+00,6.824E+03,6.791E+03,0.9952
092,92: Uranium,9.000E+03,1.226E+00,1.683E-05,1.226E+00,7.646E+03,7.611E+03,0.9955
092,92: Uranium,1.000E+04,1.242E+00,1.527E-05,1.242E+00,8.456E+03,8.420E+03,0.9958
099,A-150 Tissue-Equivalent Plastic,1.000E-03,1.768E+02,4.471E+01,2.215E+02,5.313E-06,2.617E-06,0.4926
099,A-150 Tissue-Equivalent Plastic,1.500E-03,2.166E+02,3.577E+01,2.523E+02,7.411E-06,3.949E-06,0.5328
099,A-150 Tissue-Equivalent Plastic,2.000E-03,2.501E+02,3.020E+01,2.803E+02,9.290E-06,5.244E-06,0.5644
099,A-150 Tissue-Equivalent Plastic,2.500E-03,2.796E+02,2.633E+01,3.059E+02,1.100E-05,6.489E-06,0.5901
099,A-150 Tissue-Equivalent Plastic,3.000E-03,3.063E+02,2.345E+01,3.297E+02,1.257E-05,7.685E-06,0.6114
099,A-150 Tissue-Equivalent Plastic,4.000E-03,3.511E+02,1.941E+01,3.705E+02,1.543E-05,9.958E-06,0.6455
099,A-150 Tissue-Equivalent Plastic,5.000E-03,3.909E+02,1.668E+01,4.075E+02,1.800E-05,1.209E-05,0.6719
099,A-150 Tissue-Equivalent Plastic,6.000E-03,4.268E+02,1.469E+01,4.415E+02,2.035E-05,1.410E-05,0.6930
099,A-150 Tissue-Equivalent Plastic,7.000E-03,4.598E+02,1.317E+01,4.729E+02,2.254E-05,1.601E-05,0.7105
099,A-150 Tissue-Equivalent Plastic,8.000E-03,4.899E+02,1.196E+01,5.018E+02,2.459E-05,1.783E-05,0.7253
099,A-150 Tissue-Equivalent Plastic,9.000E-03,5.178E+02,1.097E+01,5.288E+02,2.653E-05,1.958E-05,0.7380
099,A-150 Tissue-Equivalent Plastic,1.000E-02,5.440E+02,1.015E+01,5.542E+02,2.838E-05,2.126E-05,0.7491
099,A-150 Tissue-Equivalent Plastic,1.250E-02,5.964E+02,8.594E+00,6.050E+02,3.269E-05,2.523E-05,0.7719
099,A-150 Tissue-Equivalent Plastic,1.500E-02,6.413E+02,7.482E+00,6.488E+02,3.667E-05,2.896E-05,0.7897
099,A-150 Tissue-Equivalent Plastic,1.750E-02,6.806E+02,6.645E+00,6.873E+02,4.041E-05,3.250E-05,0.8042
099,A-150 Tissue-Equivalent Plastic,2.000E-02,7.157E+02,5.991E+00,7.217E+02,4.396E-05,3.588E-05,0.8162
099,A-150 Tissue-Equivalent Plastic,2.250E-02,7.470E+02,5.463E+00,7.525E+02,4.735E-05,3.913E-05,0.8263
099,A-150 Tissue-Equivalent Plastic,2.500E-02,7.750E+02,5.027E+00,7.800E+02,5.061E-05,4.227E-05,0.8351
099,A-150 Tissue-Equivalent Plastic,2.750E-02,8.000E+02,4.661E+00,8.047E+02,5.377E-05,4.532E-05,0.8429
099,A-150 Tissue-Equivalent Plastic,3.000E-02,8.226E+02,4.349E+00,8.269E+02,5.683E-05,4.829E-05,0.8497
099,A-150 Tissue-Equivalent Plastic,3.500E-02,8.617E+02,3.843E+00,8.655E+02,6.274E-05,5.404E-05,0.8613
099,A-150 Tissue-Equivalent Plastic,4.000E-02,8.942E+02,3.450E+00,8.976E+02,6.841E-05,5.958E-05,0.8709
099,A-150 Tissue-Equivalent Plastic,4.500E-02,9.207E+02,3.135E+00,9.238E+02,7.390E-05,6.495E-05,0.8790
099,A-150 Tissue-Equivalent Plastic,5.000E-02,9.415E+02,2.877E+00,9.444E+02,7.925E-05,7.021E-05,0.8859
099,A-150 Tissue-Equivalent Plastic,5.500E-02,9.573E+02,2.660E+00,9.600E+02,8.449E-05,7.537E-05,0.8920
099,A-150 Tissue-Equivalent Plastic,6.000E-02,9.686E+02,2.476E+00,9.711E+02,8.967E-05,8.047E-05,0.8974
099,A-150 Tissue-Equivalent Plastic,6.500E-02,9.762E+02,2.318E+00,9.785E+02,9.480E-05,8.553E-05,0.9022
099,A-150 Tissue-Equivalent Plastic,7.000E-02,9.805E+02,2.180E+00,9.827E+02,9.990E-05,9.057E-05,0.9066
099,A-150 Tissue-Equivalent Plastic,7.500E-02,9.820E+02,2.058E+00,9.840E+02,1.050E-04,9.559E-05,0.9106
099,A-150 Tissue-Equivalent Plastic,8.000E-02,9.810E+02,1.950E+00,9.830E+02,1.101E-04,1.006E-04,0.9142
099,A-150 Tissue-Equivalent Plastic,8.500E-02,9.780E+02,1.854E+00,9.799E+02,1.152E-04,1.057E-04,0.9175
099,A-150 Tissue-Equivalent Plastic,9.000E-02,9.732E+02,1.768E+00,9.750E+02,1.203E-04,1.107E-04,0.9206
099,A-150 Tissue-Equivalent Plastic,9.500E-02,9.670E+02,1.689E+00,9.686E+02,1.254E-04,1.158E-04,0.9235
099,A-150 Tissue-Equivalent Plastic,1.000E-01,9.595E+02,1.618E+00,9.611E+02,1.306E-04,1.210E-04,0.9262
099,A-150 Tissue-Equivalent Plastic,1.250E-01,9.104E+02,1.341E+00,9.117E+02,1.573E-04,1.474E-04,0.9375
099,A-150 Tissue-Equivalent Plastic,1.500E-01,8.536E+02,1.148E+00,8.548E+02,1.856E-04,1.756E-04,0.9461
099,A-150 Tissue-Equivalent Plastic,1.750E-01,7.979E+02,1.007E+00,7.989E+02,2.158E-04,2.057E-04,0.9529
099,A-150 Tissue-Equivalent Plastic,2.000E-01,7.469E+02,8.982E-01,7.478E+02,2.482E-04,2.379E-04,0.9584
099,A-150 Tissue-Equivalent Plastic,2.250E-01,7.015E+02,8.117E-01,7.023E+02,2.827E-04,2.722E-04,0.9629
099,A-150 Tissue-Equivalent Plastic,2.500E-01,6.615E+02,7.413E-01,6.622E+02,3.194E-04,3.088E-04,0.9667
099,A-150 Tissue-Equivalent Plastic,2.750E-01,6.264E+02,6.823E-01,6.271E+02,3.582E-04,3.474E-04,0.9699
099,A-150 Tissue-Equivalent Plastic,3.000E-01,5.956E+02,6.320E-01,5.962E+02,3.991E-04,3.882E-04,0.9726
099,A-150 Tissue-Equivalent Plastic,3.500E-01,5.448E+02,5.516E-01,5.454E+02,4.869E-04,4.757E-04,0.9770
099,A-150 Tissue-Equivalent Plastic,4.000E-01,5.044E+02,4.901E-01,5.049E+02,5.823E-04,5.708E-04,0.9802
099,A-150 Tissue-Equivalent Plastic,4.500E-01,4.711E+02,4.415E-01,4.715E+02,6.849E-04,6.730E-04,0.9827
099,A-150 Tissue-Equivalent Plastic,5.000E-01,4.428E+02,4.020E-01,4.432E+02,7.943E-04,7.822E-04,0.9847
099,A-150 Tissue-Equivalent Plastic,5.500E-01,4.164E+02,3.693E-01,4.168E+02,9.106E-04,8.982E-04,0.9863
099,A-150 Tissue-Equivalent Plastic,6.000E-01,3.920E+02,3.416E-01,3.924E+02,1.034E-03,1.022E-03,0.9877
099,A-150 Tissue-Equivalent Plastic,6.500E-01,3.699E+02,3.179E-01,3.702E+02,1.166E-03,1.152E-03,0.9888
099,A-150 Tissue-Equivalent Plastic,7.000E-01,3.500E+02,2.974E-01,3.503E+02,1.304E-03,1.291E-03,0.9897
099,A-150 Tissue-Equivalent Plastic,7.500E-01,3.322E+02,2.794E-01,3.325E+02,1.451E-03,1.437E-03,0.9905
099,A-150 Tissue-Equivalent Plastic,8.000E-01,3.164E+02,2.636E-01,3.166E+02,1.605E-03,1.591E-03,0.9912
099,A-150 Tissue-Equivalent Plastic,8.500E-01,3.022E+02,2.495E-01,3.024E+02,1.767E-03,1.752E-03,0.9918
099,A-150 Tissue-Equivalent Plastic,9.000E-01,2.895E+02,2.369E-01,2.897E+02,1.936E-03,1.921E-03,0.9923
099,A-150 Tissue-Equivalent Plastic,9.500E-01,2.781E+02,2.256E-01,2.783E+02,2.112E-03,2.097E-03,0.9928
099,A-150 Tissue-Equivalent Plastic,1.000E+00,2.679E+02,2.154E-01,2.681E+02,2.295E-03,2.279E-03,0.9932
099,A-150 Tissue-Equivalent Plastic,1.250E+00,2.289E+02,1.758E-01,2.290E+02,3.308E-03,3.290E-03,0.9946
099,A-150 Tissue-Equivalent Plastic,1.500E+00,2.008E+02,1.488E-01,2.009E+02,4.476E-03,4.456E-03,0.9955
099,A-150 Tissue-Equivalent Plastic,1.750E+00,1.795E+02,1.292E-01,1.796E+02,5.795E-03,5.772E-03,0.9961
099,A-150 Tissue-Equivalent Plastic,2.000E+00,1.626E+02,1.143E-01,1.627E+02,7.259E-03,7.234E-03,0.9965
099,A-150 Tissue-Equivalent Plastic,2.250E+00,1.490E+02,1.026E-01,1.491E+02,8.866E-03,8.837E-03,0.9968
099,A-150 Tissue-Equivalent Plastic,2.500E+00,1.376E+02,9.308E-02,1.377E+02,1.061E-02,1.058E-02,0.9970
099,A-150 Tissue-Equivalent Plastic,2.750E+00,1.281E+02,8.523E-02,1.282E+02,1.250E-02,1.246E-02,0.9972
099,A-150 Tissue-Equivalent Plastic,3.000E+00,1.199E+02,7.864E-02,1.200E+02,1.451E-02,1.447E-02,0.9974
099,A-150 Tissue-Equivalent Plastic,3.500E+00,1.065E+02,6.817E-02,1.066E+02,1.894E-02,1.890E-02,0.9976
099,A-150 Tissue-Equivalent Plastic,4.000E+00,9.604E+01,6.022E-02,9.610E+01,2.389E-02,2.384E-02,0.9977
099,A-150 Tissue-Equivalent Plastic,4.500E+00,8.761E+01,5.397E-02,8.766E+01,2.935E-02,2.928E-02,0.9979
099,A-150 Tissue-Equivalent Plastic,5.000E+00,8.065E+01,4.892E-02,8.070E+01,3.530E-02,3.522E-02,0.9980
099,A-150 Tissue-Equivalent Plastic,5.500E+00,7.480E+01,4.475E-02,7.485E+01,4.173E-02,4.165E-02,0.9980
099,A-150 Tissue-Equivalent Plastic,6.000E+00,6.982E+01,4.126E-02,6.986E+01,4.865E-02,4.856E-02,0.9981
099,A-150 Tissue-Equivalent Plastic,6.500E+00,6.551E+01,3.828E-02,6.555E+01,5.605E-02,5.594E-02,0.9982
099,A-150 Tissue-Equivalent Plastic,7.000E+00,6.175E+01,3.571E-02,6.178E+01,6.391E-02,6.379E-02,0.9982
099,A-150 Tissue-Equivalent Plastic,7.500E+00,5.843E+01,3.348E-02,5.846E+01,7.223E-02,7.210E-02,0.9982
099,A-150 Tissue-Equivalent Plastic,8.000E+00,5.548E+01,3.151E-02,5.551E+01,8.101E-02,8.087E-02,0.9983
099,A-150 Tissue-Equivalent Plastic,8.500E+00,5.284E+01,2.977E-02,5.287E+01,9.024E-02,9.009E-02,0.9983
099,A-150 Tissue-Equivalent Plastic,9.000E+00,5.047E+01,2.821E-02,5.049E+01,9.992E-02,9.976E-02,0.9983
099,A-150 Tissue-Equivalent Plastic,9.500E+00,4.831E+01,2.681E-02,4.834E+01,1.100E-01,1.099E-01,0.9984
099,A-150 Tissue-Equivalent Plastic,1.000E+01,4.635E+01,2.555E-02,4.637E+01,1.206E-01,1.204E-01,0.9984
099,A-150 Tissue-Equivalent Plastic,1.250E+01,3.868E+01,2.071E-02,3.870E+01,1.799E-01,1.796E-01,0.9985
099,A-150 Tissue-Equivalent Plastic,1.500E+01,3.334E+01,1.743E-02,3.336E+01,2.497E-01,2.493E-01,0.9985
099,A-150 Tissue-Equivalent Plastic,1.750E+01,2.940E+01,1.507E-02,2.942E+01,3.297E-01,3.292E-01,0.9986
099,A-150 Tissue-Equivalent Plastic,2.000E+01,2.637E+01,1.328E-02,2.638E+01,4.196E-01,4.190E-01,0.9986
099,A-150 Tissue-Equivalent Plastic,2.500E+01,2.198E+01,1.075E-02,2.199E+01,6.282E-01,6.274E-01,0.9986
099,A-150 Tissue-Equivalent Plastic,2.750E+01,2.033E+01,9.823E-03,2.034E+01,7.465E-01,7.455E-01,0.9987
099,A-150 Tissue-Equivalent Plastic,3.000E+01,1.895E+01,9.045E-03,1.895E+01,8.739E-01,8.728E-01,0.9987
099,A-150 Tissue-Equivalent Plastic,3.500E+01,1.672E+01,7.814E-03,1.673E+01,1.155E+00,1.154E+00,0.9987
099,A-150 Tissue-Equivalent Plastic,4.000E+01,1.501E+01,6.883E-03,1.502E+01,1.471E+00,1.470E+00,0.9987
099,A-150 Tissue-Equivalent Plastic,4.500E+01,1.365E+01,6.155E-03,1.366E+01,1.821E+00,1.819E+00,0.9988
099,A-150 Tissue-Equivalent Plastic,5.000E+01,1.255E+01,5.568E-03,1.256E+01,2.203E+00,2.200E+00,0.9988
099,A-150 Tissue-Equivalent Plastic,5.500E+01,1.164E+01,5.086E-03,1.164E+01,2.617E+00,2.614E+00,0.9988
099,A-150 Tissue-Equivalent Plastic,6.000E+01,1.086E+01,4.682E-03,1.087E+01,3.062E+00,3.058E+00,0.9988
099,A-150 Tissue-Equivalent Plastic,6.500E+01,1.020E+01,4.338E-03,1.021E+01,3.537E+00,3.533E+00,0.9988
099,A-150 Tissue-Equivalent Plastic,7.000E+01,9.630E+00,4.043E-03,9.634E+00,4.041E+00,4.037E+00,0.9988
099,A-150 Tissue-Equivalent Plastic,7.500E+01,9.129E+00,3.786E-03,9.133E+00,4.575E+00,4.569E+00,0.9989
099,A-150 Tissue-Equivalent Plastic,8.000E+01,8.687E+00,3.560E-03,8.691E+00,5.136E+00,5.130E+00,0.9989
099,A-150 Tissue-Equivalent Plastic,8.500E+01,8.294E+00,3.361E-03,8.297E+00,5.725E+00,5.719E+00,0.9989
099,A-150 Tissue-Equivalent Plastic,9.000E+01,7.942E+00,3.183E-03,7.945E+00,6.341E+00,6.334E+00,0.9989
099,A-150 Tissue-Equivalent Plastic,9.500E+01,7.625E+00,3.023E-03,7.628E+00,6.983E+00,6.976E+00,0.9989
099,A-150 Tissue-Equivalent Plastic,1.000E+02,7.338E+00,2.879E-03,7.341E+00,7.652E+00,7.643E+00,0.9989
099,A-150 Tissue-Equivalent Plastic,1.250E+02,6.230E+00,2.328E-03,6.233E+00,1.137E+01,1.135E+01,0.9989
099,A-150 Tissue-Equivalent Plastic,1.500E+02,5.477E+00,1.957E-03,5.479E+00,1.566E+01,1.564E+01,0.9990
099,A-150 Tissue-Equivalent Plastic,1.750E+02,4.931E+00,1.690E-03,4.932E+00,2.048E+01,2.046E+01,0.9990
099,A-150 Tissue-Equivalent Plastic,2.000E+02,4.516E+00,1.488E-03,4.518E+00,2.578E+01,2.575E+01,0.9990
099,A-150 Tissue-Equivalent Plastic,2.250E+02,4.192E+00,1.330E-03,4.193E+00,3.153E+01,3.150E+01,0.9990
099,A-150 Tissue-Equivalent Plastic,2.500E+02,3.931E+00,1.203E-03,3.932E+00,3.769E+01,3.766E+01,0.9991
099,A-150 Tissue-Equivalent Plastic,2.750E+02,3.716E+00,1.099E-03,3.717E+00,4.424E+01,4.420E+01,0.9991
099,A-150 Tissue-Equivalent Plastic,3.000E+02,3.537E+00,1.011E-03,3.538E+00,5.114E+01,5.109E+01,0.9991
099,A-150 Tissue-Equivalent Plastic,3.500E+02,3.256E+00,8.733E-04,3.257E+00,6.589E+01,6.584E+01,0.9991
099,A-150 Tissue-Equivalent Plastic,4.000E+02,3.045E+00,7.692E-04,3.046E+00,8.179E+01,8.172E+01,0.9992
099,A-150 Tissue-Equivalent Plastic,4.500E+02,2.883E+00,6.877E-04,2.884E+00,9.868E+01,9.859E+01,0.9992
099,A-150 Tissue-Equivalent Plastic,5.000E+02,2.754E+00,6.222E-04,2.755E+00,1.164E+02,1.163E+02,0.9992
099,A-150 Tissue-Equivalent Plastic,5.500E+02,2.651E+00,5.683E-04,2.651E+00,1.349E+02,1.348E+02,0.9992
099,A-150 Tissue-Equivalent Plastic,6.000E+02,2.565E+00,5.233E-04,2.566E+00,1.541E+02,1.540E+02,0.9992
099,A-150 Tissue-Equivalent Plastic,6.500E+02,2.494E+00,4.850E-04,2.495E+00,1.739E+02,1.738E+02,0.9993
099,A-150 Tissue-Equivalent Plastic,7.000E+02,2.432E+00,4.521E-04,2.433E+00,1.942E+02,1.941E+02,0.9993
099,A-150 Tissue-Equivalent Plastic,7.500E+02,2.380E+00,4.234E-04,2.380E+00,2.150E+02,2.148E+02,0.9993
099,A-150 Tissue-Equivalent Plastic,8.000E+02,2.335E+00,3.983E-04,2.335E+00,2.362E+02,2.360E+02,0.9993
099,A-150 Tissue-Equivalent Plastic,8.500E+02,2.295E+00,3.761E-04,2.296E+00,2.578E+02,2.576E+02,0.9993
099,A-150 Tissue-Equivalent Plastic,9.000E+02,2.261E+00,3.562E-04,2.261E+00,2.797E+02,2.795E+02,0.9993
099,A-150 Tissue-Equivalent Plastic,9.500E+02,2.231E+00,3.385E-04,2.231E+00,3.020E+02,3.018E+02,0.9993
099,A-150 Tissue-Equivalent Plastic,1.000E+03,2.205E+00,3.224E-04,2.205E+00,3.245E+02,3.243E+02,0.9994
099,A-150 Tissue-Equivalent Plastic,1.500E+03,2.056E+00,2.198E-04,2.056E+00,5.608E+02,5.605E+02,0.9994
099,A-150 Tissue-Equivalent Plastic,2.000E+03,2.003E+00,1.676E-04,2.003E+00,8.077E+02,8.073E+02,0.9995
099,A-150 Tissue-Equivalent Plastic,2.500E+03,1.984E+00,1.358E-04,1.984E+00,1.059E+03,1.058E+03,0.9996
099,A-150 Tissue-Equivalent Plastic,3.000E+03,1.980E+00,1.144E-04,1.980E+00,1.311E+03,1.310E+03,0.9996
099,A-150 Tissue-Equivalent Plastic,4.000E+03,1.991E+00,8.733E-05,1.991E+00,1.815E+03,1.814E+03,0.9997
099,A-150 Tissue-Equivalent Plastic,5.000E+03,2.010E+00,7.083E-05,2.010E+00,2.315E+03,2.314E+03,0.9997
099,A-150 Tissue-Equivalent Plastic,6.000E+03,2.031E+00,5.971E-05,2.031E+00,2.810E+03,2.809E+03,0.9997
099,A-150 Tissue-Equivalent Plastic,7.000E+03,2.051E+00,5.168E-05,2.051E+00,3.300E+03,3.299E+03,0.9997
099,A-150 Tissue-Equivalent Plastic,8.000E+03,2.071E+00,4.560E-05,2.071E+00,3.785E+03,3.784E+03,0.9998
099,A-150 Tissue-Equivalent Plastic,9.000E+03,2.089E+00,4.084E-05,2.089E+00,4.266E+03,4.265E+03,0.9998
099,A-150 Tissue-Equivalent Plastic,1.000E+04,2.106E+00,3.700E-05,2.106E+00,4.743E+03,4.742E+03,0.9998
101,Acetylene,1.000E-03,1.855E+02,4.073E+01,2.262E+02,5.410E-06,2.606E-06,0.4818
101,Acetylene,1.500E-03,2.272E+02,3.279E+01,2.599E+02,7.455E-06,3.910E-06,0.5245
101,Acetylene,2.000E-03,2.623E+02,2.779E+01,2.901E+02,9.274E-06,5.173E-06,0.5578
101,Acetylene,2.500E-03,2.932E+02,2.429E+01,3.175E+02,1.092E-05,6.384E-06,0.5846
101,Acetylene,3.000E-03,3.212E+02,2.168E+01,3.429E+02,1.243E-05,7.544E-06,0.6068
101,Acetylene,4.000E-03,3.648E+02,1.799E+01,3.828E+02,1.519E-05,9.752E-06,0.6421
101,Acetylene,5.000E-03,4.040E+02,1.549E+01,4.194E+02,1.768E-05,1.184E-05,0.6694
101,Acetylene,6.000E-03,4.393E+02,1.366E+01,4.530E+02,1.997E-05,1.381E-05,0.6912
101,Acetylene,7.000E-03,4.716E+02,1.225E+01,4.838E+02,2.211E-05,1.568E-05,0.7093
101,Acetylene,8.000E-03,5.003E+02,1.114E+01,5.114E+02,2.412E-05,1.747E-05,0.7245
101,Acetylene,9.000E-03,5.264E+02,1.023E+01,5.366E+02,2.603E-05,1.920E-05,0.7376
101,Acetylene,1.000E-02,5.506E+02,9.469E+00,5.600E+02,2.785E-05,2.086E-05,0.7491
101,Acetylene,1.250E-02,6.002E+02,8.022E+00,6.082E+02,3.212E-05,2.482E-05,0.7725
101,Acetylene,1.500E-02,6.416E+02,6.990E+00,6.486E+02,3.610E-05,2.855E-05,0.7907
101,Acetylene,1.750E-02,6.774E+02,6.212E+00,6.837E+02,3.985E-05,3.210E-05,0.8055
101,Acetylene,2.000E-02,7.092E+02,5.602E+00,7.148E+02,4.343E-05,3.551E-05,0.8178
101,Acetylene,2.250E-02,7.373E+02,5.110E+00,7.424E+02,4.686E-05,3.881E-05,0.8282
101,Acetylene,2.500E-02,7.620E+02,4.704E+00,7.667E+02,5.017E-05,4.200E-05,0.8372
101,Acetylene,2.750E-02,7.837E+02,4.363E+00,7.881E+02,5.338E-05,4.511E-05,0.8450
101,Acetylene,3.000E-02,8.031E+02,4.072E+00,8.072E+02,5.652E-05,4.815E-05,0.8520
101,Acetylene,3.500E-02,8.372E+02,3.599E+00,8.408E+02,6.258E-05,5.406E-05,0.8638
101,Acetylene,4.000E-02,8.668E+02,3.232E+00,8.701E+02,6.843E-05,5.977E-05,0.8735
101,Acetylene,4.500E-02,8.917E+02,2.938E+00,8.947E+02,7.409E-05,6.533E-05,0.8817
101,Acetylene,5.000E-02,9.116E+02,2.696E+00,9.143E+02,7.962E-05,7.075E-05,0.8887
101,Acetylene,5.500E-02,9.266E+02,2.494E+00,9.291E+02,8.504E-05,7.609E-05,0.8948
101,Acetylene,6.000E-02,9.374E+02,2.322E+00,9.397E+02,9.039E-05,8.136E-05,0.9002
101,Acetylene,6.500E-02,9.447E+02,2.173E+00,9.469E+02,9.569E-05,8.659E-05,0.9050
101,Acetylene,7.000E-02,9.490E+02,2.044E+00,9.511E+02,1.010E-04,9.180E-05,0.9093
101,Acetylene,7.500E-02,9.508E+02,1.931E+00,9.527E+02,1.062E-04,9.699E-05,0.9132
101,Acetylene,8.000E-02,9.503E+02,1.830E+00,9.522E+02,1.115E-04,1.022E-04,0.9168
101,Acetylene,8.500E-02,9.479E+02,1.740E+00,9.497E+02,1.167E-04,1.074E-04,0.9201
101,Acetylene,9.000E-02,9.439E+02,1.658E+00,9.455E+02,1.220E-04,1.126E-04,0.9232
101,Acetylene,9.500E-02,9.384E+02,1.585E+00,9.400E+02,1.273E-04,1.179E-04,0.9260
101,Acetylene,1.000E-01,9.318E+02,1.518E+00,9.334E+02,1.326E-04,1.232E-04,0.9286
101,Acetylene,1.250E-01,8.871E+02,1.258E+00,8.884E+02,1.600E-04,1.504E-04,0.9396
101,Acetylene,1.500E-01,8.337E+02,1.078E+00,8.348E+02,1.891E-04,1.792E-04,0.9479
101,Acetylene,1.750E-01,7.799E+02,9.457E-01,7.808E+02,2.200E-04,2.100E-04,0.9545
101,Acetylene,2.000E-01,7.295E+02,8.437E-01,7.304E+02,2.531E-04,2.430E-04,0.9598
101,Acetylene,2.250E-01,6.868E+02,7.626E-01,6.876E+02,2.885E-04,2.781E-04,0.9642
101,Acetylene,2.500E-01,6.504E+02,6.966E-01,6.511E+02,3.258E-04,3.154E-04,0.9679
101,Acetylene,2.750E-01,6.185E+02,6.412E-01,6.192E+02,3.652E-04,3.546E-04,0.9709
101,Acetylene,3.000E-01,5.902E+02,5.942E-01,5.908E+02,4.066E-04,3.958E-04,0.9735
101,Acetylene,3.500E-01,5.414E+02,5.189E-01,5.419E+02,4.950E-04,4.840E-04,0.9777
101,Acetylene,4.000E-01,5.004E+02,4.613E-01,5.009E+02,5.911E-04,5.797E-04,0.9808
101,Acetylene,4.500E-01,4.653E+02,4.157E-01,4.657E+02,6.947E-04,6.830E-04,0.9832
101,Acetylene,5.000E-01,4.348E+02,3.787E-01,4.351E+02,8.058E-04,7.939E-04,0.9852
101,Acetylene,5.500E-01,4.080E+02,3.480E-01,4.083E+02,9.245E-04,9.122E-04,0.9867
101,Acetylene,6.000E-01,3.846E+02,3.220E-01,3.850E+02,1.051E-03,1.038E-03,0.9880
101,Acetylene,6.500E-01,3.644E+02,2.997E-01,3.647E+02,1.184E-03,1.171E-03,0.9891
101,Acetylene,7.000E-01,3.465E+02,2.804E-01,3.468E+02,1.325E-03,1.312E-03,0.9900
101,Acetylene,7.500E-01,3.305E+02,2.635E-01,3.307E+02,1.473E-03,1.459E-03,0.9908
101,Acetylene,8.000E-01,3.161E+02,2.486E-01,3.164E+02,1.627E-03,1.613E-03,0.9914
101,Acetylene,8.500E-01,3.032E+02,2.354E-01,3.034E+02,1.789E-03,1.774E-03,0.9920
101,Acetylene,9.000E-01,2.913E+02,2.235E-01,2.915E+02,1.957E-03,1.942E-03,0.9925
101,Acetylene,9.500E-01,2.804E+02,2.129E-01,2.806E+02,2.132E-03,2.117E-03,0.9929
101,Acetylene,1.000E+00,2.704E+02,2.032E-01,2.706E+02,2.313E-03,2.298E-03,0.9933
101,Acetylene,1.250E+00,2.307E+02,1.660E-01,2.308E+02,3.317E-03,3.300E-03,0.9947
101,Acetylene,1.500E+00,2.022E+02,1.405E-01,2.023E+02,4.477E-03,4.457E-03,0.9956
101,Acetylene,1.750E+00,1.805E+02,1.221E-01,1.807E+02,5.787E-03,5.765E-03,0.9962
101,Acetylene,2.000E+00,1.635E+02,1.080E-01,1.636E+02,7.244E-03,7.219E-03,0.9966
101,Acetylene,2.250E+00,1.497E+02,9.692E-02,1.498E+02,8.843E-03,8.815E-03,0.9969
101,Acetylene,2.500E+00,1.382E+02,8.795E-02,1.383E+02,1.058E-02,1.055E-02,0.9971
101,Acetylene,2.750E+00,1.286E+02,8.055E-02,1.286E+02,1.246E-02,1.242E-02,0.9973
101,Acetylene,3.000E+00,1.203E+02,7.433E-02,1.204E+02,1.447E-02,1.443E-02,0.9974
101,Acetylene,3.500E+00,1.068E+02,6.444E-02,1.069E+02,1.888E-02,1.884E-02,0.9977
101,Acetylene,4.000E+00,9.624E+01,5.692E-02,9.630E+01,2.382E-02,2.377E-02,0.9978
101,Acetylene,4.500E+00,8.774E+01,5.102E-02,8.779E+01,2.927E-02,2.921E-02,0.9980
101,Acetylene,5.000E+00,8.074E+01,4.625E-02,8.079E+01,3.521E-02,3.514E-02,0.9980
101,Acetylene,5.500E+00,7.486E+01,4.231E-02,7.490E+01,4.164E-02,4.156E-02,0.9981
101,Acetylene,6.000E+00,6.985E+01,3.901E-02,6.989E+01,4.856E-02,4.847E-02,0.9982
101,Acetylene,6.500E+00,6.552E+01,3.619E-02,6.555E+01,5.595E-02,5.585E-02,0.9982
101,Acetylene,7.000E+00,6.174E+01,3.377E-02,6.177E+01,6.381E-02,6.370E-02,0.9983
101,Acetylene,7.500E+00,5.840E+01,3.165E-02,5.843E+01,7.214E-02,7.201E-02,0.9983
101,Acetylene,8.000E+00,5.544E+01,2.979E-02,5.547E+01,8.092E-02,8.079E-02,0.9983
101,Acetylene,8.500E+00,5.280E+01,2.814E-02,5.283E+01,9.016E-02,9.002E-02,0.9984
101,Acetylene,9.000E+00,5.041E+01,2.667E-02,5.044E+01,9.985E-02,9.969E-02,0.9984
101,Acetylene,9.500E+00,4.825E+01,2.535E-02,4.827E+01,1.100E-01,1.098E-01,0.9984
101,Acetylene,1.000E+01,4.628E+01,2.416E-02,4.631E+01,1.206E-01,1.204E-01,0.9984
101,Acetylene,1.250E+01,3.859E+01,1.958E-02,3.861E+01,1.800E-01,1.797E-01,0.9985
101,Acetylene,1.500E+01,3.325E+01,1.648E-02,3.327E+01,2.499E-01,2.496E-01,0.9986
101,Acetylene,1.750E+01,2.931E+01,1.425E-02,2.932E+01,3.302E-01,3.297E-01,0.9986
101,Acetylene,2.000E+01,2.627E+01,1.256E-02,2.628E+01,4.204E-01,4.198E-01,0.9987
101,Acetylene,2.500E+01,2.189E+01,1.016E-02,2.190E+01,6.298E-01,6.290E-01,0.9987
101,Acetylene,2.750E+01,2.025E+01,9.286E-03,2.026E+01,7.486E-01,7.477E-01,0.9987
101,Acetylene,3.000E+01,1.886E+01,8.550E-03,1.887E+01,8.766E-01,8.755E-01,0.9987
101,Acetylene,3.500E+01,1.664E+01,7.387E-03,1.664E+01,1.159E+00,1.158E+00,0.9988
101,Acetylene,4.000E+01,1.493E+01,6.507E-03,1.494E+01,1.477E+00,1.475E+00,0.9988
101,Acetylene,4.500E+01,1.358E+01,5.818E-03,1.359E+01,1.828E+00,1.826E+00,0.9988
101,Acetylene,5.000E+01,1.248E+01,5.263E-03,1.249E+01,2.213E+00,2.210E+00,0.9988
101,Acetylene,5.500E+01,1.157E+01,4.807E-03,1.157E+01,2.629E+00,2.626E+00,0.9989
101,Acetylene,6.000E+01,1.080E+01,4.425E-03,1.080E+01,3.077E+00,3.073E+00,0.9989
101,Acetylene,6.500E+01,1.014E+01,4.101E-03,1.014E+01,3.554E+00,3.551E+00,0.9989
101,Acetylene,7.000E+01,9.570E+00,3.822E-03,9.574E+00,4.062E+00,4.058E+00,0.9989
101,Acetylene,7.500E+01,9.071E+00,3.579E-03,9.074E+00,4.599E+00,4.594E+00,0.9989
101,Acetylene,8.000E+01,8.630E+00,3.365E-03,8.634E+00,5.164E+00,5.158E+00,0.9989
101,Acetylene,8.500E+01,8.239E+00,3.177E-03,8.242E+00,5.757E+00,5.751E+00,0.9989
101,Acetylene,9.000E+01,7.888E+00,3.008E-03,7.891E+00,6.377E+00,6.370E+00,0.9989
101,Acetylene,9.500E+01,7.573E+00,2.858E-03,7.576E+00,7.024E+00,7.016E+00,0.9989
101,Acetylene,1.000E+02,7.287E+00,2.721E-03,7.290E+00,7.697E+00,7.689E+00,0.9990
101,Acetylene,1.250E+02,6.185E+00,2.200E-03,6.188E+00,1.144E+01,1.143E+01,0.9990
101,Acetylene,1.500E+02,5.436E+00,1.850E-03,5.438E+00,1.576E+01,1.574E+01,0.9990
101,Acetylene,1.750E+02,4.893E+00,1.597E-03,4.894E+00,2.062E+01,2.060E+01,0.9990
101,Acetylene,2.000E+02,4.481E+00,1.406E-03,4.482E+00,2.596E+01,2.594E+01,0.9991
101,Acetylene,2.250E+02,4.158E+00,1.257E-03,4.159E+00,3.176E+01,3.173E+01,0.9991
101,Acetylene,2.500E+02,3.898E+00,1.137E-03,3.900E+00,3.797E+01,3.794E+01,0.9991
101,Acetylene,2.750E+02,3.685E+00,1.038E-03,3.686E+00,4.457E+01,4.453E+01,0.9991
101,Acetylene,3.000E+02,3.507E+00,9.559E-04,3.508E+00,5.153E+01,5.148E+01,0.9991
101,Acetylene,3.500E+02,3.228E+00,8.255E-04,3.229E+00,6.641E+01,6.636E+01,0.9992
101,Acetylene,4.000E+02,3.019E+00,7.271E-04,3.020E+00,8.245E+01,8.238E+01,0.9992
101,Acetylene,4.500E+02,2.857E+00,6.500E-04,2.858E+00,9.948E+01,9.940E+01,0.9992
101,Acetylene,5.000E+02,2.730E+00,5.881E-04,2.730E+00,1.174E+02,1.173E+02,0.9992
101,Acetylene,5.500E+02,2.626E+00,5.372E-04,2.627E+00,1.361E+02,1.360E+02,0.9993
101,Acetylene,6.000E+02,2.542E+00,4.946E-04,2.542E+00,1.554E+02,1.553E+02,0.9993
101,Acetylene,6.500E+02,2.471E+00,4.584E-04,2.472E+00,1.754E+02,1.753E+02,0.9993
101,Acetylene,7.000E+02,2.412E+00,4.273E-04,2.412E+00,1.959E+02,1.957E+02,0.9993
101,Acetylene,7.500E+02,2.362E+00,4.003E-04,2.362E+00,2.168E+02,2.167E+02,0.9993
101,Acetylene,8.000E+02,2.319E+00,3.765E-04,2.319E+00,2.382E+02,2.380E+02,0.9993
101,Acetylene,8.500E+02,2.282E+00,3.555E-04,2.282E+00,2.599E+02,2.598E+02,0.9993
101,Acetylene,9.000E+02,2.250E+00,3.368E-04,2.250E+00,2.820E+02,2.818E+02,0.9994
101,Acetylene,9.500E+02,2.222E+00,3.200E-04,2.222E+00,3.044E+02,3.042E+02,0.9994
101,Acetylene,1.000E+03,2.197E+00,3.048E-04,2.198E+00,3.270E+02,3.268E+02,0.9994
101,Acetylene,1.500E+03,2.068E+00,2.078E-04,2.068E+00,5.629E+02,5.627E+02,0.9995
101,Acetylene,2.000E+03,2.031E+00,1.584E-04,2.031E+00,8.074E+02,8.070E+02,0.9995
101,Acetylene,2.500E+03,2.027E+00,1.284E-04,2.028E+00,1.054E+03,1.054E+03,0.9996
101,Acetylene,3.000E+03,2.037E+00,1.082E-04,2.037E+00,1.300E+03,1.300E+03,0.9996
101,Acetylene,4.000E+03,2.071E+00,8.256E-05,2.071E+00,1.787E+03,1.787E+03,0.9997
101,Acetylene,5.000E+03,2.110E+00,6.697E-05,2.110E+00,2.265E+03,2.265E+03,0.9997
101,Acetylene,6.000E+03,2.148E+00,5.645E-05,2.148E+00,2.735E+03,2.735E+03,0.9997
101,Acetylene,7.000E+03,2.183E+00,4.886E-05,2.183E+00,3.197E+03,3.196E+03,0.9998
101,Acetylene,8.000E+03,2.216E+00,4.312E-05,2.216E+00,3.652E+03,3.651E+03,0.9998
101,Acetylene,9.000E+03,2.247E+00,3.861E-05,2.247E+00,4.100E+03,4.099E+03,0.9998
101,Acetylene,1.000E+04,2.275E+00,3.499E-05,2.275E+00,4.542E+03,4.541E+03,0.9998
103,Adipose Tissue (ICRP),1.000E-03,1.959E+02,4.795E+01,2.438E+02,4.827E-06,2.482E-06,0.5142
103,Adipose Tissue (ICRP),1.500E-03,2.399E+02,3.822E+01,2.781E+02,6.732E-06,3.726E-06,0.5534
103,Adipose Tissue (ICRP),2.000E-03,2.770E+02,3.219E+01,3.092E+02,8.436E-06,4.929E-06,0.5842
103,Adipose Tissue (ICRP),2.500E-03,3.097E+02,2.802E+01,3.377E+02,9.982E-06,6.080E-06,0.6091
103,Adipose Tissue (ICRP),3.000E-03,3.393E+02,2.493E+01,3.642E+02,1.141E-05,7.184E-06,0.6298
103,Adipose Tissue (ICRP),4.000E-03,3.875E+02,2.060E+01,4.081E+02,1.400E-05,9.277E-06,0.6628
103,Adipose Tissue (ICRP),5.000E-03,4.306E+02,1.768E+01,4.482E+02,1.633E-05,1.124E-05,0.6883
103,Adipose Tissue (ICRP),6.000E-03,4.694E+02,1.556E+01,4.850E+02,1.847E-05,1.309E-05,0.7087
103,Adipose Tissue (ICRP),7.000E-03,5.050E+02,1.393E+01,5.190E+02,2.047E-05,1.485E-05,0.7255
103,Adipose Tissue (ICRP),8.000E-03,5.372E+02,1.265E+01,5.499E+02,2.234E-05,1.652E-05,0.7397
103,Adipose Tissue (ICRP),9.000E-03,5.669E+02,1.160E+01,5.785E+02,2.411E-05,1.813E-05,0.7520
103,Adipose Tissue (ICRP),1.000E-02,5.946E+02,1.073E+01,6.053E+02,2.580E-05,1.968E-05,0.7627
103,Adipose Tissue (ICRP),1.250E-02,6.499E+02,9.077E+00,6.590E+02,2.975E-05,2.334E-05,0.7846
103,Adipose Tissue (ICRP),1.500E-02,6.967E+02,7.898E+00,7.046E+02,3.341E-05,2.679E-05,0.8017
103,Adipose Tissue (ICRP),1.750E-02,7.374E+02,7.012E+00,7.444E+02,3.686E-05,3.006E-05,0.8155
103,Adipose Tissue (ICRP),2.000E-02,7.733E+02,6.319E+00,7.797E+02,4.014E-05,3.320E-05,0.8270
103,Adipose Tissue (ICRP),2.250E-02,8.052E+02,5.760E+00,8.110E+02,4.329E-05,3.622E-05,0.8367
103,Adipose Tissue (ICRP),2.500E-02,8.334E+02,5.300E+00,8.387E+02,4.632E-05,3.914E-05,0.8452
103,Adipose Tissue (ICRP),2.750E-02,8.583E+02,4.913E+00,8.632E+02,4.925E-05,4.199E-05,0.8525
103,Adipose Tissue (ICRP),3.000E-02,8.805E+02,4.583E+00,8.851E+02,5.211E-05,4.477E-05,0.8591
103,Adipose Tissue (ICRP),3.500E-02,9.189E+02,4.049E+00,9.230E+02,5.764E-05,5.016E-05,0.8702
103,Adipose Tissue (ICRP),4.000E-02,9.510E+02,3.633E+00,9.547E+02,6.296E-05,5.537E-05,0.8794
103,Adipose Tissue (ICRP),4.500E-02,9.772E+02,3.301E+00,9.805E+02,6.813E-05,6.044E-05,0.8871
103,Adipose Tissue (ICRP),5.000E-02,9.976E+02,3.028E+00,1.001E+03,7.318E-05,6.540E-05,0.8937
103,Adipose Tissue (ICRP),5.500E-02,1.013E+03,2.800E+00,1.016E+03,7.813E-05,7.028E-05,0.8995
103,Adipose Tissue (ICRP),6.000E-02,1.023E+03,2.606E+00,1.026E+03,8.303E-05,7.511E-05,0.9046
103,Adipose Tissue (ICRP),6.500E-02,1.030E+03,2.439E+00,1.032E+03,8.789E-05,7.991E-05,0.9092
103,Adipose Tissue (ICRP),7.000E-02,1.034E+03,2.293E+00,1.036E+03,9.272E-05,8.468E-05,0.9133
103,Adipose Tissue (ICRP),7.500E-02,1.034E+03,2.165E+00,1.036E+03,9.755E-05,8.946E-05,0.9171
103,Adipose Tissue (ICRP),8.000E-02,1.033E+03,2.052E+00,1.035E+03,1.024E-04,9.423E-05,0.9205
103,Adipose Tissue (ICRP),8.500E-02,1.029E+03,1.950E+00,1.031E+03,1.072E-04,9.903E-05,0.9237
103,Adipose Tissue (ICRP),9.000E-02,1.023E+03,1.859E+00,1.025E+03,1.121E-04,1.039E-04,0.9266
103,Adipose Tissue (ICRP),9.500E-02,1.016E+03,1.777E+00,1.018E+03,1.170E-04,1.087E-04,0.9293
103,Adipose Tissue (ICRP),1.000E-01,1.008E+03,1.702E+00,1.010E+03,1.219E-04,1.136E-04,0.9318
103,Adipose Tissue (ICRP),1.250E-01,9.556E+02,1.409E+00,9.571E+02,1.473E-04,1.388E-04,0.9424
103,Adipose Tissue (ICRP),1.500E-01,8.950E+02,1.207E+00,8.962E+02,1.743E-04,1.656E-04,0.9504
103,Adipose Tissue (ICRP),1.750E-01,8.351E+02,1.058E+00,8.362E+02,2.032E-04,1.944E-04,0.9567
103,Adipose Tissue (ICRP),2.000E-01,7.796E+02,9.436E-01,7.805E+02,2.341E-04,2.252E-04,0.9618
103,Adipose Tissue (ICRP),2.250E-01,7.297E+02,8.527E-01,7.306E+02,2.672E-04,2.582E-04,0.9661
103,Adipose Tissue (ICRP),2.500E-01,6.856E+02,7.786E-01,6.863E+02,3.026E-04,2.934E-04,0.9696
103,Adipose Tissue (ICRP),2.750E-01,6.466E+02,7.165E-01,6.473E+02,3.401E-04,3.307E-04,0.9725
103,Adipose Tissue (ICRP),3.000E-01,6.123E+02,6.635E-01,6.129E+02,3.798E-04,3.703E-04,0.9750
103,Adipose Tissue (ICRP),3.500E-01,5.550E+02,5.788E-01,5.555E+02,4.656E-04,4.558E-04,0.9790
103,Adipose Tissue (ICRP),4.000E-01,5.091E+02,5.141E-01,5.096E+02,5.597E-04,5.496E-04,0.9821
103,Adipose Tissue (ICRP),4.500E-01,4.716E+02,4.630E-01,4.721E+02,6.617E-04,6.514E-04,0.9844
103,Adipose Tissue (ICRP),5.000E-01,4.403E+02,4.215E-01,4.408E+02,7.714E-04,7.608E-04,0.9862
103,Adipose Tissue (ICRP),5.500E-01,4.137E+02,3.871E-01,4.141E+02,8.885E-04,8.776E-04,0.9877
103,Adipose Tissue (ICRP),6.000E-01,3.904E+02,3.580E-01,3.908E+02,1.013E-03,1.002E-03,0.9889
103,Adipose Tissue (ICRP),6.500E-01,3.701E+02,3.331E-01,3.705E+02,1.144E-03,1.133E-03,0.9899
103,Adipose Tissue (ICRP),7.000E-01,3.521E+02,3.115E-01,3.524E+02,1.283E-03,1.271E-03,0.9907
103,Adipose Tissue (ICRP),7.500E-01,3.360E+02,2.927E-01,3.363E+02,1.428E-03,1.416E-03,0.9914
103,Adipose Tissue (ICRP),8.000E-01,3.214E+02,2.761E-01,3.217E+02,1.580E-03,1.568E-03,0.9920
103,Adipose Tissue (ICRP),8.500E-01,3.083E+02,2.614E-01,3.086E+02,1.739E-03,1.726E-03,0.9925
103,Adipose Tissue (ICRP),9.000E-01,2.963E+02,2.482E-01,2.966E+02,1.904E-03,1.891E-03,0.9930
103,Adipose Tissue (ICRP),9.500E-01,2.853E+02,2.363E-01,2.856E+02,2.076E-03,2.062E-03,0.9934
103,Adipose Tissue (ICRP),1.000E+00,2.752E+02,2.255E-01,2.755E+02,2.254E-03,2.240E-03,0.9937
103,Adipose Tissue (ICRP),1.250E+00,2.349E+02,1.840E-01,2.351E+02,3.240E-03,3.224E-03,0.9950
103,Adipose Tissue (ICRP),1.500E+00,2.060E+02,1.557E-01,2.061E+02,4.379E-03,4.360E-03,0.9958
103,Adipose Tissue (ICRP),1.750E+00,1.840E+02,1.352E-01,1.841E+02,5.664E-03,5.644E-03,0.9963
103,Adipose Tissue (ICRP),2.000E+00,1.667E+02,1.196E-01,1.668E+02,7.093E-03,7.069E-03,0.9967
103,Adipose Tissue (ICRP),2.250E+00,1.526E+02,1.073E-01,1.527E+02,8.661E-03,8.635E-03,0.9970
103,Adipose Tissue (ICRP),2.500E+00,1.410E+02,9.735E-02,1.411E+02,1.037E-02,1.034E-02,0.9972
103,Adipose Tissue (ICRP),2.750E+00,1.312E+02,8.914E-02,1.313E+02,1.220E-02,1.217E-02,0.9973
103,Adipose Tissue (ICRP),3.000E+00,1.228E+02,8.224E-02,1.228E+02,1.417E-02,1.414E-02,0.9975
103,Adipose Tissue (ICRP),3.500E+00,1.090E+02,7.128E-02,1.091E+02,1.850E-02,1.846E-02,0.9977
103,Adipose Tissue (ICRP),4.000E+00,9.829E+01,6.296E-02,9.835E+01,2.334E-02,2.329E-02,0.9978
103,Adipose Tissue (ICRP),4.500E+00,8.964E+01,5.642E-02,8.970E+01,2.867E-02,2.861E-02,0.9979
103,Adipose Tissue (ICRP),5.000E+00,8.251E+01,5.114E-02,8.257E+01,3.448E-02,3.441E-02,0.9980
103,Adipose Tissue (ICRP),5.500E+00,7.653E+01,4.678E-02,7.657E+01,4.078E-02,4.070E-02,0.9981
103,Adipose Tissue (ICRP),6.000E+00,7.142E+01,4.313E-02,7.146E+01,4.754E-02,4.745E-02,0.9982
103,Adipose Tissue (ICRP),6.500E+00,6.701E+01,4.001E-02,6.705E+01,5.477E-02,5.467E-02,0.9982
103,Adipose Tissue (ICRP),7.000E+00,6.315E+01,3.733E-02,6.319E+01,6.245E-02,6.234E-02,0.9983
103,Adipose Tissue (ICRP),7.500E+00,5.975E+01,3.499E-02,5.979E+01,7.059E-02,7.047E-02,0.9983
103,Adipose Tissue (ICRP),8.000E+00,5.673E+01,3.293E-02,5.677E+01,7.918E-02,7.904E-02,0.9983
103,Adipose Tissue (ICRP),8.500E+00,5.404E+01,3.111E-02,5.407E+01,8.820E-02,8.806E-02,0.9983
103,Adipose Tissue (ICRP),9.000E+00,5.160E+01,2.948E-02,5.163E+01,9.767E-02,9.751E-02,0.9984
103,Adipose Tissue (ICRP),9.500E+00,4.940E+01,2.802E-02,4.942E+01,1.076E-01,1.074E-01,0.9984
103,Adipose Tissue (ICRP),1.000E+01,4.739E+01,2.670E-02,4.741E+01,1.179E-01,1.177E-01,0.9984
103,Adipose Tissue (ICRP),1.250E+01,3.954E+01,2.164E-02,3.956E+01,1.759E-01,1.756E-01,0.9985
103,Adipose Tissue (ICRP),1.500E+01,3.408E+01,1.822E-02,3.409E+01,2.442E-01,2.438E-01,0.9986
103,Adipose Tissue (ICRP),1.750E+01,3.005E+01,1.575E-02,3.006E+01,3.225E-01,3.220E-01,0.9986
103,Adipose Tissue (ICRP),2.000E+01,2.694E+01,1.388E-02,2.696E+01,4.104E-01,4.099E-01,0.9986
103,Adipose Tissue (ICRP),2.500E+01,2.245E+01,1.123E-02,2.247E+01,6.146E-01,6.138E-01,0.9987
103,Adipose Tissue (ICRP),2.750E+01,2.078E+01,1.026E-02,2.079E+01,7.304E-01,7.294E-01,0.9987
103,Adipose Tissue (ICRP),3.000E+01,1.935E+01,9.451E-03,1.936E+01,8.551E-01,8.540E-01,0.9987
103,Adipose Tissue (ICRP),3.500E+01,1.708E+01,8.164E-03,1.709E+01,1.131E+00,1.129E+00,0.9987
103,Adipose Tissue (ICRP),4.000E+01,1.533E+01,7.192E-03,1.534E+01,1.440E+00,1.438E+00,0.9988
103,Adipose Tissue (ICRP),4.500E+01,1.395E+01,6.430E-03,1.395E+01,1.782E+00,1.780E+00,0.9988
103,Adipose Tissue (ICRP),5.000E+01,1.282E+01,5.817E-03,1.283E+01,2.156E+00,2.154E+00,0.9988
103,Adipose Tissue (ICRP),5.500E+01,1.188E+01,5.313E-03,1.189E+01,2.562E+00,2.559E+00,0.9988
103,Adipose Tissue (ICRP),6.000E+01,1.109E+01,4.891E-03,1.110E+01,2.997E+00,2.994E+00,0.9988
103,Adipose Tissue (ICRP),6.500E+01,1.042E+01,4.532E-03,1.042E+01,3.462E+00,3.458E+00,0.9989
103,Adipose Tissue (ICRP),7.000E+01,9.834E+00,4.224E-03,9.838E+00,3.956E+00,3.952E+00,0.9989
103,Adipose Tissue (ICRP),7.500E+01,9.322E+00,3.955E-03,9.326E+00,4.479E+00,4.474E+00,0.9989
103,Adipose Tissue (ICRP),8.000E+01,8.870E+00,3.719E-03,8.874E+00,5.028E+00,5.023E+00,0.9989
103,Adipose Tissue (ICRP),8.500E+01,8.468E+00,3.511E-03,8.472E+00,5.605E+00,5.599E+00,0.9989
103,Adipose Tissue (ICRP),9.000E+01,8.109E+00,3.325E-03,8.112E+00,6.209E+00,6.202E+00,0.9989
103,Adipose Tissue (ICRP),9.500E+01,7.785E+00,3.158E-03,7.788E+00,6.838E+00,6.830E+00,0.9989
103,Adipose Tissue (ICRP),1.000E+02,7.492E+00,3.007E-03,7.495E+00,7.492E+00,7.484E+00,0.9989
103,Adipose Tissue (ICRP),1.250E+02,6.361E+00,2.432E-03,6.363E+00,1.113E+01,1.112E+01,0.9990
103,Adipose Tissue (ICRP),1.500E+02,5.591E+00,2.044E-03,5.593E+00,1.533E+01,1.532E+01,0.9990
103,Adipose Tissue (ICRP),1.750E+02,5.033E+00,1.765E-03,5.035E+00,2.005E+01,2.003E+01,0.9990
103,Adipose Tissue (ICRP),2.000E+02,4.610E+00,1.554E-03,4.611E+00,2.525E+01,2.523E+01,0.9990
103,Adipose Tissue (ICRP),2.250E+02,4.278E+00,1.389E-03,4.280E+00,3.089E+01,3.086E+01,0.9991
103,Adipose Tissue (ICRP),2.500E+02,4.012E+00,1.256E-03,4.013E+00,3.692E+01,3.689E+01,0.9991
103,Adipose Tissue (ICRP),2.750E+02,3.793E+00,1.147E-03,3.794E+00,4.334E+01,4.330E+01,0.9991
103,Adipose Tissue (ICRP),3.000E+02,3.610E+00,1.056E-03,3.611E+00,5.009E+01,5.005E+01,0.9991
103,Adipose Tissue (ICRP),3.500E+02,3.323E+00,9.121E-04,3.323E+00,6.455E+01,6.450E+01,0.9991
103,Adipose Tissue (ICRP),4.000E+02,3.108E+00,8.033E-04,3.109E+00,8.013E+01,8.006E+01,0.9992
103,Adipose Tissue (ICRP),4.500E+02,2.942E+00,7.182E-04,2.943E+00,9.668E+01,9.660E+01,0.9992
103,Adipose Tissue (ICRP),5.000E+02,2.811E+00,6.498E-04,2.811E+00,1.141E+02,1.140E+02,0.9992
103,Adipose Tissue (ICRP),5.500E+02,2.705E+00,5.936E-04,2.705E+00,1.322E+02,1.321E+02,0.9992
103,Adipose Tissue (ICRP),6.000E+02,2.617E+00,5.465E-04,2.618E+00,1.510E+02,1.509E+02,0.9993
103,Adipose Tissue (ICRP),6.500E+02,2.545E+00,5.065E-04,2.546E+00,1.704E+02,1.703E+02,0.9993
103,Adipose Tissue (ICRP),7.000E+02,2.484E+00,4.721E-04,2.485E+00,1.903E+02,1.901E+02,0.9993
103,Adipose Tissue (ICRP),7.500E+02,2.432E+00,4.422E-04,2.433E+00,2.106E+02,2.105E+02,0.9993
103,Adipose Tissue (ICRP),8.000E+02,2.387E+00,4.160E-04,2.388E+00,2.314E+02,2.312E+02,0.9993
103,Adipose Tissue (ICRP),8.500E+02,2.348E+00,3.927E-04,2.348E+00,2.525E+02,2.523E+02,0.9993
103,Adipose Tissue (ICRP),9.000E+02,2.313E+00,3.720E-04,2.314E+00,2.739E+02,2.738E+02,0.9993
103,Adipose Tissue (ICRP),9.500E+02,2.283E+00,3.535E-04,2.283E+00,2.957E+02,2.955E+02,0.9994
103,Adipose Tissue (ICRP),1.000E+03,2.256E+00,3.367E-04,2.256E+00,3.177E+02,3.175E+02,0.9994
103,Adipose Tissue (ICRP),1.500E+03,2.106E+00,2.295E-04,2.106E+00,5.485E+02,5.482E+02,0.9995
103,Adipose Tissue (ICRP),2.000E+03,2.052E+00,1.750E-04,2.052E+00,7.895E+02,7.891E+02,0.9995
103,Adipose Tissue (ICRP),2.500E+03,2.033E+00,1.418E-04,2.033E+00,1.034E+03,1.034E+03,0.9996
103,Adipose Tissue (ICRP),3.000E+03,2.029E+00,1.195E-04,2.029E+00,1.281E+03,1.280E+03,0.9996
103,Adipose Tissue (ICRP),4.000E+03,2.040E+00,9.119E-05,2.040E+00,1.772E+03,1.772E+03,0.9997
103,Adipose Tissue (ICRP),5.000E+03,2.059E+00,7.396E-05,2.059E+00,2.261E+03,2.260E+03,0.9997
103,Adipose Tissue (ICRP),6.000E+03,2.080E+00,6.234E-05,2.080E+00,2.744E+03,2.743E+03,0.9997
103,Adipose Tissue (ICRP),7.000E+03,2.100E+00,5.396E-05,2.100E+00,3.222E+03,3.221E+03,0.9998
103,Adipose Tissue (ICRP),8.000E+03,2.120E+00,4.761E-05,2.120E+00,3.696E+03,3.695E+03,0.9998
103,Adipose Tissue (ICRP),9.000E+03,2.138E+00,4.264E-05,2.138E+00,4.166E+03,4.165E+03,0.9998
103,Adipose Tissue (ICRP),1.000E+04,2.155E+00,3.863E-05,2.155E+00,4.632E+03,4.631E+03,0.9998
104,"Air, Dry (near sea level)",1.000E-03,1.197E+02,2.163E+01,1.414E+02,9.857E-06,3.257E-06,0.3304
104,"Air, Dry (near sea level)",1.500E-03,1.467E+02,1.840E+01,1.651E+02,1.310E-05,4.925E-06,0.3760
104,"Air, Dry (near sea level)",2.000E-03,1.693E+02,1.614E+01,1.855E+02,1.595E-05,6.577E-06,0.4123
104,"Air, Dry (near sea level)",2.500E-03,1.893E+02,1.446E+01,2.038E+02,1.852E-05,8.189E-06,0.4421
104,"Air, Dry (near sea level)",3.000E-03,2.074E+02,1.314E+01,2.206E+02,2.088E-05,9.759E-06,0.4674
104,"Air, Dry (near sea level)",4.000E-03,2.395E+02,1.120E+01,2.507E+02,2.512E-05,1.277E-05,0.5084
104,"Air, Dry (near sea level)",5.000E-03,2.678E+02,9.825E+00,2.776E+02,2.891E-05,1.563E-05,0.5406
104,"Air, Dry (near sea level)",6.000E-03,2.933E+02,8.786E+00,3.021E+02,3.236E-05,1.834E-05,0.5669
104,"Air, Dry (near sea level)",7.000E-03,3.168E+02,7.970E+00,3.248E+02,3.555E-05,2.094E-05,0.5889
104,"Air, Dry (near sea level)",8.000E-03,3.387E+02,7.310E+00,3.460E+02,3.853E-05,2.342E-05,0.6078
104,"Air, Dry (near sea level)",9.000E-03,3.592E+02,6.762E+00,3.660E+02,4.134E-05,2.580E-05,0.6242
104,"Air, Dry (near sea level)",1.000E-02,3.787E+02,6.300E+00,3.850E+02,4.400E-05,2.810E-05,0.6387
104,"Air, Dry (near sea level)",1.250E-02,4.170E+02,5.404E+00,4.224E+02,5.019E-05,3.356E-05,0.6686
104,"Air, Dry (near sea level)",1.500E-02,4.504E+02,4.751E+00,4.552E+02,5.588E-05,3.869E-05,0.6923
104,"Air, Dry (near sea level)",1.750E-02,4.801E+02,4.253E+00,4.843E+02,6.120E-05,4.356E-05,0.7118
104,"Air, Dry (near sea level)",2.000E-02,5.067E+02,3.858E+00,5.106E+02,6.623E-05,4.822E-05,0.7281
104,"Air, Dry (near sea level)",2.250E-02,5.307E+02,3.536E+00,5.343E+02,7.101E-05,5.269E-05,0.7420
104,"Air, Dry (near sea level)",2.500E-02,5.526E+02,3.269E+00,5.558E+02,7.560E-05,5.701E-05,0.7542
104,"Air, Dry (near sea level)",2.750E-02,5.724E+02,3.042E+00,5.755E+02,8.002E-05,6.120E-05,0.7648
104,"Air, Dry (near sea level)",3.000E-02,5.905E+02,2.848E+00,5.934E+02,8.430E-05,6.527E-05,0.7744
104,"Air, Dry (near sea level)",3.500E-02,6.221E+02,2.531E+00,6.246E+02,9.250E-05,7.313E-05,0.7906
104,"Air, Dry (near sea level)",4.000E-02,6.483E+02,2.282E+00,6.506E+02,1.003E-04,8.069E-05,0.8041
104,"Air, Dry (near sea level)",4.500E-02,6.700E+02,2.082E+00,6.721E+02,1.079E-04,8.800E-05,0.8156
104,"Air, Dry (near sea level)",5.000E-02,6.877E+02,1.917E+00,6.897E+02,1.152E-04,9.513E-05,0.8256
104,"Air, Dry (near sea level)",5.500E-02,7.020E+02,1.777E+00,7.038E+02,1.224E-04,1.021E-04,0.8343
104,"Air, Dry (near sea level)",6.000E-02,7.132E+02,1.659E+00,7.149E+02,1.295E-04,1.090E-04,0.8420
104,"Air, Dry (near sea level)",6.500E-02,7.217E+02,1.556E+00,7.233E+02,1.364E-04,1.158E-04,0.8490
104,"Air, Dry (near sea level)",7.000E-02,7.278E+02,1.466E+00,7.293E+02,1.433E-04,1.226E-04,0.8553
104,"Air, Dry (near sea level)",7.500E-02,7.319E+02,1.387E+00,7.333E+02,1.501E-04,1.293E-04,0.8611
104,"Air, Dry (near sea level)",8.000E-02,7.341E+02,1.316E+00,7.355E+02,1.569E-04,1.360E-04,0.8664
104,"Air, Dry (near sea level)",8.500E-02,7.348E+02,1.253E+00,7.360E+02,1.637E-04,1.426E-04,0.8712
104,"Air, Dry (near sea level)",9.000E-02,7.340E+02,1.196E+00,7.352E+02,1.705E-04,1.493E-04,0.8758
104,"Air, Dry (near sea level)",9.500E-02,7.320E+02,1.145E+00,7.332E+02,1.773E-04,1.561E-04,0.8800
104,"Air, Dry (near sea level)",1.000E-01,7.290E+02,1.098E+00,7.301E+02,1.842E-04,1.628E-04,0.8839
104,"Air, Dry (near sea level)",1.250E-01,7.029E+02,9.142E-01,7.038E+02,2.190E-04,1.972E-04,0.9005
104,"Air, Dry (near sea level)",1.500E-01,6.672E+02,7.861E-01,6.680E+02,2.554E-04,2.333E-04,0.9133
104,"Air, Dry (near sea level)",1.750E-01,6.291E+02,6.914E-01,6.298E+02,2.940E-04,2.715E-04,0.9236
104,"Air, Dry (near sea level)",2.000E-01,5.922E+02,6.183E-01,5.928E+02,3.349E-04,3.121E-04,0.9320
104,"Air, Dry (near sea level)",2.250E-01,5.583E+02,5.600E-01,5.589E+02,3.783E-04,3.553E-04,0.9390
104,"Air, Dry (near sea level)",2.500E-01,5.278E+02,5.124E-01,5.284E+02,4.244E-04,4.010E-04,0.9450
104,"Air, Dry (near sea level)",2.750E-01,5.006E+02,4.727E-01,5.011E+02,4.730E-04,4.493E-04,0.9500
104,"Air, Dry (near sea level)",3.000E-01,4.763E+02,4.390E-01,4.767E+02,5.241E-04,5.002E-04,0.9544
104,"Air, Dry (near sea level)",3.500E-01,4.349E+02,3.850E-01,4.353E+02,6.340E-04,6.095E-04,0.9614
104,"Air, Dry (near sea level)",4.000E-01,4.012E+02,3.435E-01,4.015E+02,7.538E-04,7.287E-04,0.9668
104,"Air, Dry (near sea level)",4.500E-01,3.733E+02,3.105E-01,3.736E+02,8.830E-04,8.573E-04,0.9710
104,"Air, Dry (near sea level)",5.000E-01,3.498E+02,2.836E-01,3.501E+02,1.021E-03,9.951E-04,0.9743
104,"Air, Dry (near sea level)",5.500E-01,3.297E+02,2.612E-01,3.300E+02,1.169E-03,1.142E-03,0.9770
104,"Air, Dry (near sea level)",6.000E-01,3.121E+02,2.423E-01,3.123E+02,1.324E-03,1.297E-03,0.9793
104,"Air, Dry (near sea level)",6.500E-01,2.964E+02,2.261E-01,2.967E+02,1.489E-03,1.461E-03,0.9812
104,"Air, Dry (near sea level)",7.000E-01,2.824E+02,2.119E-01,2.826E+02,1.661E-03,1.633E-03,0.9827
104,"Air, Dry (near sea level)",7.500E-01,2.699E+02,1.995E-01,2.701E+02,1.842E-03,1.813E-03,0.9841
104,"Air, Dry (near sea level)",8.000E-01,2.587E+02,1.885E-01,2.589E+02,2.032E-03,2.002E-03,0.9852
104,"Air, Dry (near sea level)",8.500E-01,2.485E+02,1.787E-01,2.486E+02,2.229E-03,2.198E-03,0.9862
104,"Air, Dry (near sea level)",9.000E-01,2.391E+02,1.699E-01,2.393E+02,2.434E-03,2.402E-03,0.9871
104,"Air, Dry (near sea level)",9.500E-01,2.306E+02,1.620E-01,2.308E+02,2.646E-03,2.614E-03,0.9879
104,"Air, Dry (near sea level)",1.000E+00,2.227E+02,1.548E-01,2.229E+02,2.867E-03,2.834E-03,0.9886
104,"Air, Dry (near sea level)",1.250E+00,1.911E+02,1.270E-01,1.912E+02,4.082E-03,4.046E-03,0.9910
104,"Air, Dry (near sea level)",1.500E+00,1.682E+02,1.080E-01,1.683E+02,5.479E-03,5.438E-03,0.9926
104,"Air, Dry (near sea level)",1.750E+00,1.508E+02,9.404E-02,1.509E+02,7.051E-03,7.006E-03,0.9936
104,"Air, Dry (near sea level)",2.000E+00,1.370E+02,8.340E-02,1.371E+02,8.792E-03,8.742E-03,0.9943
104,"Air, Dry (near sea level)",2.250E+00,1.258E+02,7.500E-02,1.258E+02,1.070E-02,1.064E-02,0.9949
104,"Air, Dry (near sea level)",2.500E+00,1.164E+02,6.818E-02,1.165E+02,1.276E-02,1.270E-02,0.9953
104,"Air, Dry (near sea level)",2.750E+00,1.085E+02,6.254E-02,1.086E+02,1.499E-02,1.492E-02,0.9956
104,"Air, Dry (near sea level)",3.000E+00,1.017E+02,5.778E-02,1.018E+02,1.737E-02,1.730E-02,0.9959
104,"Air, Dry (near sea level)",3.500E+00,9.063E+01,5.021E-02,9.068E+01,2.258E-02,2.250E-02,0.9963
104,"Air, Dry (near sea level)",4.000E+00,8.192E+01,4.444E-02,8.197E+01,2.839E-02,2.829E-02,0.9966
104,"Air, Dry (near sea level)",4.500E+00,7.488E+01,3.989E-02,7.492E+01,3.478E-02,3.466E-02,0.9968
104,"Air, Dry (near sea level)",5.000E+00,6.905E+01,3.621E-02,6.909E+01,4.173E-02,4.161E-02,0.9969
104,"Air, Dry (near sea level)",5.500E+00,6.414E+01,3.317E-02,6.417E+01,4.925E-02,4.910E-02,0.9971
104,"Air, Dry (near sea level)",6.000E+00,5.994E+01,3.061E-02,5.997E+01,5.731E-02,5.715E-02,0.9972
104,"Air, Dry (near sea level)",6.500E+00,5.630E+01,2.843E-02,5.633E+01,6.592E-02,6.574E-02,0.9973
104,"Air, Dry (near sea level)",7.000E+00,5.312E+01,2.654E-02,5.315E+01,7.506E-02,7.486E-02,0.9973
104,"Air, Dry (near sea level)",7.500E+00,5.031E+01,2.490E-02,5.033E+01,8.474E-02,8.452E-02,0.9974
104,"Air, Dry (near sea level)",8.000E+00,4.781E+01,2.345E-02,4.783E+01,9.493E-02,9.469E-02,0.9975
104,"Air, Dry (near sea level)",8.500E+00,4.557E+01,2.217E-02,4.559E+01,1.056E-01,1.054E-01,0.9975
104,"Air, Dry (near sea level)",9.000E+00,4.355E+01,2.102E-02,4.357E+01,1.169E-01,1.166E-01,0.9976
104,"Air, Dry (near sea level)",9.500E+00,4.171E+01,1.999E-02,4.173E+01,1.286E-01,1.283E-01,0.9976
104,"Air, Dry (near sea level)",1.000E+01,4.004E+01,1.905E-02,4.006E+01,1.408E-01,1.405E-01,0.9976
104,"Air, Dry (near sea level)",1.250E+01,3.349E+01,1.547E-02,3.351E+01,2.094E-01,2.089E-01,0.9978
104,"Air, Dry (near sea level)",1.500E+01,2.892E+01,1.304E-02,2.894E+01,2.899E-01,2.893E-01,0.9979
104,"Air, Dry (near sea level)",1.750E+01,2.554E+01,1.128E-02,2.555E+01,3.820E-01,3.813E-01,0.9979
104,"Air, Dry (near sea level)",2.000E+01,2.293E+01,9.953E-03,2.294E+01,4.855E-01,4.845E-01,0.9980
104,"Air, Dry (near sea level)",2.500E+01,1.914E+01,8.066E-03,1.915E+01,7.252E-01,7.238E-01,0.9981
104,"Air, Dry (near sea level)",2.750E+01,1.773E+01,7.372E-03,1.773E+01,8.609E-01,8.593E-01,0.9981
104,"Air, Dry (near sea level)",3.000E+01,1.652E+01,6.790E-03,1.653E+01,1.007E+00,1.005E+00,0.9981
104,"Air, Dry (near sea level)",3.500E+01,1.460E+01,5.870E-03,1.460E+01,1.330E+00,1.327E+00,0.9982
104,"Air, Dry (near sea level)",4.000E+01,1.312E+01,5.173E-03,1.312E+01,1.691E+00,1.688E+00,0.9982
104,"Air, Dry (near sea level)",4.500E+01,1.194E+01,4.627E-03,1.194E+01,2.091E+00,2.088E+00,0.9983
104,"Air, Dry (near sea level)",5.000E+01,1.098E+01,4.187E-03,1.099E+01,2.528E+00,2.524E+00,0.9983
104,"Air, Dry (near sea level)",5.500E+01,1.019E+01,3.826E-03,1.019E+01,3.001E+00,2.996E+00,0.9983
104,"Air, Dry (near sea level)",6.000E+01,9.514E+00,3.523E-03,9.517E+00,3.509E+00,3.504E+00,0.9983
104,"Air, Dry (near sea level)",6.500E+01,8.938E+00,3.265E-03,8.942E+00,4.052E+00,4.045E+00,0.9984
104,"Air, Dry (near sea level)",7.000E+01,8.440E+00,3.043E-03,8.443E+00,4.628E+00,4.620E+00,0.9984
104,"Air, Dry (near sea level)",7.500E+01,8.003E+00,2.850E-03,8.006E+00,5.236E+00,5.228E+00,0.9984
104,"Air, Dry (near sea level)",8.000E+01,7.618E+00,2.681E-03,7.620E+00,5.876E+00,5.867E+00,0.9984
104,"Air, Dry (near sea level)",8.500E+01,7.275E+00,2.531E-03,7.277E+00,6.548E+00,6.538E+00,0.9984
104,"Air, Dry (near sea level)",9.000E+01,6.968E+00,2.397E-03,6.970E+00,7.250E+00,7.239E+00,0.9984
104,"Air, Dry (near sea level)",9.500E+01,6.691E+00,2.277E-03,6.693E+00,7.983E+00,7.970E+00,0.9985
104,"Air, Dry (near sea level)",1.000E+02,6.441E+00,2.169E-03,6.443E+00,8.744E+00,8.731E+00,0.9985
104,"Air, Dry (near sea level)",1.250E+02,5.474E+00,1.754E-03,5.475E+00,1.297E+01,1.295E+01,0.9985
104,"Air, Dry (near sea level)",1.500E+02,4.815E+00,1.475E-03,4.816E+00,1.786E+01,1.783E+01,0.9986
104,"Air, Dry (near sea level)",1.750E+02,4.337E+00,1.274E-03,4.338E+00,2.334E+01,2.330E+01,0.9986
104,"Air, Dry (near sea level)",2.000E+02,3.975E+00,1.122E-03,3.976E+00,2.937E+01,2.933E+01,0.9986
104,"Air, Dry (near sea level)",2.250E+02,3.690E+00,1.003E-03,3.691E+00,3.590E+01,3.585E+01,0.9987
104,"Air, Dry (near sea level)",2.500E+02,3.462E+00,9.075E-04,3.462E+00,4.290E+01,4.284E+01,0.9987
104,"Air, Dry (near sea level)",2.750E+02,3.274E+00,8.289E-04,3.275E+00,5.033E+01,5.026E+01,0.9987
104,"Air, Dry (near sea level)",3.000E+02,3.117E+00,7.631E-04,3.118E+00,5.816E+01,5.809E+01,0.9987
104,"Air, Dry (near sea level)",3.500E+02,2.870E+00,6.591E-04,2.871E+00,7.490E+01,7.481E+01,0.9988
104,"Air, Dry (near sea level)",4.000E+02,2.686E+00,5.806E-04,2.687E+00,9.293E+01,9.282E+01,0.9988
104,"Air, Dry (near sea level)",4.500E+02,2.544E+00,5.191E-04,2.544E+00,1.121E+02,1.119E+02,0.9989
104,"Air, Dry (near sea level)",5.000E+02,2.431E+00,4.697E-04,2.431E+00,1.322E+02,1.320E+02,0.9989
104,"Air, Dry (near sea level)",5.500E+02,2.340E+00,4.291E-04,2.340E+00,1.532E+02,1.530E+02,0.9989
104,"Air, Dry (near sea level)",6.000E+02,2.265E+00,3.951E-04,2.266E+00,1.749E+02,1.747E+02,0.9990
104,"Air, Dry (near sea level)",6.500E+02,2.203E+00,3.663E-04,2.203E+00,1.973E+02,1.971E+02,0.9990
104,"Air, Dry (near sea level)",7.000E+02,2.151E+00,3.414E-04,2.151E+00,2.203E+02,2.200E+02,0.9990
104,"Air, Dry (near sea level)",7.500E+02,2.107E+00,3.198E-04,2.107E+00,2.437E+02,2.435E+02,0.9990
104,"Air, Dry (near sea level)",8.000E+02,2.069E+00,3.009E-04,2.069E+00,2.677E+02,2.674E+02,0.9990
104,"Air, Dry (near sea level)",8.500E+02,2.036E+00,2.841E-04,2.037E+00,2.921E+02,2.918E+02,0.9991
104,"Air, Dry (near sea level)",9.000E+02,2.008E+00,2.691E-04,2.008E+00,3.168E+02,3.165E+02,0.9991
104,"Air, Dry (near sea level)",9.500E+02,1.984E+00,2.557E-04,1.984E+00,3.418E+02,3.415E+02,0.9991
104,"Air, Dry (near sea level)",1.000E+03,1.962E+00,2.436E-04,1.963E+00,3.672E+02,3.668E+02,0.9991
104,"Air, Dry (near sea level)",1.500E+03,1.850E+00,1.661E-04,1.850E+00,6.311E+02,6.306E+02,0.9992
104,"Air, Dry (near sea level)",2.000E+03,1.820E+00,1.267E-04,1.820E+00,9.041E+02,9.035E+02,0.9993
104,"Air, Dry (near sea level)",2.500E+03,1.818E+00,1.027E-04,1.818E+00,1.179E+03,1.178E+03,0.9994
104,"Air, Dry (near sea level)",3.000E+03,1.828E+00,8.655E-05,1.828E+00,1.454E+03,1.453E+03,0.9994
104,"Air, Dry (near sea level)",4.000E+03,1.861E+00,6.608E-05,1.861E+00,1.996E+03,1.995E+03,0.9995
104,"Air, Dry (near sea level)",5.000E+03,1.898E+00,5.362E-05,1.898E+00,2.528E+03,2.527E+03,0.9996
104,"Air, Dry (near sea level)",6.000E+03,1.933E+00,4.520E-05,1.934E+00,3.050E+03,3.049E+03,0.9996
104,"Air, Dry (near sea level)",7.000E+03,1.967E+00,3.913E-05,1.967E+00,3.563E+03,3.561E+03,0.9997
104,"Air, Dry (near sea level)",8.000E+03,1.998E+00,3.453E-05,1.998E+00,4.067E+03,4.066E+03,0.9997
104,"Air, Dry (near sea level)",9.000E+03,2.026E+00,3.093E-05,2.026E+00,4.564E+03,4.563E+03,0.9997
104,"Air, Dry (near sea level)",1.000E+04,2.052E+00,2.803E-05,2.052E+00,5.054E+03,5.053E+03,0.9997
106,Aluminum Oxide,1.000E-03,7.351E+01,1.578E+01,8.929E+01,1.563E-05,3.882E-06,0.2484
106,Aluminum Oxide,1.500E-03,9.003E+01,1.378E+01,1.038E+02,2.077E-05,5.935E-06,0.2857
106,Aluminum Oxide,2.000E-03,1.040E+02,1.231E+01,1.163E+02,2.532E-05,8.021E-06,0.3168
106,Aluminum Oxide,2.500E-03,1.162E+02,1.118E+01,1.274E+02,2.942E-05,1.010E-05,0.3432
106,Aluminum Oxide,3.000E-03,1.273E+02,1.027E+01,1.376E+02,3.320E-05,1.216E-05,0.3663
106,Aluminum Oxide,4.000E-03,1.470E+02,8.900E+00,1.559E+02,4.001E-05,1.620E-05,0.4050
106,Aluminum Oxide,5.000E-03,1.644E+02,7.900E+00,1.723E+02,4.611E-05,2.013E-05,0.4366
106,Aluminum Oxide,6.000E-03,1.801E+02,7.131E+00,1.872E+02,5.167E-05,2.393E-05,0.4631
106,Aluminum Oxide,7.000E-03,1.945E+02,6.518E+00,2.010E+02,5.682E-05,2.761E-05,0.4860
106,Aluminum Oxide,8.000E-03,2.079E+02,6.016E+00,2.139E+02,6.164E-05,3.119E-05,0.5059
106,Aluminum Oxide,9.000E-03,2.205E+02,5.595E+00,2.261E+02,6.619E-05,3.465E-05,0.5235
106,Aluminum Oxide,1.000E-02,2.325E+02,5.237E+00,2.377E+02,7.050E-05,3.802E-05,0.5393
106,Aluminum Oxide,1.250E-02,2.561E+02,4.534E+00,2.607E+02,8.052E-05,4.611E-05,0.5726
106,Aluminum Oxide,1.500E-02,2.768E+02,4.015E+00,2.809E+02,8.975E-05,5.382E-05,0.5997
106,Aluminum Oxide,1.750E-02,2.953E+02,3.614E+00,2.989E+02,9.837E-05,6.121E-05,0.6222
106,Aluminum Oxide,2.000E-02,3.119E+02,3.294E+00,3.152E+02,1.065E-04,6.832E-05,0.6415
106,Aluminum Oxide,2.250E-02,3.270E+02,3.031E+00,3.300E+02,1.143E-04,7.519E-05,0.6581
106,Aluminum Oxide,2.500E-02,3.408E+02,2.811E+00,3.436E+02,1.217E-04,8.186E-05,0.6727
106,Aluminum Oxide,2.750E-02,3.534E+02,2.624E+00,3.560E+02,1.288E-04,8.833E-05,0.6857
106,Aluminum Oxide,3.000E-02,3.649E+02,2.462E+00,3.674E+02,1.357E-04,9.465E-05,0.6973
106,Aluminum Oxide,3.500E-02,3.853E+02,2.198E+00,3.875E+02,1.490E-04,1.069E-04,0.7174
106,Aluminum Oxide,4.000E-02,4.025E+02,1.989E+00,4.045E+02,1.616E-04,1.187E-04,0.7342
106,Aluminum Oxide,4.500E-02,4.170E+02,1.819E+00,4.188E+02,1.737E-04,1.301E-04,0.7487
106,Aluminum Oxide,5.000E-02,4.292E+02,1.679E+00,4.308E+02,1.855E-04,1.412E-04,0.7613
106,Aluminum Oxide,5.500E-02,4.393E+02,1.560E+00,4.408E+02,1.970E-04,1.521E-04,0.7724
106,Aluminum Oxide,6.000E-02,4.476E+02,1.459E+00,4.490E+02,2.082E-04,1.629E-04,0.7823
106,Aluminum Oxide,6.500E-02,4.543E+02,1.371E+00,4.557E+02,2.193E-04,1.735E-04,0.7912
106,Aluminum Oxide,7.000E-02,4.596E+02,1.293E+00,4.609E+02,2.302E-04,1.840E-04,0.7993
106,Aluminum Oxide,7.500E-02,4.637E+02,1.225E+00,4.649E+02,2.410E-04,1.944E-04,0.8067
106,Aluminum Oxide,8.000E-02,4.666E+02,1.164E+00,4.678E+02,2.517E-04,2.048E-04,0.8136
106,Aluminum Oxide,8.500E-02,4.686E+02,1.110E+00,4.697E+02,2.624E-04,2.151E-04,0.8199
106,Aluminum Oxide,9.000E-02,4.698E+02,1.061E+00,4.708E+02,2.730E-04,2.254E-04,0.8258
106,Aluminum Oxide,9.500E-02,4.702E+02,1.016E+00,4.712E+02,2.836E-04,2.357E-04,0.8313
106,Aluminum Oxide,1.000E-01,4.700E+02,9.751E-01,4.709E+02,2.942E-04,2.461E-04,0.8364
106,Aluminum Oxide,1.250E-01,4.619E+02,8.148E-01,4.627E+02,3.477E-04,2.983E-04,0.8580
106,Aluminum Oxide,1.500E-01,4.472E+02,7.026E-01,4.479E+02,4.026E-04,3.522E-04,0.8748
106,Aluminum Oxide,1.750E-01,4.301E+02,6.193E-01,4.307E+02,4.595E-04,4.081E-04,0.8883
106,Aluminum Oxide,2.000E-01,4.127E+02,5.548E-01,4.133E+02,5.187E-04,4.665E-04,0.8994
106,Aluminum Oxide,2.250E-01,3.965E+02,5.032E-01,3.970E+02,5.805E-04,5.274E-04,0.9087
106,Aluminum Oxide,2.500E-01,3.814E+02,4.610E-01,3.819E+02,6.447E-04,5.909E-04,0.9166
106,Aluminum Oxide,2.750E-01,3.675E+02,4.258E-01,3.679E+02,7.114E-04,6.569E-04,0.9233
106,Aluminum Oxide,3.000E-01,3.545E+02,3.959E-01,3.549E+02,7.806E-04,7.253E-04,0.9292
106,Aluminum Oxide,3.500E-01,3.311E+02,3.478E-01,3.314E+02,9.265E-04,8.698E-04,0.9388
106,Aluminum Oxide,4.000E-01,3.106E+02,3.107E-01,3.109E+02,1.082E-03,1.024E-03,0.9464
106,Aluminum Oxide,4.500E-01,2.926E+02,2.812E-01,2.928E+02,1.248E-03,1.189E-03,0.9524
106,Aluminum Oxide,5.000E-01,2.765E+02,2.571E-01,2.768E+02,1.424E-03,1.363E-03,0.9573
106,Aluminum Oxide,5.500E-01,2.622E+02,2.371E-01,2.625E+02,1.609E-03,1.547E-03,0.9614
106,Aluminum Oxide,6.000E-01,2.494E+02,2.201E-01,2.497E+02,1.805E-03,1.741E-03,0.9648
106,Aluminum Oxide,6.500E-01,2.381E+02,2.055E-01,2.383E+02,2.010E-03,1.945E-03,0.9677
106,Aluminum Oxide,7.000E-01,2.279E+02,1.928E-01,2.281E+02,2.224E-03,2.158E-03,0.9702
106,Aluminum Oxide,7.500E-01,2.187E+02,1.817E-01,2.188E+02,2.448E-03,2.381E-03,0.9724
106,Aluminum Oxide,8.000E-01,2.102E+02,1.719E-01,2.104E+02,2.681E-03,2.612E-03,0.9743
106,Aluminum Oxide,8.500E-01,2.026E+02,1.631E-01,2.028E+02,2.923E-03,2.853E-03,0.9759
106,Aluminum Oxide,9.000E-01,1.957E+02,1.552E-01,1.958E+02,3.174E-03,3.102E-03,0.9773
106,Aluminum Oxide,9.500E-01,1.892E+02,1.480E-01,1.894E+02,3.434E-03,3.361E-03,0.9786
106,Aluminum Oxide,1.000E+00,1.832E+02,1.416E-01,1.834E+02,3.702E-03,3.627E-03,0.9798
106,Aluminum Oxide,1.250E+00,1.589E+02,1.165E-01,1.590E+02,5.171E-03,5.088E-03,0.9840
106,Aluminum Oxide,1.500E+00,1.409E+02,9.923E-02,1.410E+02,6.844E-03,6.753E-03,0.9867
106,Aluminum Oxide,1.750E+00,1.270E+02,8.658E-02,1.271E+02,8.714E-03,8.614E-03,0.9886
106,Aluminum Oxide,2.000E+00,1.160E+02,7.691E-02,1.160E+02,1.077E-02,1.067E-02,0.9899
106,Aluminum Oxide,2.250E+00,1.069E+02,6.926E-02,1.069E+02,1.302E-02,1.290E-02,0.9909
106,Aluminum Oxide,2.500E+00,9.926E+01,6.304E-02,9.933E+01,1.545E-02,1.532E-02,0.9917
106,Aluminum Oxide,2.750E+00,9.279E+01,5.789E-02,9.285E+01,1.805E-02,1.791E-02,0.9923
106,Aluminum Oxide,3.000E+00,8.720E+01,5.355E-02,8.726E+01,2.083E-02,2.068E-02,0.9928
106,Aluminum Oxide,3.500E+00,7.803E+01,4.662E-02,7.807E+01,2.690E-02,2.673E-02,0.9935
106,Aluminum Oxide,4.000E+00,7.078E+01,4.133E-02,7.082E+01,3.364E-02,3.344E-02,0.9941
106,Aluminum Oxide,4.500E+00,6.490E+01,3.715E-02,6.494E+01,4.102E-02,4.079E-02,0.9945
106,Aluminum Oxide,5.000E+00,6.002E+01,3.376E-02,6.005E+01,4.903E-02,4.878E-02,0.9948
106,Aluminum Oxide,5.500E+00,5.590E+01,3.096E-02,5.593E+01,5.766E-02,5.738E-02,0.9951
106,Aluminum Oxide,6.000E+00,5.236E+01,2.860E-02,5.238E+01,6.691E-02,6.659E-02,0.9953
106,Aluminum Oxide,6.500E+00,4.928E+01,2.658E-02,4.931E+01,7.675E-02,7.640E-02,0.9954
106,Aluminum Oxide,7.000E+00,4.658E+01,2.484E-02,4.661E+01,8.718E-02,8.680E-02,0.9956
106,Aluminum Oxide,7.500E+00,4.419E+01,2.332E-02,4.422E+01,9.820E-02,9.778E-02,0.9957
106,Aluminum Oxide,8.000E+00,4.206E+01,2.198E-02,4.208E+01,1.098E-01,1.093E-01,0.9958
106,Aluminum Oxide,8.500E+00,4.015E+01,2.079E-02,4.017E+01,1.220E-01,1.215E-01,0.9959
106,Aluminum Oxide,9.000E+00,3.842E+01,1.973E-02,3.844E+01,1.347E-01,1.342E-01,0.9960
106,Aluminum Oxide,9.500E+00,3.684E+01,1.877E-02,3.686E+01,1.480E-01,1.474E-01,0.9961
106,Aluminum Oxide,1.000E+01,3.541E+01,1.790E-02,3.543E+01,1.618E-01,1.612E-01,0.9962
106,Aluminum Oxide,1.250E+01,2.976E+01,1.457E-02,2.977E+01,2.391E-01,2.383E-01,0.9964
106,Aluminum Oxide,1.500E+01,2.579E+01,1.230E-02,2.580E+01,3.296E-01,3.285E-01,0.9966
106,Aluminum Oxide,1.750E+01,2.284E+01,1.066E-02,2.285E+01,4.328E-01,4.313E-01,0.9967
106,Aluminum Oxide,2.000E+01,2.055E+01,9.410E-03,2.056E+01,5.483E-01,5.465E-01,0.9968
106,Aluminum Oxide,2.500E+01,1.722E+01,7.638E-03,1.723E+01,8.151E-01,8.127E-01,0.9970
106,Aluminum Oxide,2.750E+01,1.597E+01,6.986E-03,1.598E+01,9.659E-01,9.631E-01,0.9970
106,Aluminum Oxide,3.000E+01,1.491E+01,6.438E-03,1.491E+01,1.128E+00,1.125E+00,0.9971
106,Aluminum Oxide,3.500E+01,1.320E+01,5.570E-03,1.320E+01,1.485E+00,1.481E+00,0.9972
106,Aluminum Oxide,4.000E+01,1.188E+01,4.912E-03,1.188E+01,1.885E+00,1.880E+00,0.9972
106,Aluminum Oxide,4.500E+01,1.083E+01,4.397E-03,1.083E+01,2.326E+00,2.320E+00,0.9973
106,Aluminum Oxide,5.000E+01,9.973E+00,3.981E-03,9.977E+00,2.808E+00,2.800E+00,0.9973
106,Aluminum Oxide,5.500E+01,9.261E+00,3.638E-03,9.265E+00,3.328E+00,3.319E+00,0.9974
106,Aluminum Oxide,6.000E+01,8.658E+00,3.351E-03,8.662E+00,3.887E+00,3.877E+00,0.9974
106,Aluminum Oxide,6.500E+01,8.141E+00,3.107E-03,8.145E+00,4.482E+00,4.471E+00,0.9975
106,Aluminum Oxide,7.000E+01,7.693E+00,2.897E-03,7.696E+00,5.114E+00,5.101E+00,0.9975
106,Aluminum Oxide,7.500E+01,7.300E+00,2.714E-03,7.303E+00,5.781E+00,5.767E+00,0.9975
106,Aluminum Oxide,8.000E+01,6.953E+00,2.553E-03,6.956E+00,6.483E+00,6.467E+00,0.9976
106,Aluminum Oxide,8.500E+01,6.644E+00,2.410E-03,6.647E+00,7.219E+00,7.201E+00,0.9976
106,Aluminum Oxide,9.000E+01,6.367E+00,2.283E-03,6.370E+00,7.987E+00,7.968E+00,0.9976
106,Aluminum Oxide,9.500E+01,6.118E+00,2.169E-03,6.120E+00,8.789E+00,8.768E+00,0.9976
106,Aluminum Oxide,1.000E+02,5.891E+00,2.066E-03,5.893E+00,9.621E+00,9.599E+00,0.9976
106,Aluminum Oxide,1.250E+02,5.016E+00,1.672E-03,5.018E+00,1.424E+01,1.421E+01,0.9977
106,Aluminum Oxide,1.500E+02,4.419E+00,1.407E-03,4.421E+00,1.956E+01,1.952E+01,0.9978
106,Aluminum Oxide,1.750E+02,3.985E+00,1.215E-03,3.987E+00,2.553E+01,2.548E+01,0.9979
106,Aluminum Oxide,2.000E+02,3.656E+00,1.071E-03,3.657E+00,3.209E+01,3.202E+01,0.9979
106,Aluminum Oxide,2.250E+02,3.397E+00,9.574E-04,3.398E+00,3.919E+01,3.911E+01,0.9980
106,Aluminum Oxide,2.500E+02,3.189E+00,8.662E-04,3.190E+00,4.679E+01,4.670E+01,0.9980
106,Aluminum Oxide,2.750E+02,3.018E+00,7.913E-04,3.019E+00,5.485E+01,5.474E+01,0.9981
106,Aluminum Oxide,3.000E+02,2.875E+00,7.286E-04,2.876E+00,6.334E+01,6.322E+01,0.9981
106,Aluminum Oxide,3.500E+02,2.650E+00,6.294E-04,2.651E+00,8.148E+01,8.133E+01,0.9982
106,Aluminum Oxide,4.000E+02,2.482E+00,5.545E-04,2.483E+00,1.010E+02,1.008E+02,0.9982
106,Aluminum Oxide,4.500E+02,2.352E+00,4.959E-04,2.353E+00,1.217E+02,1.215E+02,0.9983
106,Aluminum Oxide,5.000E+02,2.248E+00,4.487E-04,2.248E+00,1.435E+02,1.432E+02,0.9983
106,Aluminum Oxide,5.500E+02,2.164E+00,4.100E-04,2.164E+00,1.661E+02,1.659E+02,0.9984
106,Aluminum Oxide,6.000E+02,2.094E+00,3.775E-04,2.094E+00,1.896E+02,1.893E+02,0.9984
106,Aluminum Oxide,6.500E+02,2.036E+00,3.500E-04,2.036E+00,2.139E+02,2.135E+02,0.9984
106,Aluminum Oxide,7.000E+02,1.987E+00,3.263E-04,1.988E+00,2.387E+02,2.384E+02,0.9985
106,Aluminum Oxide,7.500E+02,1.946E+00,3.056E-04,1.946E+00,2.642E+02,2.638E+02,0.9985
106,Aluminum Oxide,8.000E+02,1.910E+00,2.875E-04,1.910E+00,2.901E+02,2.897E+02,0.9985
106,Aluminum Oxide,8.500E+02,1.879E+00,2.715E-04,1.879E+00,3.165E+02,3.160E+02,0.9986
106,Aluminum Oxide,9.000E+02,1.852E+00,2.572E-04,1.853E+00,3.433E+02,3.428E+02,0.9986
106,Aluminum Oxide,9.500E+02,1.829E+00,2.444E-04,1.829E+00,3.704E+02,3.699E+02,0.9986
106,Aluminum Oxide,1.000E+03,1.809E+00,2.329E-04,1.809E+00,3.979E+02,3.974E+02,0.9987
106,Aluminum Oxide,1.500E+03,1.696E+00,1.588E-04,1.697E+00,6.850E+02,6.843E+02,0.9988
106,Aluminum Oxide,2.000E+03,1.660E+00,1.212E-04,1.660E+00,9.835E+02,9.825E+02,0.9990
106,Aluminum Oxide,2.500E+03,1.651E+00,9.824E-05,1.651E+00,1.286E+03,1.285E+03,0.9991
106,Aluminum Oxide,3.000E+03,1.653E+00,8.279E-05,1.653E+00,1.589E+03,1.587E+03,0.9992
106,Aluminum Oxide,4.000E+03,1.669E+00,6.322E-05,1.669E+00,2.191E+03,2.189E+03,0.9993
106,Aluminum Oxide,5.000E+03,1.690E+00,5.130E-05,1.690E+00,2.786E+03,2.785E+03,0.9994
106,Aluminum Oxide,6.000E+03,1.711E+00,4.325E-05,1.711E+00,3.374E+03,3.372E+03,0.9994
106,Aluminum Oxide,7.000E+03,1.731E+00,3.745E-05,1.731E+00,3.955E+03,3.953E+03,0.9995
106,Aluminum Oxide,8.000E+03,1.749E+00,3.305E-05,1.749E+00,4.530E+03,4.528E+03,0.9995
106,Aluminum Oxide,9.000E+03,1.766E+00,2.960E-05,1.766E+00,5.099E+03,5.097E+03,0.9995
106,Aluminum Oxide,1.000E+04,1.782E+00,2.683E-05,1.782E+00,5.663E+03,5.660E+03,0.9996
111,B-100 Bone-Equivalent Plastic,1.000E-03,1.425E+02,3.362E+01,1.761E+02,6.887E-06,2.974E-06,0.4319
111,B-100 Bone-Equivalent Plastic,1.500E-03,1.745E+02,2.727E+01,2.017E+02,9.518E-06,4.479E-06,0.4706
111,B-100 Bone-Equivalent Plastic,2.000E-03,2.015E+02,2.325E+01,2.247E+02,1.186E-05,5.952E-06,0.5017
111,B-100 Bone-Equivalent Plastic,2.500E-03,2.252E+02,2.042E+01,2.457E+02,1.399E-05,7.378E-06,0.5273
111,B-100 Bone-Equivalent Plastic,3.000E-03,2.467E+02,1.830E+01,2.650E+02,1.595E-05,8.756E-06,0.5490
111,B-100 Bone-Equivalent Plastic,4.000E-03,2.831E+02,1.529E+01,2.983E+02,1.950E-05,1.139E-05,0.5842
111,B-100 Bone-Equivalent Plastic,5.000E-03,3.153E+02,1.323E+01,3.285E+02,2.269E-05,1.388E-05,0.6119
111,B-100 Bone-Equivalent Plastic,6.000E-03,3.444E+02,1.171E+01,3.561E+02,2.561E-05,1.625E-05,0.6345
111,B-100 Bone-Equivalent Plastic,7.000E-03,3.711E+02,1.055E+01,3.816E+02,2.832E-05,1.851E-05,0.6534
111,B-100 Bone-Equivalent Plastic,8.000E-03,3.955E+02,9.617E+00,4.052E+02,3.086E-05,2.067E-05,0.6696
111,B-100 Bone-Equivalent Plastic,9.000E-03,4.182E+02,8.854E+00,4.271E+02,3.327E-05,2.274E-05,0.6837
111,B-100 Bone-Equivalent Plastic,1.000E-02,4.396E+02,8.216E+00,4.478E+02,3.555E-05,2.475E-05,0.6961
111,B-100 Bone-Equivalent Plastic,1.250E-02,4.823E+02,6.994E+00,4.893E+02,4.088E-05,2.950E-05,0.7217
111,B-100 Bone-Equivalent Plastic,1.500E-02,5.190E+02,6.116E+00,5.251E+02,4.581E-05,3.399E-05,0.7419
111,B-100 Bone-Equivalent Plastic,1.750E-02,5.513E+02,5.452E+00,5.567E+02,5.043E-05,3.825E-05,0.7585
111,B-100 Bone-Equivalent Plastic,2.000E-02,5.801E+02,4.929E+00,5.851E+02,5.481E-05,4.233E-05,0.7724
111,B-100 Bone-Equivalent Plastic,2.250E-02,6.060E+02,4.506E+00,6.105E+02,5.899E-05,4.627E-05,0.7843
111,B-100 Bone-Equivalent Plastic,2.500E-02,6.292E+02,4.156E+00,6.334E+02,6.301E-05,5.007E-05,0.7947
111,B-100 Bone-Equivalent Plastic,2.750E-02,6.501E+02,3.861E+00,6.540E+02,6.689E-05,5.376E-05,0.8037
111,B-100 Bone-Equivalent Plastic,3.000E-02,6.690E+02,3.608E+00,6.726E+02,7.066E-05,5.736E-05,0.8118
111,B-100 Bone-Equivalent Plastic,3.500E-02,7.019E+02,3.198E+00,7.051E+02,7.791E-05,6.433E-05,0.8257
111,B-100 Bone-Equivalent Plastic,4.000E-02,7.295E+02,2.877E+00,7.323E+02,8.487E-05,7.105E-05,0.8372
111,B-100 Bone-Equivalent Plastic,4.500E-02,7.522E+02,2.620E+00,7.548E+02,9.159E-05,7.757E-05,0.8469
111,B-100 Bone-Equivalent Plastic,5.000E-02,7.704E+02,2.408E+00,7.728E+02,9.813E-05,8.393E-05,0.8553
111,B-100 Bone-Equivalent Plastic,5.500E-02,7.845E+02,2.230E+00,7.868E+02,1.045E-04,9.019E-05,0.8627
111,B-100 Bone-Equivalent Plastic,6.000E-02,7.951E+02,2.079E+00,7.972E+02,1.109E-04,9.636E-05,0.8693
111,B-100 Bone-Equivalent Plastic,6.500E-02,8.026E+02,1.948E+00,8.045E+02,1.171E-04,1.025E-04,0.8751
111,B-100 Bone-Equivalent Plastic,7.000E-02,8.074E+02,1.834E+00,8.093E+02,1.233E-04,1.086E-04,0.8805
111,B-100 Bone-Equivalent Plastic,7.500E-02,8.100E+02,1.733E+00,8.117E+02,1.295E-04,1.146E-04,0.8853
111,B-100 Bone-Equivalent Plastic,8.000E-02,8.105E+02,1.644E+00,8.121E+02,1.356E-04,1.207E-04,0.8898
111,B-100 Bone-Equivalent Plastic,8.500E-02,8.093E+02,1.564E+00,8.109E+02,1.418E-04,1.267E-04,0.8939
111,B-100 Bone-Equivalent Plastic,9.000E-02,8.066E+02,1.492E+00,8.081E+02,1.480E-04,1.328E-04,0.8977
111,B-100 Bone-Equivalent Plastic,9.500E-02,8.027E+02,1.427E+00,8.041E+02,1.542E-04,1.389E-04,0.9013
111,B-100 Bone-Equivalent Plastic,1.000E-01,7.977E+02,1.368E+00,7.991E+02,1.604E-04,1.451E-04,0.9046
111,B-100 Bone-Equivalent Plastic,1.250E-01,7.625E+02,1.136E+00,7.636E+02,1.923E-04,1.767E-04,0.9186
111,B-100 Bone-Equivalent Plastic,1.500E-01,7.195E+02,9.753E-01,7.205E+02,2.260E-04,2.100E-04,0.9293
111,B-100 Bone-Equivalent Plastic,1.750E-01,6.762E+02,8.566E-01,6.771E+02,2.618E-04,2.455E-04,0.9378
111,B-100 Bone-Equivalent Plastic,2.000E-01,6.358E+02,7.651E-01,6.366E+02,2.999E-04,2.833E-04,0.9447
111,B-100 Bone-Equivalent Plastic,2.250E-01,5.993E+02,6.923E-01,5.999E+02,3.404E-04,3.235E-04,0.9505
111,B-100 Bone-Equivalent Plastic,2.500E-01,5.667E+02,6.329E-01,5.673E+02,3.833E-04,3.661E-04,0.9553
111,B-100 Bone-Equivalent Plastic,2.750E-01,5.379E+02,5.831E-01,5.385E+02,4.285E-04,4.111E-04,0.9594
111,B-100 Bone-Equivalent Plastic,3.000E-01,5.123E+02,5.407E-01,5.129E+02,4.761E-04,4.584E-04,0.9629
111,B-100 Bone-Equivalent Plastic,3.500E-01,4.681E+02,4.728E-01,4.685E+02,5.782E-04,5.600E-04,0.9685
111,B-100 Bone-Equivalent Plastic,4.000E-01,4.314E+02,4.208E-01,4.318E+02,6.895E-04,6.708E-04,0.9728
111,B-100 Bone-Equivalent Plastic,4.500E-01,4.008E+02,3.796E-01,4.012E+02,8.097E-04,7.904E-04,0.9762
111,B-100 Bone-Equivalent Plastic,5.000E-01,3.750E+02,3.461E-01,3.754E+02,9.387E-04,9.188E-04,0.9789
111,B-100 Bone-Equivalent Plastic,5.500E-01,3.530E+02,3.182E-01,3.533E+02,1.076E-03,1.056E-03,0.9810
111,B-100 Bone-Equivalent Plastic,6.000E-01,3.337E+02,2.947E-01,3.340E+02,1.222E-03,1.201E-03,0.9828
111,B-100 Bone-Equivalent Plastic,6.500E-01,3.169E+02,2.745E-01,3.172E+02,1.375E-03,1.354E-03,0.9843
111,B-100 Bone-Equivalent Plastic,7.000E-01,3.019E+02,2.570E-01,3.022E+02,1.537E-03,1.515E-03,0.9855
111,B-100 Bone-Equivalent Plastic,7.500E-01,2.885E+02,2.417E-01,2.887E+02,1.706E-03,1.683E-03,0.9866
111,B-100 Bone-Equivalent Plastic,8.000E-01,2.763E+02,2.282E-01,2.765E+02,1.883E-03,1.860E-03,0.9875
111,B-100 Bone-Equivalent Plastic,8.500E-01,2.653E+02,2.161E-01,2.655E+02,2.068E-03,2.044E-03,0.9883
111,B-100 Bone-Equivalent Plastic,9.000E-01,2.551E+02,2.054E-01,2.553E+02,2.260E-03,2.235E-03,0.9890
111,B-100 Bone-Equivalent Plastic,9.500E-01,2.459E+02,1.957E-01,2.460E+02,2.459E-03,2.434E-03,0.9896
111,B-100 Bone-Equivalent Plastic,1.000E+00,2.374E+02,1.869E-01,2.376E+02,2.666E-03,2.640E-03,0.9902
111,B-100 Bone-Equivalent Plastic,1.250E+00,2.034E+02,1.529E-01,2.035E+02,3.807E-03,3.777E-03,0.9921
111,B-100 Bone-Equivalent Plastic,1.500E+00,1.789E+02,1.297E-01,1.790E+02,5.120E-03,5.087E-03,0.9934
111,B-100 Bone-Equivalent Plastic,1.750E+00,1.602E+02,1.128E-01,1.603E+02,6.599E-03,6.561E-03,0.9942
111,B-100 Bone-Equivalent Plastic,2.000E+00,1.454E+02,9.991E-02,1.455E+02,8.238E-03,8.195E-03,0.9948
111,B-100 Bone-Equivalent Plastic,2.250E+00,1.334E+02,8.975E-02,1.335E+02,1.003E-02,9.986E-03,0.9952
111,B-100 Bone-Equivalent Plastic,2.500E+00,1.234E+02,8.152E-02,1.235E+02,1.198E-02,1.193E-02,0.9955
111,B-100 Bone-Equivalent Plastic,2.750E+00,1.150E+02,7.472E-02,1.151E+02,1.408E-02,1.402E-02,0.9958
111,B-100 Bone-Equivalent Plastic,3.000E+00,1.078E+02,6.899E-02,1.078E+02,1.633E-02,1.626E-02,0.9960
111,B-100 Bone-Equivalent Plastic,3.500E+00,9.595E+01,5.989E-02,9.601E+01,2.125E-02,2.117E-02,0.9963
111,B-100 Bone-Equivalent Plastic,4.000E+00,8.666E+01,5.297E-02,8.672E+01,2.674E-02,2.665E-02,0.9966
111,B-100 Bone-Equivalent Plastic,4.500E+00,7.917E+01,4.751E-02,7.922E+01,3.278E-02,3.267E-02,0.9968
111,B-100 Bone-Equivalent Plastic,5.000E+00,7.298E+01,4.311E-02,7.302E+01,3.936E-02,3.924E-02,0.9969
111,B-100 Bone-Equivalent Plastic,5.500E+00,6.777E+01,3.947E-02,6.781E+01,4.647E-02,4.633E-02,0.9970
111,B-100 Bone-Equivalent Plastic,6.000E+00,6.332E+01,3.641E-02,6.336E+01,5.410E-02,5.395E-02,0.9971
111,B-100 Bone-Equivalent Plastic,6.500E+00,5.947E+01,3.380E-02,5.950E+01,6.225E-02,6.207E-02,0.9972
111,B-100 Bone-Equivalent Plastic,7.000E+00,5.610E+01,3.156E-02,5.613E+01,7.091E-02,7.071E-02,0.9973
111,B-100 Bone-Equivalent Plastic,7.500E+00,5.313E+01,2.960E-02,5.316E+01,8.006E-02,7.985E-02,0.9973
111,B-100 Bone-Equivalent Plastic,8.000E+00,5.048E+01,2.787E-02,5.051E+01,8.972E-02,8.948E-02,0.9974
111,B-100 Bone-Equivalent Plastic,8.500E+00,4.811E+01,2.634E-02,4.814E+01,9.986E-02,9.960E-02,0.9974
111,B-100 Bone-Equivalent Plastic,9.000E+00,4.598E+01,2.497E-02,4.600E+01,1.105E-01,1.102E-01,0.9974
111,B-100 Bone-Equivalent Plastic,9.500E+00,4.404E+01,2.374E-02,4.406E+01,1.216E-01,1.213E-01,0.9975
111,B-100 Bone-Equivalent Plastic,1.000E+01,4.227E+01,2.263E-02,4.229E+01,1.332E-01,1.329E-01,0.9975
111,B-100 Bone-Equivalent Plastic,1.250E+01,3.535E+01,1.837E-02,3.537E+01,1.981E-01,1.976E-01,0.9976
111,B-100 Bone-Equivalent Plastic,1.500E+01,3.053E+01,1.549E-02,3.054E+01,2.744E-01,2.738E-01,0.9977
111,B-100 Bone-Equivalent Plastic,1.750E+01,2.696E+01,1.340E-02,2.697E+01,3.617E-01,3.609E-01,0.9978
111,B-100 Bone-Equivalent Plastic,2.000E+01,2.420E+01,1.182E-02,2.421E+01,4.597E-01,4.587E-01,0.9979
111,B-100 Bone-Equivalent Plastic,2.500E+01,2.021E+01,9.577E-03,2.022E+01,6.868E-01,6.854E-01,0.9979
111,B-100 Bone-Equivalent Plastic,2.750E+01,1.871E+01,8.754E-03,1.872E+01,8.154E-01,8.137E-01,0.9980
111,B-100 Bone-Equivalent Plastic,3.000E+01,1.744E+01,8.064E-03,1.745E+01,9.538E-01,9.519E-01,0.9980
111,B-100 Bone-Equivalent Plastic,3.500E+01,1.541E+01,6.971E-03,1.542E+01,1.259E+00,1.257E+00,0.9980
111,B-100 Bone-Equivalent Plastic,4.000E+01,1.385E+01,6.144E-03,1.385E+01,1.602E+00,1.599E+00,0.9981
111,B-100 Bone-Equivalent Plastic,4.500E+01,1.260E+01,5.496E-03,1.261E+01,1.981E+00,1.977E+00,0.9981
111,B-100 Bone-Equivalent Plastic,5.000E+01,1.159E+01,4.974E-03,1.160E+01,2.395E+00,2.390E+00,0.9981
111,B-100 Bone-Equivalent Plastic,5.500E+01,1.075E+01,4.544E-03,1.076E+01,2.843E+00,2.838E+00,0.9982
111,B-100 Bone-Equivalent Plastic,6.000E+01,1.005E+01,4.184E-03,1.005E+01,3.324E+00,3.318E+00,0.9982
111,B-100 Bone-Equivalent Plastic,6.500E+01,9.438E+00,3.879E-03,9.441E+00,3.838E+00,3.831E+00,0.9982
111,B-100 Bone-Equivalent Plastic,7.000E+01,8.911E+00,3.615E-03,8.915E+00,4.383E+00,4.375E+00,0.9982
111,B-100 Bone-Equivalent Plastic,7.500E+01,8.450E+00,3.386E-03,8.454E+00,4.959E+00,4.950E+00,0.9982
111,B-100 Bone-Equivalent Plastic,8.000E+01,8.044E+00,3.185E-03,8.047E+00,5.566E+00,5.556E+00,0.9983
111,B-100 Bone-Equivalent Plastic,8.500E+01,7.682E+00,3.007E-03,7.685E+00,6.202E+00,6.191E+00,0.9983
111,B-100 Bone-Equivalent Plastic,9.000E+01,7.358E+00,2.848E-03,7.361E+00,6.867E+00,6.855E+00,0.9983
111,B-100 Bone-Equivalent Plastic,9.500E+01,7.066E+00,2.705E-03,7.068E+00,7.560E+00,7.547E+00,0.9983
111,B-100 Bone-Equivalent Plastic,1.000E+02,6.801E+00,2.577E-03,6.804E+00,8.281E+00,8.267E+00,0.9983
111,B-100 Bone-Equivalent Plastic,1.250E+02,5.780E+00,2.084E-03,5.782E+00,1.229E+01,1.227E+01,0.9984
111,B-100 Bone-Equivalent Plastic,1.500E+02,5.085E+00,1.753E-03,5.087E+00,1.691E+01,1.688E+01,0.9984
111,B-100 Bone-Equivalent Plastic,1.750E+02,4.580E+00,1.514E-03,4.582E+00,2.210E+01,2.206E+01,0.9985
111,B-100 Bone-Equivalent Plastic,2.000E+02,4.198E+00,1.333E-03,4.199E+00,2.781E+01,2.777E+01,0.9985
111,B-100 Bone-Equivalent Plastic,2.250E+02,3.897E+00,1.192E-03,3.899E+00,3.399E+01,3.394E+01,0.9985
111,B-100 Bone-Equivalent Plastic,2.500E+02,3.656E+00,1.078E-03,3.657E+00,4.062E+01,4.056E+01,0.9986
111,B-100 Bone-Equivalent Plastic,2.750E+02,3.457E+00,9.848E-04,3.458E+00,4.766E+01,4.759E+01,0.9986
111,B-100 Bone-Equivalent Plastic,3.000E+02,3.292E+00,9.067E-04,3.293E+00,5.507E+01,5.499E+01,0.9986
111,B-100 Bone-Equivalent Plastic,3.500E+02,3.031E+00,7.831E-04,3.032E+00,7.092E+01,7.083E+01,0.9987
111,B-100 Bone-Equivalent Plastic,4.000E+02,2.837E+00,6.898E-04,2.837E+00,8.799E+01,8.788E+01,0.9987
111,B-100 Bone-Equivalent Plastic,4.500E+02,2.687E+00,6.168E-04,2.687E+00,1.061E+02,1.060E+02,0.9987
111,B-100 Bone-Equivalent Plastic,5.000E+02,2.567E+00,5.581E-04,2.568E+00,1.252E+02,1.250E+02,0.9988
111,B-100 Bone-Equivalent Plastic,5.500E+02,2.471E+00,5.098E-04,2.472E+00,1.450E+02,1.448E+02,0.9988
111,B-100 Bone-Equivalent Plastic,6.000E+02,2.392E+00,4.694E-04,2.393E+00,1.656E+02,1.654E+02,0.9988
111,B-100 Bone-Equivalent Plastic,6.500E+02,2.326E+00,4.351E-04,2.327E+00,1.868E+02,1.866E+02,0.9989
111,B-100 Bone-Equivalent Plastic,7.000E+02,2.269E+00,4.056E-04,2.270E+00,2.086E+02,2.083E+02,0.9989
111,B-100 Bone-Equivalent Plastic,7.500E+02,2.221E+00,3.799E-04,2.221E+00,2.308E+02,2.306E+02,0.9989
111,B-100 Bone-Equivalent Plastic,8.000E+02,2.179E+00,3.574E-04,2.180E+00,2.536E+02,2.533E+02,0.9989
111,B-100 Bone-Equivalent Plastic,8.500E+02,2.143E+00,3.375E-04,2.144E+00,2.767E+02,2.764E+02,0.9990
111,B-100 Bone-Equivalent Plastic,9.000E+02,2.112E+00,3.197E-04,2.112E+00,3.002E+02,2.999E+02,0.9990
111,B-100 Bone-Equivalent Plastic,9.500E+02,2.084E+00,3.037E-04,2.085E+00,3.240E+02,3.237E+02,0.9990
111,B-100 Bone-Equivalent Plastic,1.000E+03,2.060E+00,2.894E-04,2.061E+00,3.481E+02,3.478E+02,0.9990
111,B-100 Bone-Equivalent Plastic,1.500E+03,1.925E+00,1.973E-04,1.926E+00,6.007E+02,6.002E+02,0.9992
111,B-100 Bone-Equivalent Plastic,2.000E+03,1.879E+00,1.504E-04,1.879E+00,8.641E+02,8.634E+02,0.9993
111,B-100 Bone-Equivalent Plastic,2.500E+03,1.863E+00,1.220E-04,1.864E+00,1.132E+03,1.131E+03,0.9993
111,B-100 Bone-Equivalent Plastic,3.000E+03,1.862E+00,1.028E-04,1.862E+00,1.400E+03,1.399E+03,0.9994
111,B-100 Bone-Equivalent Plastic,4.000E+03,1.875E+00,7.844E-05,1.875E+00,1.936E+03,1.935E+03,0.9995
111,B-100 Bone-Equivalent Plastic,5.000E+03,1.895E+00,6.363E-05,1.895E+00,2.466E+03,2.465E+03,0.9995
111,B-100 Bone-Equivalent Plastic,6.000E+03,1.916E+00,5.364E-05,1.916E+00,2.991E+03,2.990E+03,0.9996
111,B-100 Bone-Equivalent Plastic,7.000E+03,1.937E+00,4.643E-05,1.937E+00,3.510E+03,3.509E+03,0.9996
111,B-100 Bone-Equivalent Plastic,8.000E+03,1.956E+00,4.098E-05,1.956E+00,4.024E+03,4.022E+03,0.9996
111,B-100 Bone-Equivalent Plastic,9.000E+03,1.974E+00,3.670E-05,1.974E+00,4.533E+03,4.531E+03,0.9997
111,B-100 Bone-Equivalent Plastic,1.000E+04,1.991E+00,3.325E-05,1.991E+00,5.037E+03,5.035E+03,0.9997
119,"Bone, Compact (ICRU)",1.000E-03,1.416E+02,3.228E+01,1.738E+02,7.040E-06,2.977E-06,0.4228
119,"Bone, Compact (ICRU)",1.500E-03,1.734E+02,2.629E+01,1.997E+02,9.701E-06,4.471E-06,0.4609
119,"Bone, Compact (ICRU)",2.000E-03,2.002E+02,2.248E+01,2.227E+02,1.207E-05,5.934E-06,0.4916
119,"Bone, Compact (ICRU)",2.500E-03,2.238E+02,1.978E+01,2.436E+02,1.422E-05,7.351E-06,0.5171
119,"Bone, Compact (ICRU)",3.000E-03,2.452E+02,1.776E+01,2.629E+02,1.619E-05,8.722E-06,0.5387
119,"Bone, Compact (ICRU)",4.000E-03,2.813E+02,1.488E+01,2.962E+02,1.977E-05,1.134E-05,0.5740
119,"Bone, Compact (ICRU)",5.000E-03,3.133E+02,1.290E+01,3.262E+02,2.298E-05,1.383E-05,0.6018
119,"Bone, Compact (ICRU)",6.000E-03,3.422E+02,1.144E+01,3.537E+02,2.592E-05,1.619E-05,0.6246
119,"Bone, Compact (ICRU)",7.000E-03,3.688E+02,1.031E+01,3.791E+02,2.865E-05,1.844E-05,0.6437
119,"Bone, Compact (ICRU)",8.000E-03,3.931E+02,9.414E+00,4.025E+02,3.121E-05,2.060E-05,0.6600
119,"Bone, Compact (ICRU)",9.000E-03,4.156E+02,8.675E+00,4.243E+02,3.363E-05,2.268E-05,0.6743
119,"Bone, Compact (ICRU)",1.000E-02,4.368E+02,8.056E+00,4.449E+02,3.593E-05,2.468E-05,0.6869
119,"Bone, Compact (ICRU)",1.250E-02,4.790E+02,6.869E+00,4.859E+02,4.129E-05,2.944E-05,0.7129
119,"Bone, Compact (ICRU)",1.500E-02,5.152E+02,6.014E+00,5.212E+02,4.626E-05,3.394E-05,0.7336
119,"Bone, Compact (ICRU)",1.750E-02,5.470E+02,5.366E+00,5.523E+02,5.091E-05,3.821E-05,0.7506
119,"Bone, Compact (ICRU)",2.000E-02,5.753E+02,4.856E+00,5.802E+02,5.533E-05,4.232E-05,0.7648
119,"Bone, Compact (ICRU)",2.250E-02,6.007E+02,4.442E+00,6.051E+02,5.954E-05,4.627E-05,0.7770
119,"Bone, Compact (ICRU)",2.500E-02,6.234E+02,4.099E+00,6.275E+02,6.360E-05,5.009E-05,0.7876
119,"Bone, Compact (ICRU)",2.750E-02,6.438E+02,3.810E+00,6.476E+02,6.752E-05,5.381E-05,0.7970
119,"Bone, Compact (ICRU)",3.000E-02,6.621E+02,3.562E+00,6.657E+02,7.133E-05,5.744E-05,0.8053
119,"Bone, Compact (ICRU)",3.500E-02,6.942E+02,3.159E+00,6.974E+02,7.866E-05,6.447E-05,0.8196
119,"Bone, Compact (ICRU)",4.000E-02,7.210E+02,2.844E+00,7.239E+02,8.569E-05,7.125E-05,0.8314
119,"Bone, Compact (ICRU)",4.500E-02,7.432E+02,2.591E+00,7.457E+02,9.249E-05,7.783E-05,0.8415
119,"Bone, Compact (ICRU)",5.000E-02,7.609E+02,2.382E+00,7.633E+02,9.912E-05,8.427E-05,0.8502
119,"Bone, Compact (ICRU)",5.500E-02,7.748E+02,2.207E+00,7.770E+02,1.056E-04,9.059E-05,0.8578
119,"Bone, Compact (ICRU)",6.000E-02,7.852E+02,2.058E+00,7.872E+02,1.120E-04,9.683E-05,0.8646
119,"Bone, Compact (ICRU)",6.500E-02,7.926E+02,1.929E+00,7.946E+02,1.183E-04,1.030E-04,0.8706
119,"Bone, Compact (ICRU)",7.000E-02,7.976E+02,1.817E+00,7.994E+02,1.246E-04,1.092E-04,0.8761
119,"Bone, Compact (ICRU)",7.500E-02,8.003E+02,1.717E+00,8.020E+02,1.308E-04,1.153E-04,0.8812
119,"Bone, Compact (ICRU)",8.000E-02,8.011E+02,1.629E+00,8.027E+02,1.371E-04,1.214E-04,0.8858
119,"Bone, Compact (ICRU)",8.500E-02,8.003E+02,1.550E+00,8.018E+02,1.433E-04,1.275E-04,0.8900
119,"Bone, Compact (ICRU)",9.000E-02,7.979E+02,1.479E+00,7.994E+02,1.495E-04,1.337E-04,0.8940
119,"Bone, Compact (ICRU)",9.500E-02,7.944E+02,1.415E+00,7.958E+02,1.558E-04,1.399E-04,0.8977
119,"Bone, Compact (ICRU)",1.000E-01,7.899E+02,1.356E+00,7.912E+02,1.621E-04,1.461E-04,0.9011
119,"Bone, Compact (ICRU)",1.250E-01,7.564E+02,1.128E+00,7.575E+02,1.944E-04,1.779E-04,0.9155
119,"Bone, Compact (ICRU)",1.500E-01,7.145E+02,9.684E-01,7.154E+02,2.283E-04,2.115E-04,0.9265
119,"Bone, Compact (ICRU)",1.750E-01,6.714E+02,8.508E-01,6.722E+02,2.643E-04,2.472E-04,0.9353
119,"Bone, Compact (ICRU)",2.000E-01,6.305E+02,7.602E-01,6.312E+02,3.027E-04,2.853E-04,0.9425
119,"Bone, Compact (ICRU)",2.250E-01,5.932E+02,6.880E-01,5.939E+02,3.436E-04,3.259E-04,0.9485
119,"Bone, Compact (ICRU)",2.500E-01,5.597E+02,6.291E-01,5.604E+02,3.869E-04,3.689E-04,0.9535
119,"Bone, Compact (ICRU)",2.750E-01,5.300E+02,5.797E-01,5.306E+02,4.328E-04,4.145E-04,0.9578
119,"Bone, Compact (ICRU)",3.000E-01,5.035E+02,5.377E-01,5.041E+02,4.812E-04,4.626E-04,0.9614
119,"Bone, Compact (ICRU)",3.500E-01,4.590E+02,4.704E-01,4.595E+02,5.852E-04,5.661E-04,0.9673
119,"Bone, Compact (ICRU)",4.000E-01,4.230E+02,4.187E-01,4.234E+02,6.987E-04,6.789E-04,0.9718
119,"Bone, Compact (ICRU)",4.500E-01,3.933E+02,3.778E-01,3.937E+02,8.212E-04,8.009E-04,0.9752
119,"Bone, Compact (ICRU)",5.000E-01,3.683E+02,3.445E-01,3.687E+02,9.526E-04,9.316E-04,0.9780
119,"Bone, Compact (ICRU)",5.500E-01,3.469E+02,3.169E-01,3.472E+02,1.092E-03,1.071E-03,0.9802
119,"Bone, Compact (ICRU)",6.000E-01,3.281E+02,2.935E-01,3.284E+02,1.241E-03,1.218E-03,0.9821
119,"Bone, Compact (ICRU)",6.500E-01,3.116E+02,2.735E-01,3.119E+02,1.397E-03,1.374E-03,0.9836
119,"Bone, Compact (ICRU)",7.000E-01,2.969E+02,2.561E-01,2.972E+02,1.561E-03,1.538E-03,0.9849
119,"Bone, Compact (ICRU)",7.500E-01,2.837E+02,2.409E-01,2.840E+02,1.733E-03,1.709E-03,0.9860
119,"Bone, Compact (ICRU)",8.000E-01,2.718E+02,2.275E-01,2.720E+02,1.913E-03,1.888E-03,0.9870
119,"Bone, Compact (ICRU)",8.500E-01,2.610E+02,2.155E-01,2.612E+02,2.101E-03,2.075E-03,0.9878
119,"Bone, Compact (ICRU)",9.000E-01,2.511E+02,2.048E-01,2.513E+02,2.296E-03,2.270E-03,0.9885
119,"Bone, Compact (ICRU)",9.500E-01,2.420E+02,1.952E-01,2.422E+02,2.499E-03,2.472E-03,0.9891
119,"Bone, Compact (ICRU)",1.000E+00,2.337E+02,1.864E-01,2.339E+02,2.709E-03,2.681E-03,0.9897
119,"Bone, Compact (ICRU)",1.250E+00,2.003E+02,1.526E-01,2.005E+02,3.867E-03,3.835E-03,0.9917
119,"Bone, Compact (ICRU)",1.500E+00,1.763E+02,1.295E-01,1.764E+02,5.200E-03,5.163E-03,0.9930
119,"Bone, Compact (ICRU)",1.750E+00,1.580E+02,1.127E-01,1.581E+02,6.699E-03,6.658E-03,0.9938
119,"Bone, Compact (ICRU)",2.000E+00,1.435E+02,9.986E-02,1.436E+02,8.361E-03,8.315E-03,0.9945
119,"Bone, Compact (ICRU)",2.250E+00,1.317E+02,8.973E-02,1.318E+02,1.018E-02,1.013E-02,0.9949
119,"Bone, Compact (ICRU)",2.500E+00,1.219E+02,8.153E-02,1.220E+02,1.215E-02,1.210E-02,0.9953
119,"Bone, Compact (ICRU)",2.750E+00,1.136E+02,7.474E-02,1.137E+02,1.428E-02,1.422E-02,0.9955
119,"Bone, Compact (ICRU)",3.000E+00,1.065E+02,6.903E-02,1.065E+02,1.655E-02,1.648E-02,0.9958
119,"Bone, Compact (ICRU)",3.500E+00,9.484E+01,5.994E-02,9.490E+01,2.153E-02,2.145E-02,0.9961
119,"Bone, Compact (ICRU)",4.000E+00,8.571E+01,5.303E-02,8.576E+01,2.708E-02,2.699E-02,0.9963
119,"Bone, Compact (ICRU)",4.500E+00,7.834E+01,4.759E-02,7.838E+01,3.319E-02,3.308E-02,0.9965
119,"Bone, Compact (ICRU)",5.000E+00,7.224E+01,4.318E-02,7.228E+01,3.984E-02,3.971E-02,0.9967
119,"Bone, Compact (ICRU)",5.500E+00,6.711E+01,3.955E-02,6.715E+01,4.702E-02,4.687E-02,0.9968
119,"Bone, Compact (ICRU)",6.000E+00,6.272E+01,3.649E-02,6.276E+01,5.473E-02,5.456E-02,0.9969
119,"Bone, Compact (ICRU)",6.500E+00,5.892E+01,3.388E-02,5.896E+01,6.295E-02,6.276E-02,0.9970
119,"Bone, Compact (ICRU)",7.000E+00,5.560E+01,3.163E-02,5.563E+01,7.169E-02,7.148E-02,0.9971
119,"Bone, Compact (ICRU)",7.500E+00,5.266E+01,2.967E-02,5.269E+01,8.093E-02,8.069E-02,0.9971
119,"Bone, Compact (ICRU)",8.000E+00,5.005E+01,2.795E-02,5.008E+01,9.067E-02,9.041E-02,0.9972
119,"Bone, Compact (ICRU)",8.500E+00,4.771E+01,2.641E-02,4.774E+01,1.009E-01,1.006E-01,0.9972
119,"Bone, Compact (ICRU)",9.000E+00,4.560E+01,2.505E-02,4.562E+01,1.116E-01,1.113E-01,0.9973
119,"Bone, Compact (ICRU)",9.500E+00,4.368E+01,2.382E-02,4.371E+01,1.228E-01,1.225E-01,0.9973
119,"Bone, Compact (ICRU)",1.000E+01,4.194E+01,2.271E-02,4.196E+01,1.345E-01,1.341E-01,0.9973
119,"Bone, Compact (ICRU)",1.250E+01,3.509E+01,1.844E-02,3.511E+01,1.999E-01,1.994E-01,0.9975
119,"Bone, Compact (ICRU)",1.500E+01,3.032E+01,1.554E-02,3.033E+01,2.768E-01,2.761E-01,0.9976
119,"Bone, Compact (ICRU)",1.750E+01,2.678E+01,1.345E-02,2.679E+01,3.647E-01,3.638E-01,0.9976
119,"Bone, Compact (ICRU)",2.000E+01,2.405E+01,1.187E-02,2.406E+01,4.633E-01,4.622E-01,0.9977
119,"Bone, Compact (ICRU)",2.500E+01,2.009E+01,9.619E-03,2.010E+01,6.917E-01,6.902E-01,0.9978
119,"Bone, Compact (ICRU)",2.750E+01,1.861E+01,8.793E-03,1.861E+01,8.211E-01,8.193E-01,0.9978
119,"Bone, Compact (ICRU)",3.000E+01,1.735E+01,8.100E-03,1.736E+01,9.602E-01,9.582E-01,0.9978
119,"Bone, Compact (ICRU)",3.500E+01,1.533E+01,7.003E-03,1.534E+01,1.267E+00,1.265E+00,0.9979
119,"Bone, Compact (ICRU)",4.000E+01,1.378E+01,6.173E-03,1.378E+01,1.612E+00,1.609E+00,0.9979
119,"Bone, Compact (ICRU)",4.500E+01,1.254E+01,5.522E-03,1.255E+01,1.993E+00,1.989E+00,0.9980
119,"Bone, Compact (ICRU)",5.000E+01,1.154E+01,4.998E-03,1.155E+01,2.408E+00,2.404E+00,0.9980
119,"Bone, Compact (ICRU)",5.500E+01,1.071E+01,4.567E-03,1.071E+01,2.858E+00,2.853E+00,0.9980
119,"Bone, Compact (ICRU)",6.000E+01,1.000E+01,4.205E-03,1.001E+01,3.342E+00,3.335E+00,0.9981
119,"Bone, Compact (ICRU)",6.500E+01,9.398E+00,3.898E-03,9.401E+00,3.858E+00,3.850E+00,0.9981
119,"Bone, Compact (ICRU)",7.000E+01,8.874E+00,3.633E-03,8.878E+00,4.405E+00,4.397E+00,0.9981
119,"Bone, Compact (ICRU)",7.500E+01,8.416E+00,3.403E-03,8.420E+00,4.984E+00,4.974E+00,0.9981
119,"Bone, Compact (ICRU)",8.000E+01,8.012E+00,3.201E-03,8.015E+00,5.593E+00,5.582E+00,0.9981
119,"Bone, Compact (ICRU)",8.500E+01,7.652E+00,3.022E-03,7.655E+00,6.231E+00,6.220E+00,0.9982
119,"Bone, Compact (ICRU)",9.000E+01,7.329E+00,2.862E-03,7.332E+00,6.899E+00,6.886E+00,0.9982
119,"Bone, Compact (ICRU)",9.500E+01,7.039E+00,2.719E-03,7.042E+00,7.595E+00,7.581E+00,0.9982
119,"Bone, Compact (ICRU)",1.000E+02,6.776E+00,2.590E-03,6.778E+00,8.319E+00,8.304E+00,0.9982
119,"Bone, Compact (ICRU)",1.250E+02,5.760E+00,2.095E-03,5.762E+00,1.234E+01,1.232E+01,0.9983
119,"Bone, Compact (ICRU)",1.500E+02,5.068E+00,1.762E-03,5.070E+00,1.698E+01,1.695E+01,0.9983
119,"Bone, Compact (ICRU)",1.750E+02,4.566E+00,1.522E-03,4.567E+00,2.218E+01,2.215E+01,0.9984
119,"Bone, Compact (ICRU)",2.000E+02,4.185E+00,1.340E-03,4.186E+00,2.791E+01,2.786E+01,0.9984
119,"Bone, Compact (ICRU)",2.250E+02,3.886E+00,1.198E-03,3.887E+00,3.411E+01,3.406E+01,0.9984
119,"Bone, Compact (ICRU)",2.500E+02,3.645E+00,1.084E-03,3.646E+00,4.076E+01,4.070E+01,0.9985
119,"Bone, Compact (ICRU)",2.750E+02,3.448E+00,9.902E-04,3.449E+00,4.782E+01,4.774E+01,0.9985
119,"Bone, Compact (ICRU)",3.000E+02,3.283E+00,9.116E-04,3.284E+00,5.525E+01,5.517E+01,0.9985
119,"Bone, Compact (ICRU)",3.500E+02,3.024E+00,7.874E-04,3.024E+00,7.115E+01,7.104E+01,0.9986
119,"Bone, Compact (ICRU)",4.000E+02,2.830E+00,6.936E-04,2.830E+00,8.826E+01,8.814E+01,0.9986
119,"Bone, Compact (ICRU)",4.500E+02,2.680E+00,6.202E-04,2.681E+00,1.064E+02,1.063E+02,0.9987
119,"Bone, Compact (ICRU)",5.000E+02,2.561E+00,5.612E-04,2.562E+00,1.255E+02,1.254E+02,0.9987
119,"Bone, Compact (ICRU)",5.500E+02,2.466E+00,5.126E-04,2.466E+00,1.454E+02,1.452E+02,0.9987
119,"Bone, Compact (ICRU)",6.000E+02,2.385E+00,4.720E-04,2.386E+00,1.660E+02,1.658E+02,0.9988
119,"Bone, Compact (ICRU)",6.500E+02,2.318E+00,4.375E-04,2.318E+00,1.873E+02,1.871E+02,0.9988
119,"Bone, Compact (ICRU)",7.000E+02,2.261E+00,4.079E-04,2.261E+00,2.092E+02,2.089E+02,0.9988
119,"Bone, Compact (ICRU)",7.500E+02,2.212E+00,3.820E-04,2.213E+00,2.315E+02,2.312E+02,0.9988
119,"Bone, Compact (ICRU)",8.000E+02,2.171E+00,3.594E-04,2.171E+00,2.543E+02,2.540E+02,0.9989
119,"Bone, Compact (ICRU)",8.500E+02,2.135E+00,3.393E-04,2.135E+00,2.776E+02,2.772E+02,0.9989
119,"Bone, Compact (ICRU)",9.000E+02,2.103E+00,3.215E-04,2.103E+00,3.012E+02,3.008E+02,0.9989
119,"Bone, Compact (ICRU)",9.500E+02,2.076E+00,3.054E-04,2.076E+00,3.251E+02,3.247E+02,0.9989
119,"Bone, Compact (ICRU)",1.000E+03,2.051E+00,2.910E-04,2.052E+00,3.493E+02,3.490E+02,0.9990
119,"Bone, Compact (ICRU)",1.500E+03,1.916E+00,1.984E-04,1.916E+00,6.030E+02,6.025E+02,0.9991
119,"Bone, Compact (ICRU)",2.000E+03,1.869E+00,1.513E-04,1.869E+00,8.677E+02,8.670E+02,0.9992
119,"Bone, Compact (ICRU)",2.500E+03,1.854E+00,1.227E-04,1.854E+00,1.137E+03,1.136E+03,0.9993
119,"Bone, Compact (ICRU)",3.000E+03,1.852E+00,1.033E-04,1.852E+00,1.406E+03,1.406E+03,0.9993
119,"Bone, Compact (ICRU)",4.000E+03,1.865E+00,7.889E-05,1.865E+00,1.945E+03,1.944E+03,0.9994
119,"Bone, Compact (ICRU)",5.000E+03,1.885E+00,6.400E-05,1.885E+00,2.478E+03,2.477E+03,0.9995
119,"Bone, Compact (ICRU)",6.000E+03,1.907E+00,5.396E-05,1.907E+00,3.005E+03,3.004E+03,0.9995
119,"Bone, Compact (ICRU)",7.000E+03,1.927E+00,4.670E-05,1.927E+00,3.527E+03,3.526E+03,0.9996
119,"Bone, Compact (ICRU)",8.000E+03,1.947E+00,4.122E-05,1.947E+00,4.043E+03,4.042E+03,0.9996
119,"Bone, Compact (ICRU)",9.000E+03,1.965E+00,3.692E-05,1.965E+00,4.554E+03,4.553E+03,0.9996
119,"Bone, Compact (ICRU)",1.000E+04,1.982E+00,3.345E-05,1.982E+00,5.061E+03,5.059E+03,0.9997
120,"Bone, Cortical (ICRP)",1.000E-03,1.235E+02,2.708E+01,1.506E+02,8.301E-06,3.189E-06,0.3841
120,"Bone, Cortical (ICRP)",1.500E-03,1.513E+02,2.231E+01,1.736E+02,1.137E-05,4.788E-06,0.4213
120,"Bone, Cortical (ICRP)",2.000E-03,1.747E+02,1.923E+01,1.939E+02,1.409E-05,6.364E-06,0.4517
120,"Bone, Cortical (ICRP)",2.500E-03,1.953E+02,1.703E+01,2.124E+02,1.655E-05,7.896E-06,0.4771
120,"Bone, Cortical (ICRP)",3.000E-03,2.140E+02,1.536E+01,2.293E+02,1.881E-05,9.386E-06,0.4989
120,"Bone, Cortical (ICRP)",4.000E-03,2.461E+02,1.296E+01,2.591E+02,2.291E-05,1.225E-05,0.5346
120,"Bone, Cortical (ICRP)",5.000E-03,2.745E+02,1.130E+01,2.858E+02,2.658E-05,1.497E-05,0.5631
120,"Bone, Cortical (ICRP)",6.000E-03,3.002E+02,1.006E+01,3.103E+02,2.993E-05,1.756E-05,0.5867
120,"Bone, Cortical (ICRP)",7.000E-03,3.238E+02,9.102E+00,3.329E+02,3.304E-05,2.004E-05,0.6066
120,"Bone, Cortical (ICRP)",8.000E-03,3.456E+02,8.331E+00,3.539E+02,3.595E-05,2.243E-05,0.6237
120,"Bone, Cortical (ICRP)",9.000E-03,3.659E+02,7.696E+00,3.736E+02,3.870E-05,2.472E-05,0.6387
120,"Bone, Cortical (ICRP)",1.000E-02,3.850E+02,7.162E+00,3.922E+02,4.132E-05,2.694E-05,0.6520
120,"Bone, Cortical (ICRP)",1.250E-02,4.230E+02,6.132E+00,4.291E+02,4.740E-05,3.221E-05,0.6796
120,"Bone, Cortical (ICRP)",1.500E-02,4.557E+02,5.386E+00,4.611E+02,5.301E-05,3.720E-05,0.7018
120,"Bone, Cortical (ICRP)",1.750E-02,4.847E+02,4.818E+00,4.895E+02,5.827E-05,4.196E-05,0.7200
120,"Bone, Cortical (ICRP)",2.000E-02,5.105E+02,4.369E+00,5.149E+02,6.325E-05,4.651E-05,0.7354
120,"Bone, Cortical (ICRP)",2.250E-02,5.338E+02,4.003E+00,5.378E+02,6.800E-05,5.090E-05,0.7486
120,"Bone, Cortical (ICRP)",2.500E-02,5.548E+02,3.700E+00,5.584E+02,7.256E-05,5.515E-05,0.7602
120,"Bone, Cortical (ICRP)",2.750E-02,5.737E+02,3.443E+00,5.771E+02,7.696E-05,5.928E-05,0.7703
120,"Bone, Cortical (ICRP)",3.000E-02,5.909E+02,3.223E+00,5.941E+02,8.123E-05,6.331E-05,0.7794
120,"Bone, Cortical (ICRP)",3.500E-02,6.208E+02,2.864E+00,6.237E+02,8.943E-05,7.111E-05,0.7951
120,"Bone, Cortical (ICRP)",4.000E-02,6.459E+02,2.583E+00,6.484E+02,9.729E-05,7.862E-05,0.8081
120,"Bone, Cortical (ICRP)",4.500E-02,6.665E+02,2.356E+00,6.689E+02,1.049E-04,8.592E-05,0.8192
120,"Bone, Cortical (ICRP)",5.000E-02,6.833E+02,2.169E+00,6.855E+02,1.123E-04,9.304E-05,0.8288
120,"Bone, Cortical (ICRP)",5.500E-02,6.966E+02,2.011E+00,6.986E+02,1.195E-04,1.000E-04,0.8373
120,"Bone, Cortical (ICRP)",6.000E-02,7.068E+02,1.877E+00,7.087E+02,1.266E-04,1.069E-04,0.8448
120,"Bone, Cortical (ICRP)",6.500E-02,7.144E+02,1.761E+00,7.162E+02,1.336E-04,1.138E-04,0.8516
120,"Bone, Cortical (ICRP)",7.000E-02,7.197E+02,1.659E+00,7.214E+02,1.406E-04,1.206E-04,0.8577
120,"Bone, Cortical (ICRP)",7.500E-02,7.230E+02,1.570E+00,7.246E+02,1.475E-04,1.273E-04,0.8633
120,"Bone, Cortical (ICRP)",8.000E-02,7.245E+02,1.490E+00,7.260E+02,1.544E-04,1.341E-04,0.8685
120,"Bone, Cortical (ICRP)",8.500E-02,7.245E+02,1.419E+00,7.259E+02,1.612E-04,1.408E-04,0.8732
120,"Bone, Cortical (ICRP)",9.000E-02,7.231E+02,1.354E+00,7.244E+02,1.681E-04,1.476E-04,0.8777
120,"Bone, Cortical (ICRP)",9.500E-02,7.206E+02,1.296E+00,7.219E+02,1.751E-04,1.544E-04,0.8818
120,"Bone, Cortical (ICRP)",1.000E-01,7.171E+02,1.243E+00,7.184E+02,1.820E-04,1.612E-04,0.8856
120,"Bone, Cortical (ICRP)",1.250E-01,6.896E+02,1.035E+00,6.906E+02,2.174E-04,1.961E-04,0.9018
120,"Bone, Cortical (ICRP)",1.500E-01,6.535E+02,8.901E-01,6.544E+02,2.546E-04,2.328E-04,0.9144
120,"Bone, Cortical (ICRP)",1.750E-01,6.158E+02,7.829E-01,6.166E+02,2.939E-04,2.717E-04,0.9244
120,"Bone, Cortical (ICRP)",2.000E-01,5.798E+02,7.001E-01,5.805E+02,3.357E-04,3.131E-04,0.9326
120,"Bone, Cortical (ICRP)",2.250E-01,5.466E+02,6.341E-01,5.472E+02,3.801E-04,3.571E-04,0.9394
120,"Bone, Cortical (ICRP)",2.500E-01,5.167E+02,5.802E-01,5.173E+02,4.271E-04,4.037E-04,0.9452
120,"Bone, Cortical (ICRP)",2.750E-01,4.900E+02,5.350E-01,4.906E+02,4.768E-04,4.530E-04,0.9501
120,"Bone, Cortical (ICRP)",3.000E-01,4.662E+02,4.966E-01,4.667E+02,5.290E-04,5.049E-04,0.9543
120,"Bone, Cortical (ICRP)",3.500E-01,4.261E+02,4.349E-01,4.265E+02,6.413E-04,6.163E-04,0.9611
120,"Bone, Cortical (ICRP)",4.000E-01,3.936E+02,3.876E-01,3.940E+02,7.634E-04,7.376E-04,0.9663
120,"Bone, Cortical (ICRP)",4.500E-01,3.666E+02,3.500E-01,3.669E+02,8.950E-04,8.685E-04,0.9704
120,"Bone, Cortical (ICRP)",5.000E-01,3.437E+02,3.194E-01,3.440E+02,1.036E-03,1.009E-03,0.9737
120,"Bone, Cortical (ICRP)",5.500E-01,3.240E+02,2.940E-01,3.243E+02,1.186E-03,1.157E-03,0.9763
120,"Bone, Cortical (ICRP)",6.000E-01,3.067E+02,2.725E-01,3.070E+02,1.344E-03,1.315E-03,0.9785
120,"Bone, Cortical (ICRP)",6.500E-01,2.915E+02,2.540E-01,2.918E+02,1.511E-03,1.481E-03,0.9803
120,"Bone, Cortical (ICRP)",7.000E-01,2.780E+02,2.380E-01,2.782E+02,1.687E-03,1.656E-03,0.9818
120,"Bone, Cortical (ICRP)",7.500E-01,2.658E+02,2.241E-01,2.660E+02,1.871E-03,1.839E-03,0.9832
120,"Bone, Cortical (ICRP)",8.000E-01,2.547E+02,2.116E-01,2.549E+02,2.063E-03,2.030E-03,0.9843
120,"Bone, Cortical (ICRP)",8.500E-01,2.447E+02,2.006E-01,2.449E+02,2.263E-03,2.230E-03,0.9853
120,"Bone, Cortical (ICRP)",9.000E-01,2.355E+02,1.907E-01,2.357E+02,2.471E-03,2.437E-03,0.9861
120,"Bone, Cortical (ICRP)",9.500E-01,2.271E+02,1.818E-01,2.273E+02,2.687E-03,2.652E-03,0.9869
120,"Bone, Cortical (ICRP)",1.000E+00,2.194E+02,1.737E-01,2.196E+02,2.911E-03,2.875E-03,0.9876
120,"Bone, Cortical (ICRP)",1.250E+00,1.884E+02,1.424E-01,1.885E+02,4.144E-03,4.103E-03,0.9900
120,"Bone, Cortical (ICRP)",1.500E+00,1.661E+02,1.210E-01,1.662E+02,5.560E-03,5.513E-03,0.9915
120,"Bone, Cortical (ICRP)",1.750E+00,1.490E+02,1.054E-01,1.491E+02,7.151E-03,7.098E-03,0.9926
120,"Bone, Cortical (ICRP)",2.000E+00,1.354E+02,9.347E-02,1.355E+02,8.912E-03,8.852E-03,0.9933
120,"Bone, Cortical (ICRP)",2.250E+00,1.244E+02,8.404E-02,1.245E+02,1.084E-02,1.077E-02,0.9939
120,"Bone, Cortical (ICRP)",2.500E+00,1.153E+02,7.640E-02,1.154E+02,1.293E-02,1.285E-02,0.9943
120,"Bone, Cortical (ICRP)",2.750E+00,1.075E+02,7.008E-02,1.076E+02,1.517E-02,1.509E-02,0.9946
120,"Bone, Cortical (ICRP)",3.000E+00,1.009E+02,6.476E-02,1.009E+02,1.757E-02,1.748E-02,0.9949
120,"Bone, Cortical (ICRP)",3.500E+00,8.995E+01,5.628E-02,9.000E+01,2.283E-02,2.272E-02,0.9953
120,"Bone, Cortical (ICRP)",4.000E+00,8.137E+01,4.983E-02,8.142E+01,2.868E-02,2.855E-02,0.9956
120,"Bone, Cortical (ICRP)",4.500E+00,7.444E+01,4.474E-02,7.448E+01,3.511E-02,3.496E-02,0.9958
120,"Bone, Cortical (ICRP)",5.000E+00,6.870E+01,4.062E-02,6.874E+01,4.210E-02,4.193E-02,0.9960
120,"Bone, Cortical (ICRP)",5.500E+00,6.386E+01,3.722E-02,6.390E+01,4.965E-02,4.946E-02,0.9962
120,"Bone, Cortical (ICRP)",6.000E+00,5.972E+01,3.436E-02,5.976E+01,5.775E-02,5.753E-02,0.9963
120,"Bone, Cortical (ICRP)",6.500E+00,5.614E+01,3.192E-02,5.617E+01,6.638E-02,6.614E-02,0.9964
120,"Bone, Cortical (ICRP)",7.000E+00,5.300E+01,2.981E-02,5.302E+01,7.555E-02,7.528E-02,0.9965
120,"Bone, Cortical (ICRP)",7.500E+00,5.022E+01,2.797E-02,5.025E+01,8.524E-02,8.495E-02,0.9966
120,"Bone, Cortical (ICRP)",8.000E+00,4.775E+01,2.635E-02,4.777E+01,9.545E-02,9.513E-02,0.9966
120,"Bone, Cortical (ICRP)",8.500E+00,4.553E+01,2.491E-02,4.556E+01,1.062E-01,1.058E-01,0.9967
120,"Bone, Cortical (ICRP)",9.000E+00,4.353E+01,2.363E-02,4.356E+01,1.174E-01,1.170E-01,0.9967
120,"Bone, Cortical (ICRP)",9.500E+00,4.172E+01,2.247E-02,4.174E+01,1.291E-01,1.287E-01,0.9968
120,"Bone, Cortical (ICRP)",1.000E+01,4.006E+01,2.143E-02,4.008E+01,1.414E-01,1.409E-01,0.9968
120,"Bone, Cortical (ICRP)",1.250E+01,3.357E+01,1.741E-02,3.359E+01,2.098E-01,2.092E-01,0.9970
120,"Bone, Cortical (ICRP)",1.500E+01,2.903E+01,1.469E-02,2.904E+01,2.901E-01,2.892E-01,0.9971
120,"Bone, Cortical (ICRP)",1.750E+01,2.566E+01,1.272E-02,2.568E+01,3.818E-01,3.808E-01,0.9972
120,"Bone, Cortical (ICRP)",2.000E+01,2.306E+01,1.123E-02,2.307E+01,4.847E-01,4.834E-01,0.9973
120,"Bone, Cortical (ICRP)",2.500E+01,1.928E+01,9.107E-03,1.929E+01,7.228E-01,7.209E-01,0.9974
120,"Bone, Cortical (ICRP)",2.750E+01,1.787E+01,8.327E-03,1.788E+01,8.575E-01,8.553E-01,0.9974
120,"Bone, Cortical (ICRP)",3.000E+01,1.667E+01,7.673E-03,1.667E+01,1.002E+00,9.999E-01,0.9974
120,"Bone, Cortical (ICRP)",3.500E+01,1.473E+01,6.637E-03,1.474E+01,1.322E+00,1.319E+00,0.9975
120,"Bone, Cortical (ICRP)",4.000E+01,1.325E+01,5.852E-03,1.326E+01,1.680E+00,1.676E+00,0.9976
120,"Bone, Cortical (ICRP)",4.500E+01,1.207E+01,5.236E-03,1.207E+01,2.076E+00,2.071E+00,0.9976
120,"Bone, Cortical (ICRP)",5.000E+01,1.111E+01,4.740E-03,1.111E+01,2.508E+00,2.502E+00,0.9976
120,"Bone, Cortical (ICRP)",5.500E+01,1.031E+01,4.332E-03,1.031E+01,2.976E+00,2.969E+00,0.9977
120,"Bone, Cortical (ICRP)",6.000E+01,9.631E+00,3.990E-03,9.635E+00,3.478E+00,3.470E+00,0.9977
120,"Bone, Cortical (ICRP)",6.500E+01,9.052E+00,3.699E-03,9.055E+00,4.013E+00,4.004E+00,0.9977
120,"Bone, Cortical (ICRP)",7.000E+01,8.549E+00,3.448E-03,8.553E+00,4.582E+00,4.572E+00,0.9978
120,"Bone, Cortical (ICRP)",7.500E+01,8.110E+00,3.230E-03,8.113E+00,5.182E+00,5.171E+00,0.9978
120,"Bone, Cortical (ICRP)",8.000E+01,7.721E+00,3.038E-03,7.724E+00,5.814E+00,5.801E+00,0.9978
120,"Bone, Cortical (ICRP)",8.500E+01,7.376E+00,2.869E-03,7.378E+00,6.477E+00,6.463E+00,0.9978
120,"Bone, Cortical (ICRP)",9.000E+01,7.066E+00,2.717E-03,7.069E+00,7.169E+00,7.154E+00,0.9978
120,"Bone, Cortical (ICRP)",9.500E+01,6.787E+00,2.582E-03,6.789E+00,7.891E+00,7.874E+00,0.9979
120,"Bone, Cortical (ICRP)",1.000E+02,6.534E+00,2.459E-03,6.536E+00,8.642E+00,8.624E+00,0.9979
120,"Bone, Cortical (ICRP)",1.250E+02,5.558E+00,1.990E-03,5.560E+00,1.281E+01,1.278E+01,0.9979
120,"Bone, Cortical (ICRP)",1.500E+02,4.892E+00,1.674E-03,4.893E+00,1.762E+01,1.758E+01,0.9980
120,"Bone, Cortical (ICRP)",1.750E+02,4.408E+00,1.446E-03,4.410E+00,2.301E+01,2.296E+01,0.9981
120,"Bone, Cortical (ICRP)",2.000E+02,4.042E+00,1.273E-03,4.043E+00,2.894E+01,2.888E+01,0.9981
120,"Bone, Cortical (ICRP)",2.250E+02,3.754E+00,1.139E-03,3.755E+00,3.536E+01,3.530E+01,0.9981
120,"Bone, Cortical (ICRP)",2.500E+02,3.522E+00,1.030E-03,3.523E+00,4.224E+01,4.217E+01,0.9982
120,"Bone, Cortical (ICRP)",2.750E+02,3.332E+00,9.410E-04,3.333E+00,4.954E+01,4.946E+01,0.9982
120,"Bone, Cortical (ICRP)",3.000E+02,3.173E+00,8.664E-04,3.174E+00,5.723E+01,5.713E+01,0.9983
120,"Bone, Cortical (ICRP)",3.500E+02,2.923E+00,7.484E-04,2.924E+00,7.368E+01,7.355E+01,0.9983
120,"Bone, Cortical (ICRP)",4.000E+02,2.736E+00,6.593E-04,2.737E+00,9.138E+01,9.123E+01,0.9984
120,"Bone, Cortical (ICRP)",4.500E+02,2.592E+00,5.896E-04,2.593E+00,1.102E+02,1.100E+02,0.9984
120,"Bone, Cortical (ICRP)",5.000E+02,2.478E+00,5.335E-04,2.479E+00,1.299E+02,1.297E+02,0.9985
120,"Bone, Cortical (ICRP)",5.500E+02,2.386E+00,4.874E-04,2.386E+00,1.505E+02,1.502E+02,0.9985
120,"Bone, Cortical (ICRP)",6.000E+02,2.310E+00,4.488E-04,2.311E+00,1.718E+02,1.715E+02,0.9985
120,"Bone, Cortical (ICRP)",6.500E+02,2.246E+00,4.160E-04,2.246E+00,1.937E+02,1.935E+02,0.9986
120,"Bone, Cortical (ICRP)",7.000E+02,2.192E+00,3.878E-04,2.192E+00,2.163E+02,2.160E+02,0.9986
120,"Bone, Cortical (ICRP)",7.500E+02,2.145E+00,3.633E-04,2.146E+00,2.393E+02,2.390E+02,0.9986
120,"Bone, Cortical (ICRP)",8.000E+02,2.105E+00,3.417E-04,2.106E+00,2.629E+02,2.625E+02,0.9987
120,"Bone, Cortical (ICRP)",8.500E+02,2.071E+00,3.227E-04,2.071E+00,2.868E+02,2.864E+02,0.9987
120,"Bone, Cortical (ICRP)",9.000E+02,2.041E+00,3.057E-04,2.041E+00,3.111E+02,3.107E+02,0.9987
120,"Bone, Cortical (ICRP)",9.500E+02,2.015E+00,2.905E-04,2.015E+00,3.358E+02,3.354E+02,0.9987
120,"Bone, Cortical (ICRP)",1.000E+03,1.992E+00,2.767E-04,1.992E+00,3.607E+02,3.603E+02,0.9988
120,"Bone, Cortical (ICRP)",1.500E+03,1.864E+00,1.887E-04,1.864E+00,6.218E+02,6.211E+02,0.9989
120,"Bone, Cortical (ICRP)",2.000E+03,1.821E+00,1.439E-04,1.821E+00,8.938E+02,8.929E+02,0.9991
120,"Bone, Cortical (ICRP)",2.500E+03,1.807E+00,1.167E-04,1.807E+00,1.170E+03,1.169E+03,0.9992
120,"Bone, Cortical (ICRP)",3.000E+03,1.807E+00,9.832E-05,1.807E+00,1.446E+03,1.445E+03,0.9992
120,"Bone, Cortical (ICRP)",4.000E+03,1.822E+00,7.506E-05,1.822E+00,1.998E+03,1.997E+03,0.9993
120,"Bone, Cortical (ICRP)",5.000E+03,1.843E+00,6.090E-05,1.843E+00,2.544E+03,2.542E+03,0.9994
120,"Bone, Cortical (ICRP)",6.000E+03,1.864E+00,5.134E-05,1.864E+00,3.083E+03,3.082E+03,0.9995
120,"Bone, Cortical (ICRP)",7.000E+03,1.886E+00,4.445E-05,1.886E+00,3.617E+03,3.615E+03,0.9995
120,"Bone, Cortical (ICRP)",8.000E+03,1.905E+00,3.923E-05,1.905E+00,4.144E+03,4.142E+03,0.9995
120,"Bone, Cortical (ICRP)",9.000E+03,1.924E+00,3.513E-05,1.924E+00,4.666E+03,4.664E+03,0.9996
120,"Bone, Cortical (ICRP)",1.000E+04,1.941E+00,3.184E-05,1.941E+00,5.184E+03,5.182E+03,0.9996
126,C-552 Air-Equivalent Plastic,1.000E-03,1.192E+02,2.593E+01,1.451E+02,8.842E-06,3.257E-06,0.3683
126,C-552 Air-Equivalent Plastic,1.500E-03,1.460E+02,2.152E+01,1.675E+02,1.202E-05,4.942E-06,0.4112
126,C-552 Air-Equivalent Plastic,2.000E-03,1.686E+02,1.861E+01,1.872E+02,1.484E-05,6.612E-06,0.4455
126,C-552 Air-Equivalent Plastic,2.500E-03,1.885E+02,1.650E+01,2.050E+02,1.739E-05,8.242E-06,0.4739
126,C-552 Air-Equivalent Plastic,3.000E-03,2.065E+02,1.489E+01,2.213E+02,1.974E-05,9.826E-06,0.4979
126,C-552 Air-Equivalent Plastic,4.000E-03,2.351E+02,1.256E+01,2.477E+02,2.400E-05,1.289E-05,0.5370
126,C-552 Air-Equivalent Plastic,5.000E-03,2.607E+02,1.093E+01,2.716E+02,2.785E-05,1.582E-05,0.5679
126,C-552 Air-Equivalent Plastic,6.000E-03,2.838E+02,9.727E+00,2.936E+02,3.139E-05,1.862E-05,0.5932
126,C-552 Air-Equivalent Plastic,7.000E-03,3.050E+02,8.789E+00,3.138E+02,3.468E-05,2.131E-05,0.6144
126,C-552 Air-Equivalent Plastic,8.000E-03,3.239E+02,8.035E+00,3.320E+02,3.778E-05,2.390E-05,0.6326
126,C-552 Air-Equivalent Plastic,9.000E-03,3.413E+02,7.413E+00,3.487E+02,4.072E-05,2.640E-05,0.6484
126,C-552 Air-Equivalent Plastic,1.000E-02,3.574E+02,6.891E+00,3.643E+02,4.352E-05,2.882E-05,0.6623
126,C-552 Air-Equivalent Plastic,1.250E-02,3.907E+02,5.886E+00,3.966E+02,5.009E-05,3.462E-05,0.6912
126,C-552 Air-Equivalent Plastic,1.500E-02,4.189E+02,5.159E+00,4.241E+02,5.618E-05,4.011E-05,0.7140
126,C-552 Air-Equivalent Plastic,1.750E-02,4.437E+02,4.607E+00,4.483E+02,6.191E-05,4.536E-05,0.7327
126,C-552 Air-Equivalent Plastic,2.000E-02,4.658E+02,4.171E+00,4.700E+02,6.735E-05,5.040E-05,0.7483
126,C-552 Air-Equivalent Plastic,2.250E-02,4.857E+02,3.817E+00,4.896E+02,7.256E-05,5.527E-05,0.7617
126,C-552 Air-Equivalent Plastic,2.500E-02,5.036E+02,3.524E+00,5.071E+02,7.758E-05,5.999E-05,0.7733
126,C-552 Air-Equivalent Plastic,2.750E-02,5.195E+02,3.276E+00,5.228E+02,8.243E-05,6.458E-05,0.7835
126,C-552 Air-Equivalent Plastic,3.000E-02,5.341E+02,3.064E+00,5.371E+02,8.715E-05,6.907E-05,0.7926
126,C-552 Air-Equivalent Plastic,3.500E-02,5.601E+02,2.718E+00,5.629E+02,9.623E-05,7.777E-05,0.8081
126,C-552 Air-Equivalent Plastic,4.000E-02,5.832E+02,2.448E+00,5.856E+02,1.049E-04,8.614E-05,0.8209
126,C-552 Air-Equivalent Plastic,4.500E-02,6.032E+02,2.230E+00,6.054E+02,1.133E-04,9.426E-05,0.8317
126,C-552 Air-Equivalent Plastic,5.000E-02,6.200E+02,2.051E+00,6.220E+02,1.215E-04,1.022E-04,0.8410
126,C-552 Air-Equivalent Plastic,5.500E-02,6.337E+02,1.900E+00,6.356E+02,1.294E-04,1.099E-04,0.8492
126,C-552 Air-Equivalent Plastic,6.000E-02,6.447E+02,1.772E+00,6.464E+02,1.372E-04,1.175E-04,0.8564
126,C-552 Air-Equivalent Plastic,6.500E-02,6.534E+02,1.661E+00,6.550E+02,1.449E-04,1.250E-04,0.8628
126,C-552 Air-Equivalent Plastic,7.000E-02,6.601E+02,1.564E+00,6.616E+02,1.525E-04,1.325E-04,0.8686
126,C-552 Air-Equivalent Plastic,7.500E-02,6.650E+02,1.479E+00,6.665E+02,1.600E-04,1.398E-04,0.8739
126,C-552 Air-Equivalent Plastic,8.000E-02,6.684E+02,1.403E+00,6.698E+02,1.675E-04,1.472E-04,0.8787
126,C-552 Air-Equivalent Plastic,8.500E-02,6.703E+02,1.336E+00,6.717E+02,1.750E-04,1.545E-04,0.8832
126,C-552 Air-Equivalent Plastic,9.000E-02,6.711E+02,1.274E+00,6.724E+02,1.824E-04,1.618E-04,0.8873
126,C-552 Air-Equivalent Plastic,9.500E-02,6.707E+02,1.219E+00,6.720E+02,1.898E-04,1.692E-04,0.8911
126,C-552 Air-Equivalent Plastic,1.000E-01,6.695E+02,1.169E+00,6.707E+02,1.973E-04,1.765E-04,0.8947
126,C-552 Air-Equivalent Plastic,1.250E-01,6.529E+02,9.716E-01,6.539E+02,2.350E-04,2.137E-04,0.9096
126,C-552 Air-Equivalent Plastic,1.500E-01,6.264E+02,8.346E-01,6.272E+02,2.740E-04,2.523E-04,0.9210
126,C-552 Air-Equivalent Plastic,1.750E-01,5.962E+02,7.333E-01,5.970E+02,3.148E-04,2.928E-04,0.9301
126,C-552 Air-Equivalent Plastic,2.000E-01,5.657E+02,6.553E-01,5.664E+02,3.578E-04,3.355E-04,0.9376
126,C-552 Air-Equivalent Plastic,2.250E-01,5.370E+02,5.932E-01,5.376E+02,4.031E-04,3.805E-04,0.9438
126,C-552 Air-Equivalent Plastic,2.500E-01,5.107E+02,5.424E-01,5.113E+02,4.508E-04,4.279E-04,0.9491
126,C-552 Air-Equivalent Plastic,2.750E-01,4.868E+02,5.000E-01,4.873E+02,5.009E-04,4.777E-04,0.9536
126,C-552 Air-Equivalent Plastic,3.000E-01,4.651E+02,4.641E-01,4.656E+02,5.534E-04,5.299E-04,0.9574
126,C-552 Air-Equivalent Plastic,3.500E-01,4.275E+02,4.064E-01,4.279E+02,6.656E-04,6.414E-04,0.9637
126,C-552 Air-Equivalent Plastic,4.000E-01,3.961E+02,3.621E-01,3.965E+02,7.871E-04,7.624E-04,0.9686
126,C-552 Air-Equivalent Plastic,4.500E-01,3.696E+02,3.270E-01,3.700E+02,9.177E-04,8.924E-04,0.9724
126,C-552 Air-Equivalent Plastic,5.000E-01,3.470E+02,2.984E-01,3.473E+02,1.057E-03,1.031E-03,0.9755
126,C-552 Air-Equivalent Plastic,5.500E-01,3.274E+02,2.746E-01,3.277E+02,1.206E-03,1.179E-03,0.9780
126,C-552 Air-Equivalent Plastic,6.000E-01,3.101E+02,2.544E-01,3.104E+02,1.362E-03,1.335E-03,0.9801
126,C-552 Air-Equivalent Plastic,6.500E-01,2.949E+02,2.371E-01,2.951E+02,1.528E-03,1.500E-03,0.9818
126,C-552 Air-Equivalent Plastic,7.000E-01,2.813E+02,2.222E-01,2.815E+02,1.701E-03,1.673E-03,0.9833
126,C-552 Air-Equivalent Plastic,7.500E-01,2.690E+02,2.090E-01,2.692E+02,1.883E-03,1.854E-03,0.9846
126,C-552 Air-Equivalent Plastic,8.000E-01,2.580E+02,1.975E-01,2.582E+02,2.073E-03,2.043E-03,0.9857
126,C-552 Air-Equivalent Plastic,8.500E-01,2.479E+02,1.871E-01,2.481E+02,2.270E-03,2.240E-03,0.9866
126,C-552 Air-Equivalent Plastic,9.000E-01,2.386E+02,1.778E-01,2.388E+02,2.476E-03,2.445E-03,0.9875
126,C-552 Air-Equivalent Plastic,9.500E-01,2.302E+02,1.695E-01,2.303E+02,2.689E-03,2.657E-03,0.9882
126,C-552 Air-Equivalent Plastic,1.000E+00,2.224E+02,1.619E-01,2.225E+02,2.910E-03,2.877E-03,0.9889
126,C-552 Air-Equivalent Plastic,1.250E+00,1.910E+02,1.326E-01,1.911E+02,4.126E-03,4.090E-03,0.9912
126,C-552 Air-Equivalent Plastic,1.500E+00,1.682E+02,1.126E-01,1.683E+02,5.524E-03,5.484E-03,0.9927
126,C-552 Air-Equivalent Plastic,1.750E+00,1.508E+02,9.800E-02,1.509E+02,7.096E-03,7.051E-03,0.9937
126,C-552 Air-Equivalent Plastic,2.000E+00,1.370E+02,8.685E-02,1.371E+02,8.837E-03,8.788E-03,0.9944
126,C-552 Air-Equivalent Plastic,2.250E+00,1.257E+02,7.805E-02,1.258E+02,1.074E-02,1.069E-02,0.9950
126,C-552 Air-Equivalent Plastic,2.500E+00,1.164E+02,7.092E-02,1.165E+02,1.281E-02,1.275E-02,0.9954
126,C-552 Air-Equivalent Plastic,2.750E+00,1.085E+02,6.502E-02,1.085E+02,1.503E-02,1.497E-02,0.9957
126,C-552 Air-Equivalent Plastic,3.000E+00,1.017E+02,6.005E-02,1.018E+02,1.742E-02,1.734E-02,0.9960
126,C-552 Air-Equivalent Plastic,3.500E+00,9.058E+01,5.215E-02,9.064E+01,2.263E-02,2.255E-02,0.9964
126,C-552 Air-Equivalent Plastic,4.000E+00,8.186E+01,4.614E-02,8.190E+01,2.844E-02,2.835E-02,0.9966
126,C-552 Air-Equivalent Plastic,4.500E+00,7.481E+01,4.140E-02,7.485E+01,3.484E-02,3.473E-02,0.9968
126,C-552 Air-Equivalent Plastic,5.000E+00,6.897E+01,3.756E-02,6.901E+01,4.180E-02,4.168E-02,0.9970
126,C-552 Air-Equivalent Plastic,5.500E+00,6.406E+01,3.440E-02,6.410E+01,4.932E-02,4.918E-02,0.9971
126,C-552 Air-Equivalent Plastic,6.000E+00,5.987E+01,3.173E-02,5.990E+01,5.740E-02,5.724E-02,0.9973
126,C-552 Air-Equivalent Plastic,6.500E+00,5.624E+01,2.946E-02,5.627E+01,6.602E-02,6.584E-02,0.9973
126,C-552 Air-Equivalent Plastic,7.000E+00,5.306E+01,2.751E-02,5.309E+01,7.517E-02,7.497E-02,0.9974
126,C-552 Air-Equivalent Plastic,7.500E+00,5.026E+01,2.580E-02,5.028E+01,8.485E-02,8.464E-02,0.9975
126,C-552 Air-Equivalent Plastic,8.000E+00,4.776E+01,2.429E-02,4.778E+01,9.505E-02,9.482E-02,0.9975
126,C-552 Air-Equivalent Plastic,8.500E+00,4.552E+01,2.296E-02,4.555E+01,1.058E-01,1.055E-01,0.9976
126,C-552 Air-Equivalent Plastic,9.000E+00,4.350E+01,2.177E-02,4.352E+01,1.170E-01,1.167E-01,0.9976
126,C-552 Air-Equivalent Plastic,9.500E+00,4.167E+01,2.070E-02,4.169E+01,1.287E-01,1.284E-01,0.9977
126,C-552 Air-Equivalent Plastic,1.000E+01,4.000E+01,1.973E-02,4.002E+01,1.410E-01,1.407E-01,0.9977
126,C-552 Air-Equivalent Plastic,1.250E+01,3.346E+01,1.601E-02,3.347E+01,2.096E-01,2.092E-01,0.9978
126,C-552 Air-Equivalent Plastic,1.500E+01,2.889E+01,1.350E-02,2.891E+01,2.902E-01,2.896E-01,0.9979
126,C-552 Air-Equivalent Plastic,1.750E+01,2.551E+01,1.167E-02,2.553E+01,3.825E-01,3.817E-01,0.9980
126,C-552 Air-Equivalent Plastic,2.000E+01,2.291E+01,1.030E-02,2.292E+01,4.860E-01,4.851E-01,0.9981
126,C-552 Air-Equivalent Plastic,2.500E+01,1.913E+01,8.342E-03,1.913E+01,7.259E-01,7.246E-01,0.9981
126,C-552 Air-Equivalent Plastic,2.750E+01,1.771E+01,7.624E-03,1.772E+01,8.618E-01,8.602E-01,0.9982
126,C-552 Air-Equivalent Plastic,3.000E+01,1.651E+01,7.022E-03,1.652E+01,1.008E+00,1.006E+00,0.9982
126,C-552 Air-Equivalent Plastic,3.500E+01,1.458E+01,6.069E-03,1.459E+01,1.331E+00,1.329E+00,0.9983
126,C-552 Air-Equivalent Plastic,4.000E+01,1.310E+01,5.348E-03,1.311E+01,1.693E+00,1.690E+00,0.9983
126,C-552 Air-Equivalent Plastic,4.500E+01,1.193E+01,4.783E-03,1.193E+01,2.093E+00,2.090E+00,0.9983
126,C-552 Air-Equivalent Plastic,5.000E+01,1.097E+01,4.329E-03,1.098E+01,2.531E+00,2.526E+00,0.9984
126,C-552 Air-Equivalent Plastic,5.500E+01,1.018E+01,3.954E-03,1.018E+01,3.004E+00,2.999E+00,0.9984
126,C-552 Air-Equivalent Plastic,6.000E+01,9.507E+00,3.641E-03,9.510E+00,3.512E+00,3.507E+00,0.9984
126,C-552 Air-Equivalent Plastic,6.500E+01,8.932E+00,3.375E-03,8.935E+00,4.055E+00,4.049E+00,0.9984
126,C-552 Air-Equivalent Plastic,7.000E+01,8.434E+00,3.145E-03,8.437E+00,4.631E+00,4.624E+00,0.9984
126,C-552 Air-Equivalent Plastic,7.500E+01,7.997E+00,2.946E-03,8.000E+00,5.240E+00,5.232E+00,0.9985
126,C-552 Air-Equivalent Plastic,8.000E+01,7.612E+00,2.770E-03,7.615E+00,5.881E+00,5.872E+00,0.9985
126,C-552 Air-Equivalent Plastic,8.500E+01,7.270E+00,2.615E-03,7.273E+00,6.553E+00,6.543E+00,0.9985
126,C-552 Air-Equivalent Plastic,9.000E+01,6.963E+00,2.477E-03,6.966E+00,7.256E+00,7.245E+00,0.9985
126,C-552 Air-Equivalent Plastic,9.500E+01,6.687E+00,2.353E-03,6.689E+00,7.989E+00,7.977E+00,0.9985
126,C-552 Air-Equivalent Plastic,1.000E+02,6.436E+00,2.241E-03,6.439E+00,8.751E+00,8.738E+00,0.9985
126,C-552 Air-Equivalent Plastic,1.250E+02,5.470E+00,1.813E-03,5.472E+00,1.298E+01,1.296E+01,0.9986
126,C-552 Air-Equivalent Plastic,1.500E+02,4.812E+00,1.524E-03,4.814E+00,1.787E+01,1.784E+01,0.9986
126,C-552 Air-Equivalent Plastic,1.750E+02,4.335E+00,1.316E-03,4.336E+00,2.335E+01,2.332E+01,0.9987
126,C-552 Air-Equivalent Plastic,2.000E+02,3.972E+00,1.159E-03,3.974E+00,2.938E+01,2.934E+01,0.9987
126,C-552 Air-Equivalent Plastic,2.250E+02,3.688E+00,1.036E-03,3.689E+00,3.592E+01,3.587E+01,0.9987
126,C-552 Air-Equivalent Plastic,2.500E+02,3.460E+00,9.374E-04,3.461E+00,4.292E+01,4.287E+01,0.9987
126,C-552 Air-Equivalent Plastic,2.750E+02,3.272E+00,8.562E-04,3.273E+00,5.036E+01,5.030E+01,0.9988
126,C-552 Air-Equivalent Plastic,3.000E+02,3.115E+00,7.882E-04,3.116E+00,5.819E+01,5.812E+01,0.9988
126,C-552 Air-Equivalent Plastic,3.500E+02,2.869E+00,6.808E-04,2.870E+00,7.494E+01,7.485E+01,0.9988
126,C-552 Air-Equivalent Plastic,4.000E+02,2.685E+00,5.997E-04,2.685E+00,9.298E+01,9.287E+01,0.9989
126,C-552 Air-Equivalent Plastic,4.500E+02,2.543E+00,5.362E-04,2.543E+00,1.121E+02,1.120E+02,0.9989
126,C-552 Air-Equivalent Plastic,5.000E+02,2.430E+00,4.851E-04,2.430E+00,1.323E+02,1.321E+02,0.9989
126,C-552 Air-Equivalent Plastic,5.500E+02,2.339E+00,4.432E-04,2.339E+00,1.532E+02,1.531E+02,0.9990
126,C-552 Air-Equivalent Plastic,6.000E+02,2.264E+00,4.081E-04,2.265E+00,1.750E+02,1.748E+02,0.9990
126,C-552 Air-Equivalent Plastic,6.500E+02,2.202E+00,3.783E-04,2.203E+00,1.974E+02,1.972E+02,0.9990
126,C-552 Air-Equivalent Plastic,7.000E+02,2.150E+00,3.526E-04,2.150E+00,2.203E+02,2.201E+02,0.9990
126,C-552 Air-Equivalent Plastic,7.500E+02,2.104E+00,3.303E-04,2.104E+00,2.439E+02,2.436E+02,0.9991
126,C-552 Air-Equivalent Plastic,8.000E+02,2.065E+00,3.107E-04,2.065E+00,2.678E+02,2.676E+02,0.9991
126,C-552 Air-Equivalent Plastic,8.500E+02,2.031E+00,2.934E-04,2.031E+00,2.923E+02,2.920E+02,0.9991
126,C-552 Air-Equivalent Plastic,9.000E+02,2.001E+00,2.779E-04,2.001E+00,3.171E+02,3.168E+02,0.9991
126,C-552 Air-Equivalent Plastic,9.500E+02,1.975E+00,2.641E-04,1.975E+00,3.422E+02,3.419E+02,0.9991
126,C-552 Air-Equivalent Plastic,1.000E+03,1.952E+00,2.516E-04,1.953E+00,3.677E+02,3.674E+02,0.9991
126,C-552 Air-Equivalent Plastic,1.500E+03,1.825E+00,1.715E-04,1.825E+00,6.341E+02,6.337E+02,0.9993
126,C-552 Air-Equivalent Plastic,2.000E+03,1.780E+00,1.308E-04,1.780E+00,9.121E+02,9.115E+02,0.9994
126,C-552 Air-Equivalent Plastic,2.500E+03,1.765E+00,1.060E-04,1.765E+00,1.194E+03,1.194E+03,0.9994
126,C-552 Air-Equivalent Plastic,3.000E+03,1.763E+00,8.934E-05,1.764E+00,1.478E+03,1.477E+03,0.9995
126,C-552 Air-Equivalent Plastic,4.000E+03,1.775E+00,6.821E-05,1.775E+00,2.043E+03,2.042E+03,0.9995
126,C-552 Air-Equivalent Plastic,5.000E+03,1.793E+00,5.534E-05,1.793E+00,2.604E+03,2.603E+03,0.9996
126,C-552 Air-Equivalent Plastic,6.000E+03,1.813E+00,4.665E-05,1.813E+00,3.159E+03,3.157E+03,0.9996
126,C-552 Air-Equivalent Plastic,7.000E+03,1.832E+00,4.038E-05,1.832E+00,3.707E+03,3.706E+03,0.9997
126,C-552 Air-Equivalent Plastic,8.000E+03,1.850E+00,3.564E-05,1.850E+00,4.250E+03,4.249E+03,0.9997
126,C-552 Air-Equivalent Plastic,9.000E+03,1.867E+00,3.192E-05,1.867E+00,4.789E+03,4.787E+03,0.9997
126,C-552 Air-Equivalent Plastic,1.000E+04,1.882E+00,2.892E-05,1.882E+00,5.322E+03,5.321E+03,0.9997
130,Calcium Fluoride,1.000E-03,7.448E+01,1.212E+01,8.659E+01,1.705E-05,4.028E-06,0.2363
130,Calcium Fluoride,1.500E-03,9.121E+01,1.077E+01,1.020E+02,2.231E-05,6.050E-06,0.2712
130,Calcium Fluoride,2.000E-03,1.053E+02,9.750E+00,1.151E+02,2.692E-05,8.083E-06,0.3002
130,Calcium Fluoride,2.500E-03,1.178E+02,8.945E+00,1.267E+02,3.106E-05,1.010E-05,0.3250
130,Calcium Fluoride,3.000E-03,1.290E+02,8.289E+00,1.373E+02,3.485E-05,1.208E-05,0.3467
130,Calcium Fluoride,4.000E-03,1.490E+02,7.277E+00,1.562E+02,4.166E-05,1.597E-05,0.3834
130,Calcium Fluoride,5.000E-03,1.665E+02,6.524E+00,1.731E+02,4.773E-05,1.974E-05,0.4136
130,Calcium Fluoride,6.000E-03,1.824E+02,5.936E+00,1.884E+02,5.327E-05,2.339E-05,0.4391
130,Calcium Fluoride,7.000E-03,1.970E+02,5.462E+00,2.025E+02,5.838E-05,2.693E-05,0.4613
130,Calcium Fluoride,8.000E-03,2.106E+02,5.069E+00,2.157E+02,6.317E-05,3.036E-05,0.4807
130,Calcium Fluoride,9.000E-03,2.234E+02,4.738E+00,2.282E+02,6.767E-05,3.370E-05,0.4979
130,Calcium Fluoride,1.000E-02,2.355E+02,4.453E+00,2.400E+02,7.194E-05,3.694E-05,0.5134
130,Calcium Fluoride,1.250E-02,2.596E+02,3.889E+00,2.635E+02,8.186E-05,4.473E-05,0.5464
130,Calcium Fluoride,1.500E-02,2.807E+02,3.467E+00,2.842E+02,9.099E-05,5.218E-05,0.5735
130,Calcium Fluoride,1.750E-02,2.996E+02,3.138E+00,3.027E+02,9.951E-05,5.932E-05,0.5961
130,Calcium Fluoride,2.000E-02,3.166E+02,2.873E+00,3.194E+02,1.075E-04,6.620E-05,0.6156
130,Calcium Fluoride,2.250E-02,3.320E+02,2.654E+00,3.347E+02,1.152E-04,7.285E-05,0.6325
130,Calcium Fluoride,2.500E-02,3.462E+02,2.469E+00,3.486E+02,1.225E-04,7.931E-05,0.6474
130,Calcium Fluoride,2.750E-02,3.591E+02,2.312E+00,3.615E+02,1.295E-04,8.559E-05,0.6607
130,Calcium Fluoride,3.000E-02,3.711E+02,2.175E+00,3.732E+02,1.363E-04,9.172E-05,0.6727
130,Calcium Fluoride,3.500E-02,3.922E+02,1.950E+00,3.941E+02,1.494E-04,1.036E-04,0.6934
130,Calcium Fluoride,4.000E-02,4.101E+02,1.771E+00,4.118E+02,1.618E-04,1.150E-04,0.7109
130,Calcium Fluoride,4.500E-02,4.252E+02,1.625E+00,4.268E+02,1.737E-04,1.261E-04,0.7260
130,Calcium Fluoride,5.000E-02,4.380E+02,1.503E+00,4.395E+02,1.852E-04,1.369E-04,0.7392
130,Calcium Fluoride,5.500E-02,4.487E+02,1.400E+00,4.501E+02,1.965E-04,1.475E-04,0.7508
130,Calcium Fluoride,6.000E-02,4.575E+02,1.311E+00,4.588E+02,2.075E-04,1.579E-04,0.7613
130,Calcium Fluoride,6.500E-02,4.646E+02,1.234E+00,4.658E+02,2.183E-04,1.682E-04,0.7707
130,Calcium Fluoride,7.000E-02,4.703E+02,1.167E+00,4.715E+02,2.290E-04,1.784E-04,0.7793
130,Calcium Fluoride,7.500E-02,4.747E+02,1.107E+00,4.758E+02,2.395E-04,1.885E-04,0.7872
130,Calcium Fluoride,8.000E-02,4.779E+02,1.053E+00,4.789E+02,2.500E-04,1.986E-04,0.7944
130,Calcium Fluoride,8.500E-02,4.801E+02,1.005E+00,4.811E+02,2.604E-04,2.086E-04,0.8012
130,Calcium Fluoride,9.000E-02,4.814E+02,9.615E-01,4.823E+02,2.708E-04,2.186E-04,0.8075
130,Calcium Fluoride,9.500E-02,4.819E+02,9.219E-01,4.828E+02,2.811E-04,2.287E-04,0.8133
130,Calcium Fluoride,1.000E-01,4.817E+02,8.857E-01,4.825E+02,2.915E-04,2.387E-04,0.8188
130,Calcium Fluoride,1.250E-01,4.730E+02,7.430E-01,4.737E+02,3.437E-04,2.894E-04,0.8421
130,Calcium Fluoride,1.500E-01,4.567E+02,6.425E-01,4.574E+02,3.973E-04,3.418E-04,0.8603
130,Calcium Fluoride,1.750E-01,4.376E+02,5.676E-01,4.381E+02,4.532E-04,3.966E-04,0.8751
130,Calcium Fluoride,2.000E-01,4.178E+02,5.095E-01,4.183E+02,5.116E-04,4.539E-04,0.8873
130,Calcium Fluoride,2.250E-01,3.986E+02,4.629E-01,3.991E+02,5.728E-04,5.141E-04,0.8976
130,Calcium Fluoride,2.500E-01,3.806E+02,4.246E-01,3.811E+02,6.369E-04,5.773E-04,0.9064
130,Calcium Fluoride,2.750E-01,3.640E+02,3.926E-01,3.644E+02,7.040E-04,6.435E-04,0.9140
130,Calcium Fluoride,3.000E-01,3.487E+02,3.654E-01,3.491E+02,7.741E-04,7.126E-04,0.9206
130,Calcium Fluoride,3.500E-01,3.229E+02,3.216E-01,3.233E+02,9.231E-04,8.598E-04,0.9315
130,Calcium Fluoride,4.000E-01,3.017E+02,2.877E-01,3.020E+02,1.083E-03,1.018E-03,0.9399
130,Calcium Fluoride,4.500E-01,2.835E+02,2.607E-01,2.837E+02,1.254E-03,1.187E-03,0.9467
130,Calcium Fluoride,5.000E-01,2.675E+02,2.386E-01,2.678E+02,1.436E-03,1.367E-03,0.9522
130,Calcium Fluoride,5.500E-01,2.534E+02,2.202E-01,2.536E+02,1.628E-03,1.557E-03,0.9567
130,Calcium Fluoride,6.000E-01,2.409E+02,2.046E-01,2.411E+02,1.830E-03,1.758E-03,0.9605
130,Calcium Fluoride,6.500E-01,2.298E+02,1.912E-01,2.300E+02,2.042E-03,1.968E-03,0.9637
130,Calcium Fluoride,7.000E-01,2.199E+02,1.795E-01,2.201E+02,2.265E-03,2.189E-03,0.9665
130,Calcium Fluoride,7.500E-01,2.108E+02,1.693E-01,2.110E+02,2.497E-03,2.419E-03,0.9688
130,Calcium Fluoride,8.000E-01,2.025E+02,1.602E-01,2.027E+02,2.739E-03,2.659E-03,0.9709
130,Calcium Fluoride,8.500E-01,1.948E+02,1.521E-01,1.950E+02,2.990E-03,2.908E-03,0.9727
130,Calcium Fluoride,9.000E-01,1.877E+02,1.448E-01,1.879E+02,3.251E-03,3.168E-03,0.9743
130,Calcium Fluoride,9.500E-01,1.813E+02,1.383E-01,1.814E+02,3.522E-03,3.437E-03,0.9757
130,Calcium Fluoride,1.000E+00,1.755E+02,1.323E-01,1.756E+02,3.803E-03,3.715E-03,0.9769
130,Calcium Fluoride,1.250E+00,1.516E+02,1.091E-01,1.517E+02,5.339E-03,5.240E-03,0.9815
130,Calcium Fluoride,1.500E+00,1.344E+02,9.308E-02,1.345E+02,7.093E-03,6.983E-03,0.9845
130,Calcium Fluoride,1.750E+00,1.211E+02,8.136E-02,1.212E+02,9.054E-03,8.932E-03,0.9865
130,Calcium Fluoride,2.000E+00,1.106E+02,7.238E-02,1.107E+02,1.122E-02,1.108E-02,0.9879
130,Calcium Fluoride,2.250E+00,1.019E+02,6.525E-02,1.020E+02,1.357E-02,1.342E-02,0.9890
130,Calcium Fluoride,2.500E+00,9.471E+01,5.945E-02,9.477E+01,1.612E-02,1.595E-02,0.9898
130,Calcium Fluoride,2.750E+00,8.858E+01,5.464E-02,8.863E+01,1.885E-02,1.867E-02,0.9905
130,Calcium Fluoride,3.000E+00,8.329E+01,5.058E-02,8.334E+01,2.176E-02,2.156E-02,0.9911
130,Calcium Fluoride,3.500E+00,7.460E+01,4.410E-02,7.464E+01,2.811E-02,2.788E-02,0.9919
130,Calcium Fluoride,4.000E+00,6.773E+01,3.914E-02,6.777E+01,3.515E-02,3.488E-02,0.9925
130,Calcium Fluoride,4.500E+00,6.215E+01,3.522E-02,6.218E+01,4.286E-02,4.255E-02,0.9929
130,Calcium Fluoride,5.000E+00,5.751E+01,3.204E-02,5.754E+01,5.122E-02,5.088E-02,0.9933
130,Calcium Fluoride,5.500E+00,5.358E+01,2.941E-02,5.361E+01,6.023E-02,5.984E-02,0.9936
130,Calcium Fluoride,6.000E+00,5.022E+01,2.719E-02,5.025E+01,6.987E-02,6.944E-02,0.9938
130,Calcium Fluoride,6.500E+00,4.729E+01,2.529E-02,4.732E+01,8.013E-02,7.965E-02,0.9940
130,Calcium Fluoride,7.000E+00,4.473E+01,2.365E-02,4.475E+01,9.100E-02,9.047E-02,0.9942
130,Calcium Fluoride,7.500E+00,4.245E+01,2.222E-02,4.248E+01,1.025E-01,1.019E-01,0.9943
130,Calcium Fluoride,8.000E+00,4.042E+01,2.096E-02,4.044E+01,1.145E-01,1.139E-01,0.9944
130,Calcium Fluoride,8.500E+00,3.860E+01,1.983E-02,3.862E+01,1.272E-01,1.265E-01,0.9946
130,Calcium Fluoride,9.000E+00,3.695E+01,1.883E-02,3.696E+01,1.404E-01,1.397E-01,0.9947
130,Calcium Fluoride,9.500E+00,3.544E+01,1.792E-02,3.546E+01,1.542E-01,1.534E-01,0.9947
130,Calcium Fluoride,1.000E+01,3.408E+01,1.710E-02,3.409E+01,1.686E-01,1.678E-01,0.9948
130,Calcium Fluoride,1.250E+01,2.868E+01,1.395E-02,2.869E+01,2.489E-01,2.477E-01,0.9951
130,Calcium Fluoride,1.500E+01,2.488E+01,1.180E-02,2.489E+01,3.427E-01,3.411E-01,0.9954
130,Calcium Fluoride,1.750E+01,2.205E+01,1.024E-02,2.206E+01,4.496E-01,4.476E-01,0.9955
130,Calcium Fluoride,2.000E+01,1.986E+01,9.048E-03,1.987E+01,5.692E-01,5.668E-01,0.9956
130,Calcium Fluoride,2.500E+01,1.666E+01,7.358E-03,1.667E+01,8.452E-01,8.417E-01,0.9958
130,Calcium Fluoride,2.750E+01,1.546E+01,6.735E-03,1.547E+01,1.001E+00,9.969E-01,0.9959
130,Calcium Fluoride,3.000E+01,1.444E+01,6.211E-03,1.444E+01,1.168E+00,1.164E+00,0.9960
130,Calcium Fluoride,3.500E+01,1.279E+01,5.380E-03,1.280E+01,1.537E+00,1.531E+00,0.9961
130,Calcium Fluoride,4.000E+01,1.152E+01,4.749E-03,1.153E+01,1.949E+00,1.942E+00,0.9962
130,Calcium Fluoride,4.500E+01,1.051E+01,4.254E-03,1.051E+01,2.404E+00,2.395E+00,0.9963
130,Calcium Fluoride,5.000E+01,9.683E+00,3.854E-03,9.687E+00,2.900E+00,2.889E+00,0.9963
130,Calcium Fluoride,5.500E+01,8.995E+00,3.524E-03,8.998E+00,3.436E+00,3.424E+00,0.9964
130,Calcium Fluoride,6.000E+01,8.412E+00,3.248E-03,8.415E+00,4.011E+00,3.997E+00,0.9964
130,Calcium Fluoride,6.500E+01,7.913E+00,3.013E-03,7.916E+00,4.624E+00,4.608E+00,0.9965
130,Calcium Fluoride,7.000E+01,7.479E+00,2.810E-03,7.482E+00,5.274E+00,5.256E+00,0.9965
130,Calcium Fluoride,7.500E+01,7.099E+00,2.633E-03,7.101E+00,5.960E+00,5.940E+00,0.9966
130,Calcium Fluoride,8.000E+01,6.763E+00,2.478E-03,6.765E+00,6.682E+00,6.659E+00,0.9966
130,Calcium Fluoride,8.500E+01,6.463E+00,2.340E-03,6.466E+00,7.438E+00,7.413E+00,0.9966
130,Calcium Fluoride,9.000E+01,6.195E+00,2.218E-03,6.197E+00,8.228E+00,8.201E+00,0.9967
130,Calcium Fluoride,9.500E+01,5.953E+00,2.107E-03,5.955E+00,9.052E+00,9.022E+00,0.9967
130,Calcium Fluoride,1.000E+02,5.734E+00,2.008E-03,5.736E+00,9.907E+00,9.875E+00,0.9967
130,Calcium Fluoride,1.250E+02,4.886E+00,1.626E-03,4.887E+00,1.465E+01,1.460E+01,0.9968
130,Calcium Fluoride,1.500E+02,4.306E+00,1.369E-03,4.307E+00,2.012E+01,2.005E+01,0.9969
130,Calcium Fluoride,1.750E+02,3.885E+00,1.183E-03,3.886E+00,2.624E+01,2.616E+01,0.9970
130,Calcium Fluoride,2.000E+02,3.565E+00,1.043E-03,3.566E+00,3.296E+01,3.287E+01,0.9971
130,Calcium Fluoride,2.250E+02,3.313E+00,9.325E-04,3.314E+00,4.025E+01,4.013E+01,0.9972
130,Calcium Fluoride,2.500E+02,3.111E+00,8.440E-04,3.112E+00,4.804E+01,4.790E+01,0.9972
130,Calcium Fluoride,2.750E+02,2.945E+00,7.711E-04,2.945E+00,5.630E+01,5.615E+01,0.9973
130,Calcium Fluoride,3.000E+02,2.806E+00,7.101E-04,2.806E+00,6.500E+01,6.483E+01,0.9973
130,Calcium Fluoride,3.500E+02,2.587E+00,6.136E-04,2.588E+00,8.359E+01,8.337E+01,0.9974
130,Calcium Fluoride,4.000E+02,2.424E+00,5.407E-04,2.424E+00,1.036E+02,1.033E+02,0.9975
130,Calcium Fluoride,4.500E+02,2.297E+00,4.836E-04,2.298E+00,1.248E+02,1.245E+02,0.9976
130,Calcium Fluoride,5.000E+02,2.197E+00,4.377E-04,2.198E+00,1.471E+02,1.467E+02,0.9976
130,Calcium Fluoride,5.500E+02,2.116E+00,4.000E-04,2.117E+00,1.702E+02,1.699E+02,0.9977
130,Calcium Fluoride,6.000E+02,2.049E+00,3.684E-04,2.050E+00,1.943E+02,1.938E+02,0.9978
130,Calcium Fluoride,6.500E+02,1.994E+00,3.415E-04,1.994E+00,2.190E+02,2.185E+02,0.9978
130,Calcium Fluoride,7.000E+02,1.947E+00,3.184E-04,1.947E+00,2.444E+02,2.439E+02,0.9979
130,Calcium Fluoride,7.500E+02,1.907E+00,2.983E-04,1.907E+00,2.703E+02,2.698E+02,0.9979
130,Calcium Fluoride,8.000E+02,1.873E+00,2.806E-04,1.873E+00,2.968E+02,2.962E+02,0.9980
130,Calcium Fluoride,8.500E+02,1.843E+00,2.650E-04,1.843E+00,3.237E+02,3.231E+02,0.9980
130,Calcium Fluoride,9.000E+02,1.817E+00,2.511E-04,1.818E+00,3.510E+02,3.504E+02,0.9980
130,Calcium Fluoride,9.500E+02,1.795E+00,2.386E-04,1.795E+00,3.787E+02,3.780E+02,0.9981
130,Calcium Fluoride,1.000E+03,1.775E+00,2.273E-04,1.775E+00,4.067E+02,4.060E+02,0.9981
130,Calcium Fluoride,1.500E+03,1.668E+00,1.551E-04,1.668E+00,6.989E+02,6.978E+02,0.9984
130,Calcium Fluoride,2.000E+03,1.634E+00,1.183E-04,1.634E+00,1.002E+03,1.001E+03,0.9986
130,Calcium Fluoride,2.500E+03,1.625E+00,9.597E-05,1.625E+00,1.309E+03,1.308E+03,0.9987
130,Calcium Fluoride,3.000E+03,1.627E+00,8.088E-05,1.627E+00,1.617E+03,1.615E+03,0.9988
130,Calcium Fluoride,4.000E+03,1.644E+00,6.177E-05,1.644E+00,2.229E+03,2.226E+03,0.9990
130,Calcium Fluoride,5.000E+03,1.666E+00,5.013E-05,1.666E+00,2.833E+03,2.830E+03,0.9991
130,Calcium Fluoride,6.000E+03,1.688E+00,4.227E-05,1.688E+00,3.429E+03,3.426E+03,0.9992
130,Calcium Fluoride,7.000E+03,1.709E+00,3.660E-05,1.709E+00,4.018E+03,4.015E+03,0.9993
130,Calcium Fluoride,8.000E+03,1.728E+00,3.231E-05,1.728E+00,4.600E+03,4.597E+03,0.9993
130,Calcium Fluoride,9.000E+03,1.746E+00,2.894E-05,1.746E+00,5.175E+03,5.172E+03,0.9994
130,Calcium Fluoride,1.000E+04,1.763E+00,2.623E-05,1.763E+00,5.745E+03,5.742E+03,0.9994
134,Carbon Dioxide,1.000E-03,1.064E+02,2.145E+01,1.278E+02,1.072E-05,3.382E-06,0.3155
134,Carbon Dioxide,1.500E-03,1.303E+02,1.826E+01,1.485E+02,1.431E-05,5.150E-06,0.3599
134,Carbon Dioxide,2.000E-03,1.504E+02,1.603E+01,1.665E+02,1.749E-05,6.917E-06,0.3955
134,Carbon Dioxide,2.500E-03,1.682E+02,1.437E+01,1.826E+02,2.035E-05,8.650E-06,0.4250
134,Carbon Dioxide,3.000E-03,1.842E+02,1.307E+01,1.973E+02,2.299E-05,1.035E-05,0.4501
134,Carbon Dioxide,4.000E-03,2.127E+02,1.115E+01,2.239E+02,2.773E-05,1.362E-05,0.4911
134,Carbon Dioxide,5.000E-03,2.379E+02,9.780E+00,2.476E+02,3.198E-05,1.674E-05,0.5235
134,Carbon Dioxide,6.000E-03,2.606E+02,8.749E+00,2.693E+02,3.584E-05,1.972E-05,0.5500
134,Carbon Dioxide,7.000E-03,2.814E+02,7.939E+00,2.894E+02,3.942E-05,2.257E-05,0.5724
134,Carbon Dioxide,8.000E-03,3.009E+02,7.282E+00,3.081E+02,4.277E-05,2.531E-05,0.5916
134,Carbon Dioxide,9.000E-03,3.191E+02,6.738E+00,3.259E+02,4.593E-05,2.794E-05,0.6084
134,Carbon Dioxide,1.000E-02,3.364E+02,6.279E+00,3.427E+02,4.892E-05,3.048E-05,0.6232
134,Carbon Dioxide,1.250E-02,3.709E+02,5.388E+00,3.763E+02,5.587E-05,3.653E-05,0.6539
134,Carbon Dioxide,1.500E-02,4.012E+02,4.739E+00,4.059E+02,6.226E-05,4.223E-05,0.6783
134,Carbon Dioxide,1.750E-02,4.283E+02,4.243E+00,4.325E+02,6.822E-05,4.763E-05,0.6983
134,Carbon Dioxide,2.000E-02,4.528E+02,3.849E+00,4.567E+02,7.384E-05,5.280E-05,0.7151
134,Carbon Dioxide,2.250E-02,4.751E+02,3.529E+00,4.787E+02,7.919E-05,5.776E-05,0.7295
134,Carbon Dioxide,2.500E-02,4.956E+02,3.263E+00,4.989E+02,8.430E-05,6.255E-05,0.7420
134,Carbon Dioxide,2.750E-02,5.144E+02,3.037E+00,5.175E+02,8.922E-05,6.718E-05,0.7530
134,Carbon Dioxide,3.000E-02,5.318E+02,2.843E+00,5.346E+02,9.397E-05,7.168E-05,0.7628
134,Carbon Dioxide,3.500E-02,5.626E+02,2.527E+00,5.651E+02,1.031E-04,8.034E-05,0.7796
134,Carbon Dioxide,4.000E-02,5.888E+02,2.279E+00,5.911E+02,1.117E-04,8.864E-05,0.7935
134,Carbon Dioxide,4.500E-02,6.112E+02,2.079E+00,6.133E+02,1.200E-04,9.664E-05,0.8053
134,Carbon Dioxide,5.000E-02,6.302E+02,1.914E+00,6.321E+02,1.280E-04,1.044E-04,0.8156
134,Carbon Dioxide,5.500E-02,6.461E+02,1.775E+00,6.479E+02,1.358E-04,1.120E-04,0.8245
134,Carbon Dioxide,6.000E-02,6.593E+02,1.657E+00,6.610E+02,1.435E-04,1.194E-04,0.8325
134,Carbon Dioxide,6.500E-02,6.701E+02,1.554E+00,6.716E+02,1.510E-04,1.268E-04,0.8397
134,Carbon Dioxide,7.000E-02,6.786E+02,1.465E+00,6.801E+02,1.584E-04,1.340E-04,0.8461
134,Carbon Dioxide,7.500E-02,6.852E+02,1.386E+00,6.866E+02,1.657E-04,1.412E-04,0.8520
134,Carbon Dioxide,8.000E-02,6.900E+02,1.315E+00,6.913E+02,1.729E-04,1.483E-04,0.8574
134,Carbon Dioxide,8.500E-02,6.932E+02,1.252E+00,6.944E+02,1.802E-04,1.554E-04,0.8625
134,Carbon Dioxide,9.000E-02,6.949E+02,1.196E+00,6.961E+02,1.874E-04,1.625E-04,0.8671
134,Carbon Dioxide,9.500E-02,6.954E+02,1.144E+00,6.966E+02,1.945E-04,1.695E-04,0.8714
134,Carbon Dioxide,1.000E-01,6.948E+02,1.097E+00,6.959E+02,2.017E-04,1.766E-04,0.8755
134,Carbon Dioxide,1.250E-01,6.790E+02,9.137E-01,6.799E+02,2.380E-04,2.124E-04,0.8925
134,Carbon Dioxide,1.500E-01,6.505E+02,7.858E-01,6.513E+02,2.755E-04,2.495E-04,0.9057
134,Carbon Dioxide,1.750E-01,6.173E+02,6.911E-01,6.180E+02,3.149E-04,2.886E-04,0.9163
134,Carbon Dioxide,2.000E-01,5.836E+02,6.181E-01,5.842E+02,3.565E-04,3.298E-04,0.9252
134,Carbon Dioxide,2.250E-01,5.521E+02,5.599E-01,5.527E+02,4.005E-04,3.735E-04,0.9326
134,Carbon Dioxide,2.500E-01,5.236E+02,5.123E-01,5.241E+02,4.470E-04,4.197E-04,0.9389
134,Carbon Dioxide,2.750E-01,4.978E+02,4.726E-01,4.983E+02,4.959E-04,4.683E-04,0.9443
134,Carbon Dioxide,3.000E-01,4.746E+02,4.390E-01,4.750E+02,5.473E-04,5.194E-04,0.9490
134,Carbon Dioxide,3.500E-01,4.347E+02,3.850E-01,4.351E+02,6.574E-04,6.289E-04,0.9567
134,Carbon Dioxide,4.000E-01,4.018E+02,3.435E-01,4.022E+02,7.771E-04,7.480E-04,0.9626
134,Carbon Dioxide,4.500E-01,3.743E+02,3.105E-01,3.747E+02,9.060E-04,8.763E-04,0.9672
134,Carbon Dioxide,5.000E-01,3.510E+02,2.836E-01,3.513E+02,1.044E-03,1.014E-03,0.9710
134,Carbon Dioxide,5.500E-01,3.309E+02,2.613E-01,3.312E+02,1.191E-03,1.160E-03,0.9740
134,Carbon Dioxide,6.000E-01,3.132E+02,2.423E-01,3.135E+02,1.346E-03,1.314E-03,0.9766
134,Carbon Dioxide,6.500E-01,2.976E+02,2.261E-01,2.979E+02,1.509E-03,1.477E-03,0.9787
134,Carbon Dioxide,7.000E-01,2.837E+02,2.119E-01,2.839E+02,1.681E-03,1.649E-03,0.9805
134,Carbon Dioxide,7.500E-01,2.712E+02,1.996E-01,2.714E+02,1.862E-03,1.828E-03,0.9820
134,Carbon Dioxide,8.000E-01,2.599E+02,1.886E-01,2.600E+02,2.050E-03,2.016E-03,0.9833
134,Carbon Dioxide,8.500E-01,2.496E+02,1.788E-01,2.498E+02,2.246E-03,2.211E-03,0.9845
134,Carbon Dioxide,9.000E-01,2.403E+02,1.700E-01,2.404E+02,2.450E-03,2.415E-03,0.9855
134,Carbon Dioxide,9.500E-01,2.317E+02,1.621E-01,2.318E+02,2.662E-03,2.626E-03,0.9864
134,Carbon Dioxide,1.000E+00,2.237E+02,1.549E-01,2.239E+02,2.882E-03,2.845E-03,0.9872
134,Carbon Dioxide,1.250E+00,1.919E+02,1.271E-01,1.920E+02,4.091E-03,4.051E-03,0.9900
134,Carbon Dioxide,1.500E+00,1.689E+02,1.080E-01,1.691E+02,5.482E-03,5.437E-03,0.9918
134,Carbon Dioxide,1.750E+00,1.514E+02,9.410E-02,1.515E+02,7.047E-03,6.998E-03,0.9930
134,Carbon Dioxide,2.000E+00,1.375E+02,8.347E-02,1.376E+02,8.782E-03,8.727E-03,0.9938
134,Carbon Dioxide,2.250E+00,1.262E+02,7.506E-02,1.263E+02,1.068E-02,1.062E-02,0.9944
134,Carbon Dioxide,2.500E+00,1.168E+02,6.824E-02,1.169E+02,1.274E-02,1.268E-02,0.9949
134,Carbon Dioxide,2.750E+00,1.089E+02,6.260E-02,1.090E+02,1.496E-02,1.489E-02,0.9953
134,Carbon Dioxide,3.000E+00,1.021E+02,5.784E-02,1.021E+02,1.733E-02,1.725E-02,0.9956
134,Carbon Dioxide,3.500E+00,9.092E+01,5.027E-02,9.097E+01,2.253E-02,2.244E-02,0.9961
134,Carbon Dioxide,4.000E+00,8.216E+01,4.449E-02,8.221E+01,2.832E-02,2.821E-02,0.9964
134,Carbon Dioxide,4.500E+00,7.509E+01,3.994E-02,7.513E+01,3.468E-02,3.457E-02,0.9966
134,Carbon Dioxide,5.000E+00,6.924E+01,3.626E-02,6.928E+01,4.162E-02,4.149E-02,0.9968
134,Carbon Dioxide,5.500E+00,6.432E+01,3.321E-02,6.436E+01,4.912E-02,4.897E-02,0.9970
134,Carbon Dioxide,6.000E+00,6.011E+01,3.065E-02,6.014E+01,5.716E-02,5.699E-02,0.9971
134,Carbon Dioxide,6.500E+00,5.646E+01,2.847E-02,5.649E+01,6.574E-02,6.555E-02,0.9972
134,Carbon Dioxide,7.000E+00,5.327E+01,2.658E-02,5.330E+01,7.486E-02,7.465E-02,0.9973
134,Carbon Dioxide,7.500E+00,5.045E+01,2.494E-02,5.048E+01,8.450E-02,8.428E-02,0.9973
134,Carbon Dioxide,8.000E+00,4.794E+01,2.349E-02,4.797E+01,9.467E-02,9.442E-02,0.9974
134,Carbon Dioxide,8.500E+00,4.570E+01,2.220E-02,4.572E+01,1.053E-01,1.051E-01,0.9975
134,Carbon Dioxide,9.000E+00,4.367E+01,2.105E-02,4.369E+01,1.165E-01,1.162E-01,0.9975
134,Carbon Dioxide,9.500E+00,4.183E+01,2.002E-02,4.185E+01,1.282E-01,1.279E-01,0.9975
134,Carbon Dioxide,1.000E+01,4.015E+01,1.908E-02,4.017E+01,1.404E-01,1.401E-01,0.9976
134,Carbon Dioxide,1.250E+01,3.358E+01,1.550E-02,3.360E+01,2.088E-01,2.083E-01,0.9977
134,Carbon Dioxide,1.500E+01,2.900E+01,1.306E-02,2.901E+01,2.891E-01,2.885E-01,0.9978
134,Carbon Dioxide,1.750E+01,2.561E+01,1.131E-02,2.562E+01,3.810E-01,3.802E-01,0.9979
134,Carbon Dioxide,2.000E+01,2.299E+01,9.972E-03,2.300E+01,4.842E-01,4.832E-01,0.9980
134,Carbon Dioxide,2.500E+01,1.919E+01,8.082E-03,1.920E+01,7.232E-01,7.218E-01,0.9981
134,Carbon Dioxide,2.750E+01,1.777E+01,7.387E-03,1.778E+01,8.586E-01,8.570E-01,0.9981
134,Carbon Dioxide,3.000E+01,1.657E+01,6.804E-03,1.657E+01,1.004E+00,1.002E+00,0.9981
134,Carbon Dioxide,3.500E+01,1.463E+01,5.882E-03,1.464E+01,1.326E+00,1.324E+00,0.9982
134,Carbon Dioxide,4.000E+01,1.315E+01,5.184E-03,1.315E+01,1.687E+00,1.684E+00,0.9982
134,Carbon Dioxide,4.500E+01,1.197E+01,4.637E-03,1.197E+01,2.086E+00,2.082E+00,0.9982
134,Carbon Dioxide,5.000E+01,1.101E+01,4.196E-03,1.101E+01,2.522E+00,2.517E+00,0.9983
134,Carbon Dioxide,5.500E+01,1.021E+01,3.834E-03,1.022E+01,2.994E+00,2.988E+00,0.9983
134,Carbon Dioxide,6.000E+01,9.538E+00,3.530E-03,9.541E+00,3.500E+00,3.495E+00,0.9983
134,Carbon Dioxide,6.500E+01,8.961E+00,3.272E-03,8.964E+00,4.041E+00,4.035E+00,0.9983
134,Carbon Dioxide,7.000E+01,8.461E+00,3.050E-03,8.464E+00,4.616E+00,4.608E+00,0.9984
134,Carbon Dioxide,7.500E+01,8.023E+00,2.856E-03,8.026E+00,5.223E+00,5.214E+00,0.9984
134,Carbon Dioxide,8.000E+01,7.637E+00,2.687E-03,7.639E+00,5.861E+00,5.852E+00,0.9984
134,Carbon Dioxide,8.500E+01,7.293E+00,2.536E-03,7.295E+00,6.531E+00,6.521E+00,0.9984
134,Carbon Dioxide,9.000E+01,6.985E+00,2.402E-03,6.987E+00,7.232E+00,7.221E+00,0.9984
134,Carbon Dioxide,9.500E+01,6.708E+00,2.282E-03,6.710E+00,7.962E+00,7.950E+00,0.9984
134,Carbon Dioxide,1.000E+02,6.456E+00,2.173E-03,6.459E+00,8.722E+00,8.709E+00,0.9985
134,Carbon Dioxide,1.250E+02,5.487E+00,1.758E-03,5.489E+00,1.294E+01,1.292E+01,0.9985
134,Carbon Dioxide,1.500E+02,4.827E+00,1.478E-03,4.828E+00,1.781E+01,1.779E+01,0.9986
134,Carbon Dioxide,1.750E+02,4.347E+00,1.277E-03,4.349E+00,2.328E+01,2.325E+01,0.9986
134,Carbon Dioxide,2.000E+02,3.984E+00,1.124E-03,3.985E+00,2.929E+01,2.925E+01,0.9986
134,Carbon Dioxide,2.250E+02,3.699E+00,1.005E-03,3.700E+00,3.581E+01,3.576E+01,0.9987
134,Carbon Dioxide,2.500E+02,3.470E+00,9.095E-04,3.471E+00,4.279E+01,4.274E+01,0.9987
134,Carbon Dioxide,2.750E+02,3.281E+00,8.307E-04,3.282E+00,5.021E+01,5.014E+01,0.9987
134,Carbon Dioxide,3.000E+02,3.124E+00,7.648E-04,3.125E+00,5.802E+01,5.794E+01,0.9987
134,Carbon Dioxide,3.500E+02,2.877E+00,6.606E-04,2.878E+00,7.472E+01,7.463E+01,0.9988
134,Carbon Dioxide,4.000E+02,2.692E+00,5.819E-04,2.693E+00,9.271E+01,9.260E+01,0.9988
134,Carbon Dioxide,4.500E+02,2.549E+00,5.203E-04,2.550E+00,1.118E+02,1.117E+02,0.9989
134,Carbon Dioxide,5.000E+02,2.436E+00,4.708E-04,2.437E+00,1.319E+02,1.317E+02,0.9989
134,Carbon Dioxide,5.500E+02,2.345E+00,4.301E-04,2.346E+00,1.528E+02,1.526E+02,0.9989
134,Carbon Dioxide,6.000E+02,2.270E+00,3.960E-04,2.271E+00,1.745E+02,1.743E+02,0.9989
134,Carbon Dioxide,6.500E+02,2.208E+00,3.671E-04,2.208E+00,1.968E+02,1.966E+02,0.9990
134,Carbon Dioxide,7.000E+02,2.156E+00,3.422E-04,2.156E+00,2.197E+02,2.195E+02,0.9990
134,Carbon Dioxide,7.500E+02,2.111E+00,3.206E-04,2.112E+00,2.432E+02,2.429E+02,0.9990
134,Carbon Dioxide,8.000E+02,2.074E+00,3.016E-04,2.074E+00,2.671E+02,2.668E+02,0.9990
134,Carbon Dioxide,8.500E+02,2.041E+00,2.847E-04,2.041E+00,2.914E+02,2.911E+02,0.9990
134,Carbon Dioxide,9.000E+02,2.013E+00,2.698E-04,2.013E+00,3.161E+02,3.158E+02,0.9991
134,Carbon Dioxide,9.500E+02,1.988E+00,2.563E-04,1.988E+00,3.410E+02,3.407E+02,0.9991
134,Carbon Dioxide,1.000E+03,1.967E+00,2.442E-04,1.967E+00,3.663E+02,3.660E+02,0.9991
134,Carbon Dioxide,1.500E+03,1.854E+00,1.665E-04,1.854E+00,6.297E+02,6.292E+02,0.9992
134,Carbon Dioxide,2.000E+03,1.824E+00,1.270E-04,1.824E+00,9.021E+02,9.015E+02,0.9993
134,Carbon Dioxide,2.500E+03,1.822E+00,1.030E-04,1.822E+00,1.177E+03,1.176E+03,0.9994
134,Carbon Dioxide,3.000E+03,1.832E+00,8.675E-05,1.832E+00,1.450E+03,1.450E+03,0.9994
134,Carbon Dioxide,4.000E+03,1.865E+00,6.624E-05,1.865E+00,1.991E+03,1.991E+03,0.9995
134,Carbon Dioxide,5.000E+03,1.902E+00,5.374E-05,1.902E+00,2.522E+03,2.521E+03,0.9996
134,Carbon Dioxide,6.000E+03,1.937E+00,4.531E-05,1.938E+00,3.043E+03,3.042E+03,0.9996
134,Carbon Dioxide,7.000E+03,1.971E+00,3.922E-05,1.971E+00,3.555E+03,3.554E+03,0.9996
134,Carbon Dioxide,8.000E+03,2.002E+00,3.462E-05,2.002E+00,4.058E+03,4.057E+03,0.9997
134,Carbon Dioxide,9.000E+03,2.030E+00,3.100E-05,2.030E+00,4.554E+03,4.553E+03,0.9997
134,Carbon Dioxide,1.000E+04,2.057E+00,2.809E-05,2.057E+00,5.044E+03,5.042E+03,0.9997
138,Cellulose Nitrate,1.000E-03,1.322E+02,2.775E+01,1.600E+02,8.054E-06,3.075E-06,0.3817
138,Cellulose Nitrate,1.500E-03,1.619E+02,2.301E+01,1.849E+02,1.094E-05,4.647E-06,0.4250
138,Cellulose Nitrate,2.000E-03,1.870E+02,1.988E+01,2.068E+02,1.349E-05,6.198E-06,0.4595
138,Cellulose Nitrate,2.500E-03,2.090E+02,1.762E+01,2.267E+02,1.580E-05,7.705E-06,0.4878
138,Cellulose Nitrate,3.000E-03,2.290E+02,1.589E+01,2.449E+02,1.792E-05,9.168E-06,0.5117
138,Cellulose Nitrate,4.000E-03,2.626E+02,1.340E+01,2.760E+02,2.176E-05,1.198E-05,0.5505
138,Cellulose Nitrate,5.000E-03,2.925E+02,1.166E+01,3.041E+02,2.520E-05,1.464E-05,0.5809
138,Cellulose Nitrate,6.000E-03,3.194E+02,1.037E+01,3.298E+02,2.836E-05,1.718E-05,0.6057
138,Cellulose Nitrate,7.000E-03,3.442E+02,9.370E+00,3.535E+02,3.128E-05,1.960E-05,0.6265
138,Cellulose Nitrate,8.000E-03,3.668E+02,8.564E+00,3.754E+02,3.403E-05,2.192E-05,0.6442
138,Cellulose Nitrate,9.000E-03,3.878E+02,7.901E+00,3.957E+02,3.662E-05,2.415E-05,0.6596
138,Cellulose Nitrate,1.000E-02,4.075E+02,7.343E+00,4.149E+02,3.909E-05,2.631E-05,0.6731
138,Cellulose Nitrate,1.250E-02,4.470E+02,6.270E+00,4.533E+02,4.484E-05,3.144E-05,0.7010
138,Cellulose Nitrate,1.500E-02,4.810E+02,5.495E+00,4.865E+02,5.016E-05,3.627E-05,0.7231
138,Cellulose Nitrate,1.750E-02,5.108E+02,4.906E+00,5.158E+02,5.515E-05,4.087E-05,0.7412
138,Cellulose Nitrate,2.000E-02,5.376E+02,4.441E+00,5.420E+02,5.987E-05,4.528E-05,0.7563
138,Cellulose Nitrate,2.250E-02,5.616E+02,4.064E+00,5.657E+02,6.439E-05,4.952E-05,0.7692
138,Cellulose Nitrate,2.500E-02,5.832E+02,3.751E+00,5.870E+02,6.872E-05,5.363E-05,0.7803
138,Cellulose Nitrate,2.750E-02,6.027E+02,3.487E+00,6.062E+02,7.291E-05,5.762E-05,0.7902
138,Cellulose Nitrate,3.000E-02,6.204E+02,3.261E+00,6.236E+02,7.698E-05,6.150E-05,0.7989
138,Cellulose Nitrate,3.500E-02,6.515E+02,2.892E+00,6.544E+02,8.480E-05,6.902E-05,0.8139
138,Cellulose Nitrate,4.000E-02,6.779E+02,2.604E+00,6.805E+02,9.229E-05,7.625E-05,0.8262
138,Cellulose Nitrate,4.500E-02,7.000E+02,2.373E+00,7.024E+02,9.952E-05,8.327E-05,0.8367
138,Cellulose Nitrate,5.000E-02,7.182E+02,2.182E+00,7.204E+02,1.065E-04,9.011E-05,0.8457
138,Cellulose Nitrate,5.500E-02,7.327E+02,2.022E+00,7.348E+02,1.134E-04,9.681E-05,0.8536
138,Cellulose Nitrate,6.000E-02,7.441E+02,1.885E+00,7.460E+02,1.202E-04,1.034E-04,0.8607
138,Cellulose Nitrate,6.500E-02,7.527E+02,1.767E+00,7.545E+02,1.268E-04,1.100E-04,0.8669
138,Cellulose Nitrate,7.000E-02,7.590E+02,1.664E+00,7.607E+02,1.334E-04,1.164E-04,0.8726
138,Cellulose Nitrate,7.500E-02,7.632E+02,1.573E+00,7.647E+02,1.400E-04,1.229E-04,0.8778
138,Cellulose Nitrate,8.000E-02,7.655E+02,1.492E+00,7.670E+02,1.465E-04,1.293E-04,0.8825
138,Cellulose Nitrate,8.500E-02,7.662E+02,1.420E+00,7.676E+02,1.530E-04,1.357E-04,0.8869
138,Cellulose Nitrate,9.000E-02,7.655E+02,1.355E+00,7.668E+02,1.595E-04,1.421E-04,0.8909
138,Cellulose Nitrate,9.500E-02,7.635E+02,1.296E+00,7.648E+02,1.661E-04,1.486E-04,0.8947
138,Cellulose Nitrate,1.000E-01,7.606E+02,1.243E+00,7.618E+02,1.726E-04,1.550E-04,0.8982
138,Cellulose Nitrate,1.250E-01,7.344E+02,1.033E+00,7.354E+02,2.060E-04,1.880E-04,0.9129
138,Cellulose Nitrate,1.500E-01,6.982E+02,8.872E-01,6.991E+02,2.408E-04,2.225E-04,0.9242
138,Cellulose Nitrate,1.750E-01,6.593E+02,7.795E-01,6.601E+02,2.776E-04,2.590E-04,0.9332
138,Cellulose Nitrate,2.000E-01,6.214E+02,6.965E-01,6.221E+02,3.166E-04,2.978E-04,0.9406
138,Cellulose Nitrate,2.250E-01,5.860E+02,6.304E-01,5.866E+02,3.580E-04,3.389E-04,0.9467
138,Cellulose Nitrate,2.500E-01,5.538E+02,5.765E-01,5.544E+02,4.019E-04,3.825E-04,0.9519
138,Cellulose Nitrate,2.750E-01,5.249E+02,5.314E-01,5.254E+02,4.482E-04,4.286E-04,0.9563
138,Cellulose Nitrate,3.000E-01,4.989E+02,4.931E-01,4.994E+02,4.970E-04,4.772E-04,0.9601
138,Cellulose Nitrate,3.500E-01,4.524E+02,4.318E-01,4.529E+02,6.023E-04,5.819E-04,0.9662
138,Cellulose Nitrate,4.000E-01,4.139E+02,3.847E-01,4.143E+02,7.178E-04,6.970E-04,0.9709
138,Cellulose Nitrate,4.500E-01,3.829E+02,3.473E-01,3.832E+02,8.435E-04,8.221E-04,0.9746
138,Cellulose Nitrate,5.000E-01,3.580E+02,3.169E-01,3.583E+02,9.785E-04,9.566E-04,0.9776
138,Cellulose Nitrate,5.500E-01,3.377E+02,2.916E-01,3.379E+02,1.122E-03,1.100E-03,0.9800
138,Cellulose Nitrate,6.000E-01,3.197E+02,2.702E-01,3.200E+02,1.274E-03,1.251E-03,0.9819
138,Cellulose Nitrate,6.500E-01,3.039E+02,2.519E-01,3.041E+02,1.435E-03,1.411E-03,0.9835
138,Cellulose Nitrate,7.000E-01,2.897E+02,2.360E-01,2.900E+02,1.603E-03,1.579E-03,0.9849
138,Cellulose Nitrate,7.500E-01,2.771E+02,2.221E-01,2.773E+02,1.780E-03,1.755E-03,0.9861
138,Cellulose Nitrate,8.000E-01,2.656E+02,2.097E-01,2.658E+02,1.964E-03,1.938E-03,0.9871
138,Cellulose Nitrate,8.500E-01,2.552E+02,1.987E-01,2.554E+02,2.156E-03,2.130E-03,0.9879
138,Cellulose Nitrate,9.000E-01,2.456E+02,1.889E-01,2.458E+02,2.355E-03,2.329E-03,0.9887
138,Cellulose Nitrate,9.500E-01,2.369E+02,1.800E-01,2.371E+02,2.563E-03,2.535E-03,0.9893
138,Cellulose Nitrate,1.000E+00,2.288E+02,1.720E-01,2.290E+02,2.777E-03,2.749E-03,0.9899
138,Cellulose Nitrate,1.250E+00,1.964E+02,1.409E-01,1.965E+02,3.960E-03,3.928E-03,0.9921
138,Cellulose Nitrate,1.500E+00,1.730E+02,1.196E-01,1.731E+02,5.319E-03,5.283E-03,0.9934
138,Cellulose Nitrate,1.750E+00,1.550E+02,1.041E-01,1.551E+02,6.847E-03,6.808E-03,0.9943
138,Cellulose Nitrate,2.000E+00,1.408E+02,9.222E-02,1.409E+02,8.540E-03,8.497E-03,0.9949
138,Cellulose Nitrate,2.250E+00,1.293E+02,8.287E-02,1.294E+02,1.039E-02,1.035E-02,0.9953
138,Cellulose Nitrate,2.500E+00,1.197E+02,7.530E-02,1.198E+02,1.240E-02,1.235E-02,0.9957
138,Cellulose Nitrate,2.750E+00,1.116E+02,6.903E-02,1.116E+02,1.457E-02,1.451E-02,0.9960
138,Cellulose Nitrate,3.000E+00,1.046E+02,6.376E-02,1.046E+02,1.688E-02,1.682E-02,0.9962
138,Cellulose Nitrate,3.500E+00,9.317E+01,5.537E-02,9.322E+01,2.195E-02,2.188E-02,0.9966
138,Cellulose Nitrate,4.000E+00,8.420E+01,4.898E-02,8.425E+01,2.760E-02,2.752E-02,0.9968
138,Cellulose Nitrate,4.500E+00,7.695E+01,4.394E-02,7.700E+01,3.382E-02,3.372E-02,0.9970
138,Cellulose Nitrate,5.000E+00,7.096E+01,3.987E-02,7.100E+01,4.059E-02,4.047E-02,0.9971
138,Cellulose Nitrate,5.500E+00,6.592E+01,3.651E-02,6.595E+01,4.790E-02,4.777E-02,0.9973
138,Cellulose Nitrate,6.000E+00,6.160E+01,3.368E-02,6.164E+01,5.575E-02,5.560E-02,0.9974
138,Cellulose Nitrate,6.500E+00,5.786E+01,3.127E-02,5.790E+01,6.412E-02,6.396E-02,0.9974
138,Cellulose Nitrate,7.000E+00,5.459E+01,2.919E-02,5.462E+01,7.302E-02,7.284E-02,0.9975
138,Cellulose Nitrate,7.500E+00,5.170E+01,2.738E-02,5.173E+01,8.243E-02,8.223E-02,0.9976
138,Cellulose Nitrate,8.000E+00,4.913E+01,2.578E-02,4.916E+01,9.235E-02,9.213E-02,0.9976
138,Cellulose Nitrate,8.500E+00,4.683E+01,2.437E-02,4.686E+01,1.028E-01,1.025E-01,0.9977
138,Cellulose Nitrate,9.000E+00,4.476E+01,2.310E-02,4.478E+01,1.137E-01,1.134E-01,0.9977
138,Cellulose Nitrate,9.500E+00,4.287E+01,2.197E-02,4.289E+01,1.251E-01,1.248E-01,0.9977
138,Cellulose Nitrate,1.000E+01,4.115E+01,2.094E-02,4.117E+01,1.370E-01,1.367E-01,0.9978
138,Cellulose Nitrate,1.250E+01,3.442E+01,1.699E-02,3.444E+01,2.037E-01,2.033E-01,0.9979
138,Cellulose Nitrate,1.500E+01,2.973E+01,1.432E-02,2.974E+01,2.821E-01,2.815E-01,0.9980
138,Cellulose Nitrate,1.750E+01,2.625E+01,1.239E-02,2.626E+01,3.717E-01,3.710E-01,0.9981
138,Cellulose Nitrate,2.000E+01,2.357E+01,1.092E-02,2.358E+01,4.723E-01,4.714E-01,0.9981
138,Cellulose Nitrate,2.500E+01,1.968E+01,8.850E-03,1.969E+01,7.055E-01,7.042E-01,0.9982
138,Cellulose Nitrate,2.750E+01,1.822E+01,8.088E-03,1.823E+01,8.376E-01,8.361E-01,0.9982
138,Cellulose Nitrate,3.000E+01,1.699E+01,7.449E-03,1.699E+01,9.797E-01,9.780E-01,0.9982
138,Cellulose Nitrate,3.500E+01,1.500E+01,6.438E-03,1.501E+01,1.294E+00,1.291E+00,0.9983
138,Cellulose Nitrate,4.000E+01,1.348E+01,5.673E-03,1.349E+01,1.646E+00,1.643E+00,0.9983
138,Cellulose Nitrate,4.500E+01,1.227E+01,5.074E-03,1.228E+01,2.035E+00,2.031E+00,0.9984
138,Cellulose Nitrate,5.000E+01,1.129E+01,4.592E-03,1.129E+01,2.460E+00,2.456E+00,0.9984
138,Cellulose Nitrate,5.500E+01,1.047E+01,4.195E-03,1.048E+01,2.920E+00,2.915E+00,0.9984
138,Cellulose Nitrate,6.000E+01,9.781E+00,3.862E-03,9.785E+00,3.414E+00,3.409E+00,0.9984
138,Cellulose Nitrate,6.500E+01,9.189E+00,3.579E-03,9.193E+00,3.941E+00,3.935E+00,0.9984
138,Cellulose Nitrate,7.000E+01,8.677E+00,3.336E-03,8.680E+00,4.501E+00,4.495E+00,0.9985
138,Cellulose Nitrate,7.500E+01,8.228E+00,3.124E-03,8.231E+00,5.093E+00,5.086E+00,0.9985
138,Cellulose Nitrate,8.000E+01,7.832E+00,2.939E-03,7.835E+00,5.716E+00,5.708E+00,0.9985
138,Cellulose Nitrate,8.500E+01,7.480E+00,2.774E-03,7.482E+00,6.369E+00,6.360E+00,0.9985
138,Cellulose Nitrate,9.000E+01,7.164E+00,2.627E-03,7.167E+00,7.052E+00,7.042E+00,0.9985
138,Cellulose Nitrate,9.500E+01,6.880E+00,2.496E-03,6.882E+00,7.765E+00,7.753E+00,0.9985
138,Cellulose Nitrate,1.000E+02,6.622E+00,2.377E-03,6.624E+00,8.505E+00,8.493E+00,0.9985
138,Cellulose Nitrate,1.250E+02,5.628E+00,1.922E-03,5.630E+00,1.262E+01,1.260E+01,0.9986
138,Cellulose Nitrate,1.500E+02,4.951E+00,1.616E-03,4.953E+00,1.737E+01,1.734E+01,0.9986
138,Cellulose Nitrate,1.750E+02,4.460E+00,1.396E-03,4.461E+00,2.270E+01,2.267E+01,0.9987
138,Cellulose Nitrate,2.000E+02,4.087E+00,1.229E-03,4.088E+00,2.856E+01,2.852E+01,0.9987
138,Cellulose Nitrate,2.250E+02,3.795E+00,1.099E-03,3.796E+00,3.491E+01,3.487E+01,0.9987
138,Cellulose Nitrate,2.500E+02,3.560E+00,9.942E-04,3.561E+00,4.172E+01,4.167E+01,0.9988
138,Cellulose Nitrate,2.750E+02,3.366E+00,9.080E-04,3.367E+00,4.895E+01,4.889E+01,0.9988
138,Cellulose Nitrate,3.000E+02,3.205E+00,8.359E-04,3.206E+00,5.656E+01,5.649E+01,0.9988
138,Cellulose Nitrate,3.500E+02,2.952E+00,7.220E-04,2.952E+00,7.284E+01,7.276E+01,0.9989
138,Cellulose Nitrate,4.000E+02,2.762E+00,6.359E-04,2.763E+00,9.037E+01,9.027E+01,0.9989
138,Cellulose Nitrate,4.500E+02,2.616E+00,5.686E-04,2.616E+00,1.090E+02,1.089E+02,0.9989
138,Cellulose Nitrate,5.000E+02,2.500E+00,5.145E-04,2.501E+00,1.285E+02,1.284E+02,0.9990
138,Cellulose Nitrate,5.500E+02,2.406E+00,4.700E-04,2.407E+00,1.489E+02,1.488E+02,0.9990
138,Cellulose Nitrate,6.000E+02,2.330E+00,4.328E-04,2.330E+00,1.701E+02,1.699E+02,0.9990
138,Cellulose Nitrate,6.500E+02,2.266E+00,4.011E-04,2.266E+00,1.918E+02,1.916E+02,0.9990
138,Cellulose Nitrate,7.000E+02,2.212E+00,3.739E-04,2.213E+00,2.142E+02,2.140E+02,0.9991
138,Cellulose Nitrate,7.500E+02,2.167E+00,3.503E-04,2.167E+00,2.370E+02,2.368E+02,0.9991
138,Cellulose Nitrate,8.000E+02,2.128E+00,3.295E-04,2.128E+00,2.603E+02,2.601E+02,0.9991
138,Cellulose Nitrate,8.500E+02,2.093E+00,3.111E-04,2.093E+00,2.840E+02,2.837E+02,0.9991
138,Cellulose Nitrate,9.000E+02,2.063E+00,2.947E-04,2.063E+00,3.081E+02,3.078E+02,0.9991
138,Cellulose Nitrate,9.500E+02,2.036E+00,2.800E-04,2.036E+00,3.325E+02,3.322E+02,0.9991
138,Cellulose Nitrate,1.000E+03,2.013E+00,2.668E-04,2.013E+00,3.571E+02,3.568E+02,0.9992
138,Cellulose Nitrate,1.500E+03,1.883E+00,1.819E-04,1.883E+00,6.155E+02,6.150E+02,0.9993
138,Cellulose Nitrate,2.000E+03,1.837E+00,1.387E-04,1.837E+00,8.849E+02,8.843E+02,0.9994
138,Cellulose Nitrate,2.500E+03,1.822E+00,1.124E-04,1.822E+00,1.158E+03,1.158E+03,0.9994
138,Cellulose Nitrate,3.000E+03,1.820E+00,9.474E-05,1.820E+00,1.433E+03,1.432E+03,0.9995
138,Cellulose Nitrate,4.000E+03,1.832E+00,7.233E-05,1.832E+00,1.981E+03,1.980E+03,0.9995
138,Cellulose Nitrate,5.000E+03,1.851E+00,5.868E-05,1.851E+00,2.524E+03,2.523E+03,0.9996
138,Cellulose Nitrate,6.000E+03,1.871E+00,4.947E-05,1.871E+00,3.061E+03,3.060E+03,0.9996
138,Cellulose Nitrate,7.000E+03,1.891E+00,4.282E-05,1.891E+00,3.593E+03,3.592E+03,0.9997
138,Cellulose Nitrate,8.000E+03,1.909E+00,3.779E-05,1.909E+00,4.119E+03,4.118E+03,0.9997
138,Cellulose Nitrate,9.000E+03,1.927E+00,3.385E-05,1.927E+00,4.641E+03,4.639E+03,0.9997
138,Cellulose Nitrate,1.000E+04,1.943E+00,3.067E-05,1.943E+00,5.157E+03,5.156E+03,0.9997
139,Ceric Sulfate Dosimeter Solution,1.000E-03,1.354E+02,4.209E+01,1.775E+02,6.355E-06,2.880E-06,0.4532
139,Ceric Sulfate Dosimeter Solution,1.500E-03,1.658E+02,3.379E+01,1.996E+02,8.992E-06,4.393E-06,0.4886
139,Ceric Sulfate Dosimeter Solution,2.000E-03,1.915E+02,2.861E+01,2.201E+02,1.138E-05,5.891E-06,0.5178
139,Ceric Sulfate Dosimeter Solution,2.500E-03,2.141E+02,2.501E+01,2.391E+02,1.355E-05,7.349E-06,0.5422
139,Ceric Sulfate Dosimeter Solution,3.000E-03,2.345E+02,2.232E+01,2.568E+02,1.557E-05,8.767E-06,0.5631
139,Ceric Sulfate Dosimeter Solution,4.000E-03,2.708E+02,1.855E+01,2.893E+02,1.923E-05,1.148E-05,0.5970
139,Ceric Sulfate Dosimeter Solution,5.000E-03,3.028E+02,1.598E+01,3.188E+02,2.252E-05,1.405E-05,0.6239
139,Ceric Sulfate Dosimeter Solution,6.000E-03,3.317E+02,1.411E+01,3.458E+02,2.553E-05,1.649E-05,0.6458
139,Ceric Sulfate Dosimeter Solution,7.000E-03,3.582E+02,1.267E+01,3.709E+02,2.832E-05,1.881E-05,0.6642
139,Ceric Sulfate Dosimeter Solution,8.000E-03,3.830E+02,1.153E+01,3.945E+02,3.094E-05,2.103E-05,0.6799
139,Ceric Sulfate Dosimeter Solution,9.000E-03,4.062E+02,1.060E+01,4.168E+02,3.340E-05,2.317E-05,0.6936
139,Ceric Sulfate Dosimeter Solution,1.000E-02,4.282E+02,9.817E+00,4.380E+02,3.574E-05,2.522E-05,0.7056
139,Ceric Sulfate Dosimeter Solution,1.250E-02,4.717E+02,8.330E+00,4.801E+02,4.118E-05,3.008E-05,0.7305
139,Ceric Sulfate Dosimeter Solution,1.500E-02,5.098E+02,7.267E+00,5.170E+02,4.619E-05,3.465E-05,0.7502
139,Ceric Sulfate Dosimeter Solution,1.750E-02,5.436E+02,6.465E+00,5.501E+02,5.088E-05,3.898E-05,0.7662
139,Ceric Sulfate Dosimeter Solution,2.000E-02,5.740E+02,5.836E+00,5.799E+02,5.530E-05,4.312E-05,0.7797
139,Ceric Sulfate Dosimeter Solution,2.250E-02,6.015E+02,5.328E+00,6.069E+02,5.951E-05,4.708E-05,0.7911
139,Ceric Sulfate Dosimeter Solution,2.500E-02,6.265E+02,4.908E+00,6.314E+02,6.355E-05,5.091E-05,0.8011
139,Ceric Sulfate Dosimeter Solution,2.750E-02,6.493E+02,4.554E+00,6.539E+02,6.744E-05,5.462E-05,0.8099
139,Ceric Sulfate Dosimeter Solution,3.000E-02,6.701E+02,4.252E+00,6.743E+02,7.121E-05,5.822E-05,0.8177
139,Ceric Sulfate Dosimeter Solution,3.500E-02,7.064E+02,3.762E+00,7.101E+02,7.842E-05,6.517E-05,0.8310
139,Ceric Sulfate Dosimeter Solution,4.000E-02,7.365E+02,3.381E+00,7.398E+02,8.532E-05,7.184E-05,0.8420
139,Ceric Sulfate Dosimeter Solution,4.500E-02,7.613E+02,3.075E+00,7.643E+02,9.196E-05,7.829E-05,0.8513
139,Ceric Sulfate Dosimeter Solution,5.000E-02,7.814E+02,2.824E+00,7.842E+02,9.842E-05,8.458E-05,0.8594
139,Ceric Sulfate Dosimeter Solution,5.500E-02,7.974E+02,2.613E+00,8.000E+02,1.047E-04,9.075E-05,0.8665
139,Ceric Sulfate Dosimeter Solution,6.000E-02,8.098E+02,2.434E+00,8.122E+02,1.109E-04,9.682E-05,0.8728
139,Ceric Sulfate Dosimeter Solution,6.500E-02,8.190E+02,2.279E+00,8.213E+02,1.170E-04,1.028E-04,0.8785
139,Ceric Sulfate Dosimeter Solution,7.000E-02,8.253E+02,2.144E+00,8.275E+02,1.231E-04,1.088E-04,0.8836
139,Ceric Sulfate Dosimeter Solution,7.500E-02,8.292E+02,2.026E+00,8.312E+02,1.291E-04,1.147E-04,0.8883
139,Ceric Sulfate Dosimeter Solution,8.000E-02,8.308E+02,1.920E+00,8.328E+02,1.351E-04,1.206E-04,0.8925
139,Ceric Sulfate Dosimeter Solution,8.500E-02,8.306E+02,1.826E+00,8.324E+02,1.412E-04,1.265E-04,0.8965
139,Ceric Sulfate Dosimeter Solution,9.000E-02,8.287E+02,1.741E+00,8.304E+02,1.472E-04,1.325E-04,0.9002
139,Ceric Sulfate Dosimeter Solution,9.500E-02,8.254E+02,1.665E+00,8.270E+02,1.532E-04,1.384E-04,0.9036
139,Ceric Sulfate Dosimeter Solution,1.000E-01,8.209E+02,1.595E+00,8.225E+02,1.593E-04,1.444E-04,0.9068
139,Ceric Sulfate Dosimeter Solution,1.250E-01,7.859E+02,1.323E+00,7.873E+02,1.903E-04,1.751E-04,0.9203
139,Ceric Sulfate Dosimeter Solution,1.500E-01,7.414E+02,1.134E+00,7.426E+02,2.230E-04,2.075E-04,0.9307
139,Ceric Sulfate Dosimeter Solution,1.750E-01,6.960E+02,9.953E-01,6.970E+02,2.577E-04,2.420E-04,0.9390
139,Ceric Sulfate Dosimeter Solution,2.000E-01,6.536E+02,8.882E-01,6.545E+02,2.947E-04,2.788E-04,0.9458
139,Ceric Sulfate Dosimeter Solution,2.250E-01,6.184E+02,8.032E-01,6.192E+02,3.340E-04,3.178E-04,0.9515
139,Ceric Sulfate Dosimeter Solution,2.500E-01,5.888E+02,7.338E-01,5.895E+02,3.754E-04,3.590E-04,0.9562
139,Ceric Sulfate Dosimeter Solution,2.750E-01,5.628E+02,6.756E-01,5.635E+02,4.188E-04,4.022E-04,0.9602
139,Ceric Sulfate Dosimeter Solution,3.000E-01,5.396E+02,6.259E-01,5.403E+02,4.641E-04,4.472E-04,0.9636
139,Ceric Sulfate Dosimeter Solution,3.500E-01,4.993E+02,5.465E-01,4.998E+02,5.604E-04,5.431E-04,0.9690
139,Ceric Sulfate Dosimeter Solution,4.000E-01,4.648E+02,4.858E-01,4.653E+02,6.642E-04,6.464E-04,0.9732
139,Ceric Sulfate Dosimeter Solution,4.500E-01,4.346E+02,4.377E-01,4.351E+02,7.754E-04,7.572E-04,0.9765
139,Ceric Sulfate Dosimeter Solution,5.000E-01,4.079E+02,3.987E-01,4.083E+02,8.941E-04,8.754E-04,0.9791
139,Ceric Sulfate Dosimeter Solution,5.500E-01,3.842E+02,3.663E-01,3.846E+02,1.020E-03,1.001E-03,0.9812
139,Ceric Sulfate Dosimeter Solution,6.000E-01,3.634E+02,3.390E-01,3.637E+02,1.154E-03,1.134E-03,0.9830
139,Ceric Sulfate Dosimeter Solution,6.500E-01,3.449E+02,3.157E-01,3.452E+02,1.295E-03,1.275E-03,0.9845
139,Ceric Sulfate Dosimeter Solution,7.000E-01,3.284E+02,2.955E-01,3.287E+02,1.444E-03,1.423E-03,0.9858
139,Ceric Sulfate Dosimeter Solution,7.500E-01,3.136E+02,2.778E-01,3.139E+02,1.599E-03,1.578E-03,0.9868
139,Ceric Sulfate Dosimeter Solution,8.000E-01,3.003E+02,2.622E-01,3.005E+02,1.762E-03,1.741E-03,0.9878
139,Ceric Sulfate Dosimeter Solution,8.500E-01,2.882E+02,2.483E-01,2.884E+02,1.932E-03,1.910E-03,0.9886
139,Ceric Sulfate Dosimeter Solution,9.000E-01,2.772E+02,2.358E-01,2.774E+02,2.109E-03,2.086E-03,0.9893
139,Ceric Sulfate Dosimeter Solution,9.500E-01,2.670E+02,2.246E-01,2.673E+02,2.293E-03,2.269E-03,0.9899
139,Ceric Sulfate Dosimeter Solution,1.000E+00,2.577E+02,2.144E-01,2.579E+02,2.483E-03,2.459E-03,0.9905
139,Ceric Sulfate Dosimeter Solution,1.250E+00,2.204E+02,1.752E-01,2.206E+02,3.535E-03,3.508E-03,0.9925
139,Ceric Sulfate Dosimeter Solution,1.500E+00,1.935E+02,1.485E-01,1.937E+02,4.748E-03,4.718E-03,0.9937
139,Ceric Sulfate Dosimeter Solution,1.750E+00,1.730E+02,1.290E-01,1.732E+02,6.115E-03,6.082E-03,0.9946
139,Ceric Sulfate Dosimeter Solution,2.000E+00,1.569E+02,1.142E-01,1.570E+02,7.634E-03,7.597E-03,0.9952
139,Ceric Sulfate Dosimeter Solution,2.250E+00,1.438E+02,1.025E-01,1.439E+02,9.298E-03,9.258E-03,0.9956
139,Ceric Sulfate Dosimeter Solution,2.500E+00,1.330E+02,9.310E-02,1.331E+02,1.111E-02,1.106E-02,0.9960
139,Ceric Sulfate Dosimeter Solution,2.750E+00,1.238E+02,8.529E-02,1.239E+02,1.305E-02,1.301E-02,0.9962
139,Ceric Sulfate Dosimeter Solution,3.000E+00,1.160E+02,7.873E-02,1.161E+02,1.514E-02,1.509E-02,0.9965
139,Ceric Sulfate Dosimeter Solution,3.500E+00,1.032E+02,6.831E-02,1.032E+02,1.972E-02,1.965E-02,0.9968
139,Ceric Sulfate Dosimeter Solution,4.000E+00,9.312E+01,6.038E-02,9.318E+01,2.482E-02,2.475E-02,0.9970
139,Ceric Sulfate Dosimeter Solution,4.500E+00,8.503E+01,5.414E-02,8.508E+01,3.045E-02,3.036E-02,0.9972
139,Ceric Sulfate Dosimeter Solution,5.000E+00,7.835E+01,4.910E-02,7.840E+01,3.657E-02,3.648E-02,0.9973
139,Ceric Sulfate Dosimeter Solution,5.500E+00,7.274E+01,4.494E-02,7.278E+01,4.320E-02,4.309E-02,0.9974
139,Ceric Sulfate Dosimeter Solution,6.000E+00,6.794E+01,4.145E-02,6.798E+01,5.031E-02,5.019E-02,0.9975
139,Ceric Sulfate Dosimeter Solution,6.500E+00,6.379E+01,3.847E-02,6.382E+01,5.791E-02,5.777E-02,0.9976
139,Ceric Sulfate Dosimeter Solution,7.000E+00,6.015E+01,3.590E-02,6.019E+01,6.598E-02,6.582E-02,0.9977
139,Ceric Sulfate Dosimeter Solution,7.500E+00,5.695E+01,3.367E-02,5.698E+01,7.452E-02,7.435E-02,0.9977
139,Ceric Sulfate Dosimeter Solution,8.000E+00,5.410E+01,3.170E-02,5.413E+01,8.353E-02,8.334E-02,0.9978
139,Ceric Sulfate Dosimeter Solution,8.500E+00,5.155E+01,2.995E-02,5.158E+01,9.299E-02,9.279E-02,0.9978
139,Ceric Sulfate Dosimeter Solution,9.000E+00,4.925E+01,2.839E-02,4.928E+01,1.029E-01,1.027E-01,0.9978
139,Ceric Sulfate Dosimeter Solution,9.500E+00,4.716E+01,2.699E-02,4.719E+01,1.133E-01,1.130E-01,0.9979
139,Ceric Sulfate Dosimeter Solution,1.000E+01,4.526E+01,2.572E-02,4.529E+01,1.241E-01,1.238E-01,0.9979
139,Ceric Sulfate Dosimeter Solution,1.250E+01,3.782E+01,2.086E-02,3.784E+01,1.848E-01,1.844E-01,0.9980
139,Ceric Sulfate Dosimeter Solution,1.500E+01,3.264E+01,1.758E-02,3.266E+01,2.561E-01,2.556E-01,0.9981
139,Ceric Sulfate Dosimeter Solution,1.750E+01,2.881E+01,1.520E-02,2.882E+01,3.378E-01,3.372E-01,0.9982
139,Ceric Sulfate Dosimeter Solution,2.000E+01,2.585E+01,1.340E-02,2.586E+01,4.295E-01,4.287E-01,0.9982
139,Ceric Sulfate Dosimeter Solution,2.500E+01,2.157E+01,1.085E-02,2.158E+01,6.421E-01,6.410E-01,0.9983
139,Ceric Sulfate Dosimeter Solution,2.750E+01,1.997E+01,9.919E-03,1.998E+01,7.627E-01,7.614E-01,0.9983
139,Ceric Sulfate Dosimeter Solution,3.000E+01,1.861E+01,9.134E-03,1.862E+01,8.924E-01,8.909E-01,0.9983
139,Ceric Sulfate Dosimeter Solution,3.500E+01,1.643E+01,7.893E-03,1.644E+01,1.179E+00,1.177E+00,0.9984
139,Ceric Sulfate Dosimeter Solution,4.000E+01,1.476E+01,6.955E-03,1.477E+01,1.500E+00,1.498E+00,0.9984
139,Ceric Sulfate Dosimeter Solution,4.500E+01,1.343E+01,6.219E-03,1.344E+01,1.856E+00,1.853E+00,0.9984
139,Ceric Sulfate Dosimeter Solution,5.000E+01,1.235E+01,5.628E-03,1.236E+01,2.244E+00,2.241E+00,0.9985
139,Ceric Sulfate Dosimeter Solution,5.500E+01,1.145E+01,5.141E-03,1.146E+01,2.665E+00,2.661E+00,0.9985
139,Ceric Sulfate Dosimeter Solution,6.000E+01,1.070E+01,4.733E-03,1.070E+01,3.116E+00,3.112E+00,0.9985
139,Ceric Sulfate Dosimeter Solution,6.500E+01,1.005E+01,4.386E-03,1.005E+01,3.599E+00,3.593E+00,0.9985
139,Ceric Sulfate Dosimeter Solution,7.000E+01,9.486E+00,4.088E-03,9.491E+00,4.111E+00,4.105E+00,0.9985
139,Ceric Sulfate Dosimeter Solution,7.500E+01,8.995E+00,3.828E-03,8.998E+00,4.652E+00,4.646E+00,0.9985
139,Ceric Sulfate Dosimeter Solution,8.000E+01,8.561E+00,3.600E-03,8.564E+00,5.222E+00,5.215E+00,0.9986
139,Ceric Sulfate Dosimeter Solution,8.500E+01,8.174E+00,3.399E-03,8.178E+00,5.820E+00,5.811E+00,0.9986
139,Ceric Sulfate Dosimeter Solution,9.000E+01,7.829E+00,3.219E-03,7.832E+00,6.445E+00,6.436E+00,0.9986
139,Ceric Sulfate Dosimeter Solution,9.500E+01,7.517E+00,3.057E-03,7.520E+00,7.096E+00,7.087E+00,0.9986
139,Ceric Sulfate Dosimeter Solution,1.000E+02,7.235E+00,2.912E-03,7.238E+00,7.774E+00,7.764E+00,0.9986
139,Ceric Sulfate Dosimeter Solution,1.250E+02,6.146E+00,2.355E-03,6.149E+00,1.154E+01,1.152E+01,0.9987
139,Ceric Sulfate Dosimeter Solution,1.500E+02,5.405E+00,1.979E-03,5.407E+00,1.589E+01,1.587E+01,0.9987
139,Ceric Sulfate Dosimeter Solution,1.750E+02,4.868E+00,1.709E-03,4.869E+00,2.077E+01,2.074E+01,0.9987
139,Ceric Sulfate Dosimeter Solution,2.000E+02,4.460E+00,1.505E-03,4.462E+00,2.614E+01,2.611E+01,0.9988
139,Ceric Sulfate Dosimeter Solution,2.250E+02,4.140E+00,1.346E-03,4.142E+00,3.197E+01,3.193E+01,0.9988
139,Ceric Sulfate Dosimeter Solution,2.500E+02,3.883E+00,1.217E-03,3.884E+00,3.820E+01,3.816E+01,0.9988
139,Ceric Sulfate Dosimeter Solution,2.750E+02,3.672E+00,1.112E-03,3.673E+00,4.483E+01,4.478E+01,0.9988
139,Ceric Sulfate Dosimeter Solution,3.000E+02,3.496E+00,1.023E-03,3.497E+00,5.181E+01,5.175E+01,0.9989
139,Ceric Sulfate Dosimeter Solution,3.500E+02,3.219E+00,8.838E-04,3.219E+00,6.674E+01,6.666E+01,0.9989
139,Ceric Sulfate Dosimeter Solution,4.000E+02,3.011E+00,7.785E-04,3.012E+00,8.281E+01,8.273E+01,0.9989
139,Ceric Sulfate Dosimeter Solution,4.500E+02,2.851E+00,6.960E-04,2.852E+00,9.989E+01,9.979E+01,0.9990
139,Ceric Sulfate Dosimeter Solution,5.000E+02,2.725E+00,6.297E-04,2.725E+00,1.178E+02,1.177E+02,0.9990
139,Ceric Sulfate Dosimeter Solution,5.500E+02,2.622E+00,5.752E-04,2.623E+00,1.366E+02,1.364E+02,0.9990
139,Ceric Sulfate Dosimeter Solution,6.000E+02,2.538E+00,5.296E-04,2.539E+00,1.559E+02,1.558E+02,0.9990
139,Ceric Sulfate Dosimeter Solution,6.500E+02,2.469E+00,4.909E-04,2.469E+00,1.759E+02,1.757E+02,0.9991
139,Ceric Sulfate Dosimeter Solution,7.000E+02,2.410E+00,4.576E-04,2.410E+00,1.964E+02,1.962E+02,0.9991
139,Ceric Sulfate Dosimeter Solution,7.500E+02,2.360E+00,4.286E-04,2.361E+00,2.174E+02,2.172E+02,0.9991
139,Ceric Sulfate Dosimeter Solution,8.000E+02,2.318E+00,4.032E-04,2.318E+00,2.388E+02,2.386E+02,0.9991
139,Ceric Sulfate Dosimeter Solution,8.500E+02,2.281E+00,3.807E-04,2.281E+00,2.605E+02,2.603E+02,0.9991
139,Ceric Sulfate Dosimeter Solution,9.000E+02,2.249E+00,3.606E-04,2.250E+00,2.826E+02,2.823E+02,0.9992
139,Ceric Sulfate Dosimeter Solution,9.500E+02,2.221E+00,3.426E-04,2.222E+00,3.050E+02,3.047E+02,0.9992
139,Ceric Sulfate Dosimeter Solution,1.000E+03,2.196E+00,3.264E-04,2.197E+00,3.276E+02,3.273E+02,0.9992
139,Ceric Sulfate Dosimeter Solution,1.500E+03,2.057E+00,2.225E-04,2.057E+00,5.642E+02,5.638E+02,0.9993
139,Ceric Sulfate Dosimeter Solution,2.000E+03,2.008E+00,1.697E-04,2.008E+00,8.107E+02,8.102E+02,0.9994
139,Ceric Sulfate Dosimeter Solution,2.500E+03,1.991E+00,1.375E-04,1.991E+00,1.061E+03,1.060E+03,0.9994
139,Ceric Sulfate Dosimeter Solution,3.000E+03,1.988E+00,1.159E-04,1.988E+00,1.312E+03,1.312E+03,0.9995
139,Ceric Sulfate Dosimeter Solution,4.000E+03,2.000E+00,8.843E-05,2.000E+00,1.814E+03,1.813E+03,0.9996
139,Ceric Sulfate Dosimeter Solution,5.000E+03,2.019E+00,7.173E-05,2.019E+00,2.312E+03,2.311E+03,0.9996
139,Ceric Sulfate Dosimeter Solution,6.000E+03,2.040E+00,6.047E-05,2.040E+00,2.805E+03,2.804E+03,0.9997
139,Ceric Sulfate Dosimeter Solution,7.000E+03,2.060E+00,5.234E-05,2.060E+00,3.292E+03,3.291E+03,0.9997
139,Ceric Sulfate Dosimeter Solution,8.000E+03,2.079E+00,4.619E-05,2.079E+00,3.776E+03,3.774E+03,0.9997
139,Ceric Sulfate Dosimeter Solution,9.000E+03,2.097E+00,4.136E-05,2.097E+00,4.254E+03,4.253E+03,0.9997
139,Ceric Sulfate Dosimeter Solution,1.000E+04,2.114E+00,3.748E-05,2.114E+00,4.729E+03,4.728E+03,0.9997
141,Cesium Iodide,1.000E-03,3.467E+01,1.639E+00,3.631E+01,4.801E-05,7.272E-06,0.1515
141,Cesium Iodide,1.500E-03,4.246E+01,1.640E+00,4.410E+01,6.035E-05,1.033E-05,0.1712
141,Cesium Iodide,2.000E-03,4.903E+01,1.623E+00,5.065E+01,7.091E-05,1.333E-05,0.1880
141,Cesium Iodide,2.500E-03,5.482E+01,1.597E+00,5.642E+01,8.025E-05,1.625E-05,0.2025
141,Cesium Iodide,3.000E-03,6.005E+01,1.569E+00,6.162E+01,8.872E-05,1.913E-05,0.2156
141,Cesium Iodide,4.000E-03,6.934E+01,1.510E+00,7.085E+01,1.038E-04,2.477E-05,0.2386
141,Cesium Iodide,5.000E-03,7.752E+01,1.452E+00,7.898E+01,1.172E-04,3.027E-05,0.2584
141,Cesium Iodide,6.000E-03,8.492E+01,1.398E+00,8.632E+01,1.293E-04,3.567E-05,0.2760
141,Cesium Iodide,7.000E-03,9.173E+01,1.349E+00,9.308E+01,1.404E-04,4.097E-05,0.2918
141,Cesium Iodide,8.000E-03,9.806E+01,1.302E+00,9.936E+01,1.508E-04,4.618E-05,0.3062
141,Cesium Iodide,9.000E-03,1.040E+02,1.260E+00,1.053E+02,1.606E-04,5.131E-05,0.3195
141,Cesium Iodide,1.000E-02,1.096E+02,1.220E+00,1.109E+02,1.698E-04,5.635E-05,0.3318
141,Cesium Iodide,1.250E-02,1.210E+02,1.133E+00,1.221E+02,1.913E-04,6.871E-05,0.3592
141,Cesium Iodide,1.500E-02,1.309E+02,1.060E+00,1.320E+02,2.110E-04,8.078E-05,0.3830
141,Cesium Iodide,1.750E-02,1.399E+02,9.981E-01,1.409E+02,2.293E-04,9.259E-05,0.4039
141,Cesium Iodide,2.000E-02,1.480E+02,9.441E-01,1.490E+02,2.465E-04,1.042E-04,0.4225
141,Cesium Iodide,2.250E-02,1.555E+02,8.968E-01,1.563E+02,2.629E-04,1.155E-04,0.4393
141,Cesium Iodide,2.500E-02,1.623E+02,8.549E-01,1.631E+02,2.785E-04,1.266E-04,0.4546
141,Cesium Iodide,2.750E-02,1.686E+02,8.174E-01,1.694E+02,2.936E-04,1.376E-04,0.4686
141,Cesium Iodide,3.000E-02,1.745E+02,7.837E-01,1.752E+02,3.081E-04,1.483E-04,0.4815
141,Cesium Iodide,3.500E-02,1.849E+02,7.254E-01,1.856E+02,3.358E-04,1.694E-04,0.5045
141,Cesium Iodide,4.000E-02,1.940E+02,6.765E-01,1.946E+02,3.621E-04,1.900E-04,0.5247
141,Cesium Iodide,4.500E-02,2.018E+02,6.348E-01,2.024E+02,3.872E-04,2.101E-04,0.5427
141,Cesium Iodide,5.000E-02,2.085E+02,5.988E-01,2.091E+02,4.115E-04,2.300E-04,0.5588
141,Cesium Iodide,5.500E-02,2.142E+02,5.672E-01,2.147E+02,4.351E-04,2.495E-04,0.5734
141,Cesium Iodide,6.000E-02,2.190E+02,5.393E-01,2.195E+02,4.581E-04,2.688E-04,0.5867
141,Cesium Iodide,6.500E-02,2.230E+02,5.143E-01,2.235E+02,4.807E-04,2.879E-04,0.5990
141,Cesium Iodide,7.000E-02,2.263E+02,4.919E-01,2.268E+02,5.029E-04,3.070E-04,0.6103
141,Cesium Iodide,7.500E-02,2.289E+02,4.717E-01,2.294E+02,5.248E-04,3.259E-04,0.6209
141,Cesium Iodide,8.000E-02,2.310E+02,4.533E-01,2.314E+02,5.465E-04,3.448E-04,0.6309
141,Cesium Iodide,8.500E-02,2.325E+02,4.364E-01,2.329E+02,5.681E-04,3.637E-04,0.6402
141,Cesium Iodide,9.000E-02,2.334E+02,4.210E-01,2.339E+02,5.895E-04,3.825E-04,0.6489
141,Cesium Iodide,9.500E-02,2.340E+02,4.067E-01,2.344E+02,6.108E-04,4.015E-04,0.6573
141,Cesium Iodide,1.000E-01,2.341E+02,3.935E-01,2.345E+02,6.322E-04,4.205E-04,0.6651
141,Cesium Iodide,1.250E-01,2.304E+02,3.398E-01,2.307E+02,7.394E-04,5.171E-04,0.6994
141,Cesium Iodide,1.500E-01,2.219E+02,3.003E-01,2.222E+02,8.497E-04,6.181E-04,0.7274
141,Cesium Iodide,1.750E-01,2.114E+02,2.699E-01,2.117E+02,9.649E-04,7.246E-04,0.7509
141,Cesium Iodide,2.000E-01,2.006E+02,2.456E-01,2.008E+02,1.086E-03,8.374E-04,0.7710
141,Cesium Iodide,2.250E-01,1.901E+02,2.258E-01,1.904E+02,1.214E-03,9.571E-04,0.7884
141,Cesium Iodide,2.500E-01,1.806E+02,2.092E-01,1.808E+02,1.349E-03,1.084E-03,0.8035
141,Cesium Iodide,2.750E-01,1.719E+02,1.951E-01,1.721E+02,1.491E-03,1.217E-03,0.8167
141,Cesium Iodide,3.000E-01,1.641E+02,1.829E-01,1.643E+02,1.639E-03,1.358E-03,0.8284
141,Cesium Iodide,3.500E-01,1.511E+02,1.631E-01,1.512E+02,1.957E-03,1.659E-03,0.8479
141,Cesium Iodide,4.000E-01,1.406E+02,1.474E-01,1.407E+02,2.300E-03,1.986E-03,0.8633
141,Cesium Iodide,4.500E-01,1.321E+02,1.347E-01,1.322E+02,2.667E-03,2.336E-03,0.8758
141,Cesium Iodide,5.000E-01,1.251E+02,1.242E-01,1.252E+02,3.056E-03,2.707E-03,0.8860
141,Cesium Iodide,5.500E-01,1.191E+02,1.154E-01,1.193E+02,3.465E-03,3.099E-03,0.8944
141,Cesium Iodide,6.000E-01,1.140E+02,1.078E-01,1.142E+02,3.894E-03,3.510E-03,0.9015
141,Cesium Iodide,6.500E-01,1.096E+02,1.012E-01,1.097E+02,4.341E-03,3.939E-03,0.9075
141,Cesium Iodide,7.000E-01,1.056E+02,9.550E-02,1.057E+02,4.805E-03,4.385E-03,0.9126
141,Cesium Iodide,7.500E-01,1.021E+02,9.042E-02,1.022E+02,5.286E-03,4.848E-03,0.9171
141,Cesium Iodide,8.000E-01,9.892E+01,8.590E-02,9.901E+01,5.783E-03,5.327E-03,0.9210
141,Cesium Iodide,8.500E-01,9.583E+01,8.185E-02,9.591E+01,6.297E-03,5.821E-03,0.9245
141,Cesium Iodide,9.000E-01,9.283E+01,7.819E-02,9.291E+01,6.826E-03,6.332E-03,0.9276
141,Cesium Iodide,9.500E-01,8.995E+01,7.487E-02,9.003E+01,7.373E-03,6.859E-03,0.9303
141,Cesium Iodide,1.000E+00,8.722E+01,7.184E-02,8.729E+01,7.937E-03,7.404E-03,0.9328
141,Cesium Iodide,1.250E+00,7.576E+01,5.996E-02,7.582E+01,1.102E-02,1.038E-02,0.9423
141,Cesium Iodide,1.500E+00,6.741E+01,5.166E-02,6.746E+01,1.452E-02,1.378E-02,0.9487
141,Cesium Iodide,1.750E+00,6.126E+01,4.550E-02,6.130E+01,1.842E-02,1.756E-02,0.9532
141,Cesium Iodide,2.000E+00,5.663E+01,4.074E-02,5.667E+01,2.267E-02,2.168E-02,0.9565
141,Cesium Iodide,2.250E+00,5.299E+01,3.694E-02,5.303E+01,2.723E-02,2.612E-02,0.9591
141,Cesium Iodide,2.500E+00,4.988E+01,3.383E-02,4.992E+01,3.209E-02,3.085E-02,0.9612
141,Cesium Iodide,2.750E+00,4.724E+01,3.123E-02,4.728E+01,3.724E-02,3.586E-02,0.9628
141,Cesium Iodide,3.000E+00,4.491E+01,2.903E-02,4.494E+01,4.267E-02,4.114E-02,0.9643
141,Cesium Iodide,3.500E+00,4.101E+01,2.549E-02,4.103E+01,5.433E-02,5.251E-02,0.9665
141,Cesium Iodide,4.000E+00,3.783E+01,2.276E-02,3.786E+01,6.703E-02,6.490E-02,0.9683
141,Cesium Iodide,4.500E+00,3.519E+01,2.059E-02,3.521E+01,8.073E-02,7.828E-02,0.9697
141,Cesium Iodide,5.000E+00,3.295E+01,1.882E-02,3.297E+01,9.542E-02,9.263E-02,0.9708
141,Cesium Iodide,5.500E+00,3.103E+01,1.735E-02,3.104E+01,1.111E-01,1.079E-01,0.9718
141,Cesium Iodide,6.000E+00,2.935E+01,1.610E-02,2.936E+01,1.276E-01,1.241E-01,0.9726
141,Cesium Iodide,6.500E+00,2.787E+01,1.502E-02,2.789E+01,1.451E-01,1.412E-01,0.9734
141,Cesium Iodide,7.000E+00,2.657E+01,1.409E-02,2.658E+01,1.635E-01,1.592E-01,0.9740
141,Cesium Iodide,7.500E+00,2.539E+01,1.328E-02,2.541E+01,1.827E-01,1.781E-01,0.9746
141,Cesium Iodide,8.000E+00,2.433E+01,1.255E-02,2.434E+01,2.028E-01,1.978E-01,0.9751
141,Cesium Iodide,8.500E+00,2.336E+01,1.191E-02,2.337E+01,2.238E-01,2.183E-01,0.9756
141,Cesium Iodide,9.000E+00,2.248E+01,1.133E-02,2.249E+01,2.456E-01,2.397E-01,0.9760
141,Cesium Iodide,9.500E+00,2.167E+01,1.081E-02,2.168E+01,2.683E-01,2.619E-01,0.9764
141,Cesium Iodide,1.000E+01,2.093E+01,1.034E-02,2.094E+01,2.917E-01,2.850E-01,0.9768
141,Cesium Iodide,1.250E+01,1.795E+01,8.510E-03,1.796E+01,4.211E-01,4.119E-01,0.9782
141,Cesium Iodide,1.500E+01,1.580E+01,7.253E-03,1.581E+01,5.698E-01,5.580E-01,0.9793
141,Cesium Iodide,1.750E+01,1.417E+01,6.332E-03,1.417E+01,7.372E-01,7.225E-01,0.9801
141,Cesium Iodide,2.000E+01,1.288E+01,5.628E-03,1.288E+01,9.224E-01,9.046E-01,0.9807
141,Cesium Iodide,2.500E+01,1.096E+01,4.618E-03,1.097E+01,1.345E+00,1.320E+00,0.9817
141,Cesium Iodide,2.750E+01,1.023E+01,4.243E-03,1.024E+01,1.581E+00,1.553E+00,0.9821
141,Cesium Iodide,3.000E+01,9.603E+00,3.926E-03,9.606E+00,1.833E+00,1.801E+00,0.9825
141,Cesium Iodide,3.500E+01,8.580E+00,3.421E-03,8.583E+00,2.385E+00,2.344E+00,0.9831
141,Cesium Iodide,4.000E+01,7.781E+00,3.036E-03,7.784E+00,2.997E+00,2.948E+00,0.9835
141,Cesium Iodide,4.500E+01,7.138E+00,2.731E-03,7.141E+00,3.669E+00,3.610E+00,0.9839
141,Cesium Iodide,5.000E+01,6.609E+00,2.484E-03,6.612E+00,4.397E+00,4.328E+00,0.9843
141,Cesium Iodide,5.500E+01,6.166E+00,2.279E-03,6.168E+00,5.181E+00,5.101E+00,0.9846
141,Cesium Iodide,6.000E+01,5.788E+00,2.107E-03,5.790E+00,6.018E+00,5.927E+00,0.9848
141,Cesium Iodide,6.500E+01,5.462E+00,1.960E-03,5.464E+00,6.907E+00,6.804E+00,0.9851
141,Cesium Iodide,7.000E+01,5.178E+00,1.833E-03,5.180E+00,7.848E+00,7.732E+00,0.9853
141,Cesium Iodide,7.500E+01,4.928E+00,1.721E-03,4.929E+00,8.838E+00,8.709E+00,0.9855
141,Cesium Iodide,8.000E+01,4.706E+00,1.623E-03,4.707E+00,9.876E+00,9.734E+00,0.9857
141,Cesium Iodide,8.500E+01,4.507E+00,1.536E-03,4.509E+00,1.096E+01,1.081E+01,0.9858
141,Cesium Iodide,9.000E+01,4.329E+00,1.458E-03,4.331E+00,1.209E+01,1.192E+01,0.9860
141,Cesium Iodide,9.500E+01,4.168E+00,1.388E-03,4.169E+00,1.327E+01,1.309E+01,0.9861
141,Cesium Iodide,1.000E+02,4.021E+00,1.325E-03,4.022E+00,1.449E+01,1.429E+01,0.9863
141,Cesium Iodide,1.250E+02,3.451E+00,1.080E-03,3.452E+00,2.123E+01,2.095E+01,0.9868
141,Cesium Iodide,1.500E+02,3.058E+00,9.134E-04,3.059E+00,2.894E+01,2.858E+01,0.9873
141,Cesium Iodide,1.750E+02,2.770E+00,7.925E-04,2.771E+00,3.755E+01,3.709E+01,0.9877
141,Cesium Iodide,2.000E+02,2.551E+00,7.006E-04,2.551E+00,4.697E+01,4.640E+01,0.9880
141,Cesium Iodide,2.250E+02,2.378E+00,6.283E-04,2.378E+00,5.713E+01,5.646E+01,0.9883
141,Cesium Iodide,2.500E+02,2.238E+00,5.698E-04,2.239E+00,6.797E+01,6.719E+01,0.9886
141,Cesium Iodide,2.750E+02,2.123E+00,5.216E-04,2.124E+00,7.944E+01,7.855E+01,0.9888
141,Cesium Iodide,3.000E+02,2.027E+00,4.811E-04,2.027E+00,9.150E+01,9.050E+01,0.9890
141,Cesium Iodide,3.500E+02,1.875E+00,4.169E-04,1.876E+00,1.172E+02,1.159E+02,0.9894
141,Cesium Iodide,4.000E+02,1.762E+00,3.681E-04,1.762E+00,1.447E+02,1.432E+02,0.9898
141,Cesium Iodide,4.500E+02,1.674E+00,3.298E-04,1.674E+00,1.739E+02,1.721E+02,0.9901
141,Cesium Iodide,5.000E+02,1.604E+00,2.989E-04,1.604E+00,2.044E+02,2.024E+02,0.9904
141,Cesium Iodide,5.500E+02,1.548E+00,2.735E-04,1.548E+00,2.361E+02,2.339E+02,0.9907
141,Cesium Iodide,6.000E+02,1.502E+00,2.521E-04,1.502E+00,2.689E+02,2.665E+02,0.9909
141,Cesium Iodide,6.500E+02,1.463E+00,2.340E-04,1.464E+00,3.027E+02,3.000E+02,0.9911
141,Cesium Iodide,7.000E+02,1.431E+00,2.183E-04,1.432E+00,3.372E+02,3.343E+02,0.9913
141,Cesium Iodide,7.500E+02,1.404E+00,2.047E-04,1.404E+00,3.725E+02,3.693E+02,0.9915
141,Cesium Iodide,8.000E+02,1.381E+00,1.927E-04,1.381E+00,4.084E+02,4.050E+02,0.9917
141,Cesium Iodide,8.500E+02,1.361E+00,1.820E-04,1.361E+00,4.449E+02,4.413E+02,0.9919
141,Cesium Iodide,9.000E+02,1.344E+00,1.726E-04,1.344E+00,4.818E+02,4.780E+02,0.9920
141,Cesium Iodide,9.500E+02,1.329E+00,1.641E-04,1.330E+00,5.192E+02,5.152E+02,0.9922
141,Cesium Iodide,1.000E+03,1.317E+00,1.564E-04,1.317E+00,5.570E+02,5.528E+02,0.9923
141,Cesium Iodide,1.500E+03,1.252E+00,1.070E-04,1.252E+00,9.487E+02,9.425E+02,0.9935
141,Cesium Iodide,2.000E+03,1.238E+00,8.178E-05,1.238E+00,1.351E+03,1.343E+03,0.9943
141,Cesium Iodide,2.500E+03,1.241E+00,6.639E-05,1.241E+00,1.755E+03,1.746E+03,0.9948
141,Cesium Iodide,3.000E+03,1.251E+00,5.600E-05,1.251E+00,2.156E+03,2.146E+03,0.9953
141,Cesium Iodide,4.000E+03,1.278E+00,4.283E-05,1.278E+00,2.947E+03,2.935E+03,0.9959
141,Cesium Iodide,5.000E+03,1.305E+00,3.479E-05,1.305E+00,3.722E+03,3.708E+03,0.9964
141,Cesium Iodide,6.000E+03,1.330E+00,2.935E-05,1.330E+00,4.480E+03,4.466E+03,0.9967
141,Cesium Iodide,7.000E+03,1.354E+00,2.543E-05,1.354E+00,5.225E+03,5.210E+03,0.9970
141,Cesium Iodide,8.000E+03,1.375E+00,2.245E-05,1.375E+00,5.958E+03,5.942E+03,0.9972
141,Cesium Iodide,9.000E+03,1.394E+00,2.012E-05,1.394E+00,6.681E+03,6.663E+03,0.9974
141,Cesium Iodide,1.000E+04,1.412E+00,1.824E-05,1.412E+00,7.393E+03,7.376E+03,0.9976
155,Ethylene,1.000E-03,2.258E+02,5.407E+01,2.799E+02,4.193E-06,2.300E-06,0.5486
155,Ethylene,1.500E-03,2.765E+02,4.284E+01,3.194E+02,5.852E-06,3.439E-06,0.5877
155,Ethylene,2.000E-03,3.193E+02,3.593E+01,3.552E+02,7.335E-06,4.533E-06,0.6180
155,Ethylene,2.500E-03,3.570E+02,3.117E+01,3.882E+02,8.681E-06,5.575E-06,0.6422
155,Ethylene,3.000E-03,3.911E+02,2.766E+01,4.187E+02,9.920E-06,6.568E-06,0.6621
155,Ethylene,4.000E-03,4.459E+02,2.277E+01,4.687E+02,1.217E-05,8.444E-06,0.6937
155,Ethylene,5.000E-03,4.949E+02,1.949E+01,5.144E+02,1.421E-05,1.020E-05,0.7178
155,Ethylene,6.000E-03,5.391E+02,1.712E+01,5.562E+02,1.608E-05,1.185E-05,0.7370
155,Ethylene,7.000E-03,5.796E+02,1.531E+01,5.949E+02,1.781E-05,1.341E-05,0.7528
155,Ethylene,8.000E-03,6.160E+02,1.387E+01,6.299E+02,1.944E-05,1.490E-05,0.7660
155,Ethylene,9.000E-03,6.495E+02,1.271E+01,6.622E+02,2.099E-05,1.632E-05,0.7774
155,Ethylene,1.000E-02,6.806E+02,1.175E+01,6.924E+02,2.247E-05,1.769E-05,0.7873
155,Ethylene,1.250E-02,7.429E+02,9.913E+00,7.528E+02,2.592E-05,2.093E-05,0.8075
155,Ethylene,1.500E-02,7.951E+02,8.613E+00,8.037E+02,2.914E-05,2.398E-05,0.8232
155,Ethylene,1.750E-02,8.401E+02,7.637E+00,8.478E+02,3.216E-05,2.688E-05,0.8358
155,Ethylene,2.000E-02,8.799E+02,6.875E+00,8.867E+02,3.504E-05,2.966E-05,0.8463
155,Ethylene,2.250E-02,9.148E+02,6.262E+00,9.211E+02,3.781E-05,3.233E-05,0.8552
155,Ethylene,2.500E-02,9.455E+02,5.757E+00,9.513E+02,4.048E-05,3.493E-05,0.8629
155,Ethylene,2.750E-02,9.724E+02,5.334E+00,9.777E+02,4.307E-05,3.745E-05,0.8696
155,Ethylene,3.000E-02,9.961E+02,4.972E+00,1.001E+03,4.560E-05,3.992E-05,0.8755
155,Ethylene,3.500E-02,1.037E+03,4.389E+00,1.041E+03,5.049E-05,4.471E-05,0.8855
155,Ethylene,4.000E-02,1.071E+03,3.936E+00,1.075E+03,5.521E-05,4.935E-05,0.8938
155,Ethylene,4.500E-02,1.099E+03,3.573E+00,1.102E+03,5.980E-05,5.387E-05,0.9008
155,Ethylene,5.000E-02,1.120E+03,3.276E+00,1.123E+03,6.430E-05,5.830E-05,0.9067
155,Ethylene,5.500E-02,1.135E+03,3.028E+00,1.138E+03,6.872E-05,6.266E-05,0.9119
155,Ethylene,6.000E-02,1.145E+03,2.817E+00,1.148E+03,7.309E-05,6.699E-05,0.9165
155,Ethylene,6.500E-02,1.150E+03,2.635E+00,1.153E+03,7.744E-05,7.129E-05,0.9206
155,Ethylene,7.000E-02,1.152E+03,2.477E+00,1.155E+03,8.177E-05,7.558E-05,0.9243
155,Ethylene,7.500E-02,1.152E+03,2.338E+00,1.154E+03,8.610E-05,7.987E-05,0.9277
155,Ethylene,8.000E-02,1.148E+03,2.215E+00,1.150E+03,9.044E-05,8.417E-05,0.9307
155,Ethylene,8.500E-02,1.142E+03,2.105E+00,1.144E+03,9.480E-05,8.850E-05,0.9336
155,Ethylene,9.000E-02,1.135E+03,2.006E+00,1.137E+03,9.918E-05,9.285E-05,0.9362
155,Ethylene,9.500E-02,1.126E+03,1.916E+00,1.128E+03,1.036E-04,9.723E-05,0.9386
155,Ethylene,1.000E-01,1.115E+03,1.835E+00,1.117E+03,1.080E-04,1.017E-04,0.9409
155,Ethylene,1.250E-01,1.052E+03,1.518E+00,1.054E+03,1.311E-04,1.245E-04,0.9502
155,Ethylene,1.500E-01,9.815E+02,1.300E+00,9.828E+02,1.556E-04,1.490E-04,0.9573
155,Ethylene,1.750E-01,9.128E+02,1.139E+00,9.139E+02,1.820E-04,1.752E-04,0.9629
155,Ethylene,2.000E-01,8.497E+02,1.015E+00,8.507E+02,2.104E-04,2.035E-04,0.9674
155,Ethylene,2.250E-01,7.956E+02,9.168E-01,7.965E+02,2.408E-04,2.338E-04,0.9711
155,Ethylene,2.500E-01,7.490E+02,8.369E-01,7.498E+02,2.731E-04,2.661E-04,0.9741
155,Ethylene,2.750E-01,7.083E+02,7.698E-01,7.091E+02,3.074E-04,3.003E-04,0.9766
155,Ethylene,3.000E-01,6.724E+02,7.126E-01,6.731E+02,3.436E-04,3.364E-04,0.9788
155,Ethylene,3.500E-01,6.117E+02,6.212E-01,6.123E+02,4.216E-04,4.141E-04,0.9822
155,Ethylene,4.000E-01,5.621E+02,5.514E-01,5.626E+02,5.069E-04,4.992E-04,0.9848
155,Ethylene,4.500E-01,5.206E+02,4.963E-01,5.211E+02,5.993E-04,5.914E-04,0.9868
155,Ethylene,5.000E-01,4.853E+02,4.515E-01,4.858E+02,6.988E-04,6.906E-04,0.9883
155,Ethylene,5.500E-01,4.549E+02,4.145E-01,4.553E+02,8.052E-04,7.968E-04,0.9896
155,Ethylene,6.000E-01,4.284E+02,3.832E-01,4.288E+02,9.184E-04,9.098E-04,0.9906
155,Ethylene,6.500E-01,4.055E+02,3.564E-01,4.058E+02,1.038E-03,1.029E-03,0.9915
155,Ethylene,7.000E-01,3.852E+02,3.332E-01,3.855E+02,1.165E-03,1.156E-03,0.9922
155,Ethylene,7.500E-01,3.671E+02,3.129E-01,3.674E+02,1.298E-03,1.288E-03,0.9928
155,Ethylene,8.000E-01,3.508E+02,2.951E-01,3.511E+02,1.437E-03,1.427E-03,0.9933
155,Ethylene,8.500E-01,3.362E+02,2.792E-01,3.365E+02,1.582E-03,1.573E-03,0.9937
155,Ethylene,9.000E-01,3.228E+02,2.651E-01,3.230E+02,1.734E-03,1.724E-03,0.9941
155,Ethylene,9.500E-01,3.105E+02,2.523E-01,3.108E+02,1.892E-03,1.881E-03,0.9944
155,Ethylene,1.000E+00,2.993E+02,2.408E-01,2.995E+02,2.056E-03,2.045E-03,0.9947
155,Ethylene,1.250E+00,2.546E+02,1.963E-01,2.548E+02,2.964E-03,2.952E-03,0.9958
155,Ethylene,1.500E+00,2.227E+02,1.660E-01,2.229E+02,4.016E-03,4.002E-03,0.9965
155,Ethylene,1.750E+00,1.986E+02,1.440E-01,1.987E+02,5.206E-03,5.190E-03,0.9969
155,Ethylene,2.000E+00,1.796E+02,1.273E-01,1.797E+02,6.531E-03,6.513E-03,0.9972
155,Ethylene,2.250E+00,1.642E+02,1.142E-01,1.643E+02,7.988E-03,7.968E-03,0.9975
155,Ethylene,2.500E+00,1.515E+02,1.036E-01,1.516E+02,9.574E-03,9.551E-03,0.9976
155,Ethylene,2.750E+00,1.408E+02,9.481E-02,1.409E+02,1.129E-02,1.126E-02,0.9978
155,Ethylene,3.000E+00,1.316E+02,8.744E-02,1.317E+02,1.312E-02,1.309E-02,0.9979
155,Ethylene,3.500E+00,1.167E+02,7.575E-02,1.168E+02,1.716E-02,1.713E-02,0.9981
155,Ethylene,4.000E+00,1.051E+02,6.688E-02,1.051E+02,2.168E-02,2.164E-02,0.9982
155,Ethylene,4.500E+00,9.572E+01,5.991E-02,9.578E+01,2.667E-02,2.662E-02,0.9983
155,Ethylene,5.000E+00,8.802E+01,5.429E-02,8.808E+01,3.212E-02,3.206E-02,0.9983
155,Ethylene,5.500E+00,8.156E+01,4.965E-02,8.161E+01,3.802E-02,3.796E-02,0.9984
155,Ethylene,6.000E+00,7.606E+01,4.576E-02,7.611E+01,4.437E-02,4.430E-02,0.9985
155,Ethylene,6.500E+00,7.132E+01,4.245E-02,7.136E+01,5.116E-02,5.108E-02,0.9985
155,Ethylene,7.000E+00,6.717E+01,3.959E-02,6.721E+01,5.838E-02,5.829E-02,0.9985
155,Ethylene,7.500E+00,6.352E+01,3.711E-02,6.356E+01,6.603E-02,6.594E-02,0.9986
155,Ethylene,8.000E+00,6.028E+01,3.492E-02,6.032E+01,7.411E-02,7.401E-02,0.9986
155,Ethylene,8.500E+00,5.739E+01,3.298E-02,5.742E+01,8.261E-02,8.250E-02,0.9986
155,Ethylene,9.000E+00,5.478E+01,3.126E-02,5.481E+01,9.153E-02,9.140E-02,0.9986
155,Ethylene,9.500E+00,5.242E+01,2.970E-02,5.245E+01,1.009E-01,1.007E-01,0.9986
155,Ethylene,1.000E+01,5.027E+01,2.830E-02,5.030E+01,1.106E-01,1.104E-01,0.9987
155,Ethylene,1.250E+01,4.188E+01,2.292E-02,4.190E+01,1.653E-01,1.651E-01,0.9987
155,Ethylene,1.500E+01,3.605E+01,1.929E-02,3.607E+01,2.298E-01,2.295E-01,0.9988
155,Ethylene,1.750E+01,3.176E+01,1.667E-02,3.178E+01,3.038E-01,3.035E-01,0.9988
155,Ethylene,2.000E+01,2.846E+01,1.469E-02,2.847E+01,3.871E-01,3.866E-01,0.9988
155,Ethylene,2.500E+01,2.369E+01,1.189E-02,2.370E+01,5.805E-01,5.798E-01,0.9989
155,Ethylene,2.750E+01,2.191E+01,1.086E-02,2.192E+01,6.902E-01,6.895E-01,0.9989
155,Ethylene,3.000E+01,2.040E+01,1.000E-02,2.041E+01,8.085E-01,8.076E-01,0.9989
155,Ethylene,3.500E+01,1.799E+01,8.638E-03,1.800E+01,1.070E+00,1.069E+00,0.9989
155,Ethylene,4.000E+01,1.614E+01,7.608E-03,1.615E+01,1.364E+00,1.362E+00,0.9989
155,Ethylene,4.500E+01,1.468E+01,6.801E-03,1.468E+01,1.689E+00,1.687E+00,0.9990
155,Ethylene,5.000E+01,1.349E+01,6.153E-03,1.349E+01,2.045E+00,2.042E+00,0.9990
155,Ethylene,5.500E+01,1.250E+01,5.619E-03,1.250E+01,2.430E+00,2.427E+00,0.9990
155,Ethylene,6.000E+01,1.166E+01,5.172E-03,1.167E+01,2.844E+00,2.841E+00,0.9990
155,Ethylene,6.500E+01,1.095E+01,4.793E-03,1.095E+01,3.287E+00,3.283E+00,0.9990
155,Ethylene,7.000E+01,1.033E+01,4.466E-03,1.034E+01,3.757E+00,3.753E+00,0.9990
155,Ethylene,7.500E+01,9.792E+00,4.182E-03,9.796E+00,4.254E+00,4.250E+00,0.9990
155,Ethylene,8.000E+01,9.315E+00,3.933E-03,9.319E+00,4.777E+00,4.773E+00,0.9990
155,Ethylene,8.500E+01,8.891E+00,3.712E-03,8.895E+00,5.327E+00,5.322E+00,0.9991
155,Ethylene,9.000E+01,8.512E+00,3.515E-03,8.516E+00,5.901E+00,5.896E+00,0.9991
155,Ethylene,9.500E+01,8.171E+00,3.339E-03,8.174E+00,6.501E+00,6.495E+00,0.9991
155,Ethylene,1.000E+02,7.862E+00,3.180E-03,7.865E+00,7.125E+00,7.118E+00,0.9991
155,Ethylene,1.250E+02,6.670E+00,2.571E-03,6.673E+00,1.059E+01,1.058E+01,0.9991
155,Ethylene,1.500E+02,5.860E+00,2.161E-03,5.862E+00,1.460E+01,1.459E+01,0.9991
155,Ethylene,1.750E+02,5.273E+00,1.865E-03,5.275E+00,1.911E+01,1.909E+01,0.9992
155,Ethylene,2.000E+02,4.828E+00,1.643E-03,4.830E+00,2.407E+01,2.405E+01,0.9992
155,Ethylene,2.250E+02,4.480E+00,1.468E-03,4.481E+00,2.945E+01,2.942E+01,0.9992
155,Ethylene,2.500E+02,4.199E+00,1.328E-03,4.201E+00,3.521E+01,3.519E+01,0.9992
155,Ethylene,2.750E+02,3.969E+00,1.213E-03,3.971E+00,4.134E+01,4.131E+01,0.9992
155,Ethylene,3.000E+02,3.777E+00,1.116E-03,3.778E+00,4.780E+01,4.776E+01,0.9992
155,Ethylene,3.500E+02,3.475E+00,9.640E-04,3.476E+00,6.162E+01,6.158E+01,0.9993
155,Ethylene,4.000E+02,3.250E+00,8.490E-04,3.251E+00,7.651E+01,7.646E+01,0.9993
155,Ethylene,4.500E+02,3.076E+00,7.590E-04,3.076E+00,9.234E+01,9.228E+01,0.9993
155,Ethylene,5.000E+02,2.938E+00,6.867E-04,2.938E+00,1.090E+02,1.089E+02,0.9993
155,Ethylene,5.500E+02,2.826E+00,6.272E-04,2.827E+00,1.263E+02,1.263E+02,0.9993
155,Ethylene,6.000E+02,2.735E+00,5.775E-04,2.735E+00,1.443E+02,1.442E+02,0.9994
155,Ethylene,6.500E+02,2.658E+00,5.352E-04,2.659E+00,1.629E+02,1.628E+02,0.9994
155,Ethylene,7.000E+02,2.594E+00,4.989E-04,2.595E+00,1.819E+02,1.818E+02,0.9994
155,Ethylene,7.500E+02,2.540E+00,4.673E-04,2.541E+00,2.014E+02,2.013E+02,0.9994
155,Ethylene,8.000E+02,2.494E+00,4.395E-04,2.494E+00,2.213E+02,2.211E+02,0.9994
155,Ethylene,8.500E+02,2.454E+00,4.150E-04,2.454E+00,2.415E+02,2.413E+02,0.9994
155,Ethylene,9.000E+02,2.419E+00,3.931E-04,2.419E+00,2.620E+02,2.619E+02,0.9994
155,Ethylene,9.500E+02,2.389E+00,3.735E-04,2.389E+00,2.828E+02,2.827E+02,0.9994
155,Ethylene,1.000E+03,2.362E+00,3.558E-04,2.363E+00,3.039E+02,3.037E+02,0.9995
155,Ethylene,1.500E+03,2.222E+00,2.425E-04,2.222E+00,5.234E+02,5.232E+02,0.9995
155,Ethylene,2.000E+03,2.182E+00,1.848E-04,2.182E+00,7.509E+02,7.506E+02,0.9996
155,Ethylene,2.500E+03,2.177E+00,1.498E-04,2.177E+00,9.806E+02,9.802E+02,0.9996
155,Ethylene,3.000E+03,2.186E+00,1.262E-04,2.187E+00,1.210E+03,1.209E+03,0.9997
155,Ethylene,4.000E+03,2.222E+00,9.631E-05,2.222E+00,1.664E+03,1.663E+03,0.9997
155,Ethylene,5.000E+03,2.263E+00,7.812E-05,2.263E+00,2.110E+03,2.109E+03,0.9997
155,Ethylene,6.000E+03,2.303E+00,6.584E-05,2.303E+00,2.548E+03,2.547E+03,0.9998
155,Ethylene,7.000E+03,2.340E+00,5.699E-05,2.340E+00,2.978E+03,2.978E+03,0.9998
155,Ethylene,8.000E+03,2.375E+00,5.028E-05,2.375E+00,3.403E+03,3.402E+03,0.9998
155,Ethylene,9.000E+03,2.408E+00,4.503E-05,2.408E+00,3.821E+03,3.820E+03,0.9998
155,Ethylene,1.000E+04,2.438E+00,4.080E-05,2.438E+00,4.233E+03,4.233E+03,0.9998
160,Ferrous Sulfate Dosimeter Solution,1.000E-03,1.351E+02,4.228E+01,1.774E+02,6.349E-06,2.879E-06,0.4534
160,Ferrous Sulfate Dosimeter Solution,1.500E-03,1.655E+02,3.393E+01,1.994E+02,8.989E-06,4.393E-06,0.4888
160,Ferrous Sulfate Dosimeter Solution,2.000E-03,1.911E+02,2.873E+01,2.198E+02,1.138E-05,5.893E-06,0.5180
160,Ferrous Sulfate Dosimeter Solution,2.500E-03,2.136E+02,2.511E+01,2.387E+02,1.356E-05,7.353E-06,0.5424
160,Ferrous Sulfate Dosimeter Solution,3.000E-03,2.340E+02,2.241E+01,2.564E+02,1.558E-05,8.773E-06,0.5632
160,Ferrous Sulfate Dosimeter Solution,4.000E-03,2.702E+02,1.862E+01,2.888E+02,1.925E-05,1.149E-05,0.5972
160,Ferrous Sulfate Dosimeter Solution,5.000E-03,3.021E+02,1.604E+01,3.181E+02,2.254E-05,1.407E-05,0.6240
160,Ferrous Sulfate Dosimeter Solution,6.000E-03,3.309E+02,1.416E+01,3.451E+02,2.556E-05,1.651E-05,0.6460
160,Ferrous Sulfate Dosimeter Solution,7.000E-03,3.574E+02,1.272E+01,3.702E+02,2.835E-05,1.884E-05,0.6644
160,Ferrous Sulfate Dosimeter Solution,8.000E-03,3.821E+02,1.157E+01,3.937E+02,3.097E-05,2.106E-05,0.6801
160,Ferrous Sulfate Dosimeter Solution,9.000E-03,4.053E+02,1.063E+01,4.159E+02,3.344E-05,2.320E-05,0.6938
160,Ferrous Sulfate Dosimeter Solution,1.000E-02,4.272E+02,9.853E+00,4.371E+02,3.579E-05,2.526E-05,0.7058
160,Ferrous Sulfate Dosimeter Solution,1.250E-02,4.707E+02,8.360E+00,4.791E+02,4.124E-05,3.013E-05,0.7307
160,Ferrous Sulfate Dosimeter Solution,1.500E-02,5.087E+02,7.293E+00,5.160E+02,4.626E-05,3.471E-05,0.7503
160,Ferrous Sulfate Dosimeter Solution,1.750E-02,5.424E+02,6.488E+00,5.489E+02,5.096E-05,3.905E-05,0.7664
160,Ferrous Sulfate Dosimeter Solution,2.000E-02,5.728E+02,5.856E+00,5.787E+02,5.539E-05,4.320E-05,0.7799
160,Ferrous Sulfate Dosimeter Solution,2.250E-02,6.003E+02,5.346E+00,6.056E+02,5.961E-05,4.717E-05,0.7913
160,Ferrous Sulfate Dosimeter Solution,2.500E-02,6.253E+02,4.924E+00,6.302E+02,6.366E-05,5.101E-05,0.8013
160,Ferrous Sulfate Dosimeter Solution,2.750E-02,6.480E+02,4.570E+00,6.526E+02,6.755E-05,5.472E-05,0.8101
160,Ferrous Sulfate Dosimeter Solution,3.000E-02,6.688E+02,4.266E+00,6.730E+02,7.132E-05,5.833E-05,0.8178
160,Ferrous Sulfate Dosimeter Solution,3.500E-02,7.050E+02,3.775E+00,7.088E+02,7.856E-05,6.529E-05,0.8311
160,Ferrous Sulfate Dosimeter Solution,4.000E-02,7.351E+02,3.392E+00,7.385E+02,8.546E-05,7.197E-05,0.8422
160,Ferrous Sulfate Dosimeter Solution,4.500E-02,7.599E+02,3.085E+00,7.630E+02,9.212E-05,7.844E-05,0.8515
160,Ferrous Sulfate Dosimeter Solution,5.000E-02,7.801E+02,2.833E+00,7.829E+02,9.859E-05,8.474E-05,0.8596
160,Ferrous Sulfate Dosimeter Solution,5.500E-02,7.961E+02,2.621E+00,7.987E+02,1.049E-04,9.092E-05,0.8667
160,Ferrous Sulfate Dosimeter Solution,6.000E-02,8.085E+02,2.441E+00,8.109E+02,1.111E-04,9.700E-05,0.8730
160,Ferrous Sulfate Dosimeter Solution,6.500E-02,8.177E+02,2.286E+00,8.200E+02,1.172E-04,1.030E-04,0.8786
160,Ferrous Sulfate Dosimeter Solution,7.000E-02,8.241E+02,2.151E+00,8.262E+02,1.233E-04,1.090E-04,0.8837
160,Ferrous Sulfate Dosimeter Solution,7.500E-02,8.279E+02,2.032E+00,8.300E+02,1.294E-04,1.149E-04,0.8884
160,Ferrous Sulfate Dosimeter Solution,8.000E-02,8.296E+02,1.926E+00,8.316E+02,1.354E-04,1.208E-04,0.8927
160,Ferrous Sulfate Dosimeter Solution,8.500E-02,8.294E+02,1.832E+00,8.312E+02,1.414E-04,1.268E-04,0.8966
160,Ferrous Sulfate Dosimeter Solution,9.000E-02,8.275E+02,1.747E+00,8.293E+02,1.474E-04,1.327E-04,0.9003
160,Ferrous Sulfate Dosimeter Solution,9.500E-02,8.242E+02,1.670E+00,8.259E+02,1.534E-04,1.387E-04,0.9037
160,Ferrous Sulfate Dosimeter Solution,1.000E-01,8.197E+02,1.600E+00,8.213E+02,1.595E-04,1.447E-04,0.9069
160,Ferrous Sulfate Dosimeter Solution,1.250E-01,7.849E+02,1.327E+00,7.862E+02,1.906E-04,1.754E-04,0.9204
160,Ferrous Sulfate Dosimeter Solution,1.500E-01,7.405E+02,1.138E+00,7.416E+02,2.233E-04,2.078E-04,0.9308
160,Ferrous Sulfate Dosimeter Solution,1.750E-01,6.951E+02,9.982E-01,6.961E+02,2.581E-04,2.424E-04,0.9391
160,Ferrous Sulfate Dosimeter Solution,2.000E-01,6.528E+02,8.908E-01,6.537E+02,2.952E-04,2.792E-04,0.9459
160,Ferrous Sulfate Dosimeter Solution,2.250E-01,6.178E+02,8.055E-01,6.186E+02,3.345E-04,3.183E-04,0.9515
160,Ferrous Sulfate Dosimeter Solution,2.500E-01,5.884E+02,7.359E-01,5.892E+02,3.759E-04,3.595E-04,0.9563
160,Ferrous Sulfate Dosimeter Solution,2.750E-01,5.628E+02,6.775E-01,5.635E+02,4.193E-04,4.027E-04,0.9602
160,Ferrous Sulfate Dosimeter Solution,3.000E-01,5.399E+02,6.277E-01,5.405E+02,4.647E-04,4.478E-04,0.9636
160,Ferrous Sulfate Dosimeter Solution,3.500E-01,4.999E+02,5.481E-01,5.004E+02,5.609E-04,5.435E-04,0.9691
160,Ferrous Sulfate Dosimeter Solution,4.000E-01,4.656E+02,4.872E-01,4.661E+02,6.645E-04,6.467E-04,0.9732
160,Ferrous Sulfate Dosimeter Solution,4.500E-01,4.355E+02,4.389E-01,4.360E+02,7.755E-04,7.572E-04,0.9765
160,Ferrous Sulfate Dosimeter Solution,5.000E-01,4.088E+02,3.998E-01,4.092E+02,8.939E-04,8.752E-04,0.9791
160,Ferrous Sulfate Dosimeter Solution,5.500E-01,3.850E+02,3.673E-01,3.854E+02,1.020E-03,1.001E-03,0.9812
160,Ferrous Sulfate Dosimeter Solution,6.000E-01,3.641E+02,3.400E-01,3.645E+02,1.153E-03,1.134E-03,0.9830
160,Ferrous Sulfate Dosimeter Solution,6.500E-01,3.456E+02,3.166E-01,3.459E+02,1.294E-03,1.274E-03,0.9845
160,Ferrous Sulfate Dosimeter Solution,7.000E-01,3.291E+02,2.963E-01,3.294E+02,1.442E-03,1.422E-03,0.9858
160,Ferrous Sulfate Dosimeter Solution,7.500E-01,3.143E+02,2.786E-01,3.146E+02,1.598E-03,1.577E-03,0.9868
160,Ferrous Sulfate Dosimeter Solution,8.000E-01,3.009E+02,2.629E-01,3.012E+02,1.760E-03,1.739E-03,0.9878
160,Ferrous Sulfate Dosimeter Solution,8.500E-01,2.888E+02,2.489E-01,2.890E+02,1.930E-03,1.908E-03,0.9886
160,Ferrous Sulfate Dosimeter Solution,9.000E-01,2.777E+02,2.364E-01,2.780E+02,2.106E-03,2.084E-03,0.9893
160,Ferrous Sulfate Dosimeter Solution,9.500E-01,2.676E+02,2.252E-01,2.678E+02,2.289E-03,2.266E-03,0.9899
160,Ferrous Sulfate Dosimeter Solution,1.000E+00,2.583E+02,2.150E-01,2.585E+02,2.480E-03,2.456E-03,0.9905
160,Ferrous Sulfate Dosimeter Solution,1.250E+00,2.208E+02,1.757E-01,2.210E+02,3.529E-03,3.503E-03,0.9925
160,Ferrous Sulfate Dosimeter Solution,1.500E+00,1.939E+02,1.489E-01,1.941E+02,4.740E-03,4.710E-03,0.9938
160,Ferrous Sulfate Dosimeter Solution,1.750E+00,1.734E+02,1.294E-01,1.735E+02,6.104E-03,6.072E-03,0.9946
160,Ferrous Sulfate Dosimeter Solution,2.000E+00,1.572E+02,1.145E-01,1.573E+02,7.620E-03,7.583E-03,0.9952
160,Ferrous Sulfate Dosimeter Solution,2.250E+00,1.441E+02,1.028E-01,1.442E+02,9.281E-03,9.241E-03,0.9956
160,Ferrous Sulfate Dosimeter Solution,2.500E+00,1.333E+02,9.333E-02,1.333E+02,1.109E-02,1.104E-02,0.9960
160,Ferrous Sulfate Dosimeter Solution,2.750E+00,1.241E+02,8.551E-02,1.242E+02,1.303E-02,1.298E-02,0.9963
160,Ferrous Sulfate Dosimeter Solution,3.000E+00,1.162E+02,7.893E-02,1.163E+02,1.511E-02,1.506E-02,0.9965
160,Ferrous Sulfate Dosimeter Solution,3.500E+00,1.033E+02,6.848E-02,1.034E+02,1.968E-02,1.962E-02,0.9968
160,Ferrous Sulfate Dosimeter Solution,4.000E+00,9.329E+01,6.053E-02,9.335E+01,2.478E-02,2.470E-02,0.9970
160,Ferrous Sulfate Dosimeter Solution,4.500E+00,8.518E+01,5.427E-02,8.523E+01,3.039E-02,3.031E-02,0.9972
160,Ferrous Sulfate Dosimeter Solution,5.000E+00,7.849E+01,4.922E-02,7.854E+01,3.651E-02,3.641E-02,0.9973
160,Ferrous Sulfate Dosimeter Solution,5.500E+00,7.286E+01,4.505E-02,7.291E+01,4.312E-02,4.301E-02,0.9975
160,Ferrous Sulfate Dosimeter Solution,6.000E+00,6.806E+01,4.155E-02,6.810E+01,5.022E-02,5.010E-02,0.9975
160,Ferrous Sulfate Dosimeter Solution,6.500E+00,6.390E+01,3.857E-02,6.393E+01,5.780E-02,5.766E-02,0.9976
160,Ferrous Sulfate Dosimeter Solution,7.000E+00,6.026E+01,3.599E-02,6.029E+01,6.586E-02,6.571E-02,0.9977
160,Ferrous Sulfate Dosimeter Solution,7.500E+00,5.705E+01,3.375E-02,5.708E+01,7.439E-02,7.422E-02,0.9977
160,Ferrous Sulfate Dosimeter Solution,8.000E+00,5.419E+01,3.177E-02,5.422E+01,8.338E-02,8.319E-02,0.9978
160,Ferrous Sulfate Dosimeter Solution,8.500E+00,5.164E+01,3.002E-02,5.167E+01,9.283E-02,9.262E-02,0.9978
160,Ferrous Sulfate Dosimeter Solution,9.000E+00,4.933E+01,2.846E-02,4.936E+01,1.027E-01,1.025E-01,0.9979
160,Ferrous Sulfate Dosimeter Solution,9.500E+00,4.724E+01,2.705E-02,4.727E+01,1.131E-01,1.128E-01,0.9979
160,Ferrous Sulfate Dosimeter Solution,1.000E+01,4.534E+01,2.578E-02,4.536E+01,1.239E-01,1.236E-01,0.9979
160,Ferrous Sulfate Dosimeter Solution,1.250E+01,3.788E+01,2.091E-02,3.790E+01,1.845E-01,1.841E-01,0.9980
160,Ferrous Sulfate Dosimeter Solution,1.500E+01,3.269E+01,1.762E-02,3.271E+01,2.557E-01,2.552E-01,0.9981
160,Ferrous Sulfate Dosimeter Solution,1.750E+01,2.885E+01,1.524E-02,2.887E+01,3.372E-01,3.366E-01,0.9982
160,Ferrous Sulfate Dosimeter Solution,2.000E+01,2.589E+01,1.343E-02,2.590E+01,4.288E-01,4.280E-01,0.9982
160,Ferrous Sulfate Dosimeter Solution,2.500E+01,2.160E+01,1.088E-02,2.161E+01,6.411E-01,6.400E-01,0.9983
160,Ferrous Sulfate Dosimeter Solution,2.750E+01,2.000E+01,9.941E-03,2.001E+01,7.614E-01,7.602E-01,0.9983
160,Ferrous Sulfate Dosimeter Solution,3.000E+01,1.864E+01,9.155E-03,1.865E+01,8.910E-01,8.895E-01,0.9984
160,Ferrous Sulfate Dosimeter Solution,3.500E+01,1.646E+01,7.911E-03,1.646E+01,1.177E+00,1.175E+00,0.9984
160,Ferrous Sulfate Dosimeter Solution,4.000E+01,1.478E+01,6.970E-03,1.479E+01,1.498E+00,1.496E+00,0.9984
160,Ferrous Sulfate Dosimeter Solution,4.500E+01,1.345E+01,6.233E-03,1.346E+01,1.853E+00,1.850E+00,0.9985
160,Ferrous Sulfate Dosimeter Solution,5.000E+01,1.237E+01,5.640E-03,1.238E+01,2.241E+00,2.237E+00,0.9985
160,Ferrous Sulfate Dosimeter Solution,5.500E+01,1.147E+01,5.152E-03,1.148E+01,2.661E+00,2.657E+00,0.9985
160,Ferrous Sulfate Dosimeter Solution,6.000E+01,1.071E+01,4.743E-03,1.072E+01,3.112E+00,3.107E+00,0.9985
160,Ferrous Sulfate Dosimeter Solution,6.500E+01,1.006E+01,4.396E-03,1.007E+01,3.593E+00,3.588E+00,0.9985
160,Ferrous Sulfate Dosimeter Solution,7.000E+01,9.500E+00,4.097E-03,9.504E+00,4.105E+00,4.099E+00,0.9986
160,Ferrous Sulfate Dosimeter Solution,7.500E+01,9.008E+00,3.837E-03,9.011E+00,4.645E+00,4.639E+00,0.9986
160,Ferrous Sulfate Dosimeter Solution,8.000E+01,8.573E+00,3.608E-03,8.576E+00,5.214E+00,5.207E+00,0.9986
160,Ferrous Sulfate Dosimeter Solution,8.500E+01,8.186E+00,3.406E-03,8.189E+00,5.811E+00,5.803E+00,0.9986
160,Ferrous Sulfate Dosimeter Solution,9.000E+01,7.840E+00,3.226E-03,7.843E+00,6.435E+00,6.426E+00,0.9986
160,Ferrous Sulfate Dosimeter Solution,9.500E+01,7.528E+00,3.064E-03,7.531E+00,7.086E+00,7.076E+00,0.9986
160,Ferrous Sulfate Dosimeter Solution,1.000E+02,7.245E+00,2.918E-03,7.248E+00,7.763E+00,7.752E+00,0.9986
160,Ferrous Sulfate Dosimeter Solution,1.250E+02,6.155E+00,2.360E-03,6.157E+00,1.152E+01,1.151E+01,0.9987
160,Ferrous Sulfate Dosimeter Solution,1.500E+02,5.413E+00,1.984E-03,5.415E+00,1.587E+01,1.584E+01,0.9987
160,Ferrous Sulfate Dosimeter Solution,1.750E+02,4.874E+00,1.713E-03,4.876E+00,2.074E+01,2.071E+01,0.9987
160,Ferrous Sulfate Dosimeter Solution,2.000E+02,4.466E+00,1.509E-03,4.468E+00,2.611E+01,2.607E+01,0.9988
160,Ferrous Sulfate Dosimeter Solution,2.250E+02,4.146E+00,1.349E-03,4.147E+00,3.192E+01,3.188E+01,0.9988
160,Ferrous Sulfate Dosimeter Solution,2.500E+02,3.888E+00,1.220E-03,3.890E+00,3.815E+01,3.811E+01,0.9988
160,Ferrous Sulfate Dosimeter Solution,2.750E+02,3.677E+00,1.114E-03,3.678E+00,4.476E+01,4.471E+01,0.9989
160,Ferrous Sulfate Dosimeter Solution,3.000E+02,3.500E+00,1.026E-03,3.501E+00,5.174E+01,5.168E+01,0.9989
160,Ferrous Sulfate Dosimeter Solution,3.500E+02,3.223E+00,8.857E-04,3.224E+00,6.664E+01,6.657E+01,0.9989
160,Ferrous Sulfate Dosimeter Solution,4.000E+02,3.015E+00,7.801E-04,3.016E+00,8.270E+01,8.261E+01,0.9989
160,Ferrous Sulfate Dosimeter Solution,4.500E+02,2.855E+00,6.975E-04,2.856E+00,9.975E+01,9.965E+01,0.9990
160,Ferrous Sulfate Dosimeter Solution,5.000E+02,2.728E+00,6.311E-04,2.729E+00,1.177E+02,1.176E+02,0.9990
160,Ferrous Sulfate Dosimeter Solution,5.500E+02,2.626E+00,5.765E-04,2.626E+00,1.364E+02,1.362E+02,0.9990
160,Ferrous Sulfate Dosimeter Solution,6.000E+02,2.542E+00,5.308E-04,2.542E+00,1.557E+02,1.556E+02,0.9991
160,Ferrous Sulfate Dosimeter Solution,6.500E+02,2.472E+00,4.920E-04,2.472E+00,1.757E+02,1.755E+02,0.9991
160,Ferrous Sulfate Dosimeter Solution,7.000E+02,2.413E+00,4.586E-04,2.413E+00,1.962E+02,1.960E+02,0.9991
160,Ferrous Sulfate Dosimeter Solution,7.500E+02,2.363E+00,4.295E-04,2.364E+00,2.171E+02,2.169E+02,0.9991
160,Ferrous Sulfate Dosimeter Solution,8.000E+02,2.321E+00,4.041E-04,2.321E+00,2.384E+02,2.382E+02,0.9991
160,Ferrous Sulfate Dosimeter Solution,8.500E+02,2.284E+00,3.815E-04,2.284E+00,2.602E+02,2.599E+02,0.9992
160,Ferrous Sulfate Dosimeter Solution,9.000E+02,2.252E+00,3.614E-04,2.253E+00,2.822E+02,2.820E+02,0.9992
160,Ferrous Sulfate Dosimeter Solution,9.500E+02,2.224E+00,3.434E-04,2.225E+00,3.045E+02,3.043E+02,0.9992
160,Ferrous Sulfate Dosimeter Solution,1.000E+03,2.199E+00,3.271E-04,2.200E+00,3.271E+02,3.269E+02,0.9992
160,Ferrous Sulfate Dosimeter Solution,1.500E+03,2.060E+00,2.230E-04,2.060E+00,5.634E+02,5.630E+02,0.9993
160,Ferrous Sulfate Dosimeter Solution,2.000E+03,2.010E+00,1.700E-04,2.011E+00,8.096E+02,8.091E+02,0.9994
160,Ferrous Sulfate Dosimeter Solution,2.500E+03,1.994E+00,1.378E-04,1.994E+00,1.060E+03,1.059E+03,0.9995
160,Ferrous Sulfate Dosimeter Solution,3.000E+03,1.991E+00,1.161E-04,1.991E+00,1.311E+03,1.310E+03,0.9995
160,Ferrous Sulfate Dosimeter Solution,4.000E+03,2.003E+00,8.862E-05,2.003E+00,1.812E+03,1.811E+03,0.9996
160,Ferrous Sulfate Dosimeter Solution,5.000E+03,2.022E+00,7.189E-05,2.022E+00,2.309E+03,2.308E+03,0.9996
160,Ferrous Sulfate Dosimeter Solution,6.000E+03,2.042E+00,6.059E-05,2.042E+00,2.801E+03,2.800E+03,0.9997
160,Ferrous Sulfate Dosimeter Solution,7.000E+03,2.063E+00,5.245E-05,2.063E+00,3.288E+03,3.287E+03,0.9997
160,Ferrous Sulfate Dosimeter Solution,8.000E+03,2.082E+00,4.628E-05,2.082E+00,3.770E+03,3.769E+03,0.9997
160,Ferrous Sulfate Dosimeter Solution,9.000E+03,2.100E+00,4.145E-05,2.100E+00,4.249E+03,4.248E+03,0.9997
160,Ferrous Sulfate Dosimeter Solution,1.000E+04,2.116E+00,3.756E-05,2.116E+00,4.723E+03,4.722E+03,0.9997
169,"Glass, Pyrex",1.000E-03,8.874E+01,1.685E+01,1.056E+02,1.337E-05,3.651E-06,0.2730
169,"Glass, Pyrex",1.500E-03,1.087E+02,1.464E+01,1.233E+02,1.771E-05,5.537E-06,0.3126
169,"Glass, Pyrex",2.000E-03,1.255E+02,1.304E+01,1.385E+02,2.153E-05,7.432E-06,0.3451
169,"Glass, Pyrex",2.500E-03,1.403E+02,1.181E+01,1.521E+02,2.497E-05,9.303E-06,0.3725
169,"Glass, Pyrex",3.000E-03,1.537E+02,1.083E+01,1.645E+02,2.813E-05,1.115E-05,0.3962
169,"Glass, Pyrex",4.000E-03,1.775E+02,9.362E+00,1.868E+02,3.382E-05,1.473E-05,0.4355
169,"Glass, Pyrex",5.000E-03,1.984E+02,8.294E+00,2.067E+02,3.891E-05,1.818E-05,0.4673
169,"Glass, Pyrex",6.000E-03,2.174E+02,7.476E+00,2.249E+02,4.354E-05,2.150E-05,0.4937
169,"Glass, Pyrex",7.000E-03,2.348E+02,6.826E+00,2.416E+02,4.783E-05,2.470E-05,0.5163
169,"Glass, Pyrex",8.000E-03,2.510E+02,6.294E+00,2.573E+02,5.184E-05,2.778E-05,0.5360
169,"Glass, Pyrex",9.000E-03,2.662E+02,5.850E+00,2.721E+02,5.561E-05,3.077E-05,0.5532
169,"Glass, Pyrex",1.000E-02,2.806E+02,5.472E+00,2.861E+02,5.920E-05,3.366E-05,0.5686
169,"Glass, Pyrex",1.250E-02,3.089E+02,4.732E+00,3.137E+02,6.752E-05,4.058E-05,0.6010
169,"Glass, Pyrex",1.500E-02,3.336E+02,4.186E+00,3.378E+02,7.520E-05,4.715E-05,0.6271
169,"Glass, Pyrex",1.750E-02,3.556E+02,3.766E+00,3.593E+02,8.237E-05,5.343E-05,0.6487
169,"Glass, Pyrex",2.000E-02,3.753E+02,3.430E+00,3.787E+02,8.914E-05,5.947E-05,0.6671
169,"Glass, Pyrex",2.250E-02,3.931E+02,3.155E+00,3.962E+02,9.559E-05,6.529E-05,0.6830
169,"Glass, Pyrex",2.500E-02,4.092E+02,2.924E+00,4.121E+02,1.018E-04,7.093E-05,0.6969
169,"Glass, Pyrex",2.750E-02,4.239E+02,2.729E+00,4.266E+02,1.077E-04,7.641E-05,0.7092
169,"Glass, Pyrex",3.000E-02,4.373E+02,2.560E+00,4.399E+02,1.135E-04,8.175E-05,0.7203
169,"Glass, Pyrex",3.500E-02,4.608E+02,2.284E+00,4.631E+02,1.246E-04,9.210E-05,0.7393
169,"Glass, Pyrex",4.000E-02,4.804E+02,2.066E+00,4.825E+02,1.351E-04,1.021E-04,0.7552
169,"Glass, Pyrex",4.500E-02,4.967E+02,1.889E+00,4.986E+02,1.453E-04,1.117E-04,0.7689
169,"Glass, Pyrex",5.000E-02,5.102E+02,1.743E+00,5.120E+02,1.552E-04,1.212E-04,0.7807
169,"Glass, Pyrex",5.500E-02,5.212E+02,1.619E+00,5.229E+02,1.649E-04,1.304E-04,0.7912
169,"Glass, Pyrex",6.000E-02,5.301E+02,1.514E+00,5.316E+02,1.744E-04,1.396E-04,0.8005
169,"Glass, Pyrex",6.500E-02,5.371E+02,1.422E+00,5.386E+02,1.837E-04,1.486E-04,0.8089
169,"Glass, Pyrex",7.000E-02,5.425E+02,1.342E+00,5.438E+02,1.929E-04,1.575E-04,0.8165
169,"Glass, Pyrex",7.500E-02,5.464E+02,1.271E+00,5.477E+02,2.021E-04,1.664E-04,0.8235
169,"Glass, Pyrex",8.000E-02,5.491E+02,1.207E+00,5.503E+02,2.112E-04,1.753E-04,0.8299
169,"Glass, Pyrex",8.500E-02,5.506E+02,1.151E+00,5.518E+02,2.203E-04,1.841E-04,0.8358
169,"Glass, Pyrex",9.000E-02,5.512E+02,1.100E+00,5.523E+02,2.293E-04,1.929E-04,0.8413
169,"Glass, Pyrex",9.500E-02,5.510E+02,1.053E+00,5.521E+02,2.384E-04,2.018E-04,0.8465
169,"Glass, Pyrex",1.000E-01,5.501E+02,1.011E+00,5.511E+02,2.475E-04,2.107E-04,0.8513
169,"Glass, Pyrex",1.250E-01,5.376E+02,8.442E-01,5.385E+02,2.933E-04,2.556E-04,0.8715
169,"Glass, Pyrex",1.500E-01,5.181E+02,7.277E-01,5.188E+02,3.405E-04,3.021E-04,0.8871
169,"Glass, Pyrex",1.750E-01,4.961E+02,6.413E-01,4.967E+02,3.898E-04,3.506E-04,0.8996
169,"Glass, Pyrex",2.000E-01,4.739E+02,5.744E-01,4.745E+02,4.413E-04,4.015E-04,0.9098
169,"Glass, Pyrex",2.250E-01,4.512E+02,5.209E-01,4.517E+02,4.953E-04,4.549E-04,0.9185
169,"Glass, Pyrex",2.500E-01,4.292E+02,4.772E-01,4.297E+02,5.520E-04,5.110E-04,0.9258
169,"Glass, Pyrex",2.750E-01,4.088E+02,4.406E-01,4.092E+02,6.116E-04,5.701E-04,0.9321
169,"Glass, Pyrex",3.000E-01,3.901E+02,4.097E-01,3.905E+02,6.742E-04,6.321E-04,0.9375
169,"Glass, Pyrex",3.500E-01,3.579E+02,3.598E-01,3.583E+02,8.080E-04,7.648E-04,0.9465
169,"Glass, Pyrex",4.000E-01,3.315E+02,3.214E-01,3.319E+02,9.532E-04,9.088E-04,0.9535
169,"Glass, Pyrex",4.500E-01,3.098E+02,2.908E-01,3.101E+02,1.109E-03,1.064E-03,0.9590
169,"Glass, Pyrex",5.000E-01,2.917E+02,2.659E-01,2.919E+02,1.275E-03,1.229E-03,0.9634
169,"Glass, Pyrex",5.500E-01,2.762E+02,2.451E-01,2.764E+02,1.452E-03,1.404E-03,0.9671
169,"Glass, Pyrex",6.000E-01,2.624E+02,2.275E-01,2.626E+02,1.637E-03,1.588E-03,0.9701
169,"Glass, Pyrex",6.500E-01,2.501E+02,2.124E-01,2.503E+02,1.832E-03,1.782E-03,0.9726
169,"Glass, Pyrex",7.000E-01,2.391E+02,1.993E-01,2.393E+02,2.037E-03,1.985E-03,0.9748
169,"Glass, Pyrex",7.500E-01,2.292E+02,1.878E-01,2.294E+02,2.250E-03,2.198E-03,0.9767
169,"Glass, Pyrex",8.000E-01,2.202E+02,1.776E-01,2.204E+02,2.473E-03,2.419E-03,0.9783
169,"Glass, Pyrex",8.500E-01,2.120E+02,1.685E-01,2.122E+02,2.704E-03,2.649E-03,0.9797
169,"Glass, Pyrex",9.000E-01,2.046E+02,1.603E-01,2.048E+02,2.944E-03,2.887E-03,0.9809
169,"Glass, Pyrex",9.500E-01,1.977E+02,1.529E-01,1.979E+02,3.192E-03,3.135E-03,0.9820
169,"Glass, Pyrex",1.000E+00,1.914E+02,1.462E-01,1.915E+02,3.449E-03,3.390E-03,0.9829
169,"Glass, Pyrex",1.250E+00,1.656E+02,1.203E-01,1.657E+02,4.857E-03,4.791E-03,0.9865
169,"Glass, Pyrex",1.500E+00,1.467E+02,1.024E-01,1.468E+02,6.464E-03,6.391E-03,0.9887
169,"Glass, Pyrex",1.750E+00,1.321E+02,8.937E-02,1.321E+02,8.262E-03,8.181E-03,0.9902
169,"Glass, Pyrex",2.000E+00,1.204E+02,7.937E-02,1.205E+02,1.025E-02,1.016E-02,0.9913
169,"Glass, Pyrex",2.250E+00,1.109E+02,7.146E-02,1.110E+02,1.241E-02,1.231E-02,0.9921
169,"Glass, Pyrex",2.500E+00,1.030E+02,6.503E-02,1.030E+02,1.475E-02,1.464E-02,0.9927
169,"Glass, Pyrex",2.750E+00,9.620E+01,5.971E-02,9.626E+01,1.726E-02,1.714E-02,0.9932
169,"Glass, Pyrex",3.000E+00,9.037E+01,5.522E-02,9.042E+01,1.994E-02,1.982E-02,0.9936
169,"Glass, Pyrex",3.500E+00,8.079E+01,4.806E-02,8.084E+01,2.580E-02,2.565E-02,0.9942
169,"Glass, Pyrex",4.000E+00,7.324E+01,4.260E-02,7.329E+01,3.231E-02,3.214E-02,0.9947
169,"Glass, Pyrex",4.500E+00,6.712E+01,3.829E-02,6.716E+01,3.944E-02,3.925E-02,0.9950
169,"Glass, Pyrex",5.000E+00,6.204E+01,3.479E-02,6.208E+01,4.719E-02,4.697E-02,0.9953
169,"Glass, Pyrex",5.500E+00,5.775E+01,3.190E-02,5.778E+01,5.555E-02,5.530E-02,0.9955
169,"Glass, Pyrex",6.000E+00,5.407E+01,2.947E-02,5.410E+01,6.450E-02,6.422E-02,0.9957
169,"Glass, Pyrex",6.500E+00,5.088E+01,2.739E-02,5.091E+01,7.403E-02,7.372E-02,0.9958
169,"Glass, Pyrex",7.000E+00,4.808E+01,2.559E-02,4.810E+01,8.414E-02,8.379E-02,0.9959
169,"Glass, Pyrex",7.500E+00,4.560E+01,2.402E-02,4.562E+01,9.482E-02,9.444E-02,0.9960
169,"Glass, Pyrex",8.000E+00,4.339E+01,2.264E-02,4.341E+01,1.061E-01,1.056E-01,0.9961
169,"Glass, Pyrex",8.500E+00,4.140E+01,2.141E-02,4.142E+01,1.179E-01,1.174E-01,0.9962
169,"Glass, Pyrex",9.000E+00,3.961E+01,2.031E-02,3.963E+01,1.302E-01,1.297E-01,0.9963
169,"Glass, Pyrex",9.500E+00,3.798E+01,1.933E-02,3.800E+01,1.431E-01,1.426E-01,0.9963
169,"Glass, Pyrex",1.000E+01,3.649E+01,1.843E-02,3.651E+01,1.565E-01,1.559E-01,0.9964
169,"Glass, Pyrex",1.250E+01,3.064E+01,1.500E-02,3.066E+01,2.316E-01,2.308E-01,0.9966
169,"Glass, Pyrex",1.500E+01,2.654E+01,1.266E-02,2.656E+01,3.194E-01,3.184E-01,0.9968
169,"Glass, Pyrex",1.750E+01,2.350E+01,1.097E-02,2.351E+01,4.197E-01,4.184E-01,0.9969
169,"Glass, Pyrex",2.000E+01,2.113E+01,9.684E-03,2.114E+01,5.320E-01,5.304E-01,0.9970
169,"Glass, Pyrex",2.500E+01,1.770E+01,7.860E-03,1.771E+01,7.916E-01,7.893E-01,0.9971
169,"Glass, Pyrex",2.750E+01,1.641E+01,7.188E-03,1.642E+01,9.384E-01,9.357E-01,0.9972
169,"Glass, Pyrex",3.000E+01,1.531E+01,6.624E-03,1.532E+01,1.096E+00,1.093E+00,0.9972
169,"Glass, Pyrex",3.500E+01,1.355E+01,5.731E-03,1.356E+01,1.444E+00,1.440E+00,0.9973
169,"Glass, Pyrex",4.000E+01,1.219E+01,5.054E-03,1.220E+01,1.833E+00,1.828E+00,0.9974
169,"Glass, Pyrex",4.500E+01,1.111E+01,4.523E-03,1.112E+01,2.263E+00,2.257E+00,0.9974
169,"Glass, Pyrex",5.000E+01,1.023E+01,4.095E-03,1.024E+01,2.732E+00,2.725E+00,0.9975
169,"Glass, Pyrex",5.500E+01,9.502E+00,3.743E-03,9.505E+00,3.240E+00,3.231E+00,0.9975
169,"Glass, Pyrex",6.000E+01,8.882E+00,3.447E-03,8.885E+00,3.784E+00,3.775E+00,0.9975
169,"Glass, Pyrex",6.500E+01,8.351E+00,3.196E-03,8.354E+00,4.365E+00,4.354E+00,0.9976
169,"Glass, Pyrex",7.000E+01,7.890E+00,2.980E-03,7.893E+00,4.981E+00,4.969E+00,0.9976
169,"Glass, Pyrex",7.500E+01,7.486E+00,2.791E-03,7.489E+00,5.631E+00,5.618E+00,0.9976
169,"Glass, Pyrex",8.000E+01,7.130E+00,2.626E-03,7.132E+00,6.316E+00,6.301E+00,0.9976
169,"Glass, Pyrex",8.500E+01,6.812E+00,2.479E-03,6.815E+00,7.033E+00,7.017E+00,0.9977
169,"Glass, Pyrex",9.000E+01,6.528E+00,2.349E-03,6.530E+00,7.783E+00,7.765E+00,0.9977
169,"Glass, Pyrex",9.500E+01,6.271E+00,2.231E-03,6.273E+00,8.564E+00,8.545E+00,0.9977
169,"Glass, Pyrex",1.000E+02,6.039E+00,2.126E-03,6.041E+00,9.377E+00,9.356E+00,0.9977
169,"Glass, Pyrex",1.250E+02,5.140E+00,1.720E-03,5.142E+00,1.388E+01,1.385E+01,0.9978
169,"Glass, Pyrex",1.500E+02,4.527E+00,1.447E-03,4.529E+00,1.908E+01,1.904E+01,0.9979
169,"Glass, Pyrex",1.750E+02,4.082E+00,1.250E-03,4.083E+00,2.490E+01,2.485E+01,0.9979
169,"Glass, Pyrex",2.000E+02,3.744E+00,1.101E-03,3.745E+00,3.131E+01,3.124E+01,0.9980
169,"Glass, Pyrex",2.250E+02,3.479E+00,9.846E-04,3.480E+00,3.824E+01,3.817E+01,0.9980
169,"Glass, Pyrex",2.500E+02,3.265E+00,8.909E-04,3.266E+00,4.566E+01,4.558E+01,0.9981
169,"Glass, Pyrex",2.750E+02,3.090E+00,8.138E-04,3.090E+00,5.354E+01,5.344E+01,0.9981
169,"Glass, Pyrex",3.000E+02,2.943E+00,7.493E-04,2.944E+00,6.183E+01,6.172E+01,0.9982
169,"Glass, Pyrex",3.500E+02,2.712E+00,6.473E-04,2.713E+00,7.956E+01,7.942E+01,0.9982
169,"Glass, Pyrex",4.000E+02,2.540E+00,5.703E-04,2.541E+00,9.863E+01,9.846E+01,0.9983
169,"Glass, Pyrex",4.500E+02,2.407E+00,5.100E-04,2.407E+00,1.189E+02,1.187E+02,0.9983
169,"Glass, Pyrex",5.000E+02,2.302E+00,4.615E-04,2.302E+00,1.401E+02,1.399E+02,0.9984
169,"Glass, Pyrex",5.500E+02,2.216E+00,4.216E-04,2.217E+00,1.623E+02,1.620E+02,0.9984
169,"Glass, Pyrex",6.000E+02,2.147E+00,3.883E-04,2.147E+00,1.852E+02,1.849E+02,0.9985
169,"Glass, Pyrex",6.500E+02,2.089E+00,3.599E-04,2.089E+00,2.088E+02,2.085E+02,0.9985
169,"Glass, Pyrex",7.000E+02,2.040E+00,3.355E-04,2.040E+00,2.330E+02,2.327E+02,0.9985
169,"Glass, Pyrex",7.500E+02,1.998E+00,3.143E-04,1.998E+00,2.578E+02,2.574E+02,0.9986
169,"Glass, Pyrex",8.000E+02,1.961E+00,2.957E-04,1.962E+00,2.831E+02,2.827E+02,0.9986
169,"Glass, Pyrex",8.500E+02,1.930E+00,2.792E-04,1.930E+00,3.088E+02,3.083E+02,0.9986
169,"Glass, Pyrex",9.000E+02,1.903E+00,2.645E-04,1.903E+00,3.349E+02,3.344E+02,0.9987
169,"Glass, Pyrex",9.500E+02,1.879E+00,2.514E-04,1.879E+00,3.613E+02,3.608E+02,0.9987
169,"Glass, Pyrex",1.000E+03,1.858E+00,2.395E-04,1.859E+00,3.881E+02,3.876E+02,0.9987
169,"Glass, Pyrex",1.500E+03,1.745E+00,1.633E-04,1.745E+00,6.673E+02,6.666E+02,0.9989
169,"Glass, Pyrex",2.000E+03,1.708E+00,1.246E-04,1.708E+00,9.576E+02,9.566E+02,0.9990
169,"Glass, Pyrex",2.500E+03,1.698E+00,1.010E-04,1.699E+00,1.251E+03,1.250E+03,0.9991
169,"Glass, Pyrex",3.000E+03,1.701E+00,8.513E-05,1.701E+00,1.546E+03,1.544E+03,0.9992
169,"Glass, Pyrex",4.000E+03,1.718E+00,6.501E-05,1.718E+00,2.131E+03,2.130E+03,0.9993
169,"Glass, Pyrex",5.000E+03,1.740E+00,5.275E-05,1.740E+00,2.709E+03,2.708E+03,0.9994
169,"Glass, Pyrex",6.000E+03,1.762E+00,4.448E-05,1.762E+00,3.281E+03,3.279E+03,0.9994
169,"Glass, Pyrex",7.000E+03,1.783E+00,3.851E-05,1.783E+00,3.845E+03,3.843E+03,0.9995
169,"Glass, Pyrex",8.000E+03,1.803E+00,3.399E-05,1.803E+00,4.402E+03,4.400E+03,0.9995
169,"Glass, Pyrex",9.000E+03,1.821E+00,3.044E-05,1.821E+00,4.954E+03,4.952E+03,0.9996
169,"Glass, Pyrex",1.000E+04,1.838E+00,2.759E-05,1.838E+00,5.501E+03,5.498E+03,0.9996
179,Kapton Polyimide Film,1.000E-03,1.454E+02,2.918E+01,1.746E+02,7.428E-06,2.972E-06,0.4001
179,Kapton Polyimide Film,1.500E-03,1.781E+02,2.409E+01,2.022E+02,1.007E-05,4.483E-06,0.4453
179,Kapton Polyimide Film,2.000E-03,2.056E+02,2.075E+01,2.264E+02,1.240E-05,5.964E-06,0.4809
179,Kapton Polyimide Film,2.500E-03,2.299E+02,1.834E+01,2.482E+02,1.451E-05,7.397E-06,0.5098
179,Kapton Polyimide Film,3.000E-03,2.518E+02,1.651E+01,2.684E+02,1.644E-05,8.781E-06,0.5340
179,Kapton Polyimide Film,4.000E-03,2.862E+02,1.388E+01,3.001E+02,1.996E-05,1.144E-05,0.5731
179,Kapton Polyimide Film,5.000E-03,3.171E+02,1.205E+01,3.291E+02,2.314E-05,1.396E-05,0.6035
179,Kapton Polyimide Film,6.000E-03,3.449E+02,1.070E+01,3.556E+02,2.606E-05,1.637E-05,0.6282
179,Kapton Polyimide Film,7.000E-03,3.704E+02,9.646E+00,3.800E+02,2.878E-05,1.867E-05,0.6487
179,Kapton Polyimide Film,8.000E-03,3.931E+02,8.805E+00,4.019E+02,3.133E-05,2.087E-05,0.6661
179,Kapton Polyimide Film,9.000E-03,4.137E+02,8.114E+00,4.218E+02,3.376E-05,2.300E-05,0.6812
179,Kapton Polyimide Film,1.000E-02,4.329E+02,7.534E+00,4.404E+02,3.608E-05,2.506E-05,0.6945
179,Kapton Polyimide Film,1.250E-02,4.726E+02,6.420E+00,4.790E+02,4.151E-05,2.996E-05,0.7218
179,Kapton Polyimide Film,1.500E-02,5.061E+02,5.618E+00,5.117E+02,4.656E-05,3.460E-05,0.7432
179,Kapton Polyimide Film,1.750E-02,5.352E+02,5.010E+00,5.402E+02,5.131E-05,3.903E-05,0.7606
179,Kapton Polyimide Film,2.000E-02,5.613E+02,4.531E+00,5.658E+02,5.583E-05,4.328E-05,0.7751
179,Kapton Polyimide Film,2.250E-02,5.846E+02,4.142E+00,5.887E+02,6.016E-05,4.738E-05,0.7875
179,Kapton Polyimide Film,2.500E-02,6.053E+02,3.821E+00,6.091E+02,6.433E-05,5.135E-05,0.7982
179,Kapton Polyimide Film,2.750E-02,6.238E+02,3.550E+00,6.273E+02,6.838E-05,5.522E-05,0.8076
179,Kapton Polyimide Film,3.000E-02,6.404E+02,3.317E+00,6.437E+02,7.231E-05,5.900E-05,0.8160
179,Kapton Polyimide Film,3.500E-02,6.702E+02,2.940E+00,6.732E+02,7.990E-05,6.633E-05,0.8302
179,Kapton Polyimide Film,4.000E-02,6.965E+02,2.645E+00,6.991E+02,8.718E-05,7.340E-05,0.8418
179,Kapton Polyimide Film,4.500E-02,7.191E+02,2.409E+00,7.215E+02,9.422E-05,8.025E-05,0.8517
179,Kapton Polyimide Film,5.000E-02,7.377E+02,2.214E+00,7.399E+02,1.011E-04,8.693E-05,0.8602
179,Kapton Polyimide Film,5.500E-02,7.525E+02,2.050E+00,7.545E+02,1.078E-04,9.348E-05,0.8675
179,Kapton Polyimide Film,6.000E-02,7.639E+02,1.911E+00,7.658E+02,1.143E-04,9.993E-05,0.8740
179,Kapton Polyimide Film,6.500E-02,7.725E+02,1.791E+00,7.743E+02,1.208E-04,1.063E-04,0.8799
179,Kapton Polyimide Film,7.000E-02,7.786E+02,1.686E+00,7.803E+02,1.272E-04,1.126E-04,0.8851
179,Kapton Polyimide Film,7.500E-02,7.826E+02,1.593E+00,7.842E+02,1.336E-04,1.189E-04,0.8899
179,Kapton Polyimide Film,8.000E-02,7.846E+02,1.511E+00,7.861E+02,1.400E-04,1.252E-04,0.8943
179,Kapton Polyimide Film,8.500E-02,7.849E+02,1.438E+00,7.864E+02,1.464E-04,1.315E-04,0.8983
179,Kapton Polyimide Film,9.000E-02,7.838E+02,1.371E+00,7.852E+02,1.527E-04,1.378E-04,0.9020
179,Kapton Polyimide Film,9.500E-02,7.814E+02,1.312E+00,7.828E+02,1.591E-04,1.441E-04,0.9054
179,Kapton Polyimide Film,1.000E-01,7.780E+02,1.257E+00,7.793E+02,1.655E-04,1.504E-04,0.9087
179,Kapton Polyimide Film,1.250E-01,7.492E+02,1.044E+00,7.503E+02,1.981E-04,1.827E-04,0.9221
179,Kapton Polyimide Film,1.500E-01,7.106E+02,8.962E-01,7.115E+02,2.323E-04,2.166E-04,0.9324
179,Kapton Polyimide Film,1.750E-01,6.696E+02,7.871E-01,6.704E+02,2.685E-04,2.526E-04,0.9405
179,Kapton Polyimide Film,2.000E-01,6.300E+02,7.030E-01,6.307E+02,3.070E-04,2.908E-04,0.9472
179,Kapton Polyimide Film,2.250E-01,5.935E+02,6.361E-01,5.941E+02,3.478E-04,3.314E-04,0.9527
179,Kapton Polyimide Film,2.500E-01,5.604E+02,5.815E-01,5.610E+02,3.912E-04,3.745E-04,0.9574
179,Kapton Polyimide Film,2.750E-01,5.308E+02,5.359E-01,5.314E+02,4.370E-04,4.201E-04,0.9614
179,Kapton Polyimide Film,3.000E-01,5.044E+02,4.972E-01,5.049E+02,4.852E-04,4.681E-04,0.9647
179,Kapton Polyimide Film,3.500E-01,4.596E+02,4.352E-01,4.601E+02,5.891E-04,5.716E-04,0.9702
179,Kapton Polyimide Film,4.000E-01,4.233E+02,3.876E-01,4.237E+02,7.025E-04,6.845E-04,0.9744
179,Kapton Polyimide Film,4.500E-01,3.933E+02,3.499E-01,3.937E+02,8.250E-04,8.066E-04,0.9776
179,Kapton Polyimide Film,5.000E-01,3.682E+02,3.192E-01,3.686E+02,9.564E-04,9.375E-04,0.9802
179,Kapton Polyimide Film,5.500E-01,3.468E+02,2.937E-01,3.471E+02,1.096E-03,1.077E-03,0.9823
179,Kapton Polyimide Film,6.000E-01,3.280E+02,2.721E-01,3.283E+02,1.244E-03,1.225E-03,0.9840
179,Kapton Polyimide Film,6.500E-01,3.116E+02,2.535E-01,3.118E+02,1.401E-03,1.380E-03,0.9854
179,Kapton Polyimide Film,7.000E-01,2.969E+02,2.374E-01,2.972E+02,1.565E-03,1.544E-03,0.9866
179,Kapton Polyimide Film,7.500E-01,2.838E+02,2.233E-01,2.841E+02,1.737E-03,1.716E-03,0.9877
179,Kapton Polyimide Film,8.000E-01,2.720E+02,2.109E-01,2.722E+02,1.917E-03,1.895E-03,0.9885
179,Kapton Polyimide Film,8.500E-01,2.613E+02,1.998E-01,2.615E+02,2.105E-03,2.082E-03,0.9893
179,Kapton Polyimide Film,9.000E-01,2.515E+02,1.898E-01,2.517E+02,2.300E-03,2.276E-03,0.9900
179,Kapton Polyimide Film,9.500E-01,2.424E+02,1.809E-01,2.426E+02,2.502E-03,2.478E-03,0.9906
179,Kapton Polyimide Film,1.000E+00,2.341E+02,1.728E-01,2.343E+02,2.712E-03,2.687E-03,0.9911
179,Kapton Polyimide Film,1.250E+00,2.008E+02,1.414E-01,2.010E+02,3.868E-03,3.841E-03,0.9930
179,Kapton Polyimide Film,1.500E+00,1.768E+02,1.200E-01,1.769E+02,5.197E-03,5.167E-03,0.9941
179,Kapton Polyimide Film,1.750E+00,1.584E+02,1.044E-01,1.585E+02,6.693E-03,6.659E-03,0.9949
179,Kapton Polyimide Film,2.000E+00,1.438E+02,9.244E-02,1.439E+02,8.351E-03,8.313E-03,0.9955
179,Kapton Polyimide Film,2.250E+00,1.320E+02,8.304E-02,1.321E+02,1.017E-02,1.012E-02,0.9959
179,Kapton Polyimide Film,2.500E+00,1.221E+02,7.542E-02,1.222E+02,1.214E-02,1.209E-02,0.9962
179,Kapton Polyimide Film,2.750E+00,1.138E+02,6.913E-02,1.139E+02,1.426E-02,1.421E-02,0.9964
179,Kapton Polyimide Film,3.000E+00,1.066E+02,6.383E-02,1.067E+02,1.653E-02,1.647E-02,0.9967
179,Kapton Polyimide Film,3.500E+00,9.493E+01,5.540E-02,9.499E+01,2.150E-02,2.144E-02,0.9970
179,Kapton Polyimide Film,4.000E+00,8.573E+01,4.898E-02,8.578E+01,2.705E-02,2.697E-02,0.9972
179,Kapton Polyimide Film,4.500E+00,7.831E+01,4.393E-02,7.835E+01,3.316E-02,3.307E-02,0.9973
179,Kapton Polyimide Film,5.000E+00,7.217E+01,3.985E-02,7.221E+01,3.981E-02,3.971E-02,0.9975
179,Kapton Polyimide Film,5.500E+00,6.701E+01,3.648E-02,6.705E+01,4.700E-02,4.689E-02,0.9976
179,Kapton Polyimide Film,6.000E+00,6.260E+01,3.364E-02,6.263E+01,5.472E-02,5.459E-02,0.9977
179,Kapton Polyimide Film,6.500E+00,5.878E+01,3.123E-02,5.881E+01,6.296E-02,6.282E-02,0.9977
179,Kapton Polyimide Film,7.000E+00,5.544E+01,2.915E-02,5.547E+01,7.172E-02,7.156E-02,0.9978
179,Kapton Polyimide Film,7.500E+00,5.249E+01,2.733E-02,5.252E+01,8.099E-02,8.082E-02,0.9979
179,Kapton Polyimide Film,8.000E+00,4.987E+01,2.573E-02,4.989E+01,9.076E-02,9.057E-02,0.9979
179,Kapton Polyimide Film,8.500E+00,4.752E+01,2.432E-02,4.755E+01,1.010E-01,1.008E-01,0.9979
179,Kapton Polyimide Film,9.000E+00,4.540E+01,2.305E-02,4.543E+01,1.118E-01,1.116E-01,0.9980
179,Kapton Polyimide Film,9.500E+00,4.348E+01,2.191E-02,4.350E+01,1.230E-01,1.228E-01,0.9980
179,Kapton Polyimide Film,1.000E+01,4.173E+01,2.089E-02,4.175E+01,1.348E-01,1.345E-01,0.9980
179,Kapton Polyimide Film,1.250E+01,3.488E+01,1.694E-02,3.489E+01,2.006E-01,2.002E-01,0.9981
179,Kapton Polyimide Film,1.500E+01,3.010E+01,1.427E-02,3.012E+01,2.779E-01,2.774E-01,0.9982
179,Kapton Polyimide Film,1.750E+01,2.657E+01,1.234E-02,2.658E+01,3.665E-01,3.659E-01,0.9983
179,Kapton Polyimide Film,2.000E+01,2.384E+01,1.088E-02,2.385E+01,4.659E-01,4.652E-01,0.9983
179,Kapton Polyimide Film,2.500E+01,1.990E+01,8.812E-03,1.991E+01,6.965E-01,6.954E-01,0.9984
179,Kapton Polyimide Film,2.750E+01,1.842E+01,8.053E-03,1.843E+01,8.271E-01,8.258E-01,0.9984
179,Kapton Polyimide Film,3.000E+01,1.717E+01,7.416E-03,1.717E+01,9.678E-01,9.663E-01,0.9984
179,Kapton Polyimide Film,3.500E+01,1.516E+01,6.408E-03,1.517E+01,1.278E+00,1.276E+00,0.9985
179,Kapton Polyimide Film,4.000E+01,1.362E+01,5.646E-03,1.362E+01,1.627E+00,1.624E+00,0.9985
179,Kapton Polyimide Film,4.500E+01,1.239E+01,5.049E-03,1.240E+01,2.012E+00,2.009E+00,0.9985
179,Kapton Polyimide Film,5.000E+01,1.140E+01,4.569E-03,1.140E+01,2.433E+00,2.429E+00,0.9986
179,Kapton Polyimide Film,5.500E+01,1.057E+01,4.173E-03,1.057E+01,2.889E+00,2.885E+00,0.9986
179,Kapton Polyimide Film,6.000E+01,9.872E+00,3.842E-03,9.876E+00,3.378E+00,3.374E+00,0.9986
179,Kapton Polyimide Film,6.500E+01,9.274E+00,3.561E-03,9.277E+00,3.901E+00,3.896E+00,0.9986
179,Kapton Polyimide Film,7.000E+01,8.755E+00,3.319E-03,8.759E+00,4.456E+00,4.450E+00,0.9986
179,Kapton Polyimide Film,7.500E+01,8.302E+00,3.108E-03,8.305E+00,5.042E+00,5.036E+00,0.9987
179,Kapton Polyimide Film,8.000E+01,7.901E+00,2.923E-03,7.904E+00,5.660E+00,5.652E+00,0.9987
179,Kapton Polyimide Film,8.500E+01,7.545E+00,2.759E-03,7.548E+00,6.307E+00,6.299E+00,0.9987
179,Kapton Polyimide Film,9.000E+01,7.226E+00,2.613E-03,7.229E+00,6.984E+00,6.975E+00,0.9987
179,Kapton Polyimide Film,9.500E+01,6.939E+00,2.482E-03,6.941E+00,7.691E+00,7.681E+00,0.9987
179,Kapton Polyimide Film,1.000E+02,6.678E+00,2.364E-03,6.681E+00,8.425E+00,8.414E+00,0.9987
179,Kapton Polyimide Film,1.250E+02,5.674E+00,1.912E-03,5.676E+00,1.250E+01,1.249E+01,0.9988
179,Kapton Polyimide Film,1.500E+02,4.990E+00,1.607E-03,4.992E+00,1.721E+01,1.719E+01,0.9988
179,Kapton Polyimide Film,1.750E+02,4.494E+00,1.388E-03,4.496E+00,2.250E+01,2.248E+01,0.9988
179,Kapton Polyimide Film,2.000E+02,4.118E+00,1.222E-03,4.119E+00,2.832E+01,2.829E+01,0.9989
179,Kapton Polyimide Film,2.250E+02,3.823E+00,1.093E-03,3.824E+00,3.463E+01,3.459E+01,0.9989
179,Kapton Polyimide Film,2.500E+02,3.586E+00,9.885E-04,3.587E+00,4.138E+01,4.134E+01,0.9989
179,Kapton Polyimide Film,2.750E+02,3.391E+00,9.028E-04,3.392E+00,4.856E+01,4.850E+01,0.9989
179,Kapton Polyimide Film,3.000E+02,3.228E+00,8.311E-04,3.229E+00,5.611E+01,5.606E+01,0.9989
179,Kapton Polyimide Film,3.500E+02,2.972E+00,7.178E-04,2.973E+00,7.228E+01,7.221E+01,0.9990
179,Kapton Polyimide Film,4.000E+02,2.781E+00,6.322E-04,2.782E+00,8.969E+01,8.960E+01,0.9990
179,Kapton Polyimide Film,4.500E+02,2.634E+00,5.653E-04,2.634E+00,1.082E+02,1.081E+02,0.9990
179,Kapton Polyimide Film,5.000E+02,2.517E+00,5.115E-04,2.517E+00,1.276E+02,1.275E+02,0.9991
179,Kapton Polyimide Film,5.500E+02,2.422E+00,4.672E-04,2.423E+00,1.479E+02,1.477E+02,0.9991
179,Kapton Polyimide Film,6.000E+02,2.345E+00,4.302E-04,2.345E+00,1.689E+02,1.687E+02,0.9991
179,Kapton Polyimide Film,6.500E+02,2.280E+00,3.987E-04,2.281E+00,1.905E+02,1.903E+02,0.9991
179,Kapton Polyimide Film,7.000E+02,2.226E+00,3.717E-04,2.226E+00,2.127E+02,2.125E+02,0.9992
179,Kapton Polyimide Film,7.500E+02,2.178E+00,3.482E-04,2.179E+00,2.354E+02,2.352E+02,0.9992
179,Kapton Polyimide Film,8.000E+02,2.137E+00,3.275E-04,2.138E+00,2.586E+02,2.584E+02,0.9992
179,Kapton Polyimide Film,8.500E+02,2.102E+00,3.092E-04,2.102E+00,2.821E+02,2.819E+02,0.9992
179,Kapton Polyimide Film,9.000E+02,2.071E+00,2.930E-04,2.071E+00,3.061E+02,3.059E+02,0.9992
179,Kapton Polyimide Film,9.500E+02,2.044E+00,2.783E-04,2.044E+00,3.304E+02,3.302E+02,0.9992
179,Kapton Polyimide Film,1.000E+03,2.020E+00,2.652E-04,2.021E+00,3.550E+02,3.547E+02,0.9993
179,Kapton Polyimide Film,1.500E+03,1.887E+00,1.808E-04,1.887E+00,6.126E+02,6.122E+02,0.9994
179,Kapton Polyimide Film,2.000E+03,1.841E+00,1.379E-04,1.841E+00,8.814E+02,8.809E+02,0.9994
179,Kapton Polyimide Film,2.500E+03,1.825E+00,1.118E-04,1.825E+00,1.154E+03,1.154E+03,0.9995
179,Kapton Polyimide Film,3.000E+03,1.823E+00,9.416E-05,1.823E+00,1.429E+03,1.428E+03,0.9995
179,Kapton Polyimide Film,4.000E+03,1.834E+00,7.188E-05,1.835E+00,1.976E+03,1.975E+03,0.9996
179,Kapton Polyimide Film,5.000E+03,1.853E+00,5.831E-05,1.854E+00,2.518E+03,2.517E+03,0.9996
179,Kapton Polyimide Film,6.000E+03,1.874E+00,4.916E-05,1.874E+00,3.055E+03,3.054E+03,0.9997
179,Kapton Polyimide Film,7.000E+03,1.894E+00,4.255E-05,1.894E+00,3.586E+03,3.585E+03,0.9997
179,Kapton Polyimide Film,8.000E+03,1.912E+00,3.755E-05,1.912E+00,4.111E+03,4.110E+03,0.9997
179,Kapton Polyimide Film,9.000E+03,1.930E+00,3.363E-05,1.930E+00,4.631E+03,4.630E+03,0.9997
179,Kapton Polyimide Film,1.000E+04,1.946E+00,3.047E-05,1.946E+00,5.147E+03,5.146E+03,0.9998
185,Lithium Fluoride,1.000E-03,8.087E+01,1.991E+01,1.008E+02,1.271E-05,3.947E-06,0.3105
185,Lithium Fluoride,1.500E-03,9.904E+01,1.669E+01,1.157E+02,1.730E-05,6.091E-06,0.3520
185,Lithium Fluoride,2.000E-03,1.144E+02,1.452E+01,1.289E+02,2.139E-05,8.255E-06,0.3859
185,Lithium Fluoride,2.500E-03,1.279E+02,1.293E+01,1.408E+02,2.510E-05,1.039E-05,0.4141
185,Lithium Fluoride,3.000E-03,1.401E+02,1.171E+01,1.518E+02,2.852E-05,1.250E-05,0.4384
185,Lithium Fluoride,4.000E-03,1.617E+02,9.926E+00,1.717E+02,3.470E-05,1.660E-05,0.4782
185,Lithium Fluoride,5.000E-03,1.808E+02,8.675E+00,1.895E+02,4.024E-05,2.052E-05,0.5101
185,Lithium Fluoride,6.000E-03,1.981E+02,7.739E+00,2.058E+02,4.530E-05,2.430E-05,0.5364
185,Lithium Fluoride,7.000E-03,2.140E+02,7.008E+00,2.210E+02,4.999E-05,2.792E-05,0.5586
185,Lithium Fluoride,8.000E-03,2.287E+02,6.418E+00,2.352E+02,5.437E-05,3.142E-05,0.5778
185,Lithium Fluoride,9.000E-03,2.426E+02,5.931E+00,2.485E+02,5.851E-05,3.479E-05,0.5946
185,Lithium Fluoride,1.000E-02,2.557E+02,5.521E+00,2.613E+02,6.243E-05,3.805E-05,0.6095
185,Lithium Fluoride,1.250E-02,2.819E+02,4.728E+00,2.866E+02,7.154E-05,4.582E-05,0.6405
185,Lithium Fluoride,1.500E-02,3.049E+02,4.153E+00,3.090E+02,7.994E-05,5.318E-05,0.6653
185,Lithium Fluoride,1.750E-02,3.254E+02,3.714E+00,3.291E+02,8.777E-05,6.018E-05,0.6857
185,Lithium Fluoride,2.000E-02,3.440E+02,3.367E+00,3.474E+02,9.516E-05,6.689E-05,0.7029
185,Lithium Fluoride,2.250E-02,3.609E+02,3.085E+00,3.640E+02,1.022E-04,7.333E-05,0.7176
185,Lithium Fluoride,2.500E-02,3.765E+02,2.850E+00,3.793E+02,1.089E-04,7.956E-05,0.7305
185,Lithium Fluoride,2.750E-02,3.908E+02,2.652E+00,3.934E+02,1.154E-04,8.559E-05,0.7418
185,Lithium Fluoride,3.000E-02,4.040E+02,2.482E+00,4.065E+02,1.216E-04,9.146E-05,0.7519
185,Lithium Fluoride,3.500E-02,4.276E+02,2.204E+00,4.298E+02,1.336E-04,1.028E-04,0.7692
185,Lithium Fluoride,4.000E-02,4.478E+02,1.987E+00,4.498E+02,1.450E-04,1.136E-04,0.7836
185,Lithium Fluoride,4.500E-02,4.653E+02,1.812E+00,4.671E+02,1.559E-04,1.240E-04,0.7959
185,Lithium Fluoride,5.000E-02,4.803E+02,1.667E+00,4.820E+02,1.664E-04,1.342E-04,0.8064
185,Lithium Fluoride,5.500E-02,4.931E+02,1.546E+00,4.947E+02,1.766E-04,1.441E-04,0.8157
185,Lithium Fluoride,6.000E-02,5.041E+02,1.442E+00,5.055E+02,1.866E-04,1.538E-04,0.8240
185,Lithium Fluoride,6.500E-02,5.133E+02,1.353E+00,5.147E+02,1.964E-04,1.633E-04,0.8314
185,Lithium Fluoride,7.000E-02,5.211E+02,1.275E+00,5.223E+02,2.061E-04,1.727E-04,0.8381
185,Lithium Fluoride,7.500E-02,5.274E+02,1.206E+00,5.286E+02,2.156E-04,1.820E-04,0.8442
185,Lithium Fluoride,8.000E-02,5.325E+02,1.144E+00,5.337E+02,2.250E-04,1.912E-04,0.8498
185,Lithium Fluoride,8.500E-02,5.365E+02,1.089E+00,5.376E+02,2.343E-04,2.003E-04,0.8549
185,Lithium Fluoride,9.000E-02,5.396E+02,1.040E+00,5.406E+02,2.436E-04,2.094E-04,0.8597
185,Lithium Fluoride,9.500E-02,5.417E+02,9.948E-01,5.427E+02,2.528E-04,2.185E-04,0.8641
185,Lithium Fluoride,1.000E-01,5.430E+02,9.539E-01,5.440E+02,2.620E-04,2.275E-04,0.8683
185,Lithium Fluoride,1.250E-01,5.403E+02,7.939E-01,5.411E+02,3.080E-04,2.728E-04,0.8857
185,Lithium Fluoride,1.500E-01,5.274E+02,6.824E-01,5.281E+02,3.547E-04,3.189E-04,0.8991
185,Lithium Fluoride,1.750E-01,5.092E+02,6.001E-01,5.098E+02,4.029E-04,3.666E-04,0.9099
185,Lithium Fluoride,2.000E-01,4.888E+02,5.365E-01,4.893E+02,4.529E-04,4.162E-04,0.9188
185,Lithium Fluoride,2.250E-01,4.674E+02,4.858E-01,4.679E+02,5.052E-04,4.680E-04,0.9264
185,Lithium Fluoride,2.500E-01,4.465E+02,4.444E-01,4.469E+02,5.598E-04,5.222E-04,0.9328
185,Lithium Fluoride,2.750E-01,4.269E+02,4.097E-01,4.273E+02,6.171E-04,5.790E-04,0.9384
185,Lithium Fluoride,3.000E-01,4.087E+02,3.804E-01,4.091E+02,6.769E-04,6.384E-04,0.9432
185,Lithium Fluoride,3.500E-01,3.769E+02,3.333E-01,3.773E+02,8.043E-04,7.651E-04,0.9513
185,Lithium Fluoride,4.000E-01,3.504E+02,2.971E-01,3.507E+02,9.418E-04,9.019E-04,0.9576
185,Lithium Fluoride,4.500E-01,3.280E+02,2.684E-01,3.283E+02,1.089E-03,1.049E-03,0.9626
185,Lithium Fluoride,5.000E-01,3.091E+02,2.449E-01,3.093E+02,1.246E-03,1.205E-03,0.9667
185,Lithium Fluoride,5.500E-01,2.927E+02,2.255E-01,2.930E+02,1.412E-03,1.370E-03,0.9701
185,Lithium Fluoride,6.000E-01,2.781E+02,2.090E-01,2.783E+02,1.588E-03,1.545E-03,0.9729
185,Lithium Fluoride,6.500E-01,2.651E+02,1.949E-01,2.652E+02,1.772E-03,1.728E-03,0.9753
185,Lithium Fluoride,7.000E-01,2.533E+02,1.827E-01,2.534E+02,1.965E-03,1.920E-03,0.9773
185,Lithium Fluoride,7.500E-01,2.425E+02,1.720E-01,2.427E+02,2.166E-03,2.121E-03,0.9791
185,Lithium Fluoride,8.000E-01,2.328E+02,1.625E-01,2.329E+02,2.377E-03,2.330E-03,0.9806
185,Lithium Fluoride,8.500E-01,2.239E+02,1.540E-01,2.240E+02,2.596E-03,2.549E-03,0.9819
185,Lithium Fluoride,9.000E-01,2.156E+02,1.464E-01,2.158E+02,2.823E-03,2.775E-03,0.9831
185,Lithium Fluoride,9.500E-01,2.082E+02,1.396E-01,2.083E+02,3.059E-03,3.010E-03,0.9841
185,Lithium Fluoride,1.000E+00,2.012E+02,1.334E-01,2.014E+02,3.303E-03,3.254E-03,0.9850
185,Lithium Fluoride,1.250E+00,1.731E+02,1.094E-01,1.732E+02,4.646E-03,4.592E-03,0.9884
185,Lithium Fluoride,1.500E+00,1.525E+02,9.290E-02,1.526E+02,6.187E-03,6.129E-03,0.9905
185,Lithium Fluoride,1.750E+00,1.368E+02,8.089E-02,1.369E+02,7.920E-03,7.856E-03,0.9919
185,Lithium Fluoride,2.000E+00,1.244E+02,7.172E-02,1.244E+02,9.838E-03,9.769E-03,0.9930
185,Lithium Fluoride,2.250E+00,1.142E+02,6.448E-02,1.142E+02,1.194E-02,1.186E-02,0.9937
185,Lithium Fluoride,2.500E+00,1.057E+02,5.861E-02,1.058E+02,1.421E-02,1.413E-02,0.9943
185,Lithium Fluoride,2.750E+00,9.853E+01,5.375E-02,9.859E+01,1.666E-02,1.658E-02,0.9948
185,Lithium Fluoride,3.000E+00,9.238E+01,4.966E-02,9.243E+01,1.928E-02,1.919E-02,0.9951
185,Lithium Fluoride,3.500E+00,8.233E+01,4.315E-02,8.237E+01,2.503E-02,2.492E-02,0.9957
185,Lithium Fluoride,4.000E+00,7.443E+01,3.819E-02,7.447E+01,3.142E-02,3.130E-02,0.9961
185,Lithium Fluoride,4.500E+00,6.804E+01,3.428E-02,6.807E+01,3.845E-02,3.831E-02,0.9963
185,Lithium Fluoride,5.000E+00,6.276E+01,3.112E-02,6.279E+01,4.611E-02,4.595E-02,0.9966
185,Lithium Fluoride,5.500E+00,5.831E+01,2.850E-02,5.834E+01,5.437E-02,5.420E-02,0.9967
185,Lithium Fluoride,6.000E+00,5.451E+01,2.630E-02,5.453E+01,6.324E-02,6.305E-02,0.9969
185,Lithium Fluoride,6.500E+00,5.122E+01,2.443E-02,5.124E+01,7.271E-02,7.249E-02,0.9970
185,Lithium Fluoride,7.000E+00,4.834E+01,2.281E-02,4.836E+01,8.276E-02,8.252E-02,0.9971
185,Lithium Fluoride,7.500E+00,4.579E+01,2.140E-02,4.581E+01,9.338E-02,9.312E-02,0.9972
185,Lithium Fluoride,8.000E+00,4.352E+01,2.016E-02,4.354E+01,1.046E-01,1.043E-01,0.9973
185,Lithium Fluoride,8.500E+00,4.149E+01,1.905E-02,4.151E+01,1.163E-01,1.160E-01,0.9973
185,Lithium Fluoride,9.000E+00,3.966E+01,1.807E-02,3.967E+01,1.287E-01,1.283E-01,0.9974
185,Lithium Fluoride,9.500E+00,3.799E+01,1.718E-02,3.801E+01,1.416E-01,1.412E-01,0.9974
185,Lithium Fluoride,1.000E+01,3.648E+01,1.638E-02,3.649E+01,1.550E-01,1.546E-01,0.9975
185,Lithium Fluoride,1.250E+01,3.053E+01,1.330E-02,3.054E+01,2.302E-01,2.297E-01,0.9977
185,Lithium Fluoride,1.500E+01,2.638E+01,1.121E-02,2.639E+01,3.185E-01,3.178E-01,0.9978
185,Lithium Fluoride,1.750E+01,2.330E+01,9.706E-03,2.331E+01,4.196E-01,4.187E-01,0.9979
185,Lithium Fluoride,2.000E+01,2.093E+01,8.561E-03,2.093E+01,5.329E-01,5.318E-01,0.9979
185,Lithium Fluoride,2.500E+01,1.748E+01,6.939E-03,1.749E+01,7.955E-01,7.939E-01,0.9980
185,Lithium Fluoride,2.750E+01,1.619E+01,6.343E-03,1.620E+01,9.441E-01,9.423E-01,0.9980
185,Lithium Fluoride,3.000E+01,1.510E+01,5.843E-03,1.510E+01,1.104E+00,1.102E+00,0.9981
185,Lithium Fluoride,3.500E+01,1.334E+01,5.051E-03,1.334E+01,1.457E+00,1.454E+00,0.9981
185,Lithium Fluoride,4.000E+01,1.199E+01,4.452E-03,1.199E+01,1.853E+00,1.850E+00,0.9982
185,Lithium Fluoride,4.500E+01,1.092E+01,3.983E-03,1.092E+01,2.290E+00,2.286E+00,0.9982
185,Lithium Fluoride,5.000E+01,1.004E+01,3.604E-03,1.005E+01,2.768E+00,2.763E+00,0.9982
185,Lithium Fluoride,5.500E+01,9.317E+00,3.293E-03,9.320E+00,3.285E+00,3.280E+00,0.9983
185,Lithium Fluoride,6.000E+01,8.704E+00,3.032E-03,8.707E+00,3.841E+00,3.834E+00,0.9983
185,Lithium Fluoride,6.500E+01,8.178E+00,2.811E-03,8.181E+00,4.434E+00,4.426E+00,0.9983
185,Lithium Fluoride,7.000E+01,7.723E+00,2.620E-03,7.725E+00,5.063E+00,5.055E+00,0.9983
185,Lithium Fluoride,7.500E+01,7.324E+00,2.454E-03,7.327E+00,5.728E+00,5.718E+00,0.9984
185,Lithium Fluoride,8.000E+01,6.972E+00,2.308E-03,6.975E+00,6.428E+00,6.417E+00,0.9984
185,Lithium Fluoride,8.500E+01,6.659E+00,2.179E-03,6.661E+00,7.161E+00,7.150E+00,0.9984
185,Lithium Fluoride,9.000E+01,6.379E+00,2.064E-03,6.381E+00,7.929E+00,7.916E+00,0.9984
185,Lithium Fluoride,9.500E+01,6.126E+00,1.960E-03,6.128E+00,8.728E+00,8.715E+00,0.9984
185,Lithium Fluoride,1.000E+02,5.897E+00,1.867E-03,5.899E+00,9.560E+00,9.545E+00,0.9984
185,Lithium Fluoride,1.250E+02,5.013E+00,1.510E-03,5.015E+00,1.418E+01,1.416E+01,0.9985
185,Lithium Fluoride,1.500E+02,4.411E+00,1.270E-03,4.412E+00,1.951E+01,1.948E+01,0.9985
185,Lithium Fluoride,1.750E+02,3.974E+00,1.097E-03,3.975E+00,2.549E+01,2.545E+01,0.9986
185,Lithium Fluoride,2.000E+02,3.642E+00,9.661E-04,3.643E+00,3.207E+01,3.203E+01,0.9986
185,Lithium Fluoride,2.250E+02,3.382E+00,8.637E-04,3.383E+00,3.920E+01,3.915E+01,0.9986
185,Lithium Fluoride,2.500E+02,3.173E+00,7.814E-04,3.174E+00,4.684E+01,4.677E+01,0.9987
185,Lithium Fluoride,2.750E+02,3.001E+00,7.137E-04,3.002E+00,5.494E+01,5.487E+01,0.9987
185,Lithium Fluoride,3.000E+02,2.858E+00,6.571E-04,2.858E+00,6.348E+01,6.340E+01,0.9987
185,Lithium Fluoride,3.500E+02,2.632E+00,5.675E-04,2.633E+00,8.174E+01,8.164E+01,0.9988
185,Lithium Fluoride,4.000E+02,2.463E+00,4.999E-04,2.464E+00,1.014E+02,1.013E+02,0.9988
185,Lithium Fluoride,4.500E+02,2.332E+00,4.470E-04,2.333E+00,1.223E+02,1.221E+02,0.9988
185,Lithium Fluoride,5.000E+02,2.228E+00,4.045E-04,2.229E+00,1.442E+02,1.441E+02,0.9989
185,Lithium Fluoride,5.500E+02,2.144E+00,3.695E-04,2.144E+00,1.671E+02,1.669E+02,0.9989
185,Lithium Fluoride,6.000E+02,2.075E+00,3.403E-04,2.075E+00,1.908E+02,1.906E+02,0.9989
185,Lithium Fluoride,6.500E+02,2.017E+00,3.154E-04,2.017E+00,2.153E+02,2.150E+02,0.9989
185,Lithium Fluoride,7.000E+02,1.968E+00,2.940E-04,1.968E+00,2.404E+02,2.401E+02,0.9990
185,Lithium Fluoride,7.500E+02,1.927E+00,2.754E-04,1.927E+00,2.660E+02,2.658E+02,0.9990
185,Lithium Fluoride,8.000E+02,1.891E+00,2.591E-04,1.891E+00,2.922E+02,2.920E+02,0.9990
185,Lithium Fluoride,8.500E+02,1.860E+00,2.446E-04,1.860E+00,3.189E+02,3.186E+02,0.9990
185,Lithium Fluoride,9.000E+02,1.833E+00,2.318E-04,1.833E+00,3.460E+02,3.457E+02,0.9991
185,Lithium Fluoride,9.500E+02,1.810E+00,2.202E-04,1.810E+00,3.734E+02,3.731E+02,0.9991
185,Lithium Fluoride,1.000E+03,1.789E+00,2.098E-04,1.789E+00,4.012E+02,4.009E+02,0.9991
185,Lithium Fluoride,1.500E+03,1.674E+00,1.431E-04,1.675E+00,6.918E+02,6.912E+02,0.9992
185,Lithium Fluoride,2.000E+03,1.635E+00,1.091E-04,1.635E+00,9.945E+02,9.939E+02,0.9993
185,Lithium Fluoride,2.500E+03,1.622E+00,8.845E-05,1.622E+00,1.302E+03,1.301E+03,0.9994
185,Lithium Fluoride,3.000E+03,1.621E+00,7.453E-05,1.621E+00,1.610E+03,1.609E+03,0.9994
185,Lithium Fluoride,4.000E+03,1.631E+00,5.690E-05,1.631E+00,2.226E+03,2.224E+03,0.9995
185,Lithium Fluoride,5.000E+03,1.648E+00,4.616E-05,1.648E+00,2.836E+03,2.834E+03,0.9996
185,Lithium Fluoride,6.000E+03,1.665E+00,3.892E-05,1.665E+00,3.439E+03,3.438E+03,0.9996
185,Lithium Fluoride,7.000E+03,1.682E+00,3.369E-05,1.682E+00,4.037E+03,4.035E+03,0.9996
185,Lithium Fluoride,8.000E+03,1.697E+00,2.973E-05,1.697E+00,4.629E+03,4.627E+03,0.9997
185,Lithium Fluoride,9.000E+03,1.712E+00,2.663E-05,1.712E+00,5.215E+03,5.214E+03,0.9997
185,Lithium Fluoride,1.000E+04,1.726E+00,2.413E-05,1.726E+00,5.797E+03,5.795E+03,0.9997
189,Lithium Tetraborate,1.000E-03,1.110E+02,2.204E+01,1.330E+02,1.013E-05,3.423E-06,0.3378
189,Lithium Tetraborate,1.500E-03,1.359E+02,1.855E+01,1.545E+02,1.359E-05,5.209E-06,0.3833
189,Lithium Tetraborate,2.000E-03,1.570E+02,1.617E+01,1.731E+02,1.664E-05,6.982E-06,0.4195
189,Lithium Tetraborate,2.500E-03,1.755E+02,1.441E+01,1.899E+02,1.940E-05,8.714E-06,0.4492
189,Lithium Tetraborate,3.000E-03,1.922E+02,1.306E+01,2.053E+02,2.193E-05,1.040E-05,0.4744
189,Lithium Tetraborate,4.000E-03,2.220E+02,1.107E+01,2.330E+02,2.649E-05,1.365E-05,0.5151
189,Lithium Tetraborate,5.000E-03,2.482E+02,9.678E+00,2.579E+02,3.057E-05,1.672E-05,0.5471
189,Lithium Tetraborate,6.000E-03,2.719E+02,8.632E+00,2.805E+02,3.428E-05,1.965E-05,0.5733
189,Lithium Tetraborate,7.000E-03,2.936E+02,7.815E+00,3.015E+02,3.772E-05,2.245E-05,0.5951
189,Lithium Tetraborate,8.000E-03,3.139E+02,7.155E+00,3.211E+02,4.093E-05,2.513E-05,0.6139
189,Lithium Tetraborate,9.000E-03,3.330E+02,6.611E+00,3.396E+02,4.396E-05,2.770E-05,0.6301
189,Lithium Tetraborate,1.000E-02,3.510E+02,6.152E+00,3.571E+02,4.683E-05,3.018E-05,0.6444
189,Lithium Tetraborate,1.250E-02,3.865E+02,5.265E+00,3.917E+02,5.350E-05,3.606E-05,0.6741
189,Lithium Tetraborate,1.500E-02,4.174E+02,4.622E+00,4.220E+02,5.964E-05,4.160E-05,0.6976
189,Lithium Tetraborate,1.750E-02,4.448E+02,4.132E+00,4.489E+02,6.538E-05,4.686E-05,0.7168
189,Lithium Tetraborate,2.000E-02,4.694E+02,3.745E+00,4.731E+02,7.080E-05,5.189E-05,0.7329
189,Lithium Tetraborate,2.250E-02,4.916E+02,3.430E+00,4.950E+02,7.596E-05,5.672E-05,0.7466
189,Lithium Tetraborate,2.500E-02,5.117E+02,3.168E+00,5.149E+02,8.091E-05,6.138E-05,0.7586
189,Lithium Tetraborate,2.750E-02,5.301E+02,2.947E+00,5.330E+02,8.568E-05,6.590E-05,0.7692
189,Lithium Tetraborate,3.000E-02,5.467E+02,2.757E+00,5.495E+02,9.030E-05,7.030E-05,0.7785
189,Lithium Tetraborate,3.500E-02,5.758E+02,2.448E+00,5.782E+02,9.917E-05,7.879E-05,0.7946
189,Lithium Tetraborate,4.000E-02,5.999E+02,2.206E+00,6.021E+02,1.076E-04,8.696E-05,0.8079
189,Lithium Tetraborate,4.500E-02,6.198E+02,2.011E+00,6.218E+02,1.158E-04,9.486E-05,0.8192
189,Lithium Tetraborate,5.000E-02,6.360E+02,1.850E+00,6.379E+02,1.237E-04,1.026E-04,0.8290
189,Lithium Tetraborate,5.500E-02,6.491E+02,1.715E+00,6.508E+02,1.315E-04,1.101E-04,0.8376
189,Lithium Tetraborate,6.000E-02,6.593E+02,1.600E+00,6.609E+02,1.391E-04,1.176E-04,0.8452
189,Lithium Tetraborate,6.500E-02,6.672E+02,1.500E+00,6.687E+02,1.466E-04,1.249E-04,0.8521
189,Lithium Tetraborate,7.000E-02,6.729E+02,1.413E+00,6.743E+02,1.541E-04,1.322E-04,0.8583
189,Lithium Tetraborate,7.500E-02,6.767E+02,1.337E+00,6.780E+02,1.615E-04,1.395E-04,0.8639
189,Lithium Tetraborate,8.000E-02,6.789E+02,1.268E+00,6.801E+02,1.688E-04,1.467E-04,0.8691
189,Lithium Tetraborate,8.500E-02,6.796E+02,1.207E+00,6.808E+02,1.762E-04,1.540E-04,0.8739
189,Lithium Tetraborate,9.000E-02,6.791E+02,1.152E+00,6.803E+02,1.835E-04,1.612E-04,0.8784
189,Lithium Tetraborate,9.500E-02,6.776E+02,1.103E+00,6.787E+02,1.909E-04,1.685E-04,0.8825
189,Lithium Tetraborate,1.000E-01,6.751E+02,1.057E+00,6.762E+02,1.983E-04,1.757E-04,0.8864
189,Lithium Tetraborate,1.250E-01,6.530E+02,8.795E-01,6.539E+02,2.358E-04,2.128E-04,0.9026
189,Lithium Tetraborate,1.500E-01,6.224E+02,7.558E-01,6.231E+02,2.749E-04,2.516E-04,0.9151
189,Lithium Tetraborate,1.750E-01,5.895E+02,6.645E-01,5.901E+02,3.162E-04,2.925E-04,0.9251
189,Lithium Tetraborate,2.000E-01,5.573E+02,5.940E-01,5.579E+02,3.597E-04,3.357E-04,0.9333
189,Lithium Tetraborate,2.250E-01,5.255E+02,5.378E-01,5.261E+02,4.059E-04,3.815E-04,0.9401
189,Lithium Tetraborate,2.500E-01,4.956E+02,4.919E-01,4.961E+02,4.548E-04,4.302E-04,0.9459
189,Lithium Tetraborate,2.750E-01,4.684E+02,4.536E-01,4.689E+02,5.067E-04,4.818E-04,0.9508
189,Lithium Tetraborate,3.000E-01,4.441E+02,4.212E-01,4.445E+02,5.615E-04,5.362E-04,0.9551
189,Lithium Tetraborate,3.500E-01,4.031E+02,3.692E-01,4.035E+02,6.797E-04,6.539E-04,0.9620
189,Lithium Tetraborate,4.000E-01,3.706E+02,3.292E-01,3.709E+02,8.091E-04,7.827E-04,0.9673
189,Lithium Tetraborate,4.500E-01,3.446E+02,2.974E-01,3.449E+02,9.491E-04,9.220E-04,0.9715
189,Lithium Tetraborate,5.000E-01,3.235E+02,2.715E-01,3.238E+02,1.099E-03,1.071E-03,0.9748
189,Lithium Tetraborate,5.500E-01,3.059E+02,2.499E-01,3.062E+02,1.258E-03,1.229E-03,0.9775
189,Lithium Tetraborate,6.000E-01,2.903E+02,2.317E-01,2.906E+02,1.425E-03,1.396E-03,0.9797
189,Lithium Tetraborate,6.500E-01,2.764E+02,2.161E-01,2.766E+02,1.602E-03,1.572E-03,0.9815
189,Lithium Tetraborate,7.000E-01,2.639E+02,2.025E-01,2.641E+02,1.787E-03,1.757E-03,0.9830
189,Lithium Tetraborate,7.500E-01,2.527E+02,1.906E-01,2.529E+02,1.980E-03,1.949E-03,0.9844
189,Lithium Tetraborate,8.000E-01,2.424E+02,1.801E-01,2.426E+02,2.182E-03,2.151E-03,0.9855
189,Lithium Tetraborate,8.500E-01,2.332E+02,1.707E-01,2.333E+02,2.392E-03,2.360E-03,0.9865
189,Lithium Tetraborate,9.000E-01,2.247E+02,1.623E-01,2.248E+02,2.611E-03,2.578E-03,0.9873
189,Lithium Tetraborate,9.500E-01,2.169E+02,1.547E-01,2.170E+02,2.837E-03,2.803E-03,0.9881
189,Lithium Tetraborate,1.000E+00,2.096E+02,1.478E-01,2.098E+02,3.072E-03,3.037E-03,0.9887
189,Lithium Tetraborate,1.250E+00,1.804E+02,1.212E-01,1.805E+02,4.361E-03,4.322E-03,0.9912
189,Lithium Tetraborate,1.500E+00,1.592E+02,1.029E-01,1.593E+02,5.838E-03,5.796E-03,0.9927
189,Lithium Tetraborate,1.750E+00,1.428E+02,8.960E-02,1.429E+02,7.498E-03,7.451E-03,0.9937
189,Lithium Tetraborate,2.000E+00,1.299E+02,7.943E-02,1.300E+02,9.335E-03,9.283E-03,0.9944
189,Lithium Tetraborate,2.250E+00,1.193E+02,7.140E-02,1.194E+02,1.134E-02,1.129E-02,0.9949
189,Lithium Tetraborate,2.500E+00,1.106E+02,6.489E-02,1.106E+02,1.352E-02,1.346E-02,0.9954
189,Lithium Tetraborate,2.750E+00,1.031E+02,5.950E-02,1.032E+02,1.586E-02,1.579E-02,0.9957
189,Lithium Tetraborate,3.000E+00,9.669E+01,5.497E-02,9.674E+01,1.837E-02,1.829E-02,0.9959
189,Lithium Tetraborate,3.500E+00,8.619E+01,4.775E-02,8.624E+01,2.385E-02,2.376E-02,0.9963
189,Lithium Tetraborate,4.000E+00,7.794E+01,4.225E-02,7.798E+01,2.996E-02,2.986E-02,0.9966
189,Lithium Tetraborate,4.500E+00,7.126E+01,3.791E-02,7.130E+01,3.667E-02,3.655E-02,0.9968
189,Lithium Tetraborate,5.000E+00,6.574E+01,3.441E-02,6.578E+01,4.398E-02,4.385E-02,0.9970
189,Lithium Tetraborate,5.500E+00,6.109E+01,3.151E-02,6.112E+01,5.187E-02,5.172E-02,0.9971
189,Lithium Tetraborate,6.000E+00,5.711E+01,2.907E-02,5.714E+01,6.034E-02,6.017E-02,0.9973
189,Lithium Tetraborate,6.500E+00,5.366E+01,2.700E-02,5.369E+01,6.937E-02,6.918E-02,0.9973
189,Lithium Tetraborate,7.000E+00,5.064E+01,2.520E-02,5.067E+01,7.896E-02,7.876E-02,0.9974
189,Lithium Tetraborate,7.500E+00,4.797E+01,2.364E-02,4.800E+01,8.910E-02,8.888E-02,0.9975
189,Lithium Tetraborate,8.000E+00,4.560E+01,2.226E-02,4.562E+01,9.979E-02,9.955E-02,0.9975
189,Lithium Tetraborate,8.500E+00,4.347E+01,2.104E-02,4.349E+01,1.110E-01,1.108E-01,0.9976
189,Lithium Tetraborate,9.000E+00,4.155E+01,1.995E-02,4.157E+01,1.228E-01,1.225E-01,0.9976
189,Lithium Tetraborate,9.500E+00,3.980E+01,1.897E-02,3.982E+01,1.351E-01,1.348E-01,0.9977
189,Lithium Tetraborate,1.000E+01,3.821E+01,1.808E-02,3.823E+01,1.479E-01,1.476E-01,0.9977
189,Lithium Tetraborate,1.250E+01,3.198E+01,1.468E-02,3.200E+01,2.197E-01,2.192E-01,0.9979
189,Lithium Tetraborate,1.500E+01,2.763E+01,1.237E-02,2.764E+01,3.040E-01,3.034E-01,0.9980
189,Lithium Tetraborate,1.750E+01,2.441E+01,1.070E-02,2.442E+01,4.005E-01,3.997E-01,0.9980
189,Lithium Tetraborate,2.000E+01,2.192E+01,9.440E-03,2.193E+01,5.087E-01,5.077E-01,0.9981
189,Lithium Tetraborate,2.500E+01,1.831E+01,7.649E-03,1.832E+01,7.593E-01,7.579E-01,0.9982
189,Lithium Tetraborate,2.750E+01,1.696E+01,6.990E-03,1.696E+01,9.013E-01,8.996E-01,0.9982
189,Lithium Tetraborate,3.000E+01,1.581E+01,6.439E-03,1.582E+01,1.054E+00,1.052E+00,0.9982
189,Lithium Tetraborate,3.500E+01,1.397E+01,5.565E-03,1.398E+01,1.391E+00,1.389E+00,0.9983
189,Lithium Tetraborate,4.000E+01,1.256E+01,4.904E-03,1.256E+01,1.769E+00,1.766E+00,0.9983
189,Lithium Tetraborate,4.500E+01,1.143E+01,4.387E-03,1.144E+01,2.187E+00,2.183E+00,0.9983
189,Lithium Tetraborate,5.000E+01,1.052E+01,3.970E-03,1.052E+01,2.643E+00,2.639E+00,0.9984
189,Lithium Tetraborate,5.500E+01,9.758E+00,3.627E-03,9.761E+00,3.137E+00,3.132E+00,0.9984
189,Lithium Tetraborate,6.000E+01,9.115E+00,3.339E-03,9.119E+00,3.667E+00,3.661E+00,0.9984
189,Lithium Tetraborate,6.500E+01,8.565E+00,3.095E-03,8.568E+00,4.233E+00,4.227E+00,0.9984
189,Lithium Tetraborate,7.000E+01,8.088E+00,2.885E-03,8.091E+00,4.834E+00,4.827E+00,0.9985
189,Lithium Tetraborate,7.500E+01,7.671E+00,2.702E-03,7.673E+00,5.469E+00,5.460E+00,0.9985
189,Lithium Tetraborate,8.000E+01,7.302E+00,2.541E-03,7.305E+00,6.137E+00,6.128E+00,0.9985
189,Lithium Tetraborate,8.500E+01,6.974E+00,2.399E-03,6.976E+00,6.838E+00,6.827E+00,0.9985
189,Lithium Tetraborate,9.000E+01,6.680E+00,2.272E-03,6.683E+00,7.570E+00,7.559E+00,0.9985
189,Lithium Tetraborate,9.500E+01,6.416E+00,2.158E-03,6.418E+00,8.334E+00,8.322E+00,0.9985
189,Lithium Tetraborate,1.000E+02,6.176E+00,2.055E-03,6.178E+00,9.128E+00,9.115E+00,0.9985
189,Lithium Tetraborate,1.250E+02,5.250E+00,1.662E-03,5.252E+00,1.354E+01,1.352E+01,0.9986
189,Lithium Tetraborate,1.500E+02,4.620E+00,1.398E-03,4.621E+00,1.863E+01,1.860E+01,0.9986
189,Lithium Tetraborate,1.750E+02,4.162E+00,1.207E-03,4.163E+00,2.434E+01,2.431E+01,0.9987
189,Lithium Tetraborate,2.000E+02,3.815E+00,1.063E-03,3.816E+00,3.062E+01,3.058E+01,0.9987
189,Lithium Tetraborate,2.250E+02,3.542E+00,9.505E-04,3.543E+00,3.743E+01,3.738E+01,0.9987
189,Lithium Tetraborate,2.500E+02,3.323E+00,8.599E-04,3.324E+00,4.472E+01,4.466E+01,0.9988
189,Lithium Tetraborate,2.750E+02,3.143E+00,7.854E-04,3.144E+00,5.246E+01,5.240E+01,0.9988
189,Lithium Tetraborate,3.000E+02,2.993E+00,7.231E-04,2.994E+00,6.061E+01,6.054E+01,0.9988
189,Lithium Tetraborate,3.500E+02,2.757E+00,6.245E-04,2.757E+00,7.805E+01,7.796E+01,0.9988
189,Lithium Tetraborate,4.000E+02,2.580E+00,5.501E-04,2.580E+00,9.682E+01,9.671E+01,0.9989
189,Lithium Tetraborate,4.500E+02,2.444E+00,4.919E-04,2.444E+00,1.167E+02,1.166E+02,0.9989
189,Lithium Tetraborate,5.000E+02,2.336E+00,4.451E-04,2.336E+00,1.377E+02,1.375E+02,0.9989
189,Lithium Tetraborate,5.500E+02,2.247E+00,4.066E-04,2.248E+00,1.595E+02,1.594E+02,0.9990
189,Lithium Tetraborate,6.000E+02,2.174E+00,3.744E-04,2.175E+00,1.821E+02,1.820E+02,0.9990
189,Lithium Tetraborate,6.500E+02,2.113E+00,3.470E-04,2.113E+00,2.055E+02,2.053E+02,0.9990
189,Lithium Tetraborate,7.000E+02,2.061E+00,3.235E-04,2.062E+00,2.294E+02,2.292E+02,0.9990
189,Lithium Tetraborate,7.500E+02,2.017E+00,3.030E-04,2.018E+00,2.540E+02,2.537E+02,0.9991
189,Lithium Tetraborate,8.000E+02,1.980E+00,2.851E-04,1.980E+00,2.790E+02,2.787E+02,0.9991
189,Lithium Tetraborate,8.500E+02,1.947E+00,2.692E-04,1.947E+00,3.045E+02,3.042E+02,0.9991
189,Lithium Tetraborate,9.000E+02,1.918E+00,2.550E-04,1.919E+00,3.303E+02,3.300E+02,0.9991
189,Lithium Tetraborate,9.500E+02,1.893E+00,2.423E-04,1.894E+00,3.566E+02,3.563E+02,0.9991
189,Lithium Tetraborate,1.000E+03,1.871E+00,2.308E-04,1.872E+00,3.831E+02,3.828E+02,0.9992
189,Lithium Tetraborate,1.500E+03,1.749E+00,1.574E-04,1.749E+00,6.611E+02,6.606E+02,0.9993
189,Lithium Tetraborate,2.000E+03,1.707E+00,1.200E-04,1.707E+00,9.511E+02,9.505E+02,0.9994
189,Lithium Tetraborate,2.500E+03,1.693E+00,9.731E-05,1.693E+00,1.245E+03,1.245E+03,0.9994
189,Lithium Tetraborate,3.000E+03,1.692E+00,8.199E-05,1.692E+00,1.541E+03,1.540E+03,0.9995
189,Lithium Tetraborate,4.000E+03,1.703E+00,6.260E-05,1.703E+00,2.130E+03,2.130E+03,0.9995
189,Lithium Tetraborate,5.000E+03,1.721E+00,5.079E-05,1.721E+00,2.715E+03,2.713E+03,0.9996
189,Lithium Tetraborate,6.000E+03,1.740E+00,4.281E-05,1.740E+00,3.292E+03,3.291E+03,0.9996
189,Lithium Tetraborate,7.000E+03,1.759E+00,3.706E-05,1.759E+00,3.864E+03,3.863E+03,0.9997
189,Lithium Tetraborate,8.000E+03,1.776E+00,3.271E-05,1.776E+00,4.430E+03,4.428E+03,0.9997
189,Lithium Tetraborate,9.000E+03,1.793E+00,2.930E-05,1.793E+00,4.990E+03,4.988E+03,0.9997
189,Lithium Tetraborate,1.000E+04,1.808E+00,2.655E-05,1.808E+00,5.545E+03,5.544E+03,0.9997
191,M3 Wax,1.000E-03,1.981E+02,4.608E+01,2.442E+02,4.874E-06,2.491E-06,0.5111
191,M3 Wax,1.500E-03,2.426E+02,3.678E+01,2.794E+02,6.772E-06,3.725E-06,0.5500
191,M3 Wax,2.000E-03,2.802E+02,3.101E+01,3.112E+02,8.466E-06,4.916E-06,0.5806
191,M3 Wax,2.500E-03,3.133E+02,2.701E+01,3.403E+02,1.000E-05,6.055E-06,0.6054
191,M3 Wax,3.000E-03,3.431E+02,2.405E+01,3.672E+02,1.141E-05,7.146E-06,0.6260
191,M3 Wax,4.000E-03,3.919E+02,1.989E+01,4.118E+02,1.398E-05,9.212E-06,0.6589
191,M3 Wax,5.000E-03,4.354E+02,1.709E+01,4.524E+02,1.630E-05,1.115E-05,0.6843
191,M3 Wax,6.000E-03,4.746E+02,1.505E+01,4.897E+02,1.842E-05,1.298E-05,0.7047
191,M3 Wax,7.000E-03,5.106E+02,1.349E+01,5.241E+02,2.039E-05,1.471E-05,0.7216
191,M3 Wax,8.000E-03,5.431E+02,1.225E+01,5.553E+02,2.224E-05,1.637E-05,0.7358
191,M3 Wax,9.000E-03,5.730E+02,1.124E+01,5.843E+02,2.400E-05,1.795E-05,0.7481
191,M3 Wax,1.000E-02,6.010E+02,1.040E+01,6.114E+02,2.567E-05,1.948E-05,0.7589
191,M3 Wax,1.250E-02,6.567E+02,8.806E+00,6.655E+02,2.958E-05,2.310E-05,0.7809
191,M3 Wax,1.500E-02,7.037E+02,7.668E+00,7.113E+02,3.321E-05,2.651E-05,0.7981
191,M3 Wax,1.750E-02,7.444E+02,6.811E+00,7.512E+02,3.663E-05,2.975E-05,0.8121
191,M3 Wax,2.000E-02,7.804E+02,6.140E+00,7.865E+02,3.988E-05,3.285E-05,0.8237
191,M3 Wax,2.250E-02,8.122E+02,5.600E+00,8.178E+02,4.300E-05,3.584E-05,0.8336
191,M3 Wax,2.500E-02,8.403E+02,5.154E+00,8.454E+02,4.600E-05,3.874E-05,0.8421
191,M3 Wax,2.750E-02,8.650E+02,4.779E+00,8.698E+02,4.892E-05,4.156E-05,0.8496
191,M3 Wax,3.000E-02,8.870E+02,4.459E+00,8.915E+02,5.175E-05,4.431E-05,0.8562
191,M3 Wax,3.500E-02,9.250E+02,3.941E+00,9.289E+02,5.724E-05,4.966E-05,0.8675
191,M3 Wax,4.000E-02,9.565E+02,3.538E+00,9.601E+02,6.254E-05,5.484E-05,0.8769
191,M3 Wax,4.500E-02,9.821E+02,3.215E+00,9.853E+02,6.767E-05,5.987E-05,0.8847
191,M3 Wax,5.000E-02,1.002E+03,2.950E+00,1.005E+03,7.270E-05,6.481E-05,0.8915
191,M3 Wax,5.500E-02,1.016E+03,2.728E+00,1.019E+03,7.764E-05,6.967E-05,0.8974
191,M3 Wax,6.000E-02,1.026E+03,2.540E+00,1.029E+03,8.252E-05,7.448E-05,0.9026
191,M3 Wax,6.500E-02,1.032E+03,2.377E+00,1.035E+03,8.736E-05,7.926E-05,0.9073
191,M3 Wax,7.000E-02,1.035E+03,2.236E+00,1.038E+03,9.219E-05,8.403E-05,0.9115
191,M3 Wax,7.500E-02,1.036E+03,2.111E+00,1.038E+03,9.700E-05,8.879E-05,0.9153
191,M3 Wax,8.000E-02,1.033E+03,2.001E+00,1.035E+03,1.018E-04,9.356E-05,0.9188
191,M3 Wax,8.500E-02,1.029E+03,1.902E+00,1.031E+03,1.067E-04,9.835E-05,0.9221
191,M3 Wax,9.000E-02,1.023E+03,1.813E+00,1.025E+03,1.115E-04,1.032E-04,0.9251
191,M3 Wax,9.500E-02,1.016E+03,1.733E+00,1.018E+03,1.164E-04,1.080E-04,0.9278
191,M3 Wax,1.000E-01,1.007E+03,1.660E+00,1.009E+03,1.214E-04,1.129E-04,0.9304
191,M3 Wax,1.250E-01,9.533E+02,1.375E+00,9.547E+02,1.468E-04,1.382E-04,0.9412
191,M3 Wax,1.500E-01,8.919E+02,1.178E+00,8.930E+02,1.739E-04,1.651E-04,0.9494
191,M3 Wax,1.750E-01,8.313E+02,1.033E+00,8.324E+02,2.029E-04,1.939E-04,0.9559
191,M3 Wax,2.000E-01,7.754E+02,9.217E-01,7.763E+02,2.340E-04,2.249E-04,0.9611
191,M3 Wax,2.250E-01,7.251E+02,8.330E-01,7.259E+02,2.673E-04,2.580E-04,0.9654
191,M3 Wax,2.500E-01,6.806E+02,7.608E-01,6.813E+02,3.029E-04,2.935E-04,0.9690
191,M3 Wax,2.750E-01,6.413E+02,7.002E-01,6.420E+02,3.407E-04,3.311E-04,0.9720
191,M3 Wax,3.000E-01,6.066E+02,6.485E-01,6.073E+02,3.807E-04,3.710E-04,0.9745
191,M3 Wax,3.500E-01,5.466E+02,5.659E-01,5.471E+02,4.676E-04,4.576E-04,0.9786
191,M3 Wax,4.000E-01,4.978E+02,5.028E-01,4.983E+02,5.635E-04,5.532E-04,0.9817
191,M3 Wax,4.500E-01,4.588E+02,4.528E-01,4.592E+02,6.681E-04,6.575E-04,0.9841
191,M3 Wax,5.000E-01,4.274E+02,4.123E-01,4.278E+02,7.811E-04,7.701E-04,0.9860
191,M3 Wax,5.500E-01,4.017E+02,3.787E-01,4.020E+02,9.017E-04,8.904E-04,0.9875
191,M3 Wax,6.000E-01,3.792E+02,3.503E-01,3.796E+02,1.030E-03,1.018E-03,0.9887
191,M3 Wax,6.500E-01,3.596E+02,3.259E-01,3.600E+02,1.165E-03,1.153E-03,0.9897
191,M3 Wax,7.000E-01,3.422E+02,3.049E-01,3.425E+02,1.308E-03,1.295E-03,0.9905
191,M3 Wax,7.500E-01,3.267E+02,2.865E-01,3.270E+02,1.457E-03,1.444E-03,0.9912
191,M3 Wax,8.000E-01,3.127E+02,2.703E-01,3.130E+02,1.613E-03,1.600E-03,0.9918
191,M3 Wax,8.500E-01,3.001E+02,2.559E-01,3.003E+02,1.776E-03,1.763E-03,0.9924
191,M3 Wax,9.000E-01,2.885E+02,2.430E-01,2.887E+02,1.946E-03,1.932E-03,0.9928
191,M3 Wax,9.500E-01,2.778E+02,2.313E-01,2.781E+02,2.123E-03,2.108E-03,0.9932
191,M3 Wax,1.000E+00,2.681E+02,2.208E-01,2.683E+02,2.306E-03,2.291E-03,0.9936
191,M3 Wax,1.250E+00,2.291E+02,1.803E-01,2.293E+02,3.318E-03,3.301E-03,0.9948
191,M3 Wax,1.500E+00,2.010E+02,1.526E-01,2.012E+02,4.485E-03,4.465E-03,0.9956
191,M3 Wax,1.750E+00,1.797E+02,1.325E-01,1.798E+02,5.802E-03,5.779E-03,0.9961
191,M3 Wax,2.000E+00,1.628E+02,1.172E-01,1.629E+02,7.265E-03,7.239E-03,0.9965
191,M3 Wax,2.250E+00,1.492E+02,1.052E-01,1.493E+02,8.869E-03,8.841E-03,0.9968
191,M3 Wax,2.500E+00,1.378E+02,9.547E-02,1.379E+02,1.061E-02,1.058E-02,0.9970
191,M3 Wax,2.750E+00,1.283E+02,8.743E-02,1.283E+02,1.249E-02,1.246E-02,0.9972
191,M3 Wax,3.000E+00,1.201E+02,8.067E-02,1.201E+02,1.451E-02,1.447E-02,0.9973
191,M3 Wax,3.500E+00,1.067E+02,6.994E-02,1.067E+02,1.893E-02,1.889E-02,0.9975
191,M3 Wax,4.000E+00,9.620E+01,6.179E-02,9.626E+01,2.387E-02,2.382E-02,0.9977
191,M3 Wax,4.500E+00,8.777E+01,5.538E-02,8.782E+01,2.932E-02,2.925E-02,0.9978
191,M3 Wax,5.000E+00,8.081E+01,5.020E-02,8.086E+01,3.526E-02,3.518E-02,0.9979
191,M3 Wax,5.500E+00,7.497E+01,4.593E-02,7.501E+01,4.168E-02,4.160E-02,0.9979
191,M3 Wax,6.000E+00,6.998E+01,4.235E-02,7.002E+01,4.858E-02,4.849E-02,0.9980
191,M3 Wax,6.500E+00,6.567E+01,3.930E-02,6.571E+01,5.596E-02,5.585E-02,0.9981
191,M3 Wax,7.000E+00,6.191E+01,3.666E-02,6.194E+01,6.380E-02,6.368E-02,0.9981
191,M3 Wax,7.500E+00,5.859E+01,3.437E-02,5.862E+01,7.210E-02,7.197E-02,0.9981
191,M3 Wax,8.000E+00,5.564E+01,3.235E-02,5.567E+01,8.086E-02,8.071E-02,0.9982
191,M3 Wax,8.500E+00,5.300E+01,3.056E-02,5.303E+01,9.006E-02,8.990E-02,0.9982
191,M3 Wax,9.000E+00,5.062E+01,2.897E-02,5.065E+01,9.971E-02,9.954E-02,0.9982
191,M3 Wax,9.500E+00,4.846E+01,2.753E-02,4.849E+01,1.098E-01,1.096E-01,0.9982
191,M3 Wax,1.000E+01,4.650E+01,2.624E-02,4.652E+01,1.203E-01,1.201E-01,0.9983
191,M3 Wax,1.250E+01,3.881E+01,2.127E-02,3.883E+01,1.794E-01,1.791E-01,0.9984
191,M3 Wax,1.500E+01,3.347E+01,1.791E-02,3.349E+01,2.490E-01,2.486E-01,0.9984
191,M3 Wax,1.750E+01,2.952E+01,1.548E-02,2.954E+01,3.286E-01,3.281E-01,0.9985
191,M3 Wax,2.000E+01,2.648E+01,1.365E-02,2.649E+01,4.182E-01,4.175E-01,0.9985
191,M3 Wax,2.500E+01,2.207E+01,1.105E-02,2.209E+01,6.259E-01,6.250E-01,0.9985
191,M3 Wax,2.750E+01,2.043E+01,1.010E-02,2.044E+01,7.437E-01,7.426E-01,0.9986
191,M3 Wax,3.000E+01,1.903E+01,9.297E-03,1.904E+01,8.705E-01,8.692E-01,0.9986
191,M3 Wax,3.500E+01,1.680E+01,8.032E-03,1.681E+01,1.151E+00,1.149E+00,0.9986
191,M3 Wax,4.000E+01,1.508E+01,7.076E-03,1.509E+01,1.465E+00,1.463E+00,0.9986
191,M3 Wax,4.500E+01,1.372E+01,6.327E-03,1.373E+01,1.813E+00,1.810E+00,0.9987
191,M3 Wax,5.000E+01,1.262E+01,5.724E-03,1.262E+01,2.193E+00,2.190E+00,0.9987
191,M3 Wax,5.500E+01,1.170E+01,5.229E-03,1.170E+01,2.605E+00,2.601E+00,0.9987
191,M3 Wax,6.000E+01,1.092E+01,4.813E-03,1.093E+01,3.047E+00,3.043E+00,0.9987
191,M3 Wax,6.500E+01,1.026E+01,4.461E-03,1.026E+01,3.520E+00,3.515E+00,0.9987
191,M3 Wax,7.000E+01,9.683E+00,4.157E-03,9.687E+00,4.022E+00,4.016E+00,0.9988
191,M3 Wax,7.500E+01,9.179E+00,3.893E-03,9.183E+00,4.552E+00,4.546E+00,0.9988
191,M3 Wax,8.000E+01,8.735E+00,3.661E-03,8.739E+00,5.110E+00,5.104E+00,0.9988
191,M3 Wax,8.500E+01,8.340E+00,3.456E-03,8.344E+00,5.696E+00,5.689E+00,0.9988
191,M3 Wax,9.000E+01,7.986E+00,3.273E-03,7.990E+00,6.309E+00,6.301E+00,0.9988
191,M3 Wax,9.500E+01,7.668E+00,3.109E-03,7.671E+00,6.947E+00,6.939E+00,0.9988
191,M3 Wax,1.000E+02,7.379E+00,2.960E-03,7.382E+00,7.612E+00,7.603E+00,0.9988
191,M3 Wax,1.250E+02,6.267E+00,2.394E-03,6.269E+00,1.130E+01,1.129E+01,0.9989
191,M3 Wax,1.500E+02,5.509E+00,2.012E-03,5.511E+00,1.557E+01,1.555E+01,0.9989
191,M3 Wax,1.750E+02,4.960E+00,1.737E-03,4.962E+00,2.036E+01,2.034E+01,0.9989
191,M3 Wax,2.000E+02,4.544E+00,1.530E-03,4.545E+00,2.563E+01,2.561E+01,0.9989
191,M3 Wax,2.250E+02,4.217E+00,1.368E-03,4.219E+00,3.135E+01,3.132E+01,0.9990
191,M3 Wax,2.500E+02,3.955E+00,1.237E-03,3.956E+00,3.747E+01,3.744E+01,0.9990
191,M3 Wax,2.750E+02,3.739E+00,1.130E-03,3.740E+00,4.398E+01,4.393E+01,0.9990
191,M3 Wax,3.000E+02,3.559E+00,1.040E-03,3.560E+00,5.083E+01,5.078E+01,0.9990
191,M3 Wax,3.500E+02,3.276E+00,8.982E-04,3.277E+00,6.550E+01,6.544E+01,0.9991
191,M3 Wax,4.000E+02,3.065E+00,7.910E-04,3.066E+00,8.129E+01,8.122E+01,0.9991
191,M3 Wax,4.500E+02,2.902E+00,7.073E-04,2.902E+00,9.807E+01,9.798E+01,0.9991
191,M3 Wax,5.000E+02,2.772E+00,6.399E-04,2.773E+00,1.157E+02,1.156E+02,0.9991
191,M3 Wax,5.500E+02,2.668E+00,5.845E-04,2.669E+00,1.341E+02,1.340E+02,0.9992
191,M3 Wax,6.000E+02,2.582E+00,5.382E-04,2.583E+00,1.532E+02,1.530E+02,0.9992
191,M3 Wax,6.500E+02,2.511E+00,4.988E-04,2.511E+00,1.728E+02,1.727E+02,0.9992
191,M3 Wax,7.000E+02,2.451E+00,4.649E-04,2.451E+00,1.930E+02,1.928E+02,0.9992
191,M3 Wax,7.500E+02,2.398E+00,4.355E-04,2.399E+00,2.136E+02,2.134E+02,0.9992
191,M3 Wax,8.000E+02,2.353E+00,4.096E-04,2.353E+00,2.346E+02,2.345E+02,0.9993
191,M3 Wax,8.500E+02,2.314E+00,3.868E-04,2.314E+00,2.561E+02,2.559E+02,0.9993
191,M3 Wax,9.000E+02,2.280E+00,3.664E-04,2.280E+00,2.778E+02,2.776E+02,0.9993
191,M3 Wax,9.500E+02,2.250E+00,3.481E-04,2.250E+00,2.999E+02,2.997E+02,0.9993
191,M3 Wax,1.000E+03,2.223E+00,3.316E-04,2.224E+00,3.223E+02,3.220E+02,0.9993
191,M3 Wax,1.500E+03,2.076E+00,2.260E-04,2.076E+00,5.564E+02,5.560E+02,0.9994
191,M3 Wax,2.000E+03,2.024E+00,1.723E-04,2.024E+00,8.008E+02,8.004E+02,0.9995
191,M3 Wax,2.500E+03,2.006E+00,1.397E-04,2.006E+00,1.049E+03,1.049E+03,0.9995
191,M3 Wax,3.000E+03,2.003E+00,1.177E-04,2.003E+00,1.299E+03,1.298E+03,0.9996
191,M3 Wax,4.000E+03,2.015E+00,8.981E-05,2.015E+00,1.797E+03,1.796E+03,0.9996
191,M3 Wax,5.000E+03,2.034E+00,7.285E-05,2.034E+00,2.291E+03,2.290E+03,0.9997
191,M3 Wax,6.000E+03,2.056E+00,6.141E-05,2.056E+00,2.780E+03,2.779E+03,0.9997
191,M3 Wax,7.000E+03,2.076E+00,5.315E-05,2.077E+00,3.264E+03,3.263E+03,0.9997
191,M3 Wax,8.000E+03,2.096E+00,4.690E-05,2.096E+00,3.743E+03,3.742E+03,0.9997
191,M3 Wax,9.000E+03,2.115E+00,4.200E-05,2.115E+00,4.218E+03,4.217E+03,0.9998
191,M3 Wax,1.000E+04,2.132E+00,3.806E-05,2.132E+00,4.689E+03,4.688E+03,0.9998
197,Methane,1.000E-03,2.728E+02,7.573E+01,3.485E+02,3.201E-06,1.986E-06,0.6203
197,Methane,1.500E-03,3.341E+02,5.915E+01,3.933E+02,4.542E-06,2.974E-06,0.6548
197,Methane,2.000E-03,3.858E+02,4.914E+01,4.350E+02,5.750E-06,3.918E-06,0.6813
197,Methane,2.500E-03,4.314E+02,4.234E+01,4.737E+02,6.851E-06,4.812E-06,0.7025
197,Methane,3.000E-03,4.725E+02,3.738E+01,5.099E+02,7.867E-06,5.663E-06,0.7198
197,Methane,4.000E-03,5.456E+02,3.053E+01,5.762E+02,9.709E-06,7.252E-06,0.7469
197,Methane,5.000E-03,6.100E+02,2.599E+01,6.360E+02,1.136E-05,8.716E-06,0.7673
197,Methane,6.000E-03,6.682E+02,2.273E+01,6.910E+02,1.287E-05,1.008E-05,0.7835
197,Methane,7.000E-03,7.218E+02,2.026E+01,7.420E+02,1.426E-05,1.136E-05,0.7967
197,Methane,8.000E-03,7.716E+02,1.832E+01,7.899E+02,1.557E-05,1.257E-05,0.8078
197,Methane,9.000E-03,8.184E+02,1.674E+01,8.352E+02,1.680E-05,1.373E-05,0.8172
197,Methane,1.000E-02,8.627E+02,1.544E+01,8.781E+02,1.797E-05,1.483E-05,0.8254
197,Methane,1.250E-02,9.492E+02,1.298E+01,9.622E+02,2.068E-05,1.741E-05,0.8420
197,Methane,1.500E-02,1.024E+03,1.125E+01,1.035E+03,2.318E-05,1.982E-05,0.8548
197,Methane,1.750E-02,1.090E+03,9.950E+00,1.099E+03,2.552E-05,2.208E-05,0.8651
197,Methane,2.000E-02,1.148E+03,8.941E+00,1.157E+03,2.774E-05,2.423E-05,0.8736
197,Methane,2.250E-02,1.200E+03,8.132E+00,1.208E+03,2.985E-05,2.630E-05,0.8808
197,Methane,2.500E-02,1.246E+03,7.466E+00,1.254E+03,3.188E-05,2.828E-05,0.8870
197,Methane,2.750E-02,1.288E+03,6.909E+00,1.295E+03,3.385E-05,3.020E-05,0.8924
197,Methane,3.000E-02,1.325E+03,6.435E+00,1.331E+03,3.575E-05,3.207E-05,0.8972
197,Methane,3.500E-02,1.387E+03,5.669E+00,1.393E+03,3.942E-05,3.568E-05,0.9053
197,Methane,4.000E-02,1.436E+03,5.077E+00,1.441E+03,4.294E-05,3.916E-05,0.9120
197,Methane,4.500E-02,1.473E+03,4.604E+00,1.478E+03,4.637E-05,4.255E-05,0.9176
197,Methane,5.000E-02,1.500E+03,4.217E+00,1.504E+03,4.972E-05,4.587E-05,0.9225
197,Methane,5.500E-02,1.518E+03,3.894E+00,1.521E+03,5.302E-05,4.914E-05,0.9268
197,Methane,6.000E-02,1.528E+03,3.620E+00,1.532E+03,5.630E-05,5.239E-05,0.9305
197,Methane,6.500E-02,1.532E+03,3.384E+00,1.535E+03,5.956E-05,5.562E-05,0.9339
197,Methane,7.000E-02,1.530E+03,3.179E+00,1.533E+03,6.282E-05,5.886E-05,0.9370
197,Methane,7.500E-02,1.524E+03,2.999E+00,1.527E+03,6.608E-05,6.210E-05,0.9398
197,Methane,8.000E-02,1.514E+03,2.839E+00,1.517E+03,6.937E-05,6.537E-05,0.9423
197,Methane,8.500E-02,1.501E+03,2.697E+00,1.503E+03,7.268E-05,6.866E-05,0.9447
197,Methane,9.000E-02,1.485E+03,2.569E+00,1.487E+03,7.602E-05,7.198E-05,0.9469
197,Methane,9.500E-02,1.467E+03,2.453E+00,1.469E+03,7.940E-05,7.535E-05,0.9490
197,Methane,1.000E-01,1.447E+03,2.349E+00,1.450E+03,8.283E-05,7.876E-05,0.9509
197,Methane,1.250E-01,1.338E+03,1.940E+00,1.340E+03,1.007E-04,9.660E-05,0.9589
197,Methane,1.500E-01,1.227E+03,1.659E+00,1.228E+03,1.202E-04,1.160E-04,0.9650
197,Methane,1.750E-01,1.127E+03,1.452E+00,1.128E+03,1.415E-04,1.372E-04,0.9698
197,Methane,2.000E-01,1.041E+03,1.293E+00,1.042E+03,1.646E-04,1.602E-04,0.9736
197,Methane,2.250E-01,9.673E+02,1.167E+00,9.684E+02,1.895E-04,1.851E-04,0.9767
197,Methane,2.500E-01,9.046E+02,1.065E+00,9.057E+02,2.162E-04,2.117E-04,0.9793
197,Methane,2.750E-01,8.504E+02,9.785E-01,8.514E+02,2.447E-04,2.401E-04,0.9815
197,Methane,3.000E-01,8.032E+02,9.047E-01,8.041E+02,2.749E-04,2.703E-04,0.9833
197,Methane,3.500E-01,7.246E+02,7.872E-01,7.254E+02,3.405E-04,3.357E-04,0.9861
197,Methane,4.000E-01,6.618E+02,6.976E-01,6.625E+02,4.127E-04,4.078E-04,0.9882
197,Methane,4.500E-01,6.105E+02,6.269E-01,6.112E+02,4.913E-04,4.863E-04,0.9898
197,Methane,5.000E-01,5.677E+02,5.697E-01,5.683E+02,5.763E-04,5.711E-04,0.9910
197,Methane,5.500E-01,5.314E+02,5.224E-01,5.319E+02,6.673E-04,6.619E-04,0.9920
197,Methane,6.000E-01,4.998E+02,4.825E-01,5.003E+02,7.642E-04,7.588E-04,0.9928
197,Methane,6.500E-01,4.725E+02,4.483E-01,4.729E+02,8.671E-04,8.614E-04,0.9935
197,Methane,7.000E-01,4.483E+02,4.189E-01,4.487E+02,9.757E-04,9.699E-04,0.9940
197,Methane,7.500E-01,4.267E+02,3.932E-01,4.271E+02,1.090E-03,1.084E-03,0.9945
197,Methane,8.000E-01,4.074E+02,3.705E-01,4.078E+02,1.210E-03,1.204E-03,0.9949
197,Methane,8.500E-01,3.900E+02,3.504E-01,3.904E+02,1.335E-03,1.329E-03,0.9952
197,Methane,9.000E-01,3.741E+02,3.325E-01,3.745E+02,1.466E-03,1.459E-03,0.9955
197,Methane,9.500E-01,3.596E+02,3.163E-01,3.600E+02,1.602E-03,1.595E-03,0.9958
197,Methane,1.000E+00,3.464E+02,3.017E-01,3.467E+02,1.744E-03,1.737E-03,0.9960
197,Methane,1.250E+00,2.937E+02,2.455E-01,2.939E+02,2.530E-03,2.522E-03,0.9968
197,Methane,1.500E+00,2.562E+02,2.074E-01,2.564E+02,3.443E-03,3.434E-03,0.9973
197,Methane,1.750E+00,2.279E+02,1.797E-01,2.281E+02,4.479E-03,4.469E-03,0.9977
197,Methane,2.000E+00,2.057E+02,1.587E-01,2.059E+02,5.634E-03,5.622E-03,0.9979
197,Methane,2.250E+00,1.879E+02,1.422E-01,1.880E+02,6.907E-03,6.893E-03,0.9980
197,Methane,2.500E+00,1.731E+02,1.289E-01,1.732E+02,8.293E-03,8.278E-03,0.9982
197,Methane,2.750E+00,1.607E+02,1.179E-01,1.608E+02,9.792E-03,9.775E-03,0.9983
197,Methane,3.000E+00,1.501E+02,1.087E-01,1.502E+02,1.140E-02,1.138E-02,0.9984
197,Methane,3.500E+00,1.329E+02,9.412E-02,1.330E+02,1.495E-02,1.492E-02,0.9985
197,Methane,4.000E+00,1.195E+02,8.305E-02,1.196E+02,1.892E-02,1.889E-02,0.9986
197,Methane,4.500E+00,1.087E+02,7.436E-02,1.088E+02,2.331E-02,2.328E-02,0.9986
197,Methane,5.000E+00,9.989E+01,6.735E-02,9.995E+01,2.811E-02,2.807E-02,0.9987
197,Methane,5.500E+00,9.248E+01,6.157E-02,9.255E+01,3.331E-02,3.327E-02,0.9987
197,Methane,6.000E+00,8.619E+01,5.673E-02,8.624E+01,3.891E-02,3.886E-02,0.9988
197,Methane,6.500E+00,8.076E+01,5.261E-02,8.081E+01,4.490E-02,4.485E-02,0.9988
197,Methane,7.000E+00,7.603E+01,4.906E-02,7.608E+01,5.128E-02,5.122E-02,0.9988
197,Methane,7.500E+00,7.186E+01,4.597E-02,7.191E+01,5.805E-02,5.798E-02,0.9988
197,Methane,8.000E+00,6.817E+01,4.325E-02,6.821E+01,6.519E-02,6.512E-02,0.9989
197,Methane,8.500E+00,6.487E+01,4.084E-02,6.491E+01,7.271E-02,7.263E-02,0.9989
197,Methane,9.000E+00,6.190E+01,3.870E-02,6.194E+01,8.059E-02,8.051E-02,0.9989
197,Methane,9.500E+00,5.921E+01,3.677E-02,5.924E+01,8.885E-02,8.875E-02,0.9989
197,Methane,1.000E+01,5.676E+01,3.503E-02,5.680E+01,9.747E-02,9.737E-02,0.9989
197,Methane,1.250E+01,4.722E+01,2.836E-02,4.725E+01,1.460E-01,1.458E-01,0.9990
197,Methane,1.500E+01,4.062E+01,2.386E-02,4.064E+01,2.032E-01,2.030E-01,0.9990
197,Methane,1.750E+01,3.576E+01,2.061E-02,3.578E+01,2.689E-01,2.686E-01,0.9990
197,Methane,2.000E+01,3.202E+01,1.816E-02,3.204E+01,3.429E-01,3.425E-01,0.9991
197,Methane,2.500E+01,2.663E+01,1.469E-02,2.664E+01,5.148E-01,5.144E-01,0.9991
197,Methane,2.750E+01,2.462E+01,1.342E-02,2.463E+01,6.125E-01,6.120E-01,0.9991
197,Methane,3.000E+01,2.292E+01,1.235E-02,2.293E+01,7.178E-01,7.172E-01,0.9991
197,Methane,3.500E+01,2.020E+01,1.067E-02,2.021E+01,9.506E-01,9.498E-01,0.9991
197,Methane,4.000E+01,1.811E+01,9.395E-03,1.812E+01,1.212E+00,1.211E+00,0.9991
197,Methane,4.500E+01,1.646E+01,8.398E-03,1.647E+01,1.502E+00,1.501E+00,0.9992
197,Methane,5.000E+01,1.512E+01,7.596E-03,1.513E+01,1.819E+00,1.818E+00,0.9992
197,Methane,5.500E+01,1.401E+01,6.937E-03,1.401E+01,2.163E+00,2.161E+00,0.9992
197,Methane,6.000E+01,1.307E+01,6.385E-03,1.308E+01,2.533E+00,2.531E+00,0.9992
197,Methane,6.500E+01,1.227E+01,5.916E-03,1.227E+01,2.928E+00,2.925E+00,0.9992
197,Methane,7.000E+01,1.157E+01,5.513E-03,1.158E+01,3.347E+00,3.345E+00,0.9992
197,Methane,7.500E+01,1.096E+01,5.162E-03,1.097E+01,3.791E+00,3.788E+00,0.9992
197,Methane,8.000E+01,1.043E+01,4.854E-03,1.043E+01,4.259E+00,4.255E+00,0.9992
197,Methane,8.500E+01,9.953E+00,4.581E-03,9.958E+00,4.749E+00,4.746E+00,0.9992
197,Methane,9.000E+01,9.527E+00,4.338E-03,9.532E+00,5.263E+00,5.259E+00,0.9992
197,Methane,9.500E+01,9.144E+00,4.120E-03,9.148E+00,5.798E+00,5.794E+00,0.9992
197,Methane,1.000E+02,8.797E+00,3.924E-03,8.801E+00,6.356E+00,6.351E+00,0.9992
197,Methane,1.250E+02,7.460E+00,3.172E-03,7.463E+00,9.455E+00,9.448E+00,0.9993
197,Methane,1.500E+02,6.551E+00,2.665E-03,6.553E+00,1.304E+01,1.303E+01,0.9993
197,Methane,1.750E+02,5.893E+00,2.301E-03,5.895E+00,1.707E+01,1.706E+01,0.9993
197,Methane,2.000E+02,5.394E+00,2.026E-03,5.396E+00,2.151E+01,2.150E+01,0.9993
197,Methane,2.250E+02,5.003E+00,1.811E-03,5.005E+00,2.633E+01,2.631E+01,0.9993
197,Methane,2.500E+02,4.689E+00,1.638E-03,4.691E+00,3.149E+01,3.147E+01,0.9993
197,Methane,2.750E+02,4.431E+00,1.496E-03,4.433E+00,3.698E+01,3.696E+01,0.9994
197,Methane,3.000E+02,4.216E+00,1.377E-03,4.218E+00,4.276E+01,4.274E+01,0.9994
197,Methane,3.500E+02,3.878E+00,1.189E-03,3.879E+00,5.515E+01,5.512E+01,0.9994
197,Methane,4.000E+02,3.625E+00,1.047E-03,3.626E+00,6.850E+01,6.846E+01,0.9994
197,Methane,4.500E+02,3.430E+00,9.358E-04,3.431E+00,8.269E+01,8.264E+01,0.9994
197,Methane,5.000E+02,3.276E+00,8.466E-04,3.277E+00,9.761E+01,9.755E+01,0.9994
197,Methane,5.500E+02,3.151E+00,7.733E-04,3.152E+00,1.132E+02,1.131E+02,0.9995
197,Methane,6.000E+02,3.048E+00,7.119E-04,3.049E+00,1.293E+02,1.292E+02,0.9995
197,Methane,6.500E+02,2.963E+00,6.598E-04,2.964E+00,1.460E+02,1.459E+02,0.9995
197,Methane,7.000E+02,2.891E+00,6.150E-04,2.892E+00,1.630E+02,1.630E+02,0.9995
197,Methane,7.500E+02,2.830E+00,5.760E-04,2.831E+00,1.805E+02,1.804E+02,0.9995
197,Methane,8.000E+02,2.778E+00,5.418E-04,2.779E+00,1.984E+02,1.983E+02,0.9995
197,Methane,8.500E+02,2.733E+00,5.115E-04,2.734E+00,2.165E+02,2.164E+02,0.9995
197,Methane,9.000E+02,2.694E+00,4.845E-04,2.695E+00,2.349E+02,2.348E+02,0.9995
197,Methane,9.500E+02,2.660E+00,4.603E-04,2.661E+00,2.536E+02,2.535E+02,0.9995
197,Methane,1.000E+03,2.631E+00,4.385E-04,2.631E+00,2.725E+02,2.724E+02,0.9995
197,Methane,1.500E+03,2.472E+00,2.988E-04,2.472E+00,4.697E+02,4.695E+02,0.9996
197,Methane,2.000E+03,2.426E+00,2.278E-04,2.426E+00,6.743E+02,6.741E+02,0.9997
197,Methane,2.500E+03,2.419E+00,1.846E-04,2.420E+00,8.808E+02,8.806E+02,0.9997
197,Methane,3.000E+03,2.429E+00,1.555E-04,2.429E+00,1.087E+03,1.087E+03,0.9997
197,Methane,4.000E+03,2.467E+00,1.186E-04,2.467E+00,1.496E+03,1.495E+03,0.9998
197,Methane,5.000E+03,2.511E+00,9.622E-05,2.511E+00,1.898E+03,1.897E+03,0.9998
197,Methane,6.000E+03,2.555E+00,8.109E-05,2.555E+00,2.292E+03,2.292E+03,0.9998
197,Methane,7.000E+03,2.596E+00,7.018E-05,2.596E+00,2.681E+03,2.680E+03,0.9998
197,Methane,8.000E+03,2.634E+00,6.192E-05,2.634E+00,3.063E+03,3.062E+03,0.9998
197,Methane,9.000E+03,2.669E+00,5.545E-05,2.669E+00,3.440E+03,3.439E+03,0.9998
197,Methane,1.000E+04,2.702E+00,5.023E-05,2.702E+00,3.812E+03,3.812E+03,0.9999
200,MS20 Tissue Substitute,1.000E-03,1.744E+02,3.897E+01,2.134E+02,5.705E-06,2.681E-06,0.4699
200,MS20 Tissue Substitute,1.500E-03,2.136E+02,3.143E+01,2.450E+02,7.874E-06,4.019E-06,0.5104
200,MS20 Tissue Substitute,2.000E-03,2.467E+02,2.668E+01,2.733E+02,9.804E-06,5.318E-06,0.5424
200,MS20 Tissue Substitute,2.500E-03,2.758E+02,2.335E+01,2.991E+02,1.155E-05,6.566E-06,0.5685
200,MS20 Tissue Substitute,3.000E-03,3.021E+02,2.087E+01,3.230E+02,1.316E-05,7.766E-06,0.5902
200,MS20 Tissue Substitute,4.000E-03,3.450E+02,1.736E+01,3.623E+02,1.608E-05,1.005E-05,0.6251
200,MS20 Tissue Substitute,5.000E-03,3.832E+02,1.497E+01,3.982E+02,1.871E-05,1.220E-05,0.6523
200,MS20 Tissue Substitute,6.000E-03,4.177E+02,1.322E+01,4.310E+02,2.112E-05,1.424E-05,0.6742
200,MS20 Tissue Substitute,7.000E-03,4.494E+02,1.188E+01,4.612E+02,2.336E-05,1.617E-05,0.6923
200,MS20 Tissue Substitute,8.000E-03,4.779E+02,1.081E+01,4.888E+02,2.546E-05,1.802E-05,0.7077
200,MS20 Tissue Substitute,9.000E-03,5.043E+02,9.934E+00,5.142E+02,2.746E-05,1.980E-05,0.7211
200,MS20 Tissue Substitute,1.000E-02,5.288E+02,9.205E+00,5.380E+02,2.936E-05,2.151E-05,0.7327
200,MS20 Tissue Substitute,1.250E-02,5.781E+02,7.812E+00,5.859E+02,3.380E-05,2.558E-05,0.7567
200,MS20 Tissue Substitute,1.500E-02,6.198E+02,6.816E+00,6.266E+02,3.792E-05,2.941E-05,0.7755
200,MS20 Tissue Substitute,1.750E-02,6.560E+02,6.064E+00,6.621E+02,4.180E-05,3.306E-05,0.7908
200,MS20 Tissue Substitute,2.000E-02,6.882E+02,5.474E+00,6.937E+02,4.549E-05,3.655E-05,0.8035
200,MS20 Tissue Substitute,2.250E-02,7.167E+02,4.997E+00,7.217E+02,4.902E-05,3.992E-05,0.8143
200,MS20 Tissue Substitute,2.500E-02,7.420E+02,4.603E+00,7.466E+02,5.243E-05,4.318E-05,0.8237
200,MS20 Tissue Substitute,2.750E-02,7.644E+02,4.272E+00,7.687E+02,5.572E-05,4.636E-05,0.8320
200,MS20 Tissue Substitute,3.000E-02,7.844E+02,3.989E+00,7.884E+02,5.893E-05,4.946E-05,0.8393
200,MS20 Tissue Substitute,3.500E-02,8.193E+02,3.529E+00,8.228E+02,6.514E-05,5.548E-05,0.8517
200,MS20 Tissue Substitute,4.000E-02,8.487E+02,3.171E+00,8.518E+02,7.111E-05,6.129E-05,0.8620
200,MS20 Tissue Substitute,4.500E-02,8.728E+02,2.884E+00,8.757E+02,7.689E-05,6.695E-05,0.8707
200,MS20 Tissue Substitute,5.000E-02,8.920E+02,2.648E+00,8.946E+02,8.254E-05,7.248E-05,0.8781
200,MS20 Tissue Substitute,5.500E-02,9.064E+02,2.451E+00,9.088E+02,8.808E-05,7.792E-05,0.8846
200,MS20 Tissue Substitute,6.000E-02,9.168E+02,2.283E+00,9.190E+02,9.355E-05,8.330E-05,0.8904
200,MS20 Tissue Substitute,6.500E-02,9.237E+02,2.138E+00,9.259E+02,9.897E-05,8.864E-05,0.8956
200,MS20 Tissue Substitute,7.000E-02,9.278E+02,2.011E+00,9.298E+02,1.044E-04,9.395E-05,0.9003
200,MS20 Tissue Substitute,7.500E-02,9.294E+02,1.900E+00,9.313E+02,1.097E-04,9.925E-05,0.9045
200,MS20 Tissue Substitute,8.000E-02,9.288E+02,1.801E+00,9.306E+02,1.151E-04,1.046E-04,0.9084
200,MS20 Tissue Substitute,8.500E-02,9.264E+02,1.713E+00,9.281E+02,1.205E-04,1.099E-04,0.9120
200,MS20 Tissue Substitute,9.000E-02,9.223E+02,1.633E+00,9.239E+02,1.259E-04,1.152E-04,0.9153
200,MS20 Tissue Substitute,9.500E-02,9.169E+02,1.562E+00,9.185E+02,1.313E-04,1.206E-04,0.9183
200,MS20 Tissue Substitute,1.000E-01,9.104E+02,1.496E+00,9.119E+02,1.368E-04,1.260E-04,0.9212
200,MS20 Tissue Substitute,1.250E-01,8.666E+02,1.241E+00,8.679E+02,1.648E-04,1.538E-04,0.9332
200,MS20 Tissue Substitute,1.500E-01,8.145E+02,1.064E+00,8.155E+02,1.945E-04,1.833E-04,0.9423
200,MS20 Tissue Substitute,1.750E-01,7.620E+02,9.336E-01,7.629E+02,2.262E-04,2.148E-04,0.9495
200,MS20 Tissue Substitute,2.000E-01,7.128E+02,8.332E-01,7.137E+02,2.601E-04,2.485E-04,0.9554
200,MS20 Tissue Substitute,2.250E-01,6.683E+02,7.534E-01,6.690E+02,2.963E-04,2.845E-04,0.9602
200,MS20 Tissue Substitute,2.500E-01,6.286E+02,6.884E-01,6.292E+02,3.349E-04,3.229E-04,0.9642
200,MS20 Tissue Substitute,2.750E-01,5.933E+02,6.338E-01,5.940E+02,3.758E-04,3.636E-04,0.9676
200,MS20 Tissue Substitute,3.000E-01,5.621E+02,5.874E-01,5.627E+02,4.190E-04,4.067E-04,0.9706
200,MS20 Tissue Substitute,3.500E-01,5.077E+02,5.132E-01,5.082E+02,5.126E-04,4.999E-04,0.9752
200,MS20 Tissue Substitute,4.000E-01,4.633E+02,4.563E-01,4.637E+02,6.158E-04,6.027E-04,0.9788
200,MS20 Tissue Substitute,4.500E-01,4.276E+02,4.113E-01,4.280E+02,7.281E-04,7.147E-04,0.9815
200,MS20 Tissue Substitute,5.000E-01,3.989E+02,3.748E-01,3.993E+02,8.492E-04,8.353E-04,0.9837
200,MS20 Tissue Substitute,5.500E-01,3.753E+02,3.444E-01,3.757E+02,9.784E-04,9.641E-04,0.9854
200,MS20 Tissue Substitute,6.000E-01,3.547E+02,3.188E-01,3.550E+02,1.115E-03,1.101E-03,0.9868
200,MS20 Tissue Substitute,6.500E-01,3.367E+02,2.968E-01,3.370E+02,1.260E-03,1.245E-03,0.9880
200,MS20 Tissue Substitute,7.000E-01,3.206E+02,2.778E-01,3.209E+02,1.412E-03,1.397E-03,0.9890
200,MS20 Tissue Substitute,7.500E-01,3.062E+02,2.611E-01,3.065E+02,1.572E-03,1.556E-03,0.9898
200,MS20 Tissue Substitute,8.000E-01,2.933E+02,2.464E-01,2.936E+02,1.738E-03,1.722E-03,0.9905
200,MS20 Tissue Substitute,8.500E-01,2.816E+02,2.333E-01,2.818E+02,1.912E-03,1.895E-03,0.9911
200,MS20 Tissue Substitute,9.000E-01,2.709E+02,2.216E-01,2.711E+02,2.093E-03,2.076E-03,0.9916
200,MS20 Tissue Substitute,9.500E-01,2.610E+02,2.111E-01,2.612E+02,2.281E-03,2.263E-03,0.9921
200,MS20 Tissue Substitute,1.000E+00,2.520E+02,2.016E-01,2.522E+02,2.476E-03,2.457E-03,0.9925
200,MS20 Tissue Substitute,1.250E+00,2.157E+02,1.647E-01,2.159E+02,3.551E-03,3.530E-03,0.9940
200,MS20 Tissue Substitute,1.500E+00,1.895E+02,1.396E-01,1.897E+02,4.790E-03,4.766E-03,0.9950
200,MS20 Tissue Substitute,1.750E+00,1.696E+02,1.213E-01,1.697E+02,6.186E-03,6.158E-03,0.9956
200,MS20 Tissue Substitute,2.000E+00,1.539E+02,1.074E-01,1.540E+02,7.734E-03,7.703E-03,0.9960
200,MS20 Tissue Substitute,2.250E+00,1.411E+02,9.639E-02,1.412E+02,9.432E-03,9.397E-03,0.9963
200,MS20 Tissue Substitute,2.500E+00,1.304E+02,8.751E-02,1.305E+02,1.128E-02,1.124E-02,0.9966
200,MS20 Tissue Substitute,2.750E+00,1.215E+02,8.017E-02,1.215E+02,1.326E-02,1.322E-02,0.9968
200,MS20 Tissue Substitute,3.000E+00,1.138E+02,7.399E-02,1.138E+02,1.539E-02,1.534E-02,0.9970
200,MS20 Tissue Substitute,3.500E+00,1.012E+02,6.418E-02,1.012E+02,2.006E-02,2.000E-02,0.9972
200,MS20 Tissue Substitute,4.000E+00,9.131E+01,5.673E-02,9.137E+01,2.526E-02,2.520E-02,0.9974
200,MS20 Tissue Substitute,4.500E+00,8.336E+01,5.086E-02,8.341E+01,3.100E-02,3.092E-02,0.9975
200,MS20 Tissue Substitute,5.000E+00,7.679E+01,4.612E-02,7.684E+01,3.725E-02,3.716E-02,0.9976
200,MS20 Tissue Substitute,5.500E+00,7.127E+01,4.221E-02,7.132E+01,4.401E-02,4.391E-02,0.9977
200,MS20 Tissue Substitute,6.000E+00,6.656E+01,3.892E-02,6.660E+01,5.127E-02,5.115E-02,0.9978
200,MS20 Tissue Substitute,6.500E+00,6.249E+01,3.613E-02,6.252E+01,5.902E-02,5.889E-02,0.9978
200,MS20 Tissue Substitute,7.000E+00,5.892E+01,3.371E-02,5.896E+01,6.726E-02,6.712E-02,0.9979
200,MS20 Tissue Substitute,7.500E+00,5.578E+01,3.161E-02,5.581E+01,7.598E-02,7.582E-02,0.9979
200,MS20 Tissue Substitute,8.000E+00,5.298E+01,2.976E-02,5.301E+01,8.518E-02,8.500E-02,0.9980
200,MS20 Tissue Substitute,8.500E+00,5.048E+01,2.812E-02,5.051E+01,9.484E-02,9.465E-02,0.9980
200,MS20 Tissue Substitute,9.000E+00,4.823E+01,2.665E-02,4.825E+01,1.050E-01,1.048E-01,0.9980
200,MS20 Tissue Substitute,9.500E+00,4.618E+01,2.533E-02,4.621E+01,1.156E-01,1.153E-01,0.9981
200,MS20 Tissue Substitute,1.000E+01,4.432E+01,2.414E-02,4.434E+01,1.266E-01,1.264E-01,0.9981
200,MS20 Tissue Substitute,1.250E+01,3.702E+01,1.958E-02,3.704E+01,1.886E-01,1.882E-01,0.9982
200,MS20 Tissue Substitute,1.500E+01,3.194E+01,1.649E-02,3.196E+01,2.615E-01,2.610E-01,0.9983
200,MS20 Tissue Substitute,1.750E+01,2.819E+01,1.426E-02,2.820E+01,3.449E-01,3.443E-01,0.9983
200,MS20 Tissue Substitute,2.000E+01,2.529E+01,1.257E-02,2.530E+01,4.387E-01,4.379E-01,0.9983
200,MS20 Tissue Substitute,2.500E+01,2.110E+01,1.018E-02,2.111E+01,6.560E-01,6.550E-01,0.9984
200,MS20 Tissue Substitute,2.750E+01,1.953E+01,9.303E-03,1.954E+01,7.792E-01,7.780E-01,0.9984
200,MS20 Tissue Substitute,3.000E+01,1.820E+01,8.567E-03,1.821E+01,9.119E-01,9.105E-01,0.9985
200,MS20 Tissue Substitute,3.500E+01,1.607E+01,7.403E-03,1.608E+01,1.205E+00,1.203E+00,0.9985
200,MS20 Tissue Substitute,4.000E+01,1.443E+01,6.522E-03,1.444E+01,1.534E+00,1.531E+00,0.9985
200,MS20 Tissue Substitute,4.500E+01,1.313E+01,5.833E-03,1.314E+01,1.897E+00,1.894E+00,0.9985
200,MS20 Tissue Substitute,5.000E+01,1.208E+01,5.277E-03,1.208E+01,2.294E+00,2.291E+00,0.9986
200,MS20 Tissue Substitute,5.500E+01,1.120E+01,4.820E-03,1.120E+01,2.724E+00,2.720E+00,0.9986
200,MS20 Tissue Substitute,6.000E+01,1.046E+01,4.438E-03,1.046E+01,3.186E+00,3.182E+00,0.9986
200,MS20 Tissue Substitute,6.500E+01,9.824E+00,4.113E-03,9.828E+00,3.680E+00,3.675E+00,0.9986
200,MS20 Tissue Substitute,7.000E+01,9.274E+00,3.833E-03,9.278E+00,4.204E+00,4.198E+00,0.9986
200,MS20 Tissue Substitute,7.500E+01,8.793E+00,3.590E-03,8.797E+00,4.757E+00,4.751E+00,0.9987
200,MS20 Tissue Substitute,8.000E+01,8.368E+00,3.376E-03,8.372E+00,5.340E+00,5.333E+00,0.9987
200,MS20 Tissue Substitute,8.500E+01,7.991E+00,3.187E-03,7.994E+00,5.952E+00,5.944E+00,0.9987
200,MS20 Tissue Substitute,9.000E+01,7.653E+00,3.018E-03,7.656E+00,6.591E+00,6.582E+00,0.9987
200,MS20 Tissue Substitute,9.500E+01,7.348E+00,2.867E-03,7.351E+00,7.258E+00,7.248E+00,0.9987
200,MS20 Tissue Substitute,1.000E+02,7.072E+00,2.730E-03,7.075E+00,7.951E+00,7.941E+00,0.9987
200,MS20 Tissue Substitute,1.250E+02,6.008E+00,2.208E-03,6.010E+00,1.180E+01,1.179E+01,0.9988
200,MS20 Tissue Substitute,1.500E+02,5.283E+00,1.856E-03,5.285E+00,1.625E+01,1.623E+01,0.9988
200,MS20 Tissue Substitute,1.750E+02,4.757E+00,1.603E-03,4.759E+00,2.125E+01,2.122E+01,0.9988
200,MS20 Tissue Substitute,2.000E+02,4.359E+00,1.411E-03,4.360E+00,2.675E+01,2.671E+01,0.9988
200,MS20 Tissue Substitute,2.250E+02,4.046E+00,1.262E-03,4.047E+00,3.270E+01,3.267E+01,0.9989
200,MS20 Tissue Substitute,2.500E+02,3.795E+00,1.141E-03,3.796E+00,3.909E+01,3.904E+01,0.9989
200,MS20 Tissue Substitute,2.750E+02,3.588E+00,1.042E-03,3.589E+00,4.587E+01,4.582E+01,0.9989
200,MS20 Tissue Substitute,3.000E+02,3.416E+00,9.595E-04,3.417E+00,5.301E+01,5.295E+01,0.9989
200,MS20 Tissue Substitute,3.500E+02,3.145E+00,8.287E-04,3.146E+00,6.829E+01,6.822E+01,0.9990
200,MS20 Tissue Substitute,4.000E+02,2.942E+00,7.299E-04,2.943E+00,8.474E+01,8.466E+01,0.9990
200,MS20 Tissue Substitute,4.500E+02,2.786E+00,6.526E-04,2.787E+00,1.022E+02,1.021E+02,0.9990
200,MS20 Tissue Substitute,5.000E+02,2.662E+00,5.904E-04,2.663E+00,1.206E+02,1.205E+02,0.9991
200,MS20 Tissue Substitute,5.500E+02,2.562E+00,5.393E-04,2.563E+00,1.397E+02,1.396E+02,0.9991
200,MS20 Tissue Substitute,6.000E+02,2.480E+00,4.966E-04,2.480E+00,1.596E+02,1.594E+02,0.9991
200,MS20 Tissue Substitute,6.500E+02,2.412E+00,4.603E-04,2.412E+00,1.800E+02,1.799E+02,0.9991
200,MS20 Tissue Substitute,7.000E+02,2.354E+00,4.290E-04,2.355E+00,2.010E+02,2.008E+02,0.9991
200,MS20 Tissue Substitute,7.500E+02,2.306E+00,4.019E-04,2.306E+00,2.225E+02,2.223E+02,0.9992
200,MS20 Tissue Substitute,8.000E+02,2.264E+00,3.780E-04,2.264E+00,2.444E+02,2.442E+02,0.9992
200,MS20 Tissue Substitute,8.500E+02,2.228E+00,3.569E-04,2.228E+00,2.666E+02,2.664E+02,0.9992
200,MS20 Tissue Substitute,9.000E+02,2.195E+00,3.381E-04,2.196E+00,2.892E+02,2.890E+02,0.9992
200,MS20 Tissue Substitute,9.500E+02,2.167E+00,3.212E-04,2.168E+00,3.122E+02,3.119E+02,0.9992
200,MS20 Tissue Substitute,1.000E+03,2.142E+00,3.060E-04,2.143E+00,3.354E+02,3.351E+02,0.9992
200,MS20 Tissue Substitute,1.500E+03,2.004E+00,2.086E-04,2.004E+00,5.781E+02,5.777E+02,0.9994
200,MS20 Tissue Substitute,2.000E+03,1.956E+00,1.591E-04,1.956E+00,8.311E+02,8.306E+02,0.9994
200,MS20 Tissue Substitute,2.500E+03,1.940E+00,1.289E-04,1.940E+00,1.088E+03,1.087E+03,0.9995
200,MS20 Tissue Substitute,3.000E+03,1.938E+00,1.086E-04,1.938E+00,1.346E+03,1.345E+03,0.9995
200,MS20 Tissue Substitute,4.000E+03,1.951E+00,8.291E-05,1.951E+00,1.860E+03,1.860E+03,0.9996
200,MS20 Tissue Substitute,5.000E+03,1.971E+00,6.726E-05,1.971E+00,2.370E+03,2.369E+03,0.9996
200,MS20 Tissue Substitute,6.000E+03,1.993E+00,5.670E-05,1.993E+00,2.875E+03,2.874E+03,0.9997
200,MS20 Tissue Substitute,7.000E+03,2.013E+00,4.907E-05,2.013E+00,3.374E+03,3.373E+03,0.9997
200,MS20 Tissue Substitute,8.000E+03,2.033E+00,4.331E-05,2.033E+00,3.868E+03,3.867E+03,0.9997
200,MS20 Tissue Substitute,9.000E+03,2.051E+00,3.878E-05,2.051E+00,4.358E+03,4.357E+03,0.9997
200,MS20 Tissue Substitute,1.000E+04,2.068E+00,3.514E-05,2.068E+00,4.844E+03,4.842E+03,0.9998
201,"Muscle, Skeletal",1.000E-03,1.413E+02,4.135E+01,1.827E+02,6.269E-06,2.849E-06,0.4545
201,"Muscle, Skeletal",1.500E-03,1.731E+02,3.324E+01,2.063E+02,8.825E-06,4.335E-06,0.4912
201,"Muscle, Skeletal",2.000E-03,1.999E+02,2.817E+01,2.281E+02,1.113E-05,5.801E-06,0.5213
201,"Muscle, Skeletal",2.500E-03,2.235E+02,2.463E+01,2.481E+02,1.323E-05,7.226E-06,0.5462
201,"Muscle, Skeletal",3.000E-03,2.448E+02,2.199E+01,2.668E+02,1.517E-05,8.608E-06,0.5674
201,"Muscle, Skeletal",4.000E-03,2.825E+02,1.828E+01,3.008E+02,1.870E-05,1.125E-05,0.6018
201,"Muscle, Skeletal",5.000E-03,3.158E+02,1.575E+01,3.315E+02,2.186E-05,1.374E-05,0.6288
201,"Muscle, Skeletal",6.000E-03,3.458E+02,1.391E+01,3.598E+02,2.475E-05,1.611E-05,0.6508
201,"Muscle, Skeletal",7.000E-03,3.735E+02,1.249E+01,3.860E+02,2.743E-05,1.836E-05,0.6692
201,"Muscle, Skeletal",8.000E-03,3.992E+02,1.137E+01,4.105E+02,2.994E-05,2.051E-05,0.6849
201,"Muscle, Skeletal",9.000E-03,4.233E+02,1.045E+01,4.337E+02,3.231E-05,2.257E-05,0.6986
201,"Muscle, Skeletal",1.000E-02,4.461E+02,9.679E+00,4.557E+02,3.456E-05,2.456E-05,0.7106
201,"Muscle, Skeletal",1.250E-02,4.911E+02,8.213E+00,4.993E+02,3.979E-05,2.926E-05,0.7353
201,"Muscle, Skeletal",1.500E-02,5.302E+02,7.165E+00,5.374E+02,4.461E-05,3.368E-05,0.7548
201,"Muscle, Skeletal",1.750E-02,5.650E+02,6.374E+00,5.714E+02,4.912E-05,3.786E-05,0.7708
201,"Muscle, Skeletal",2.000E-02,5.961E+02,5.753E+00,6.019E+02,5.338E-05,4.186E-05,0.7841
201,"Muscle, Skeletal",2.250E-02,6.242E+02,5.252E+00,6.295E+02,5.744E-05,4.569E-05,0.7955
201,"Muscle, Skeletal",2.500E-02,6.497E+02,4.838E+00,6.545E+02,6.134E-05,4.939E-05,0.8053
201,"Muscle, Skeletal",2.750E-02,6.728E+02,4.490E+00,6.773E+02,6.509E-05,5.298E-05,0.8140
201,"Muscle, Skeletal",3.000E-02,6.938E+02,4.192E+00,6.980E+02,6.872E-05,5.647E-05,0.8217
201,"Muscle, Skeletal",3.500E-02,7.304E+02,3.709E+00,7.341E+02,7.570E-05,6.320E-05,0.8348
201,"Muscle, Skeletal",4.000E-02,7.606E+02,3.333E+00,7.639E+02,8.237E-05,6.966E-05,0.8457
201,"Muscle, Skeletal",4.500E-02,7.853E+02,3.031E+00,7.884E+02,8.881E-05,7.593E-05,0.8549
201,"Muscle, Skeletal",5.000E-02,8.053E+02,2.783E+00,8.081E+02,9.508E-05,8.204E-05,0.8629
201,"Muscle, Skeletal",5.500E-02,8.211E+02,2.575E+00,8.236E+02,1.012E-04,8.803E-05,0.8699
201,"Muscle, Skeletal",6.000E-02,8.331E+02,2.399E+00,8.355E+02,1.072E-04,9.394E-05,0.8761
201,"Muscle, Skeletal",6.500E-02,8.419E+02,2.246E+00,8.442E+02,1.132E-04,9.979E-05,0.8817
201,"Muscle, Skeletal",7.000E-02,8.479E+02,2.113E+00,8.500E+02,1.191E-04,1.056E-04,0.8867
201,"Muscle, Skeletal",7.500E-02,8.514E+02,1.996E+00,8.534E+02,1.249E-04,1.114E-04,0.8913
201,"Muscle, Skeletal",8.000E-02,8.526E+02,1.892E+00,8.545E+02,1.308E-04,1.171E-04,0.8955
201,"Muscle, Skeletal",8.500E-02,8.520E+02,1.800E+00,8.538E+02,1.367E-04,1.229E-04,0.8994
201,"Muscle, Skeletal",9.000E-02,8.497E+02,1.716E+00,8.515E+02,1.425E-04,1.287E-04,0.9030
201,"Muscle, Skeletal",9.500E-02,8.461E+02,1.641E+00,8.477E+02,1.484E-04,1.345E-04,0.9064
201,"Muscle, Skeletal",1.000E-01,8.412E+02,1.572E+00,8.428E+02,1.543E-04,1.404E-04,0.9096
201,"Muscle, Skeletal",1.250E-01,8.048E+02,1.304E+00,8.061E+02,1.846E-04,1.703E-04,0.9228
201,"Muscle, Skeletal",1.500E-01,7.589E+02,1.118E+00,7.600E+02,2.165E-04,2.020E-04,0.9329
201,"Muscle, Skeletal",1.750E-01,7.122E+02,9.807E-01,7.132E+02,2.505E-04,2.357E-04,0.9410
201,"Muscle, Skeletal",2.000E-01,6.685E+02,8.753E-01,6.694E+02,2.867E-04,2.717E-04,0.9477
201,"Muscle, Skeletal",2.250E-01,6.312E+02,7.914E-01,6.319E+02,3.251E-04,3.099E-04,0.9532
201,"Muscle, Skeletal",2.500E-01,5.990E+02,7.231E-01,5.998E+02,3.658E-04,3.503E-04,0.9578
201,"Muscle, Skeletal",2.750E-01,5.708E+02,6.657E-01,5.715E+02,4.085E-04,3.928E-04,0.9617
201,"Muscle, Skeletal",3.000E-01,5.456E+02,6.168E-01,5.462E+02,4.532E-04,4.374E-04,0.9650
201,"Muscle, Skeletal",3.500E-01,5.022E+02,5.386E-01,5.027E+02,5.488E-04,5.325E-04,0.9703
201,"Muscle, Skeletal",4.000E-01,4.658E+02,4.788E-01,4.663E+02,6.521E-04,6.354E-04,0.9744
201,"Muscle, Skeletal",4.500E-01,4.346E+02,4.315E-01,4.351E+02,7.632E-04,7.461E-04,0.9776
201,"Muscle, Skeletal",5.000E-01,4.075E+02,3.930E-01,4.079E+02,8.819E-04,8.644E-04,0.9801
201,"Muscle, Skeletal",5.500E-01,3.837E+02,3.611E-01,3.841E+02,1.008E-03,9.903E-04,0.9822
201,"Muscle, Skeletal",6.000E-01,3.628E+02,3.342E-01,3.632E+02,1.142E-03,1.124E-03,0.9839
201,"Muscle, Skeletal",6.500E-01,3.444E+02,3.112E-01,3.447E+02,1.284E-03,1.265E-03,0.9853
201,"Muscle, Skeletal",7.000E-01,3.279E+02,2.913E-01,3.282E+02,1.432E-03,1.413E-03,0.9865
201,"Muscle, Skeletal",7.500E-01,3.131E+02,2.739E-01,3.134E+02,1.588E-03,1.568E-03,0.9875
201,"Muscle, Skeletal",8.000E-01,2.998E+02,2.585E-01,3.000E+02,1.751E-03,1.731E-03,0.9884
201,"Muscle, Skeletal",8.500E-01,2.877E+02,2.447E-01,2.880E+02,1.922E-03,1.901E-03,0.9892
201,"Muscle, Skeletal",9.000E-01,2.767E+02,2.325E-01,2.770E+02,2.099E-03,2.077E-03,0.9898
201,"Muscle, Skeletal",9.500E-01,2.666E+02,2.214E-01,2.668E+02,2.283E-03,2.261E-03,0.9904
201,"Muscle, Skeletal",1.000E+00,2.573E+02,2.114E-01,2.575E+02,2.473E-03,2.451E-03,0.9910
201,"Muscle, Skeletal",1.250E+00,2.200E+02,1.727E-01,2.202E+02,3.527E-03,3.502E-03,0.9929
201,"Muscle, Skeletal",1.500E+00,1.932E+02,1.464E-01,1.934E+02,4.742E-03,4.713E-03,0.9941
201,"Muscle, Skeletal",1.750E+00,1.728E+02,1.272E-01,1.729E+02,6.111E-03,6.080E-03,0.9948
201,"Muscle, Skeletal",2.000E+00,1.567E+02,1.126E-01,1.568E+02,7.632E-03,7.597E-03,0.9954
201,"Muscle, Skeletal",2.250E+00,1.436E+02,1.011E-01,1.437E+02,9.299E-03,9.260E-03,0.9958
201,"Muscle, Skeletal",2.500E+00,1.328E+02,9.177E-02,1.329E+02,1.111E-02,1.107E-02,0.9962
201,"Muscle, Skeletal",2.750E+00,1.236E+02,8.407E-02,1.237E+02,1.306E-02,1.301E-02,0.9964
201,"Muscle, Skeletal",3.000E+00,1.158E+02,7.760E-02,1.159E+02,1.515E-02,1.510E-02,0.9966
201,"Muscle, Skeletal",3.500E+00,1.030E+02,6.732E-02,1.030E+02,1.974E-02,1.968E-02,0.9969
201,"Muscle, Skeletal",4.000E+00,9.295E+01,5.951E-02,9.301E+01,2.485E-02,2.478E-02,0.9971
201,"Muscle, Skeletal",4.500E+00,8.486E+01,5.336E-02,8.491E+01,3.048E-02,3.040E-02,0.9973
201,"Muscle, Skeletal",5.000E+00,7.819E+01,4.839E-02,7.824E+01,3.662E-02,3.653E-02,0.9974
201,"Muscle, Skeletal",5.500E+00,7.258E+01,4.429E-02,7.262E+01,4.326E-02,4.316E-02,0.9975
201,"Muscle, Skeletal",6.000E+00,6.779E+01,4.084E-02,6.783E+01,5.039E-02,5.027E-02,0.9976
201,"Muscle, Skeletal",6.500E+00,6.364E+01,3.791E-02,6.368E+01,5.800E-02,5.787E-02,0.9977
201,"Muscle, Skeletal",7.000E+00,6.001E+01,3.538E-02,6.005E+01,6.609E-02,6.595E-02,0.9978
201,"Muscle, Skeletal",7.500E+00,5.681E+01,3.317E-02,5.684E+01,7.466E-02,7.449E-02,0.9978
201,"Muscle, Skeletal",8.000E+00,5.397E+01,3.123E-02,5.400E+01,8.368E-02,8.350E-02,0.9979
201,"Muscle, Skeletal",8.500E+00,5.142E+01,2.951E-02,5.145E+01,9.317E-02,9.298E-02,0.9979
201,"Muscle, Skeletal",9.000E+00,4.912E+01,2.797E-02,4.915E+01,1.031E-01,1.029E-01,0.9979
201,"Muscle, Skeletal",9.500E+00,4.704E+01,2.659E-02,4.707E+01,1.135E-01,1.133E-01,0.9980
201,"Muscle, Skeletal",1.000E+01,4.514E+01,2.534E-02,4.517E+01,1.244E-01,1.241E-01,0.9980
201,"Muscle, Skeletal",1.250E+01,3.772E+01,2.055E-02,3.774E+01,1.852E-01,1.848E-01,0.9981
201,"Muscle, Skeletal",1.500E+01,3.254E+01,1.731E-02,3.256E+01,2.567E-01,2.563E-01,0.9982
201,"Muscle, Skeletal",1.750E+01,2.872E+01,1.497E-02,2.874E+01,3.387E-01,3.381E-01,0.9982
201,"Muscle, Skeletal",2.000E+01,2.577E+01,1.320E-02,2.578E+01,4.307E-01,4.299E-01,0.9983
201,"Muscle, Skeletal",2.500E+01,2.150E+01,1.069E-02,2.151E+01,6.440E-01,6.429E-01,0.9983
201,"Muscle, Skeletal",2.750E+01,1.990E+01,9.768E-03,1.991E+01,7.649E-01,7.636E-01,0.9984
201,"Muscle, Skeletal",3.000E+01,1.855E+01,8.996E-03,1.856E+01,8.950E-01,8.936E-01,0.9984
201,"Muscle, Skeletal",3.500E+01,1.638E+01,7.773E-03,1.638E+01,1.182E+00,1.181E+00,0.9984
201,"Muscle, Skeletal",4.000E+01,1.471E+01,6.849E-03,1.472E+01,1.505E+00,1.503E+00,0.9985
201,"Muscle, Skeletal",4.500E+01,1.339E+01,6.124E-03,1.339E+01,1.862E+00,1.859E+00,0.9985
201,"Muscle, Skeletal",5.000E+01,1.231E+01,5.541E-03,1.231E+01,2.251E+00,2.248E+00,0.9985
201,"Muscle, Skeletal",5.500E+01,1.141E+01,5.062E-03,1.142E+01,2.674E+00,2.670E+00,0.9985
201,"Muscle, Skeletal",6.000E+01,1.066E+01,4.660E-03,1.066E+01,3.127E+00,3.122E+00,0.9986
201,"Muscle, Skeletal",6.500E+01,1.001E+01,4.319E-03,1.002E+01,3.611E+00,3.606E+00,0.9986
201,"Muscle, Skeletal",7.000E+01,9.452E+00,4.025E-03,9.456E+00,4.125E+00,4.119E+00,0.9986
201,"Muscle, Skeletal",7.500E+01,8.961E+00,3.769E-03,8.965E+00,4.668E+00,4.662E+00,0.9986
201,"Muscle, Skeletal",8.000E+01,8.529E+00,3.545E-03,8.532E+00,5.240E+00,5.233E+00,0.9986
201,"Muscle, Skeletal",8.500E+01,8.144E+00,3.346E-03,8.147E+00,5.840E+00,5.832E+00,0.9986
201,"Muscle, Skeletal",9.000E+01,7.799E+00,3.169E-03,7.802E+00,6.468E+00,6.459E+00,0.9986
201,"Muscle, Skeletal",9.500E+01,7.489E+00,3.010E-03,7.492E+00,7.122E+00,7.112E+00,0.9987
201,"Muscle, Skeletal",1.000E+02,7.208E+00,2.867E-03,7.210E+00,7.802E+00,7.792E+00,0.9987
201,"Muscle, Skeletal",1.250E+02,6.123E+00,2.318E-03,6.125E+00,1.158E+01,1.157E+01,0.9987
201,"Muscle, Skeletal",1.500E+02,5.384E+00,1.949E-03,5.386E+00,1.595E+01,1.593E+01,0.9987
201,"Muscle, Skeletal",1.750E+02,4.849E+00,1.683E-03,4.850E+00,2.085E+01,2.082E+01,0.9988
201,"Muscle, Skeletal",2.000E+02,4.442E+00,1.482E-03,4.444E+00,2.624E+01,2.621E+01,0.9988
201,"Muscle, Skeletal",2.250E+02,4.124E+00,1.325E-03,4.125E+00,3.209E+01,3.205E+01,0.9988
201,"Muscle, Skeletal",2.500E+02,3.868E+00,1.198E-03,3.869E+00,3.835E+01,3.831E+01,0.9989
201,"Muscle, Skeletal",2.750E+02,3.657E+00,1.094E-03,3.658E+00,4.500E+01,4.495E+01,0.9989
201,"Muscle, Skeletal",3.000E+02,3.481E+00,1.008E-03,3.483E+00,5.201E+01,5.195E+01,0.9989
201,"Muscle, Skeletal",3.500E+02,3.205E+00,8.701E-04,3.206E+00,6.700E+01,6.693E+01,0.9989
201,"Muscle, Skeletal",4.000E+02,2.999E+00,7.664E-04,3.000E+00,8.315E+01,8.306E+01,0.9990
201,"Muscle, Skeletal",4.500E+02,2.840E+00,6.852E-04,2.840E+00,1.003E+02,1.002E+02,0.9990
201,"Muscle, Skeletal",5.000E+02,2.713E+00,6.200E-04,2.714E+00,1.183E+02,1.182E+02,0.9990
201,"Muscle, Skeletal",5.500E+02,2.611E+00,5.663E-04,2.612E+00,1.371E+02,1.370E+02,0.9991
201,"Muscle, Skeletal",6.000E+02,2.528E+00,5.214E-04,2.528E+00,1.566E+02,1.564E+02,0.9991
201,"Muscle, Skeletal",6.500E+02,2.458E+00,4.833E-04,2.459E+00,1.766E+02,1.765E+02,0.9991
201,"Muscle, Skeletal",7.000E+02,2.400E+00,4.505E-04,2.400E+00,1.972E+02,1.971E+02,0.9991
201,"Muscle, Skeletal",7.500E+02,2.350E+00,4.220E-04,2.350E+00,2.183E+02,2.181E+02,0.9991
201,"Muscle, Skeletal",8.000E+02,2.308E+00,3.969E-04,2.308E+00,2.398E+02,2.395E+02,0.9992
201,"Muscle, Skeletal",8.500E+02,2.271E+00,3.748E-04,2.272E+00,2.616E+02,2.614E+02,0.9992
201,"Muscle, Skeletal",9.000E+02,2.240E+00,3.550E-04,2.240E+00,2.838E+02,2.835E+02,0.9992
201,"Muscle, Skeletal",9.500E+02,2.211E+00,3.373E-04,2.212E+00,3.062E+02,3.060E+02,0.9992
201,"Muscle, Skeletal",1.000E+03,2.186E+00,3.213E-04,2.187E+00,3.290E+02,3.287E+02,0.9992
201,"Muscle, Skeletal",1.500E+03,2.046E+00,2.191E-04,2.046E+00,5.667E+02,5.664E+02,0.9993
201,"Muscle, Skeletal",2.000E+03,1.996E+00,1.670E-04,1.997E+00,8.146E+02,8.141E+02,0.9994
201,"Muscle, Skeletal",2.500E+03,1.980E+00,1.354E-04,1.980E+00,1.066E+03,1.066E+03,0.9995
201,"Muscle, Skeletal",3.000E+03,1.977E+00,1.141E-04,1.977E+00,1.319E+03,1.318E+03,0.9995
201,"Muscle, Skeletal",4.000E+03,1.988E+00,8.706E-05,1.988E+00,1.824E+03,1.823E+03,0.9996
201,"Muscle, Skeletal",5.000E+03,2.007E+00,7.062E-05,2.007E+00,2.324E+03,2.324E+03,0.9996
201,"Muscle, Skeletal",6.000E+03,2.028E+00,5.953E-05,2.028E+00,2.820E+03,2.819E+03,0.9997
201,"Muscle, Skeletal",7.000E+03,2.048E+00,5.152E-05,2.048E+00,3.311E+03,3.310E+03,0.9997
201,"Muscle, Skeletal",8.000E+03,2.067E+00,4.547E-05,2.067E+00,3.797E+03,3.796E+03,0.9997
201,"Muscle, Skeletal",9.000E+03,2.085E+00,4.072E-05,2.085E+00,4.278E+03,4.277E+03,0.9997
201,"Muscle, Skeletal",1.000E+04,2.102E+00,3.690E-05,2.102E+00,4.756E+03,4.755E+03,0.9998
202,"Muscle, Striated",1.000E-03,1.417E+02,4.171E+01,1.834E+02,6.233E-06,2.844E-06,0.4562
202,"Muscle, Striated",1.500E-03,1.735E+02,3.351E+01,2.070E+02,8.780E-06,4.328E-06,0.4929
202,"Muscle, Striated",2.000E-03,2.004E+02,2.838E+01,2.288E+02,1.108E-05,5.792E-06,0.5229
202,"Muscle, Striated",2.500E-03,2.240E+02,2.481E+01,2.488E+02,1.317E-05,7.215E-06,0.5478
202,"Muscle, Striated",3.000E-03,2.454E+02,2.215E+01,2.676E+02,1.511E-05,8.595E-06,0.5689
202,"Muscle, Striated",4.000E-03,2.832E+02,1.840E+01,3.016E+02,1.862E-05,1.123E-05,0.6033
202,"Muscle, Striated",5.000E-03,3.165E+02,1.586E+01,3.324E+02,2.178E-05,1.372E-05,0.6302
202,"Muscle, Striated",6.000E-03,3.466E+02,1.400E+01,3.606E+02,2.466E-05,1.608E-05,0.6522
202,"Muscle, Striated",7.000E-03,3.743E+02,1.257E+01,3.869E+02,2.734E-05,1.833E-05,0.6706
202,"Muscle, Striated",8.000E-03,4.000E+02,1.144E+01,4.115E+02,2.984E-05,2.048E-05,0.6862
202,"Muscle, Striated",9.000E-03,4.242E+02,1.051E+01,4.347E+02,3.221E-05,2.254E-05,0.6998
202,"Muscle, Striated",1.000E-02,4.470E+02,9.737E+00,4.568E+02,3.445E-05,2.452E-05,0.7118
202,"Muscle, Striated",1.250E-02,4.921E+02,8.261E+00,5.004E+02,3.967E-05,2.921E-05,0.7365
202,"Muscle, Striated",1.500E-02,5.313E+02,7.206E+00,5.385E+02,4.448E-05,3.362E-05,0.7559
202,"Muscle, Striated",1.750E-02,5.661E+02,6.410E+00,5.725E+02,4.898E-05,3.780E-05,0.7718
202,"Muscle, Striated",2.000E-02,5.973E+02,5.785E+00,6.031E+02,5.323E-05,4.179E-05,0.7851
202,"Muscle, Striated",2.250E-02,6.254E+02,5.281E+00,6.307E+02,5.728E-05,4.562E-05,0.7964
202,"Muscle, Striated",2.500E-02,6.509E+02,4.864E+00,6.558E+02,6.117E-05,4.932E-05,0.8062
202,"Muscle, Striated",2.750E-02,6.740E+02,4.514E+00,6.785E+02,6.492E-05,5.290E-05,0.8149
202,"Muscle, Striated",3.000E-02,6.951E+02,4.214E+00,6.993E+02,6.854E-05,5.638E-05,0.8225
202,"Muscle, Striated",3.500E-02,7.316E+02,3.728E+00,7.354E+02,7.551E-05,6.310E-05,0.8356
202,"Muscle, Striated",4.000E-02,7.619E+02,3.350E+00,7.652E+02,8.217E-05,6.955E-05,0.8465
202,"Muscle, Striated",4.500E-02,7.867E+02,3.047E+00,7.897E+02,8.860E-05,7.581E-05,0.8556
202,"Muscle, Striated",5.000E-02,8.066E+02,2.797E+00,8.094E+02,9.485E-05,8.191E-05,0.8636
202,"Muscle, Striated",5.500E-02,8.224E+02,2.588E+00,8.250E+02,1.010E-04,8.790E-05,0.8705
202,"Muscle, Striated",6.000E-02,8.344E+02,2.411E+00,8.369E+02,1.070E-04,9.379E-05,0.8767
202,"Muscle, Striated",6.500E-02,8.433E+02,2.257E+00,8.455E+02,1.129E-04,9.963E-05,0.8823
202,"Muscle, Striated",7.000E-02,8.492E+02,2.124E+00,8.513E+02,1.188E-04,1.054E-04,0.8873
202,"Muscle, Striated",7.500E-02,8.526E+02,2.006E+00,8.546E+02,1.247E-04,1.112E-04,0.8919
202,"Muscle, Striated",8.000E-02,8.539E+02,1.902E+00,8.558E+02,1.305E-04,1.170E-04,0.8961
202,"Muscle, Striated",8.500E-02,8.532E+02,1.809E+00,8.551E+02,1.364E-04,1.227E-04,0.8999
202,"Muscle, Striated",9.000E-02,8.510E+02,1.725E+00,8.527E+02,1.422E-04,1.285E-04,0.9035
202,"Muscle, Striated",9.500E-02,8.473E+02,1.649E+00,8.489E+02,1.481E-04,1.343E-04,0.9069
202,"Muscle, Striated",1.000E-01,8.424E+02,1.580E+00,8.439E+02,1.540E-04,1.401E-04,0.9100
202,"Muscle, Striated",1.250E-01,8.058E+02,1.310E+00,8.071E+02,1.842E-04,1.701E-04,0.9232
202,"Muscle, Striated",1.500E-01,7.598E+02,1.123E+00,7.610E+02,2.161E-04,2.017E-04,0.9333
202,"Muscle, Striated",1.750E-01,7.130E+02,9.853E-01,7.140E+02,2.500E-04,2.354E-04,0.9414
202,"Muscle, Striated",2.000E-01,6.692E+02,8.794E-01,6.701E+02,2.862E-04,2.713E-04,0.9480
202,"Muscle, Striated",2.250E-01,6.320E+02,7.951E-01,6.328E+02,3.246E-04,3.095E-04,0.9535
202,"Muscle, Striated",2.500E-01,6.001E+02,7.264E-01,6.008E+02,3.652E-04,3.499E-04,0.9580
202,"Muscle, Striated",2.750E-01,5.721E+02,6.688E-01,5.728E+02,4.078E-04,3.923E-04,0.9619
202,"Muscle, Striated",3.000E-01,5.471E+02,6.196E-01,5.477E+02,4.525E-04,4.367E-04,0.9652
202,"Muscle, Striated",3.500E-01,5.040E+02,5.411E-01,5.045E+02,5.477E-04,5.315E-04,0.9705
202,"Muscle, Striated",4.000E-01,4.677E+02,4.809E-01,4.682E+02,6.506E-04,6.340E-04,0.9745
202,"Muscle, Striated",4.500E-01,4.365E+02,4.334E-01,4.369E+02,7.612E-04,7.442E-04,0.9777
202,"Muscle, Striated",5.000E-01,4.093E+02,3.947E-01,4.097E+02,8.795E-04,8.621E-04,0.9802
202,"Muscle, Striated",5.500E-01,3.853E+02,3.627E-01,3.857E+02,1.005E-03,9.875E-04,0.9822
202,"Muscle, Striated",6.000E-01,3.643E+02,3.357E-01,3.647E+02,1.139E-03,1.120E-03,0.9839
202,"Muscle, Striated",6.500E-01,3.457E+02,3.126E-01,3.461E+02,1.280E-03,1.261E-03,0.9853
202,"Muscle, Striated",7.000E-01,3.292E+02,2.926E-01,3.295E+02,1.428E-03,1.408E-03,0.9865
202,"Muscle, Striated",7.500E-01,3.144E+02,2.751E-01,3.146E+02,1.583E-03,1.563E-03,0.9876
202,"Muscle, Striated",8.000E-01,3.009E+02,2.595E-01,3.012E+02,1.745E-03,1.725E-03,0.9884
202,"Muscle, Striated",8.500E-01,2.888E+02,2.458E-01,2.891E+02,1.915E-03,1.894E-03,0.9892
202,"Muscle, Striated",9.000E-01,2.778E+02,2.334E-01,2.780E+02,2.091E-03,2.070E-03,0.9899
202,"Muscle, Striated",9.500E-01,2.676E+02,2.223E-01,2.678E+02,2.275E-03,2.253E-03,0.9905
202,"Muscle, Striated",1.000E+00,2.583E+02,2.122E-01,2.585E+02,2.465E-03,2.443E-03,0.9910
202,"Muscle, Striated",1.250E+00,2.208E+02,1.734E-01,2.210E+02,3.515E-03,3.490E-03,0.9929
202,"Muscle, Striated",1.500E+00,1.939E+02,1.469E-01,1.940E+02,4.725E-03,4.697E-03,0.9941
202,"Muscle, Striated",1.750E+00,1.734E+02,1.277E-01,1.735E+02,6.090E-03,6.059E-03,0.9949
202,"Muscle, Striated",2.000E+00,1.572E+02,1.130E-01,1.573E+02,7.605E-03,7.571E-03,0.9954
202,"Muscle, Striated",2.250E+00,1.441E+02,1.015E-01,1.442E+02,9.267E-03,9.229E-03,0.9959
202,"Muscle, Striated",2.500E+00,1.332E+02,9.212E-02,1.333E+02,1.107E-02,1.103E-02,0.9962
202,"Muscle, Striated",2.750E+00,1.240E+02,8.439E-02,1.241E+02,1.302E-02,1.297E-02,0.9964
202,"Muscle, Striated",3.000E+00,1.161E+02,7.790E-02,1.162E+02,1.510E-02,1.505E-02,0.9966
202,"Muscle, Striated",3.500E+00,1.033E+02,6.758E-02,1.034E+02,1.967E-02,1.961E-02,0.9969
202,"Muscle, Striated",4.000E+00,9.323E+01,5.973E-02,9.329E+01,2.477E-02,2.470E-02,0.9972
202,"Muscle, Striated",4.500E+00,8.512E+01,5.355E-02,8.517E+01,3.039E-02,3.030E-02,0.9973
202,"Muscle, Striated",5.000E+00,7.842E+01,4.857E-02,7.847E+01,3.651E-02,3.641E-02,0.9975
202,"Muscle, Striated",5.500E+00,7.279E+01,4.445E-02,7.284E+01,4.313E-02,4.302E-02,0.9976
202,"Muscle, Striated",6.000E+00,6.798E+01,4.099E-02,6.802E+01,5.024E-02,5.012E-02,0.9976
202,"Muscle, Striated",6.500E+00,6.382E+01,3.805E-02,6.386E+01,5.783E-02,5.769E-02,0.9977
202,"Muscle, Striated",7.000E+00,6.018E+01,3.550E-02,6.022E+01,6.589E-02,6.575E-02,0.9978
202,"Muscle, Striated",7.500E+00,5.697E+01,3.329E-02,5.700E+01,7.443E-02,7.427E-02,0.9978
202,"Muscle, Striated",8.000E+00,5.412E+01,3.134E-02,5.415E+01,8.343E-02,8.326E-02,0.9979
202,"Muscle, Striated",8.500E+00,5.156E+01,2.961E-02,5.159E+01,9.290E-02,9.270E-02,0.9979
202,"Muscle, Striated",9.000E+00,4.926E+01,2.807E-02,4.928E+01,1.028E-01,1.026E-01,0.9979
202,"Muscle, Striated",9.500E+00,4.717E+01,2.668E-02,4.719E+01,1.132E-01,1.130E-01,0.9980
202,"Muscle, Striated",1.000E+01,4.526E+01,2.543E-02,4.529E+01,1.240E-01,1.238E-01,0.9980
202,"Muscle, Striated",1.250E+01,3.782E+01,2.063E-02,3.784E+01,1.847E-01,1.843E-01,0.9981
202,"Muscle, Striated",1.500E+01,3.263E+01,1.737E-02,3.264E+01,2.560E-01,2.556E-01,0.9982
202,"Muscle, Striated",1.750E+01,2.879E+01,1.502E-02,2.881E+01,3.377E-01,3.371E-01,0.9982
202,"Muscle, Striated",2.000E+01,2.583E+01,1.325E-02,2.585E+01,4.295E-01,4.288E-01,0.9983
202,"Muscle, Striated",2.500E+01,2.155E+01,1.073E-02,2.156E+01,6.423E-01,6.412E-01,0.9984
202,"Muscle, Striated",2.750E+01,1.995E+01,9.802E-03,1.996E+01,7.629E-01,7.617E-01,0.9984
202,"Muscle, Striated",3.000E+01,1.859E+01,9.027E-03,1.860E+01,8.928E-01,8.913E-01,0.9984
202,"Muscle, Striated",3.500E+01,1.642E+01,7.800E-03,1.642E+01,1.179E+00,1.178E+00,0.9984
202,"Muscle, Striated",4.000E+01,1.474E+01,6.872E-03,1.475E+01,1.501E+00,1.499E+00,0.9985
202,"Muscle, Striated",4.500E+01,1.342E+01,6.145E-03,1.342E+01,1.857E+00,1.854E+00,0.9985
202,"Muscle, Striated",5.000E+01,1.234E+01,5.560E-03,1.234E+01,2.246E+00,2.243E+00,0.9985
202,"Muscle, Striated",5.500E+01,1.144E+01,5.079E-03,1.145E+01,2.667E+00,2.663E+00,0.9985
202,"Muscle, Striated",6.000E+01,1.068E+01,4.676E-03,1.069E+01,3.119E+00,3.115E+00,0.9986
202,"Muscle, Striated",6.500E+01,1.003E+01,4.333E-03,1.004E+01,3.602E+00,3.597E+00,0.9986
202,"Muscle, Striated",7.000E+01,9.473E+00,4.039E-03,9.477E+00,4.115E+00,4.110E+00,0.9986
202,"Muscle, Striated",7.500E+01,8.982E+00,3.782E-03,8.986E+00,4.657E+00,4.651E+00,0.9986
202,"Muscle, Striated",8.000E+01,8.548E+00,3.557E-03,8.552E+00,5.228E+00,5.221E+00,0.9986
202,"Muscle, Striated",8.500E+01,8.162E+00,3.358E-03,8.166E+00,5.826E+00,5.819E+00,0.9986
202,"Muscle, Striated",9.000E+01,7.817E+00,3.180E-03,7.820E+00,6.452E+00,6.444E+00,0.9987
202,"Muscle, Striated",9.500E+01,7.506E+00,3.020E-03,7.509E+00,7.105E+00,7.096E+00,0.9987
202,"Muscle, Striated",1.000E+02,7.224E+00,2.877E-03,7.227E+00,7.784E+00,7.774E+00,0.9987
202,"Muscle, Striated",1.250E+02,6.136E+00,2.326E-03,6.139E+00,1.155E+01,1.154E+01,0.9987
202,"Muscle, Striated",1.500E+02,5.396E+00,1.956E-03,5.398E+00,1.591E+01,1.589E+01,0.9988
202,"Muscle, Striated",1.750E+02,4.859E+00,1.689E-03,4.861E+00,2.080E+01,2.078E+01,0.9988
202,"Muscle, Striated",2.000E+02,4.452E+00,1.487E-03,4.453E+00,2.618E+01,2.615E+01,0.9988
202,"Muscle, Striated",2.250E+02,4.133E+00,1.329E-03,4.134E+00,3.202E+01,3.198E+01,0.9988
202,"Muscle, Striated",2.500E+02,3.876E+00,1.202E-03,3.877E+00,3.827E+01,3.822E+01,0.9989
202,"Muscle, Striated",2.750E+02,3.665E+00,1.098E-03,3.666E+00,4.490E+01,4.485E+01,0.9989
202,"Muscle, Striated",3.000E+02,3.489E+00,1.011E-03,3.490E+00,5.190E+01,5.184E+01,0.9989
202,"Muscle, Striated",3.500E+02,3.212E+00,8.731E-04,3.213E+00,6.686E+01,6.678E+01,0.9989
202,"Muscle, Striated",4.000E+02,3.005E+00,7.690E-04,3.006E+00,8.297E+01,8.288E+01,0.9990
202,"Muscle, Striated",4.500E+02,2.846E+00,6.875E-04,2.846E+00,1.001E+02,9.998E+01,0.9990
202,"Muscle, Striated",5.000E+02,2.719E+00,6.220E-04,2.720E+00,1.181E+02,1.179E+02,0.9990
202,"Muscle, Striated",5.500E+02,2.617E+00,5.682E-04,2.617E+00,1.368E+02,1.367E+02,0.9991
202,"Muscle, Striated",6.000E+02,2.533E+00,5.232E-04,2.533E+00,1.562E+02,1.561E+02,0.9991
202,"Muscle, Striated",6.500E+02,2.463E+00,4.849E-04,2.464E+00,1.763E+02,1.761E+02,0.9991
202,"Muscle, Striated",7.000E+02,2.405E+00,4.520E-04,2.405E+00,1.968E+02,1.966E+02,0.9991
202,"Muscle, Striated",7.500E+02,2.355E+00,4.234E-04,2.355E+00,2.178E+02,2.176E+02,0.9991
202,"Muscle, Striated",8.000E+02,2.312E+00,3.983E-04,2.313E+00,2.392E+02,2.390E+02,0.9992
202,"Muscle, Striated",8.500E+02,2.276E+00,3.760E-04,2.276E+00,2.610E+02,2.608E+02,0.9992
202,"Muscle, Striated",9.000E+02,2.244E+00,3.562E-04,2.244E+00,2.832E+02,2.829E+02,0.9992
202,"Muscle, Striated",9.500E+02,2.216E+00,3.384E-04,2.216E+00,3.056E+02,3.053E+02,0.9992
202,"Muscle, Striated",1.000E+03,2.190E+00,3.224E-04,2.191E+00,3.283E+02,3.280E+02,0.9992
202,"Muscle, Striated",1.500E+03,2.049E+00,2.198E-04,2.050E+00,5.656E+02,5.653E+02,0.9993
202,"Muscle, Striated",2.000E+03,2.000E+00,1.676E-04,2.000E+00,8.131E+02,8.126E+02,0.9994
202,"Muscle, Striated",2.500E+03,1.983E+00,1.358E-04,1.983E+00,1.064E+03,1.064E+03,0.9995
202,"Muscle, Striated",3.000E+03,1.980E+00,1.144E-04,1.980E+00,1.317E+03,1.316E+03,0.9995
202,"Muscle, Striated",4.000E+03,1.991E+00,8.735E-05,1.991E+00,1.821E+03,1.820E+03,0.9996
202,"Muscle, Striated",5.000E+03,2.010E+00,7.085E-05,2.010E+00,2.321E+03,2.320E+03,0.9996
202,"Muscle, Striated",6.000E+03,2.031E+00,5.973E-05,2.031E+00,2.816E+03,2.815E+03,0.9997
202,"Muscle, Striated",7.000E+03,2.051E+00,5.170E-05,2.051E+00,3.306E+03,3.305E+03,0.9997
202,"Muscle, Striated",8.000E+03,2.070E+00,4.562E-05,2.070E+00,3.791E+03,3.790E+03,0.9997
202,"Muscle, Striated",9.000E+03,2.088E+00,4.086E-05,2.088E+00,4.272E+03,4.271E+03,0.9997
202,"Muscle, Striated",1.000E+04,2.105E+00,3.702E-05,2.105E+00,4.749E+03,4.748E+03,0.9998
203,"Muscle-Equivalent Liquid, with Sucrose",1.000E-03,1.494E+02,4.121E+01,1.906E+02,6.087E-06,2.798E-06,0.4596
203,"Muscle-Equivalent Liquid, with Sucrose",1.500E-03,1.830E+02,3.314E+01,2.161E+02,8.532E-06,4.242E-06,0.4972
203,"Muscle-Equivalent Liquid, with Sucrose",2.000E-03,2.113E+02,2.809E+01,2.394E+02,1.073E-05,5.662E-06,0.5277
203,"Muscle-Equivalent Liquid, with Sucrose",2.500E-03,2.362E+02,2.456E+01,2.608E+02,1.273E-05,7.038E-06,0.5529
203,"Muscle-Equivalent Liquid, with Sucrose",3.000E-03,2.587E+02,2.193E+01,2.807E+02,1.458E-05,8.370E-06,0.5742
203,"Muscle-Equivalent Liquid, with Sucrose",4.000E-03,2.983E+02,1.823E+01,3.166E+02,1.792E-05,1.091E-05,0.6087
203,"Muscle-Equivalent Liquid, with Sucrose",5.000E-03,3.333E+02,1.571E+01,3.490E+02,2.093E-05,1.331E-05,0.6357
203,"Muscle-Equivalent Liquid, with Sucrose",6.000E-03,3.648E+02,1.387E+01,3.787E+02,2.368E-05,1.557E-05,0.6577
203,"Muscle-Equivalent Liquid, with Sucrose",7.000E-03,3.938E+02,1.246E+01,4.063E+02,2.623E-05,1.773E-05,0.6760
203,"Muscle-Equivalent Liquid, with Sucrose",8.000E-03,4.208E+02,1.133E+01,4.321E+02,2.861E-05,1.979E-05,0.6916
203,"Muscle-Equivalent Liquid, with Sucrose",9.000E-03,4.460E+02,1.042E+01,4.564E+02,3.086E-05,2.176E-05,0.7051
203,"Muscle-Equivalent Liquid, with Sucrose",1.000E-02,4.698E+02,9.651E+00,4.794E+02,3.300E-05,2.366E-05,0.7169
203,"Muscle-Equivalent Liquid, with Sucrose",1.250E-02,5.166E+02,8.189E+00,5.248E+02,3.797E-05,2.815E-05,0.7414
203,"Muscle-Equivalent Liquid, with Sucrose",1.500E-02,5.572E+02,7.143E+00,5.644E+02,4.256E-05,3.238E-05,0.7607
203,"Muscle-Equivalent Liquid, with Sucrose",1.750E-02,5.931E+02,6.354E+00,5.995E+02,4.686E-05,3.638E-05,0.7764
203,"Muscle-Equivalent Liquid, with Sucrose",2.000E-02,6.252E+02,5.735E+00,6.309E+02,5.092E-05,4.020E-05,0.7895
203,"Muscle-Equivalent Liquid, with Sucrose",2.250E-02,6.540E+02,5.235E+00,6.592E+02,5.479E-05,4.387E-05,0.8007
203,"Muscle-Equivalent Liquid, with Sucrose",2.500E-02,6.800E+02,4.822E+00,6.848E+02,5.851E-05,4.742E-05,0.8104
203,"Muscle-Equivalent Liquid, with Sucrose",2.750E-02,7.035E+02,4.475E+00,7.080E+02,6.210E-05,5.086E-05,0.8189
203,"Muscle-Equivalent Liquid, with Sucrose",3.000E-02,7.248E+02,4.178E+00,7.290E+02,6.558E-05,5.420E-05,0.8265
203,"Muscle-Equivalent Liquid, with Sucrose",3.500E-02,7.617E+02,3.696E+00,7.653E+02,7.227E-05,6.067E-05,0.8394
203,"Muscle-Equivalent Liquid, with Sucrose",4.000E-02,7.920E+02,3.321E+00,7.953E+02,7.867E-05,6.688E-05,0.8501
203,"Muscle-Equivalent Liquid, with Sucrose",4.500E-02,8.167E+02,3.020E+00,8.197E+02,8.486E-05,7.291E-05,0.8592
203,"Muscle-Equivalent Liquid, with Sucrose",5.000E-02,8.365E+02,2.773E+00,8.393E+02,9.089E-05,7.880E-05,0.8670
203,"Muscle-Equivalent Liquid, with Sucrose",5.500E-02,8.519E+02,2.566E+00,8.545E+02,9.679E-05,8.458E-05,0.8739
203,"Muscle-Equivalent Liquid, with Sucrose",6.000E-02,8.636E+02,2.390E+00,8.660E+02,1.026E-04,9.029E-05,0.8800
203,"Muscle-Equivalent Liquid, with Sucrose",6.500E-02,8.719E+02,2.238E+00,8.742E+02,1.083E-04,9.593E-05,0.8854
203,"Muscle-Equivalent Liquid, with Sucrose",7.000E-02,8.774E+02,2.106E+00,8.795E+02,1.140E-04,1.015E-04,0.8904
203,"Muscle-Equivalent Liquid, with Sucrose",7.500E-02,8.804E+02,1.989E+00,8.824E+02,1.197E-04,1.071E-04,0.8949
203,"Muscle-Equivalent Liquid, with Sucrose",8.000E-02,8.812E+02,1.886E+00,8.830E+02,1.254E-04,1.127E-04,0.8990
203,"Muscle-Equivalent Liquid, with Sucrose",8.500E-02,8.801E+02,1.793E+00,8.818E+02,1.310E-04,1.183E-04,0.9028
203,"Muscle-Equivalent Liquid, with Sucrose",9.000E-02,8.773E+02,1.710E+00,8.790E+02,1.367E-04,1.239E-04,0.9064
203,"Muscle-Equivalent Liquid, with Sucrose",9.500E-02,8.732E+02,1.635E+00,8.748E+02,1.424E-04,1.296E-04,0.9097
203,"Muscle-Equivalent Liquid, with Sucrose",1.000E-01,8.679E+02,1.566E+00,8.695E+02,1.482E-04,1.352E-04,0.9127
203,"Muscle-Equivalent Liquid, with Sucrose",1.250E-01,8.295E+02,1.299E+00,8.308E+02,1.775E-04,1.643E-04,0.9256
203,"Muscle-Equivalent Liquid, with Sucrose",1.500E-01,7.819E+02,1.113E+00,7.830E+02,2.085E-04,1.951E-04,0.9355
203,"Muscle-Equivalent Liquid, with Sucrose",1.750E-01,7.334E+02,9.769E-01,7.344E+02,2.415E-04,2.278E-04,0.9434
203,"Muscle-Equivalent Liquid, with Sucrose",2.000E-01,6.880E+02,8.719E-01,6.889E+02,2.766E-04,2.628E-04,0.9498
203,"Muscle-Equivalent Liquid, with Sucrose",2.250E-01,6.479E+02,7.883E-01,6.487E+02,3.141E-04,3.000E-04,0.9551
203,"Muscle-Equivalent Liquid, with Sucrose",2.500E-01,6.128E+02,7.202E-01,6.135E+02,3.537E-04,3.394E-04,0.9596
203,"Muscle-Equivalent Liquid, with Sucrose",2.750E-01,5.818E+02,6.631E-01,5.824E+02,3.955E-04,3.810E-04,0.9633
203,"Muscle-Equivalent Liquid, with Sucrose",3.000E-01,5.542E+02,6.144E-01,5.548E+02,4.395E-04,4.248E-04,0.9666
203,"Muscle-Equivalent Liquid, with Sucrose",3.500E-01,5.071E+02,5.365E-01,5.076E+02,5.339E-04,5.188E-04,0.9717
203,"Muscle-Equivalent Liquid, with Sucrose",4.000E-01,4.684E+02,4.770E-01,4.689E+02,6.365E-04,6.210E-04,0.9757
203,"Muscle-Equivalent Liquid, with Sucrose",4.500E-01,4.359E+02,4.298E-01,4.364E+02,7.471E-04,7.312E-04,0.9787
203,"Muscle-Equivalent Liquid, with Sucrose",5.000E-01,4.083E+02,3.915E-01,4.087E+02,8.656E-04,8.492E-04,0.9812
203,"Muscle-Equivalent Liquid, with Sucrose",5.500E-01,3.844E+02,3.598E-01,3.848E+02,9.917E-04,9.750E-04,0.9831
203,"Muscle-Equivalent Liquid, with Sucrose",6.000E-01,3.635E+02,3.330E-01,3.638E+02,1.125E-03,1.108E-03,0.9847
203,"Muscle-Equivalent Liquid, with Sucrose",6.500E-01,3.449E+02,3.100E-01,3.453E+02,1.267E-03,1.249E-03,0.9861
203,"Muscle-Equivalent Liquid, with Sucrose",7.000E-01,3.284E+02,2.902E-01,3.287E+02,1.415E-03,1.397E-03,0.9872
203,"Muscle-Equivalent Liquid, with Sucrose",7.500E-01,3.137E+02,2.728E-01,3.139E+02,1.571E-03,1.552E-03,0.9882
203,"Muscle-Equivalent Liquid, with Sucrose",8.000E-01,3.003E+02,2.574E-01,3.005E+02,1.734E-03,1.715E-03,0.9890
203,"Muscle-Equivalent Liquid, with Sucrose",8.500E-01,2.882E+02,2.438E-01,2.884E+02,1.903E-03,1.884E-03,0.9898
203,"Muscle-Equivalent Liquid, with Sucrose",9.000E-01,2.772E+02,2.315E-01,2.774E+02,2.080E-03,2.060E-03,0.9904
203,"Muscle-Equivalent Liquid, with Sucrose",9.500E-01,2.670E+02,2.205E-01,2.672E+02,2.264E-03,2.243E-03,0.9910
203,"Muscle-Equivalent Liquid, with Sucrose",1.000E+00,2.577E+02,2.105E-01,2.579E+02,2.454E-03,2.433E-03,0.9915
203,"Muscle-Equivalent Liquid, with Sucrose",1.250E+00,2.204E+02,1.720E-01,2.205E+02,3.506E-03,3.483E-03,0.9932
203,"Muscle-Equivalent Liquid, with Sucrose",1.500E+00,1.935E+02,1.458E-01,1.936E+02,4.719E-03,4.693E-03,0.9944
203,"Muscle-Equivalent Liquid, with Sucrose",1.750E+00,1.730E+02,1.267E-01,1.731E+02,6.087E-03,6.057E-03,0.9951
203,"Muscle-Equivalent Liquid, with Sucrose",2.000E+00,1.569E+02,1.121E-01,1.570E+02,7.606E-03,7.572E-03,0.9956
203,"Muscle-Equivalent Liquid, with Sucrose",2.250E+00,1.438E+02,1.007E-01,1.439E+02,9.271E-03,9.234E-03,0.9960
203,"Muscle-Equivalent Liquid, with Sucrose",2.500E+00,1.330E+02,9.138E-02,1.330E+02,1.108E-02,1.104E-02,0.9963
203,"Muscle-Equivalent Liquid, with Sucrose",2.750E+00,1.238E+02,8.372E-02,1.239E+02,1.303E-02,1.298E-02,0.9965
203,"Muscle-Equivalent Liquid, with Sucrose",3.000E+00,1.159E+02,7.728E-02,1.160E+02,1.511E-02,1.507E-02,0.9967
203,"Muscle-Equivalent Liquid, with Sucrose",3.500E+00,1.031E+02,6.704E-02,1.032E+02,1.969E-02,1.964E-02,0.9970
203,"Muscle-Equivalent Liquid, with Sucrose",4.000E+00,9.304E+01,5.925E-02,9.310E+01,2.480E-02,2.474E-02,0.9972
203,"Muscle-Equivalent Liquid, with Sucrose",4.500E+00,8.494E+01,5.313E-02,8.500E+01,3.043E-02,3.035E-02,0.9974
203,"Muscle-Equivalent Liquid, with Sucrose",5.000E+00,7.826E+01,4.818E-02,7.831E+01,3.657E-02,3.648E-02,0.9975
203,"Muscle-Equivalent Liquid, with Sucrose",5.500E+00,7.264E+01,4.409E-02,7.269E+01,4.320E-02,4.310E-02,0.9976
203,"Muscle-Equivalent Liquid, with Sucrose",6.000E+00,6.784E+01,4.066E-02,6.788E+01,5.032E-02,5.021E-02,0.9977
203,"Muscle-Equivalent Liquid, with Sucrose",6.500E+00,6.369E+01,3.774E-02,6.373E+01,5.793E-02,5.780E-02,0.9978
203,"Muscle-Equivalent Liquid, with Sucrose",7.000E+00,6.006E+01,3.522E-02,6.009E+01,6.601E-02,6.587E-02,0.9978
203,"Muscle-Equivalent Liquid, with Sucrose",7.500E+00,5.685E+01,3.302E-02,5.688E+01,7.457E-02,7.441E-02,0.9979
203,"Muscle-Equivalent Liquid, with Sucrose",8.000E+00,5.400E+01,3.109E-02,5.403E+01,8.359E-02,8.341E-02,0.9979
203,"Muscle-Equivalent Liquid, with Sucrose",8.500E+00,5.145E+01,2.937E-02,5.148E+01,9.307E-02,9.288E-02,0.9979
203,"Muscle-Equivalent Liquid, with Sucrose",9.000E+00,4.915E+01,2.784E-02,4.918E+01,1.030E-01,1.028E-01,0.9980
203,"Muscle-Equivalent Liquid, with Sucrose",9.500E+00,4.707E+01,2.647E-02,4.709E+01,1.134E-01,1.132E-01,0.9980
203,"Muscle-Equivalent Liquid, with Sucrose",1.000E+01,4.517E+01,2.523E-02,4.519E+01,1.242E-01,1.240E-01,0.9980
203,"Muscle-Equivalent Liquid, with Sucrose",1.250E+01,3.773E+01,2.046E-02,3.775E+01,1.851E-01,1.847E-01,0.9981
203,"Muscle-Equivalent Liquid, with Sucrose",1.500E+01,3.255E+01,1.723E-02,3.257E+01,2.566E-01,2.561E-01,0.9982
203,"Muscle-Equivalent Liquid, with Sucrose",1.750E+01,2.873E+01,1.490E-02,2.874E+01,3.385E-01,3.379E-01,0.9983
203,"Muscle-Equivalent Liquid, with Sucrose",2.000E+01,2.578E+01,1.314E-02,2.579E+01,4.304E-01,4.297E-01,0.9983
203,"Muscle-Equivalent Liquid, with Sucrose",2.500E+01,2.150E+01,1.064E-02,2.151E+01,6.437E-01,6.427E-01,0.9984
203,"Muscle-Equivalent Liquid, with Sucrose",2.750E+01,1.990E+01,9.721E-03,1.991E+01,7.646E-01,7.634E-01,0.9984
203,"Muscle-Equivalent Liquid, with Sucrose",3.000E+01,1.855E+01,8.952E-03,1.856E+01,8.948E-01,8.934E-01,0.9984
203,"Muscle-Equivalent Liquid, with Sucrose",3.500E+01,1.638E+01,7.735E-03,1.638E+01,1.182E+00,1.180E+00,0.9985
203,"Muscle-Equivalent Liquid, with Sucrose",4.000E+01,1.471E+01,6.815E-03,1.471E+01,1.505E+00,1.503E+00,0.9985
203,"Muscle-Equivalent Liquid, with Sucrose",4.500E+01,1.338E+01,6.094E-03,1.339E+01,1.861E+00,1.859E+00,0.9985
203,"Muscle-Equivalent Liquid, with Sucrose",5.000E+01,1.231E+01,5.514E-03,1.231E+01,2.251E+00,2.248E+00,0.9985
203,"Muscle-Equivalent Liquid, with Sucrose",5.500E+01,1.141E+01,5.037E-03,1.142E+01,2.673E+00,2.670E+00,0.9986
203,"Muscle-Equivalent Liquid, with Sucrose",6.000E+01,1.066E+01,4.637E-03,1.066E+01,3.127E+00,3.122E+00,0.9986
203,"Muscle-Equivalent Liquid, with Sucrose",6.500E+01,1.001E+01,4.297E-03,1.001E+01,3.611E+00,3.606E+00,0.9986
203,"Muscle-Equivalent Liquid, with Sucrose",7.000E+01,9.450E+00,4.005E-03,9.454E+00,4.125E+00,4.120E+00,0.9986
203,"Muscle-Equivalent Liquid, with Sucrose",7.500E+01,8.960E+00,3.751E-03,8.963E+00,4.669E+00,4.662E+00,0.9986
203,"Muscle-Equivalent Liquid, with Sucrose",8.000E+01,8.527E+00,3.527E-03,8.530E+00,5.241E+00,5.234E+00,0.9986
203,"Muscle-Equivalent Liquid, with Sucrose",8.500E+01,8.142E+00,3.330E-03,8.145E+00,5.841E+00,5.833E+00,0.9987
203,"Muscle-Equivalent Liquid, with Sucrose",9.000E+01,7.797E+00,3.153E-03,7.800E+00,6.468E+00,6.460E+00,0.9987
203,"Muscle-Equivalent Liquid, with Sucrose",9.500E+01,7.487E+00,2.995E-03,7.490E+00,7.123E+00,7.113E+00,0.9987
203,"Muscle-Equivalent Liquid, with Sucrose",1.000E+02,7.206E+00,2.853E-03,7.208E+00,7.803E+00,7.793E+00,0.9987
203,"Muscle-Equivalent Liquid, with Sucrose",1.250E+02,6.121E+00,2.307E-03,6.123E+00,1.158E+01,1.157E+01,0.9987
203,"Muscle-Equivalent Liquid, with Sucrose",1.500E+02,5.382E+00,1.939E-03,5.384E+00,1.595E+01,1.593E+01,0.9988
203,"Muscle-Equivalent Liquid, with Sucrose",1.750E+02,4.847E+00,1.674E-03,4.848E+00,2.085E+01,2.083E+01,0.9988
203,"Muscle-Equivalent Liquid, with Sucrose",2.000E+02,4.441E+00,1.475E-03,4.442E+00,2.625E+01,2.622E+01,0.9988
203,"Muscle-Equivalent Liquid, with Sucrose",2.250E+02,4.122E+00,1.318E-03,4.123E+00,3.210E+01,3.206E+01,0.9989
203,"Muscle-Equivalent Liquid, with Sucrose",2.500E+02,3.866E+00,1.192E-03,3.867E+00,3.836E+01,3.832E+01,0.9989
203,"Muscle-Equivalent Liquid, with Sucrose",2.750E+02,3.655E+00,1.089E-03,3.657E+00,4.502E+01,4.497E+01,0.9989
203,"Muscle-Equivalent Liquid, with Sucrose",3.000E+02,3.480E+00,1.002E-03,3.481E+00,5.203E+01,5.197E+01,0.9989
203,"Muscle-Equivalent Liquid, with Sucrose",3.500E+02,3.204E+00,8.658E-04,3.205E+00,6.703E+01,6.696E+01,0.9990
203,"Muscle-Equivalent Liquid, with Sucrose",4.000E+02,2.997E+00,7.625E-04,2.998E+00,8.318E+01,8.310E+01,0.9990
203,"Muscle-Equivalent Liquid, with Sucrose",4.500E+02,2.838E+00,6.818E-04,2.839E+00,1.003E+02,1.002E+02,0.9990
203,"Muscle-Equivalent Liquid, with Sucrose",5.000E+02,2.712E+00,6.168E-04,2.712E+00,1.184E+02,1.183E+02,0.9991
203,"Muscle-Equivalent Liquid, with Sucrose",5.500E+02,2.610E+00,5.635E-04,2.610E+00,1.372E+02,1.370E+02,0.9991
203,"Muscle-Equivalent Liquid, with Sucrose",6.000E+02,2.526E+00,5.188E-04,2.527E+00,1.566E+02,1.565E+02,0.9991
203,"Muscle-Equivalent Liquid, with Sucrose",6.500E+02,2.457E+00,4.809E-04,2.457E+00,1.767E+02,1.766E+02,0.9991
203,"Muscle-Equivalent Liquid, with Sucrose",7.000E+02,2.398E+00,4.482E-04,2.399E+00,1.973E+02,1.972E+02,0.9991
203,"Muscle-Equivalent Liquid, with Sucrose",7.500E+02,2.349E+00,4.198E-04,2.349E+00,2.184E+02,2.182E+02,0.9992
203,"Muscle-Equivalent Liquid, with Sucrose",8.000E+02,2.306E+00,3.949E-04,2.307E+00,2.399E+02,2.397E+02,0.9992
203,"Muscle-Equivalent Liquid, with Sucrose",8.500E+02,2.270E+00,3.729E-04,2.270E+00,2.617E+02,2.615E+02,0.9992
203,"Muscle-Equivalent Liquid, with Sucrose",9.000E+02,2.237E+00,3.532E-04,2.237E+00,2.839E+02,2.837E+02,0.9992
203,"Muscle-Equivalent Liquid, with Sucrose",9.500E+02,2.208E+00,3.356E-04,2.209E+00,3.064E+02,3.062E+02,0.9992
203,"Muscle-Equivalent Liquid, with Sucrose",1.000E+03,2.183E+00,3.197E-04,2.183E+00,3.292E+02,3.289E+02,0.9992
203,"Muscle-Equivalent Liquid, with Sucrose",1.500E+03,2.041E+00,2.179E-04,2.041E+00,5.674E+02,5.671E+02,0.9993
203,"Muscle-Equivalent Liquid, with Sucrose",2.000E+03,1.991E+00,1.662E-04,1.991E+00,8.159E+02,8.155E+02,0.9994
203,"Muscle-Equivalent Liquid, with Sucrose",2.500E+03,1.974E+00,1.347E-04,1.974E+00,1.068E+03,1.068E+03,0.9995
203,"Muscle-Equivalent Liquid, with Sucrose",3.000E+03,1.971E+00,1.135E-04,1.971E+00,1.322E+03,1.321E+03,0.9995
203,"Muscle-Equivalent Liquid, with Sucrose",4.000E+03,1.982E+00,8.662E-05,1.982E+00,1.828E+03,1.828E+03,0.9996
203,"Muscle-Equivalent Liquid, with Sucrose",5.000E+03,2.000E+00,7.026E-05,2.000E+00,2.331E+03,2.330E+03,0.9996
203,"Muscle-Equivalent Liquid, with Sucrose",6.000E+03,2.021E+00,5.923E-05,2.021E+00,2.828E+03,2.827E+03,0.9997
203,"Muscle-Equivalent Liquid, with Sucrose",7.000E+03,2.041E+00,5.126E-05,2.041E+00,3.320E+03,3.319E+03,0.9997
203,"Muscle-Equivalent Liquid, with Sucrose",8.000E+03,2.060E+00,4.524E-05,2.060E+00,3.808E+03,3.807E+03,0.9997
203,"Muscle-Equivalent Liquid, with Sucrose",9.000E+03,2.078E+00,4.051E-05,2.078E+00,4.291E+03,4.290E+03,0.9997
203,"Muscle-Equivalent Liquid, with Sucrose",1.000E+04,2.094E+00,3.671E-05,2.094E+00,4.771E+03,4.770E+03,0.9998
204,"Muscle-Equivalent Liquid, without Sucrose",1.000E-03,1.466E+02,4.180E+01,1.884E+02,6.108E-06,2.809E-06,0.4599
204,"Muscle-Equivalent Liquid, without Sucrose",1.500E-03,1.795E+02,3.358E+01,2.131E+02,8.585E-06,4.266E-06,0.4970
204,"Muscle-Equivalent Liquid, without Sucrose",2.000E-03,2.073E+02,2.845E+01,2.357E+02,1.081E-05,5.701E-06,0.5271
204,"Muscle-Equivalent Liquid, without Sucrose",2.500E-03,2.318E+02,2.487E+01,2.566E+02,1.285E-05,7.092E-06,0.5521
204,"Muscle-Equivalent Liquid, without Sucrose",3.000E-03,2.539E+02,2.220E+01,2.761E+02,1.472E-05,8.441E-06,0.5733
204,"Muscle-Equivalent Liquid, without Sucrose",4.000E-03,2.929E+02,1.844E+01,3.113E+02,1.813E-05,1.101E-05,0.6076
204,"Muscle-Equivalent Liquid, without Sucrose",5.000E-03,3.273E+02,1.589E+01,3.432E+02,2.118E-05,1.344E-05,0.6345
204,"Muscle-Equivalent Liquid, without Sucrose",6.000E-03,3.584E+02,1.403E+01,3.724E+02,2.398E-05,1.574E-05,0.6564
204,"Muscle-Equivalent Liquid, without Sucrose",7.000E-03,3.869E+02,1.260E+01,3.995E+02,2.657E-05,1.793E-05,0.6747
204,"Muscle-Equivalent Liquid, without Sucrose",8.000E-03,4.135E+02,1.146E+01,4.249E+02,2.900E-05,2.002E-05,0.6903
204,"Muscle-Equivalent Liquid, without Sucrose",9.000E-03,4.384E+02,1.053E+01,4.489E+02,3.129E-05,2.202E-05,0.7038
204,"Muscle-Equivalent Liquid, without Sucrose",1.000E-02,4.619E+02,9.755E+00,4.717E+02,3.346E-05,2.394E-05,0.7157
204,"Muscle-Equivalent Liquid, without Sucrose",1.250E-02,5.082E+02,8.276E+00,5.165E+02,3.851E-05,2.850E-05,0.7401
204,"Muscle-Equivalent Liquid, without Sucrose",1.500E-02,5.484E+02,7.219E+00,5.556E+02,4.317E-05,3.279E-05,0.7594
204,"Muscle-Equivalent Liquid, without Sucrose",1.750E-02,5.840E+02,6.421E+00,5.904E+02,4.754E-05,3.685E-05,0.7752
204,"Muscle-Equivalent Liquid, without Sucrose",2.000E-02,6.158E+02,5.795E+00,6.216E+02,5.166E-05,4.072E-05,0.7883
204,"Muscle-Equivalent Liquid, without Sucrose",2.250E-02,6.445E+02,5.290E+00,6.498E+02,5.559E-05,4.445E-05,0.7995
204,"Muscle-Equivalent Liquid, without Sucrose",2.500E-02,6.704E+02,4.872E+00,6.752E+02,5.936E-05,4.804E-05,0.8093
204,"Muscle-Equivalent Liquid, without Sucrose",2.750E-02,6.938E+02,4.521E+00,6.983E+02,6.300E-05,5.152E-05,0.8178
204,"Muscle-Equivalent Liquid, without Sucrose",3.000E-02,7.151E+02,4.221E+00,7.193E+02,6.653E-05,5.491E-05,0.8254
204,"Muscle-Equivalent Liquid, without Sucrose",3.500E-02,7.520E+02,3.734E+00,7.557E+02,7.331E-05,6.146E-05,0.8383
204,"Muscle-Equivalent Liquid, without Sucrose",4.000E-02,7.823E+02,3.355E+00,7.857E+02,7.979E-05,6.775E-05,0.8491
204,"Muscle-Equivalent Liquid, without Sucrose",4.500E-02,8.071E+02,3.051E+00,8.102E+02,8.605E-05,7.385E-05,0.8582
204,"Muscle-Equivalent Liquid, without Sucrose",5.000E-02,8.270E+02,2.801E+00,8.298E+02,9.215E-05,7.980E-05,0.8660
204,"Muscle-Equivalent Liquid, without Sucrose",5.500E-02,8.425E+02,2.592E+00,8.451E+02,9.812E-05,8.565E-05,0.8729
204,"Muscle-Equivalent Liquid, without Sucrose",6.000E-02,8.543E+02,2.414E+00,8.568E+02,1.040E-04,9.141E-05,0.8790
204,"Muscle-Equivalent Liquid, without Sucrose",6.500E-02,8.629E+02,2.260E+00,8.651E+02,1.098E-04,9.712E-05,0.8845
204,"Muscle-Equivalent Liquid, without Sucrose",7.000E-02,8.685E+02,2.127E+00,8.706E+02,1.156E-04,1.028E-04,0.8895
204,"Muscle-Equivalent Liquid, without Sucrose",7.500E-02,8.716E+02,2.009E+00,8.736E+02,1.213E-04,1.084E-04,0.8940
204,"Muscle-Equivalent Liquid, without Sucrose",8.000E-02,8.726E+02,1.904E+00,8.745E+02,1.270E-04,1.141E-04,0.8981
204,"Muscle-Equivalent Liquid, without Sucrose",8.500E-02,8.716E+02,1.811E+00,8.734E+02,1.327E-04,1.197E-04,0.9020
204,"Muscle-Equivalent Liquid, without Sucrose",9.000E-02,8.690E+02,1.727E+00,8.707E+02,1.385E-04,1.254E-04,0.9055
204,"Muscle-Equivalent Liquid, without Sucrose",9.500E-02,8.650E+02,1.651E+00,8.667E+02,1.442E-04,1.311E-04,0.9088
204,"Muscle-Equivalent Liquid, without Sucrose",1.000E-01,8.598E+02,1.582E+00,8.614E+02,1.500E-04,1.368E-04,0.9119
204,"Muscle-Equivalent Liquid, without Sucrose",1.250E-01,8.220E+02,1.312E+00,8.233E+02,1.796E-04,1.661E-04,0.9249
204,"Muscle-Equivalent Liquid, without Sucrose",1.500E-01,7.749E+02,1.124E+00,7.760E+02,2.109E-04,1.972E-04,0.9348
204,"Muscle-Equivalent Liquid, without Sucrose",1.750E-01,7.269E+02,9.865E-01,7.279E+02,2.442E-04,2.302E-04,0.9428
204,"Muscle-Equivalent Liquid, without Sucrose",2.000E-01,6.820E+02,8.804E-01,6.829E+02,2.796E-04,2.654E-04,0.9492
204,"Muscle-Equivalent Liquid, without Sucrose",2.250E-01,6.430E+02,7.960E-01,6.438E+02,3.174E-04,3.030E-04,0.9546
204,"Muscle-Equivalent Liquid, without Sucrose",2.500E-01,6.092E+02,7.272E-01,6.099E+02,3.573E-04,3.427E-04,0.9591
204,"Muscle-Equivalent Liquid, without Sucrose",2.750E-01,5.794E+02,6.695E-01,5.801E+02,3.993E-04,3.845E-04,0.9629
204,"Muscle-Equivalent Liquid, without Sucrose",3.000E-01,5.529E+02,6.203E-01,5.535E+02,4.435E-04,4.284E-04,0.9661
204,"Muscle-Equivalent Liquid, without Sucrose",3.500E-01,5.074E+02,5.417E-01,5.079E+02,5.379E-04,5.224E-04,0.9713
204,"Muscle-Equivalent Liquid, without Sucrose",4.000E-01,4.696E+02,4.815E-01,4.701E+02,6.403E-04,6.244E-04,0.9753
204,"Muscle-Equivalent Liquid, without Sucrose",4.500E-01,4.377E+02,4.338E-01,4.381E+02,7.505E-04,7.343E-04,0.9784
204,"Muscle-Equivalent Liquid, without Sucrose",5.000E-01,4.101E+02,3.952E-01,4.105E+02,8.685E-04,8.518E-04,0.9808
204,"Muscle-Equivalent Liquid, without Sucrose",5.500E-01,3.861E+02,3.631E-01,3.865E+02,9.941E-04,9.770E-04,0.9828
204,"Muscle-Equivalent Liquid, without Sucrose",6.000E-01,3.651E+02,3.360E-01,3.654E+02,1.127E-03,1.110E-03,0.9845
204,"Muscle-Equivalent Liquid, without Sucrose",6.500E-01,3.465E+02,3.129E-01,3.468E+02,1.268E-03,1.250E-03,0.9858
204,"Muscle-Equivalent Liquid, without Sucrose",7.000E-01,3.299E+02,2.929E-01,3.302E+02,1.416E-03,1.397E-03,0.9870
204,"Muscle-Equivalent Liquid, without Sucrose",7.500E-01,3.150E+02,2.753E-01,3.153E+02,1.571E-03,1.552E-03,0.9880
204,"Muscle-Equivalent Liquid, without Sucrose",8.000E-01,3.016E+02,2.598E-01,3.018E+02,1.733E-03,1.713E-03,0.9888
204,"Muscle-Equivalent Liquid, without Sucrose",8.500E-01,2.894E+02,2.460E-01,2.897E+02,1.902E-03,1.882E-03,0.9896
204,"Muscle-Equivalent Liquid, without Sucrose",9.000E-01,2.783E+02,2.337E-01,2.786E+02,2.078E-03,2.058E-03,0.9902
204,"Muscle-Equivalent Liquid, without Sucrose",9.500E-01,2.682E+02,2.225E-01,2.684E+02,2.261E-03,2.240E-03,0.9908
204,"Muscle-Equivalent Liquid, without Sucrose",1.000E+00,2.588E+02,2.125E-01,2.590E+02,2.450E-03,2.429E-03,0.9913
204,"Muscle-Equivalent Liquid, without Sucrose",1.250E+00,2.213E+02,1.736E-01,2.214E+02,3.498E-03,3.474E-03,0.9931
204,"Muscle-Equivalent Liquid, without Sucrose",1.500E+00,1.943E+02,1.471E-01,1.944E+02,4.706E-03,4.679E-03,0.9943
204,"Muscle-Equivalent Liquid, without Sucrose",1.750E+00,1.737E+02,1.278E-01,1.738E+02,6.069E-03,6.038E-03,0.9950
204,"Muscle-Equivalent Liquid, without Sucrose",2.000E+00,1.575E+02,1.131E-01,1.576E+02,7.581E-03,7.548E-03,0.9956
204,"Muscle-Equivalent Liquid, without Sucrose",2.250E+00,1.443E+02,1.016E-01,1.444E+02,9.240E-03,9.203E-03,0.9960
204,"Muscle-Equivalent Liquid, without Sucrose",2.500E+00,1.335E+02,9.220E-02,1.335E+02,1.104E-02,1.100E-02,0.9963
204,"Muscle-Equivalent Liquid, without Sucrose",2.750E+00,1.242E+02,8.447E-02,1.243E+02,1.298E-02,1.294E-02,0.9965
204,"Muscle-Equivalent Liquid, without Sucrose",3.000E+00,1.163E+02,7.796E-02,1.164E+02,1.506E-02,1.501E-02,0.9967
204,"Muscle-Equivalent Liquid, without Sucrose",3.500E+00,1.035E+02,6.763E-02,1.035E+02,1.963E-02,1.957E-02,0.9970
204,"Muscle-Equivalent Liquid, without Sucrose",4.000E+00,9.338E+01,5.978E-02,9.344E+01,2.472E-02,2.465E-02,0.9972
204,"Muscle-Equivalent Liquid, without Sucrose",4.500E+00,8.525E+01,5.360E-02,8.531E+01,3.032E-02,3.024E-02,0.9974
204,"Muscle-Equivalent Liquid, without Sucrose",5.000E+00,7.854E+01,4.860E-02,7.859E+01,3.644E-02,3.634E-02,0.9975
204,"Muscle-Equivalent Liquid, without Sucrose",5.500E+00,7.290E+01,4.448E-02,7.295E+01,4.304E-02,4.294E-02,0.9976
204,"Muscle-Equivalent Liquid, without Sucrose",6.000E+00,6.809E+01,4.102E-02,6.813E+01,5.014E-02,5.003E-02,0.9977
204,"Muscle-Equivalent Liquid, without Sucrose",6.500E+00,6.392E+01,3.807E-02,6.396E+01,5.772E-02,5.759E-02,0.9977
204,"Muscle-Equivalent Liquid, without Sucrose",7.000E+00,6.027E+01,3.553E-02,6.031E+01,6.578E-02,6.563E-02,0.9978
204,"Muscle-Equivalent Liquid, without Sucrose",7.500E+00,5.705E+01,3.331E-02,5.709E+01,7.430E-02,7.414E-02,0.9979
204,"Muscle-Equivalent Liquid, without Sucrose",8.000E+00,5.420E+01,3.136E-02,5.423E+01,8.329E-02,8.312E-02,0.9979
204,"Muscle-Equivalent Liquid, without Sucrose",8.500E+00,5.164E+01,2.963E-02,5.167E+01,9.274E-02,9.255E-02,0.9979
204,"Muscle-Equivalent Liquid, without Sucrose",9.000E+00,4.933E+01,2.809E-02,4.936E+01,1.026E-01,1.024E-01,0.9980
204,"Muscle-Equivalent Liquid, without Sucrose",9.500E+00,4.723E+01,2.670E-02,4.726E+01,1.130E-01,1.128E-01,0.9980
204,"Muscle-Equivalent Liquid, without Sucrose",1.000E+01,4.533E+01,2.545E-02,4.535E+01,1.238E-01,1.236E-01,0.9980
204,"Muscle-Equivalent Liquid, without Sucrose",1.250E+01,3.787E+01,2.064E-02,3.789E+01,1.844E-01,1.840E-01,0.9981
204,"Muscle-Equivalent Liquid, without Sucrose",1.500E+01,3.267E+01,1.738E-02,3.269E+01,2.557E-01,2.552E-01,0.9982
204,"Muscle-Equivalent Liquid, without Sucrose",1.750E+01,2.883E+01,1.503E-02,2.885E+01,3.372E-01,3.367E-01,0.9983
204,"Muscle-Equivalent Liquid, without Sucrose",2.000E+01,2.587E+01,1.325E-02,2.588E+01,4.289E-01,4.282E-01,0.9983
204,"Muscle-Equivalent Liquid, without Sucrose",2.500E+01,2.158E+01,1.073E-02,2.159E+01,6.414E-01,6.404E-01,0.9984
204,"Muscle-Equivalent Liquid, without Sucrose",2.750E+01,1.997E+01,9.807E-03,1.998E+01,7.619E-01,7.607E-01,0.9984
204,"Muscle-Equivalent Liquid, without Sucrose",3.000E+01,1.861E+01,9.031E-03,1.862E+01,8.916E-01,8.902E-01,0.9984
204,"Muscle-Equivalent Liquid, without Sucrose",3.500E+01,1.643E+01,7.804E-03,1.644E+01,1.178E+00,1.176E+00,0.9985
204,"Muscle-Equivalent Liquid, without Sucrose",4.000E+01,1.476E+01,6.876E-03,1.477E+01,1.499E+00,1.497E+00,0.9985
204,"Muscle-Equivalent Liquid, without Sucrose",4.500E+01,1.343E+01,6.148E-03,1.344E+01,1.855E+00,1.852E+00,0.9985
204,"Muscle-Equivalent Liquid, without Sucrose",5.000E+01,1.235E+01,5.563E-03,1.236E+01,2.243E+00,2.240E+00,0.9985
204,"Muscle-Equivalent Liquid, without Sucrose",5.500E+01,1.145E+01,5.081E-03,1.146E+01,2.664E+00,2.660E+00,0.9986
204,"Muscle-Equivalent Liquid, without Sucrose",6.000E+01,1.069E+01,4.678E-03,1.070E+01,3.116E+00,3.111E+00,0.9986
204,"Muscle-Equivalent Liquid, without Sucrose",6.500E+01,1.005E+01,4.335E-03,1.005E+01,3.598E+00,3.593E+00,0.9986
204,"Muscle-Equivalent Liquid, without Sucrose",7.000E+01,9.483E+00,4.040E-03,9.487E+00,4.111E+00,4.105E+00,0.9986
204,"Muscle-Equivalent Liquid, without Sucrose",7.500E+01,8.991E+00,3.784E-03,8.995E+00,4.652E+00,4.646E+00,0.9986
204,"Muscle-Equivalent Liquid, without Sucrose",8.000E+01,8.557E+00,3.559E-03,8.561E+00,5.222E+00,5.215E+00,0.9986
204,"Muscle-Equivalent Liquid, without Sucrose",8.500E+01,8.171E+00,3.359E-03,8.174E+00,5.820E+00,5.812E+00,0.9987
204,"Muscle-Equivalent Liquid, without Sucrose",9.000E+01,7.825E+00,3.181E-03,7.828E+00,6.445E+00,6.437E+00,0.9987
204,"Muscle-Equivalent Liquid, without Sucrose",9.500E+01,7.513E+00,3.022E-03,7.516E+00,7.097E+00,7.088E+00,0.9987
204,"Muscle-Equivalent Liquid, without Sucrose",1.000E+02,7.231E+00,2.878E-03,7.234E+00,7.775E+00,7.765E+00,0.9987
204,"Muscle-Equivalent Liquid, without Sucrose",1.250E+02,6.143E+00,2.327E-03,6.145E+00,1.154E+01,1.153E+01,0.9987
204,"Muscle-Equivalent Liquid, without Sucrose",1.500E+02,5.401E+00,1.956E-03,5.403E+00,1.589E+01,1.587E+01,0.9988
204,"Muscle-Equivalent Liquid, without Sucrose",1.750E+02,4.864E+00,1.689E-03,4.866E+00,2.078E+01,2.076E+01,0.9988
204,"Muscle-Equivalent Liquid, without Sucrose",2.000E+02,4.456E+00,1.488E-03,4.458E+00,2.616E+01,2.613E+01,0.9988
204,"Muscle-Equivalent Liquid, without Sucrose",2.250E+02,4.137E+00,1.330E-03,4.138E+00,3.198E+01,3.195E+01,0.9989
204,"Muscle-Equivalent Liquid, without Sucrose",2.500E+02,3.880E+00,1.203E-03,3.881E+00,3.823E+01,3.819E+01,0.9989
204,"Muscle-Equivalent Liquid, without Sucrose",2.750E+02,3.668E+00,1.099E-03,3.670E+00,4.486E+01,4.481E+01,0.9989
204,"Muscle-Equivalent Liquid, without Sucrose",3.000E+02,3.492E+00,1.011E-03,3.493E+00,5.185E+01,5.179E+01,0.9989
204,"Muscle-Equivalent Liquid, without Sucrose",3.500E+02,3.215E+00,8.734E-04,3.216E+00,6.679E+01,6.672E+01,0.9990
204,"Muscle-Equivalent Liquid, without Sucrose",4.000E+02,3.008E+00,7.693E-04,3.009E+00,8.289E+01,8.280E+01,0.9990
204,"Muscle-Equivalent Liquid, without Sucrose",4.500E+02,2.848E+00,6.878E-04,2.849E+00,9.998E+01,9.988E+01,0.9990
204,"Muscle-Equivalent Liquid, without Sucrose",5.000E+02,2.721E+00,6.223E-04,2.722E+00,1.180E+02,1.178E+02,0.9990
204,"Muscle-Equivalent Liquid, without Sucrose",5.500E+02,2.619E+00,5.684E-04,2.620E+00,1.367E+02,1.366E+02,0.9991
204,"Muscle-Equivalent Liquid, without Sucrose",6.000E+02,2.535E+00,5.234E-04,2.536E+00,1.561E+02,1.560E+02,0.9991
204,"Muscle-Equivalent Liquid, without Sucrose",6.500E+02,2.465E+00,4.851E-04,2.466E+00,1.761E+02,1.759E+02,0.9991
204,"Muscle-Equivalent Liquid, without Sucrose",7.000E+02,2.407E+00,4.522E-04,2.407E+00,1.966E+02,1.965E+02,0.9991
204,"Muscle-Equivalent Liquid, without Sucrose",7.500E+02,2.357E+00,4.235E-04,2.357E+00,2.176E+02,2.174E+02,0.9992
204,"Muscle-Equivalent Liquid, without Sucrose",8.000E+02,2.314E+00,3.984E-04,2.315E+00,2.390E+02,2.388E+02,0.9992
204,"Muscle-Equivalent Liquid, without Sucrose",8.500E+02,2.278E+00,3.762E-04,2.278E+00,2.608E+02,2.606E+02,0.9992
204,"Muscle-Equivalent Liquid, without Sucrose",9.000E+02,2.246E+00,3.564E-04,2.246E+00,2.829E+02,2.827E+02,0.9992
204,"Muscle-Equivalent Liquid, without Sucrose",9.500E+02,2.217E+00,3.386E-04,2.217E+00,3.053E+02,3.051E+02,0.9992
204,"Muscle-Equivalent Liquid, without Sucrose",1.000E+03,2.192E+00,3.225E-04,2.192E+00,3.280E+02,3.278E+02,0.9992
204,"Muscle-Equivalent Liquid, without Sucrose",1.500E+03,2.050E+00,2.199E-04,2.050E+00,5.653E+02,5.649E+02,0.9993
204,"Muscle-Equivalent Liquid, without Sucrose",2.000E+03,2.000E+00,1.676E-04,2.000E+00,8.127E+02,8.122E+02,0.9994
204,"Muscle-Equivalent Liquid, without Sucrose",2.500E+03,1.983E+00,1.359E-04,1.983E+00,1.064E+03,1.063E+03,0.9995
204,"Muscle-Equivalent Liquid, without Sucrose",3.000E+03,1.980E+00,1.145E-04,1.980E+00,1.316E+03,1.316E+03,0.9995
204,"Muscle-Equivalent Liquid, without Sucrose",4.000E+03,1.991E+00,8.738E-05,1.991E+00,1.820E+03,1.820E+03,0.9996
204,"Muscle-Equivalent Liquid, without Sucrose",5.000E+03,2.010E+00,7.088E-05,2.010E+00,2.321E+03,2.320E+03,0.9996
204,"Muscle-Equivalent Liquid, without Sucrose",6.000E+03,2.030E+00,5.975E-05,2.030E+00,2.816E+03,2.815E+03,0.9997
204,"Muscle-Equivalent Liquid, without Sucrose",7.000E+03,2.050E+00,5.171E-05,2.050E+00,3.306E+03,3.305E+03,0.9997
204,"Muscle-Equivalent Liquid, without Sucrose",8.000E+03,2.069E+00,4.564E-05,2.069E+00,3.791E+03,3.790E+03,0.9997
204,"Muscle-Equivalent Liquid, without Sucrose",9.000E+03,2.087E+00,4.087E-05,2.087E+00,4.272E+03,4.271E+03,0.9997
204,"Muscle-Equivalent Liquid, without Sucrose",1.000E+04,2.104E+00,3.703E-05,2.104E+00,4.750E+03,4.749E+03,0.9998
209,"Nylon, type 6 and type 6/6",1.000E-03,1.910E+02,4.380E+01,2.348E+02,5.120E-06,2.543E-06,0.4967
209,"Nylon, type 6 and type 6/6",1.500E-03,2.339E+02,3.510E+01,2.690E+02,7.094E-06,3.812E-06,0.5374
209,"Nylon, type 6 and type 6/6",2.000E-03,2.701E+02,2.967E+01,2.998E+02,8.853E-06,5.040E-06,0.5694
209,"Nylon, type 6 and type 6/6",2.500E-03,3.020E+02,2.589E+01,3.279E+02,1.045E-05,6.217E-06,0.5951
209,"Nylon, type 6 and type 6/6",3.000E-03,3.308E+02,2.307E+01,3.539E+02,1.191E-05,7.344E-06,0.6165
209,"Nylon, type 6 and type 6/6",4.000E-03,3.778E+02,1.911E+01,3.969E+02,1.458E-05,9.483E-06,0.6506
209,"Nylon, type 6 and type 6/6",5.000E-03,4.197E+02,1.643E+01,4.361E+02,1.698E-05,1.149E-05,0.6769
209,"Nylon, type 6 and type 6/6",6.000E-03,4.575E+02,1.448E+01,4.720E+02,1.918E-05,1.339E-05,0.6980
209,"Nylon, type 6 and type 6/6",7.000E-03,4.921E+02,1.299E+01,5.051E+02,2.123E-05,1.519E-05,0.7154
209,"Nylon, type 6 and type 6/6",8.000E-03,5.234E+02,1.180E+01,5.352E+02,2.315E-05,1.690E-05,0.7301
209,"Nylon, type 6 and type 6/6",9.000E-03,5.523E+02,1.083E+01,5.631E+02,2.497E-05,1.855E-05,0.7428
209,"Nylon, type 6 and type 6/6",1.000E-02,5.792E+02,1.002E+01,5.892E+02,2.670E-05,2.013E-05,0.7539
209,"Nylon, type 6 and type 6/6",1.250E-02,6.330E+02,8.487E+00,6.415E+02,3.076E-05,2.389E-05,0.7765
209,"Nylon, type 6 and type 6/6",1.500E-02,6.785E+02,7.392E+00,6.858E+02,3.453E-05,2.742E-05,0.7942
209,"Nylon, type 6 and type 6/6",1.750E-02,7.179E+02,6.567E+00,7.245E+02,3.807E-05,3.078E-05,0.8085
209,"Nylon, type 6 and type 6/6",2.000E-02,7.529E+02,5.921E+00,7.588E+02,4.144E-05,3.400E-05,0.8204
209,"Nylon, type 6 and type 6/6",2.250E-02,7.838E+02,5.400E+00,7.892E+02,4.467E-05,3.710E-05,0.8306
209,"Nylon, type 6 and type 6/6",2.500E-02,8.111E+02,4.970E+00,8.161E+02,4.778E-05,4.011E-05,0.8393
209,"Nylon, type 6 and type 6/6",2.750E-02,8.353E+02,4.609E+00,8.399E+02,5.080E-05,4.303E-05,0.8469
209,"Nylon, type 6 and type 6/6",3.000E-02,8.568E+02,4.301E+00,8.611E+02,5.374E-05,4.588E-05,0.8537
209,"Nylon, type 6 and type 6/6",3.500E-02,8.942E+02,3.801E+00,8.980E+02,5.942E-05,5.142E-05,0.8653
209,"Nylon, type 6 and type 6/6",4.000E-02,9.254E+02,3.413E+00,9.289E+02,6.490E-05,5.677E-05,0.8748
209,"Nylon, type 6 and type 6/6",4.500E-02,9.510E+02,3.102E+00,9.541E+02,7.020E-05,6.197E-05,0.8828
209,"Nylon, type 6 and type 6/6",5.000E-02,9.710E+02,2.846E+00,9.738E+02,7.539E-05,6.707E-05,0.8896
209,"Nylon, type 6 and type 6/6",5.500E-02,9.858E+02,2.632E+00,9.884E+02,8.048E-05,7.208E-05,0.8956
209,"Nylon, type 6 and type 6/6",6.000E-02,9.963E+02,2.450E+00,9.987E+02,8.551E-05,7.704E-05,0.9010
209,"Nylon, type 6 and type 6/6",6.500E-02,1.003E+03,2.294E+00,1.005E+03,9.050E-05,8.197E-05,0.9057
209,"Nylon, type 6 and type 6/6",7.000E-02,1.007E+03,2.157E+00,1.009E+03,9.547E-05,8.687E-05,0.9100
209,"Nylon, type 6 and type 6/6",7.500E-02,1.008E+03,2.037E+00,1.010E+03,1.004E-04,9.177E-05,0.9139
209,"Nylon, type 6 and type 6/6",8.000E-02,1.006E+03,1.931E+00,1.008E+03,1.054E-04,9.668E-05,0.9174
209,"Nylon, type 6 and type 6/6",8.500E-02,1.003E+03,1.835E+00,1.005E+03,1.103E-04,1.016E-04,0.9207
209,"Nylon, type 6 and type 6/6",9.000E-02,9.977E+02,1.750E+00,9.994E+02,1.153E-04,1.065E-04,0.9238
209,"Nylon, type 6 and type 6/6",9.500E-02,9.912E+02,1.672E+00,9.928E+02,1.204E-04,1.115E-04,0.9266
209,"Nylon, type 6 and type 6/6",1.000E-01,9.835E+02,1.602E+00,9.851E+02,1.254E-04,1.165E-04,0.9292
209,"Nylon, type 6 and type 6/6",1.250E-01,9.335E+02,1.327E+00,9.349E+02,1.514E-04,1.424E-04,0.9401
209,"Nylon, type 6 and type 6/6",1.500E-01,8.754E+02,1.137E+00,8.765E+02,1.790E-04,1.698E-04,0.9484
209,"Nylon, type 6 and type 6/6",1.750E-01,8.175E+02,9.972E-01,8.185E+02,2.085E-04,1.992E-04,0.9550
209,"Nylon, type 6 and type 6/6",2.000E-01,7.636E+02,8.895E-01,7.645E+02,2.402E-04,2.306E-04,0.9603
209,"Nylon, type 6 and type 6/6",2.250E-01,7.150E+02,8.040E-01,7.158E+02,2.740E-04,2.643E-04,0.9647
209,"Nylon, type 6 and type 6/6",2.500E-01,6.717E+02,7.343E-01,6.725E+02,3.100E-04,3.002E-04,0.9683
209,"Nylon, type 6 and type 6/6",2.750E-01,6.335E+02,6.758E-01,6.342E+02,3.483E-04,3.384E-04,0.9714
209,"Nylon, type 6 and type 6/6",3.000E-01,5.996E+02,6.261E-01,6.003E+02,3.889E-04,3.788E-04,0.9740
209,"Nylon, type 6 and type 6/6",3.500E-01,5.429E+02,5.465E-01,5.434E+02,4.765E-04,4.661E-04,0.9782
209,"Nylon, type 6 and type 6/6",4.000E-01,4.974E+02,4.857E-01,4.979E+02,5.728E-04,5.621E-04,0.9813
209,"Nylon, type 6 and type 6/6",4.500E-01,4.604E+02,4.375E-01,4.608E+02,6.773E-04,6.663E-04,0.9838
209,"Nylon, type 6 and type 6/6",5.000E-01,4.297E+02,3.984E-01,4.301E+02,7.897E-04,7.783E-04,0.9857
209,"Nylon, type 6 and type 6/6",5.500E-01,4.037E+02,3.660E-01,4.041E+02,9.097E-04,8.980E-04,0.9872
209,"Nylon, type 6 and type 6/6",6.000E-01,3.810E+02,3.386E-01,3.814E+02,1.037E-03,1.025E-03,0.9885
209,"Nylon, type 6 and type 6/6",6.500E-01,3.612E+02,3.152E-01,3.615E+02,1.172E-03,1.160E-03,0.9895
209,"Nylon, type 6 and type 6/6",7.000E-01,3.436E+02,2.948E-01,3.439E+02,1.314E-03,1.301E-03,0.9904
209,"Nylon, type 6 and type 6/6",7.500E-01,3.279E+02,2.771E-01,3.282E+02,1.463E-03,1.450E-03,0.9911
209,"Nylon, type 6 and type 6/6",8.000E-01,3.138E+02,2.614E-01,3.140E+02,1.618E-03,1.605E-03,0.9917
209,"Nylon, type 6 and type 6/6",8.500E-01,3.010E+02,2.475E-01,3.013E+02,1.781E-03,1.767E-03,0.9923
209,"Nylon, type 6 and type 6/6",9.000E-01,2.893E+02,2.350E-01,2.896E+02,1.950E-03,1.936E-03,0.9927
209,"Nylon, type 6 and type 6/6",9.500E-01,2.786E+02,2.238E-01,2.788E+02,2.126E-03,2.112E-03,0.9932
209,"Nylon, type 6 and type 6/6",1.000E+00,2.688E+02,2.136E-01,2.690E+02,2.309E-03,2.294E-03,0.9935
209,"Nylon, type 6 and type 6/6",1.250E+00,2.295E+02,1.744E-01,2.297E+02,3.319E-03,3.301E-03,0.9948
209,"Nylon, type 6 and type 6/6",1.500E+00,2.013E+02,1.477E-01,2.014E+02,4.484E-03,4.464E-03,0.9957
209,"Nylon, type 6 and type 6/6",1.750E+00,1.798E+02,1.282E-01,1.800E+02,5.799E-03,5.777E-03,0.9962
209,"Nylon, type 6 and type 6/6",2.000E+00,1.629E+02,1.134E-01,1.631E+02,7.261E-03,7.236E-03,0.9966
209,"Nylon, type 6 and type 6/6",2.250E+00,1.492E+02,1.018E-01,1.493E+02,8.865E-03,8.837E-03,0.9969
209,"Nylon, type 6 and type 6/6",2.500E+00,1.379E+02,9.238E-02,1.380E+02,1.061E-02,1.058E-02,0.9971
209,"Nylon, type 6 and type 6/6",2.750E+00,1.283E+02,8.460E-02,1.284E+02,1.249E-02,1.245E-02,0.9973
209,"Nylon, type 6 and type 6/6",3.000E+00,1.201E+02,7.806E-02,1.202E+02,1.450E-02,1.446E-02,0.9974
209,"Nylon, type 6 and type 6/6",3.500E+00,1.067E+02,6.768E-02,1.067E+02,1.893E-02,1.888E-02,0.9976
209,"Nylon, type 6 and type 6/6",4.000E+00,9.618E+01,5.979E-02,9.624E+01,2.387E-02,2.381E-02,0.9978
209,"Nylon, type 6 and type 6/6",4.500E+00,8.773E+01,5.358E-02,8.778E+01,2.931E-02,2.925E-02,0.9979
209,"Nylon, type 6 and type 6/6",5.000E+00,8.076E+01,4.857E-02,8.081E+01,3.526E-02,3.518E-02,0.9980
209,"Nylon, type 6 and type 6/6",5.500E+00,7.490E+01,4.444E-02,7.495E+01,4.169E-02,4.160E-02,0.9981
209,"Nylon, type 6 and type 6/6",6.000E+00,6.991E+01,4.097E-02,6.995E+01,4.860E-02,4.850E-02,0.9981
209,"Nylon, type 6 and type 6/6",6.500E+00,6.559E+01,3.801E-02,6.563E+01,5.598E-02,5.588E-02,0.9982
209,"Nylon, type 6 and type 6/6",7.000E+00,6.182E+01,3.547E-02,6.186E+01,6.383E-02,6.372E-02,0.9982
209,"Nylon, type 6 and type 6/6",7.500E+00,5.850E+01,3.325E-02,5.853E+01,7.214E-02,7.202E-02,0.9982
209,"Nylon, type 6 and type 6/6",8.000E+00,5.554E+01,3.129E-02,5.558E+01,8.091E-02,8.077E-02,0.9983
209,"Nylon, type 6 and type 6/6",8.500E+00,5.291E+01,2.956E-02,5.293E+01,9.014E-02,8.998E-02,0.9983
209,"Nylon, type 6 and type 6/6",9.000E+00,5.052E+01,2.802E-02,5.055E+01,9.980E-02,9.964E-02,0.9983
209,"Nylon, type 6 and type 6/6",9.500E+00,4.836E+01,2.663E-02,4.839E+01,1.099E-01,1.097E-01,0.9984
209,"Nylon, type 6 and type 6/6",1.000E+01,4.640E+01,2.538E-02,4.642E+01,1.205E-01,1.203E-01,0.9984
209,"Nylon, type 6 and type 6/6",1.250E+01,3.871E+01,2.057E-02,3.873E+01,1.797E-01,1.794E-01,0.9985
209,"Nylon, type 6 and type 6/6",1.500E+01,3.337E+01,1.732E-02,3.339E+01,2.494E-01,2.491E-01,0.9985
209,"Nylon, type 6 and type 6/6",1.750E+01,2.943E+01,1.497E-02,2.944E+01,3.294E-01,3.289E-01,0.9986
209,"Nylon, type 6 and type 6/6",2.000E+01,2.639E+01,1.319E-02,2.640E+01,4.192E-01,4.186E-01,0.9986
209,"Nylon, type 6 and type 6/6",2.500E+01,2.199E+01,1.068E-02,2.200E+01,6.276E-01,6.268E-01,0.9986
209,"Nylon, type 6 and type 6/6",2.750E+01,2.035E+01,9.758E-03,2.036E+01,7.458E-01,7.449E-01,0.9987
209,"Nylon, type 6 and type 6/6",3.000E+01,1.896E+01,8.985E-03,1.897E+01,8.732E-01,8.720E-01,0.9987
209,"Nylon, type 6 and type 6/6",3.500E+01,1.673E+01,7.762E-03,1.674E+01,1.154E+00,1.153E+00,0.9987
209,"Nylon, type 6 and type 6/6",4.000E+01,1.502E+01,6.838E-03,1.503E+01,1.470E+00,1.468E+00,0.9987
209,"Nylon, type 6 and type 6/6",4.500E+01,1.366E+01,6.114E-03,1.367E+01,1.820E+00,1.817E+00,0.9988
209,"Nylon, type 6 and type 6/6",5.000E+01,1.256E+01,5.531E-03,1.256E+01,2.202E+00,2.199E+00,0.9988
209,"Nylon, type 6 and type 6/6",5.500E+01,1.164E+01,5.052E-03,1.165E+01,2.615E+00,2.612E+00,0.9988
209,"Nylon, type 6 and type 6/6",6.000E+01,1.087E+01,4.651E-03,1.087E+01,3.060E+00,3.056E+00,0.9988
209,"Nylon, type 6 and type 6/6",6.500E+01,1.021E+01,4.310E-03,1.021E+01,3.535E+00,3.531E+00,0.9988
209,"Nylon, type 6 and type 6/6",7.000E+01,9.634E+00,4.016E-03,9.638E+00,4.039E+00,4.034E+00,0.9988
209,"Nylon, type 6 and type 6/6",7.500E+01,9.133E+00,3.761E-03,9.136E+00,4.572E+00,4.567E+00,0.9989
209,"Nylon, type 6 and type 6/6",8.000E+01,8.690E+00,3.537E-03,8.694E+00,5.133E+00,5.128E+00,0.9989
209,"Nylon, type 6 and type 6/6",8.500E+01,8.297E+00,3.338E-03,8.300E+00,5.722E+00,5.716E+00,0.9989
209,"Nylon, type 6 and type 6/6",9.000E+01,7.944E+00,3.162E-03,7.947E+00,6.338E+00,6.331E+00,0.9989
209,"Nylon, type 6 and type 6/6",9.500E+01,7.627E+00,3.003E-03,7.630E+00,6.980E+00,6.973E+00,0.9989
209,"Nylon, type 6 and type 6/6",1.000E+02,7.340E+00,2.860E-03,7.343E+00,7.648E+00,7.640E+00,0.9989
209,"Nylon, type 6 and type 6/6",1.250E+02,6.232E+00,2.312E-03,6.234E+00,1.136E+01,1.135E+01,0.9989
209,"Nylon, type 6 and type 6/6",1.500E+02,5.478E+00,1.944E-03,5.480E+00,1.565E+01,1.563E+01,0.9990
209,"Nylon, type 6 and type 6/6",1.750E+02,4.931E+00,1.678E-03,4.933E+00,2.047E+01,2.045E+01,0.9990
209,"Nylon, type 6 and type 6/6",2.000E+02,4.517E+00,1.478E-03,4.518E+00,2.577E+01,2.575E+01,0.9990
209,"Nylon, type 6 and type 6/6",2.250E+02,4.192E+00,1.321E-03,4.193E+00,3.152E+01,3.149E+01,0.9990
209,"Nylon, type 6 and type 6/6",2.500E+02,3.931E+00,1.195E-03,3.932E+00,3.769E+01,3.765E+01,0.9991
209,"Nylon, type 6 and type 6/6",2.750E+02,3.716E+00,1.091E-03,3.717E+00,4.423E+01,4.419E+01,0.9991
209,"Nylon, type 6 and type 6/6",3.000E+02,3.537E+00,1.005E-03,3.538E+00,5.113E+01,5.108E+01,0.9991
209,"Nylon, type 6 and type 6/6",3.500E+02,3.256E+00,8.675E-04,3.257E+00,6.589E+01,6.583E+01,0.9991
209,"Nylon, type 6 and type 6/6",4.000E+02,3.045E+00,7.641E-04,3.046E+00,8.178E+01,8.171E+01,0.9992
209,"Nylon, type 6 and type 6/6",4.500E+02,2.883E+00,6.831E-04,2.884E+00,9.867E+01,9.859E+01,0.9992
209,"Nylon, type 6 and type 6/6",5.000E+02,2.754E+00,6.180E-04,2.755E+00,1.164E+02,1.163E+02,0.9992
209,"Nylon, type 6 and type 6/6",5.500E+02,2.650E+00,5.645E-04,2.651E+00,1.349E+02,1.348E+02,0.9992
209,"Nylon, type 6 and type 6/6",6.000E+02,2.565E+00,5.198E-04,2.565E+00,1.541E+02,1.540E+02,0.9992
209,"Nylon, type 6 and type 6/6",6.500E+02,2.494E+00,4.818E-04,2.494E+00,1.739E+02,1.738E+02,0.9993
209,"Nylon, type 6 and type 6/6",7.000E+02,2.432E+00,4.491E-04,2.432E+00,1.942E+02,1.941E+02,0.9993
209,"Nylon, type 6 and type 6/6",7.500E+02,2.379E+00,4.206E-04,2.380E+00,2.150E+02,2.148E+02,0.9993
209,"Nylon, type 6 and type 6/6",8.000E+02,2.334E+00,3.957E-04,2.334E+00,2.362E+02,2.360E+02,0.9993
209,"Nylon, type 6 and type 6/6",8.500E+02,2.294E+00,3.736E-04,2.295E+00,2.578E+02,2.576E+02,0.9993
209,"Nylon, type 6 and type 6/6",9.000E+02,2.260E+00,3.539E-04,2.260E+00,2.798E+02,2.796E+02,0.9993
209,"Nylon, type 6 and type 6/6",9.500E+02,2.230E+00,3.362E-04,2.230E+00,3.020E+02,3.018E+02,0.9993
209,"Nylon, type 6 and type 6/6",1.000E+03,2.203E+00,3.203E-04,2.204E+00,3.246E+02,3.244E+02,0.9994
209,"Nylon, type 6 and type 6/6",1.500E+03,2.054E+00,2.183E-04,2.054E+00,5.610E+02,5.607E+02,0.9995
209,"Nylon, type 6 and type 6/6",2.000E+03,2.001E+00,1.664E-04,2.001E+00,8.081E+02,8.078E+02,0.9995
209,"Nylon, type 6 and type 6/6",2.500E+03,1.982E+00,1.349E-04,1.982E+00,1.059E+03,1.059E+03,0.9996
209,"Nylon, type 6 and type 6/6",3.000E+03,1.978E+00,1.137E-04,1.978E+00,1.312E+03,1.312E+03,0.9996
209,"Nylon, type 6 and type 6/6",4.000E+03,1.988E+00,8.675E-05,1.988E+00,1.817E+03,1.816E+03,0.9997
209,"Nylon, type 6 and type 6/6",5.000E+03,2.006E+00,7.037E-05,2.006E+00,2.318E+03,2.317E+03,0.9997
209,"Nylon, type 6 and type 6/6",6.000E+03,2.027E+00,5.931E-05,2.027E+00,2.814E+03,2.813E+03,0.9997
209,"Nylon, type 6 and type 6/6",7.000E+03,2.047E+00,5.134E-05,2.047E+00,3.304E+03,3.304E+03,0.9997
209,"Nylon, type 6 and type 6/6",8.000E+03,2.066E+00,4.530E-05,2.066E+00,3.791E+03,3.790E+03,0.9998
209,"Nylon, type 6 and type 6/6",9.000E+03,2.084E+00,4.057E-05,2.084E+00,4.272E+03,4.271E+03,0.9998
209,"Nylon, type 6 and type 6/6",1.000E+04,2.101E+00,3.676E-05,2.101E+00,4.750E+03,4.749E+03,0.9998
213,Paraffin Wax,1.000E-03,2.288E+02,5.506E+01,2.838E+02,4.125E-06,2.280E-06,0.5529
213,Paraffin Wax,1.500E-03,2.802E+02,4.358E+01,3.238E+02,5.761E-06,3.409E-06,0.5917
213,Paraffin Wax,2.000E-03,3.235E+02,3.653E+01,3.600E+02,7.224E-06,4.492E-06,0.6218
213,Paraffin Wax,2.500E-03,3.617E+02,3.168E+01,3.934E+02,8.552E-06,5.523E-06,0.6458
213,Paraffin Wax,3.000E-03,3.962E+02,2.810E+01,4.243E+02,9.774E-06,6.506E-06,0.6656
213,Paraffin Wax,4.000E-03,4.519E+02,2.313E+01,4.750E+02,1.200E-05,8.361E-06,0.6969
213,Paraffin Wax,5.000E-03,5.016E+02,1.979E+01,5.214E+02,1.401E-05,1.010E-05,0.7208
213,Paraffin Wax,6.000E-03,5.465E+02,1.737E+01,5.639E+02,1.585E-05,1.173E-05,0.7399
213,Paraffin Wax,7.000E-03,5.876E+02,1.553E+01,6.031E+02,1.756E-05,1.327E-05,0.7555
213,Paraffin Wax,8.000E-03,6.246E+02,1.408E+01,6.387E+02,1.917E-05,1.474E-05,0.7686
213,Paraffin Wax,9.000E-03,6.586E+02,1.289E+01,6.715E+02,2.070E-05,1.614E-05,0.7799
213,Paraffin Wax,1.000E-02,6.902E+02,1.191E+01,7.021E+02,2.215E-05,1.750E-05,0.7897
213,Paraffin Wax,1.250E-02,7.534E+02,1.005E+01,7.635E+02,2.556E-05,2.070E-05,0.8097
213,Paraffin Wax,1.500E-02,8.064E+02,8.733E+00,8.151E+02,2.873E-05,2.371E-05,0.8252
213,Paraffin Wax,1.750E-02,8.521E+02,7.742E+00,8.599E+02,3.171E-05,2.657E-05,0.8377
213,Paraffin Wax,2.000E-02,8.924E+02,6.969E+00,8.994E+02,3.455E-05,2.930E-05,0.8481
213,Paraffin Wax,2.250E-02,9.279E+02,6.347E+00,9.343E+02,3.728E-05,3.194E-05,0.8569
213,Paraffin Wax,2.500E-02,9.591E+02,5.835E+00,9.649E+02,3.991E-05,3.450E-05,0.8645
213,Paraffin Wax,2.750E-02,9.863E+02,5.405E+00,9.917E+02,4.247E-05,3.699E-05,0.8711
213,Paraffin Wax,3.000E-02,1.010E+03,5.039E+00,1.015E+03,4.496E-05,3.942E-05,0.8769
213,Paraffin Wax,3.500E-02,1.052E+03,4.447E+00,1.056E+03,4.978E-05,4.415E-05,0.8869
213,Paraffin Wax,4.000E-02,1.086E+03,3.987E+00,1.090E+03,5.444E-05,4.872E-05,0.8951
213,Paraffin Wax,4.500E-02,1.114E+03,3.620E+00,1.118E+03,5.897E-05,5.318E-05,0.9019
213,Paraffin Wax,5.000E-02,1.135E+03,3.319E+00,1.138E+03,6.340E-05,5.755E-05,0.9078
213,Paraffin Wax,5.500E-02,1.150E+03,3.067E+00,1.153E+03,6.776E-05,6.186E-05,0.9130
213,Paraffin Wax,6.000E-02,1.160E+03,2.853E+00,1.163E+03,7.207E-05,6.613E-05,0.9175
213,Paraffin Wax,6.500E-02,1.166E+03,2.669E+00,1.168E+03,7.636E-05,7.037E-05,0.9216
213,Paraffin Wax,7.000E-02,1.168E+03,2.509E+00,1.170E+03,8.064E-05,7.461E-05,0.9252
213,Paraffin Wax,7.500E-02,1.166E+03,2.368E+00,1.169E+03,8.491E-05,7.885E-05,0.9286
213,Paraffin Wax,8.000E-02,1.163E+03,2.243E+00,1.165E+03,8.920E-05,8.310E-05,0.9316
213,Paraffin Wax,8.500E-02,1.157E+03,2.132E+00,1.159E+03,9.350E-05,8.737E-05,0.9344
213,Paraffin Wax,9.000E-02,1.149E+03,2.031E+00,1.151E+03,9.783E-05,9.166E-05,0.9370
213,Paraffin Wax,9.500E-02,1.140E+03,1.941E+00,1.142E+03,1.022E-04,9.599E-05,0.9394
213,Paraffin Wax,1.000E-01,1.129E+03,1.858E+00,1.131E+03,1.066E-04,1.004E-04,0.9416
213,Paraffin Wax,1.250E-01,1.064E+03,1.538E+00,1.066E+03,1.293E-04,1.230E-04,0.9509
213,Paraffin Wax,1.500E-01,9.924E+02,1.316E+00,9.937E+02,1.536E-04,1.471E-04,0.9579
213,Paraffin Wax,1.750E-01,9.226E+02,1.153E+00,9.237E+02,1.797E-04,1.731E-04,0.9634
213,Paraffin Wax,2.000E-01,8.586E+02,1.028E+00,8.596E+02,2.078E-04,2.011E-04,0.9678
213,Paraffin Wax,2.250E-01,8.015E+02,9.282E-01,8.024E+02,2.379E-04,2.311E-04,0.9715
213,Paraffin Wax,2.500E-01,7.511E+02,8.473E-01,7.519E+02,2.701E-04,2.632E-04,0.9745
213,Paraffin Wax,2.750E-01,7.068E+02,7.793E-01,7.075E+02,3.044E-04,2.974E-04,0.9770
213,Paraffin Wax,3.000E-01,6.678E+02,7.213E-01,6.685E+02,3.408E-04,3.337E-04,0.9792
213,Paraffin Wax,3.500E-01,6.018E+02,6.287E-01,6.024E+02,4.197E-04,4.124E-04,0.9826
213,Paraffin Wax,4.000E-01,5.489E+02,5.580E-01,5.494E+02,5.067E-04,4.992E-04,0.9851
213,Paraffin Wax,4.500E-01,5.062E+02,5.022E-01,5.067E+02,6.016E-04,5.938E-04,0.9871
213,Paraffin Wax,5.000E-01,4.713E+02,4.569E-01,4.718E+02,7.039E-04,6.959E-04,0.9887
213,Paraffin Wax,5.500E-01,4.422E+02,4.194E-01,4.427E+02,8.134E-04,8.052E-04,0.9899
213,Paraffin Wax,6.000E-01,4.169E+02,3.877E-01,4.173E+02,9.298E-04,9.213E-04,0.9909
213,Paraffin Wax,6.500E-01,3.949E+02,3.605E-01,3.953E+02,1.053E-03,1.044E-03,0.9917
213,Paraffin Wax,7.000E-01,3.754E+02,3.371E-01,3.757E+02,1.183E-03,1.174E-03,0.9924
213,Paraffin Wax,7.500E-01,3.580E+02,3.166E-01,3.583E+02,1.319E-03,1.310E-03,0.9930
213,Paraffin Wax,8.000E-01,3.423E+02,2.985E-01,3.426E+02,1.462E-03,1.452E-03,0.9935
213,Paraffin Wax,8.500E-01,3.282E+02,2.825E-01,3.285E+02,1.611E-03,1.601E-03,0.9939
213,Paraffin Wax,9.000E-01,3.153E+02,2.681E-01,3.155E+02,1.766E-03,1.756E-03,0.9943
213,Paraffin Wax,9.500E-01,3.034E+02,2.552E-01,3.037E+02,1.928E-03,1.917E-03,0.9946
213,Paraffin Wax,1.000E+00,2.926E+02,2.435E-01,2.928E+02,2.096E-03,2.085E-03,0.9949
213,Paraffin Wax,1.250E+00,2.493E+02,1.985E-01,2.495E+02,3.024E-03,3.012E-03,0.9959
213,Paraffin Wax,1.500E+00,2.183E+02,1.679E-01,2.185E+02,4.098E-03,4.083E-03,0.9965
213,Paraffin Wax,1.750E+00,1.948E+02,1.457E-01,1.950E+02,5.311E-03,5.295E-03,0.9970
213,Paraffin Wax,2.000E+00,1.763E+02,1.288E-01,1.764E+02,6.661E-03,6.643E-03,0.9973
213,Paraffin Wax,2.250E+00,1.613E+02,1.155E-01,1.614E+02,8.144E-03,8.124E-03,0.9975
213,Paraffin Wax,2.500E+00,1.489E+02,1.047E-01,1.490E+02,9.757E-03,9.734E-03,0.9976
213,Paraffin Wax,2.750E+00,1.385E+02,9.586E-02,1.386E+02,1.150E-02,1.147E-02,0.9978
213,Paraffin Wax,3.000E+00,1.295E+02,8.841E-02,1.296E+02,1.337E-02,1.334E-02,0.9979
213,Paraffin Wax,3.500E+00,1.149E+02,7.659E-02,1.150E+02,1.747E-02,1.744E-02,0.9981
213,Paraffin Wax,4.000E+00,1.035E+02,6.762E-02,1.036E+02,2.206E-02,2.202E-02,0.9982
213,Paraffin Wax,4.500E+00,9.433E+01,6.057E-02,9.439E+01,2.712E-02,2.707E-02,0.9983
213,Paraffin Wax,5.000E+00,8.678E+01,5.488E-02,8.683E+01,3.265E-02,3.260E-02,0.9983
213,Paraffin Wax,5.500E+00,8.044E+01,5.019E-02,8.049E+01,3.864E-02,3.857E-02,0.9984
213,Paraffin Wax,6.000E+00,7.503E+01,4.626E-02,7.508E+01,4.507E-02,4.500E-02,0.9984
213,Paraffin Wax,6.500E+00,7.037E+01,4.291E-02,7.041E+01,5.195E-02,5.187E-02,0.9985
213,Paraffin Wax,7.000E+00,6.630E+01,4.003E-02,6.634E+01,5.927E-02,5.918E-02,0.9985
213,Paraffin Wax,7.500E+00,6.271E+01,3.751E-02,6.275E+01,6.703E-02,6.693E-02,0.9985
213,Paraffin Wax,8.000E+00,5.952E+01,3.530E-02,5.956E+01,7.521E-02,7.510E-02,0.9986
213,Paraffin Wax,8.500E+00,5.668E+01,3.334E-02,5.671E+01,8.381E-02,8.370E-02,0.9986
213,Paraffin Wax,9.000E+00,5.411E+01,3.159E-02,5.414E+01,9.284E-02,9.271E-02,0.9986
213,Paraffin Wax,9.500E+00,5.178E+01,3.002E-02,5.181E+01,1.023E-01,1.021E-01,0.9986
213,Paraffin Wax,1.000E+01,4.966E+01,2.861E-02,4.969E+01,1.121E-01,1.120E-01,0.9986
213,Paraffin Wax,1.250E+01,4.140E+01,2.317E-02,4.142E+01,1.675E-01,1.673E-01,0.9987
213,Paraffin Wax,1.500E+01,3.566E+01,1.950E-02,3.568E+01,2.327E-01,2.325E-01,0.9988
213,Paraffin Wax,1.750E+01,3.142E+01,1.685E-02,3.144E+01,3.076E-01,3.072E-01,0.9988
213,Paraffin Wax,2.000E+01,2.816E+01,1.485E-02,2.818E+01,3.917E-01,3.912E-01,0.9988
213,Paraffin Wax,2.500E+01,2.346E+01,1.202E-02,2.347E+01,5.871E-01,5.864E-01,0.9989
213,Paraffin Wax,2.750E+01,2.170E+01,1.098E-02,2.171E+01,6.979E-01,6.971E-01,0.9989
213,Paraffin Wax,3.000E+01,2.021E+01,1.011E-02,2.022E+01,8.173E-01,8.164E-01,0.9989
213,Paraffin Wax,3.500E+01,1.782E+01,8.730E-03,1.783E+01,1.081E+00,1.080E+00,0.9989
213,Paraffin Wax,4.000E+01,1.600E+01,7.689E-03,1.600E+01,1.378E+00,1.376E+00,0.9989
213,Paraffin Wax,4.500E+01,1.455E+01,6.874E-03,1.455E+01,1.706E+00,1.704E+00,0.9990
213,Paraffin Wax,5.000E+01,1.337E+01,6.218E-03,1.337E+01,2.065E+00,2.062E+00,0.9990
213,Paraffin Wax,5.500E+01,1.239E+01,5.679E-03,1.240E+01,2.453E+00,2.451E+00,0.9990
213,Paraffin Wax,6.000E+01,1.156E+01,5.228E-03,1.157E+01,2.871E+00,2.868E+00,0.9990
213,Paraffin Wax,6.500E+01,1.086E+01,4.844E-03,1.086E+01,3.317E+00,3.314E+00,0.9990
213,Paraffin Wax,7.000E+01,1.025E+01,4.514E-03,1.025E+01,3.791E+00,3.788E+00,0.9990
213,Paraffin Wax,7.500E+01,9.713E+00,4.227E-03,9.717E+00,4.293E+00,4.288E+00,0.9990
213,Paraffin Wax,8.000E+01,9.241E+00,3.975E-03,9.245E+00,4.820E+00,4.816E+00,0.9990
213,Paraffin Wax,8.500E+01,8.821E+00,3.752E-03,8.825E+00,5.374E+00,5.369E+00,0.9990
213,Paraffin Wax,9.000E+01,8.446E+00,3.553E-03,8.449E+00,5.953E+00,5.948E+00,0.9991
213,Paraffin Wax,9.500E+01,8.108E+00,3.374E-03,8.111E+00,6.557E+00,6.551E+00,0.9991
213,Paraffin Wax,1.000E+02,7.801E+00,3.213E-03,7.805E+00,7.186E+00,7.179E+00,0.9991
213,Paraffin Wax,1.250E+02,6.621E+00,2.598E-03,6.624E+00,1.068E+01,1.067E+01,0.9991
213,Paraffin Wax,1.500E+02,5.818E+00,2.184E-03,5.820E+00,1.472E+01,1.471E+01,0.9991
213,Paraffin Wax,1.750E+02,5.236E+00,1.885E-03,5.238E+00,1.926E+01,1.924E+01,0.9991
213,Paraffin Wax,2.000E+02,4.795E+00,1.660E-03,4.797E+00,2.425E+01,2.423E+01,0.9992
213,Paraffin Wax,2.250E+02,4.450E+00,1.484E-03,4.451E+00,2.967E+01,2.964E+01,0.9992
213,Paraffin Wax,2.500E+02,4.172E+00,1.342E-03,4.173E+00,3.547E+01,3.545E+01,0.9992
213,Paraffin Wax,2.750E+02,3.943E+00,1.226E-03,3.945E+00,4.164E+01,4.161E+01,0.9992
213,Paraffin Wax,3.000E+02,3.753E+00,1.128E-03,3.754E+00,4.814E+01,4.810E+01,0.9992
213,Paraffin Wax,3.500E+02,3.454E+00,9.742E-04,3.454E+00,6.205E+01,6.201E+01,0.9993
213,Paraffin Wax,4.000E+02,3.230E+00,8.580E-04,3.231E+00,7.704E+01,7.698E+01,0.9993
213,Paraffin Wax,4.500E+02,3.057E+00,7.670E-04,3.058E+00,9.296E+01,9.290E+01,0.9993
213,Paraffin Wax,5.000E+02,2.920E+00,6.939E-04,2.921E+00,1.097E+02,1.096E+02,0.9993
213,Paraffin Wax,5.500E+02,2.810E+00,6.339E-04,2.810E+00,1.272E+02,1.271E+02,0.9993
213,Paraffin Wax,6.000E+02,2.719E+00,5.836E-04,2.719E+00,1.453E+02,1.452E+02,0.9994
213,Paraffin Wax,6.500E+02,2.643E+00,5.409E-04,2.643E+00,1.639E+02,1.638E+02,0.9994
213,Paraffin Wax,7.000E+02,2.577E+00,5.041E-04,2.577E+00,1.831E+02,1.830E+02,0.9994
213,Paraffin Wax,7.500E+02,2.521E+00,4.722E-04,2.521E+00,2.027E+02,2.026E+02,0.9994
213,Paraffin Wax,8.000E+02,2.473E+00,4.442E-04,2.473E+00,2.227E+02,2.226E+02,0.9994
213,Paraffin Wax,8.500E+02,2.431E+00,4.194E-04,2.431E+00,2.431E+02,2.430E+02,0.9994
213,Paraffin Wax,9.000E+02,2.394E+00,3.973E-04,2.395E+00,2.639E+02,2.637E+02,0.9994
213,Paraffin Wax,9.500E+02,2.362E+00,3.774E-04,2.362E+00,2.849E+02,2.847E+02,0.9994
213,Paraffin Wax,1.000E+03,2.334E+00,3.595E-04,2.334E+00,3.062E+02,3.060E+02,0.9995
213,Paraffin Wax,1.500E+03,2.174E+00,2.450E-04,2.175E+00,5.294E+02,5.292E+02,0.9995
213,Paraffin Wax,2.000E+03,2.116E+00,1.868E-04,2.117E+00,7.630E+02,7.627E+02,0.9996
213,Paraffin Wax,2.500E+03,2.095E+00,1.514E-04,2.096E+00,1.001E+03,1.000E+03,0.9996
213,Paraffin Wax,3.000E+03,2.090E+00,1.275E-04,2.091E+00,1.240E+03,1.239E+03,0.9997
213,Paraffin Wax,4.000E+03,2.100E+00,9.733E-05,2.100E+00,1.717E+03,1.717E+03,0.9997
213,Paraffin Wax,5.000E+03,2.119E+00,7.894E-05,2.119E+00,2.191E+03,2.191E+03,0.9997
213,Paraffin Wax,6.000E+03,2.140E+00,6.654E-05,2.140E+00,2.661E+03,2.660E+03,0.9998
213,Paraffin Wax,7.000E+03,2.160E+00,5.759E-05,2.160E+00,3.126E+03,3.125E+03,0.9998
213,Paraffin Wax,8.000E+03,2.180E+00,5.081E-05,2.180E+00,3.587E+03,3.586E+03,0.9998
213,Paraffin Wax,9.000E+03,2.199E+00,4.550E-05,2.199E+00,4.043E+03,4.043E+03,0.9998
213,Paraffin Wax,1.000E+04,2.216E+00,4.123E-05,2.216E+00,4.496E+03,4.496E+03,0.9998
215,Photographic Emulsion,1.000E-03,6.133E+01,8.943E+00,7.027E+01,1.948E-05,5.171E-06,0.2655
215,Photographic Emulsion,1.500E-03,7.512E+01,7.595E+00,8.271E+01,2.597E-05,7.536E-06,0.2902
215,Photographic Emulsion,2.000E-03,8.674E+01,6.716E+00,9.345E+01,3.165E-05,9.850E-06,0.3112
215,Photographic Emulsion,2.500E-03,9.697E+01,6.080E+00,1.031E+02,3.674E-05,1.210E-05,0.3294
215,Photographic Emulsion,3.000E-03,1.062E+02,5.591E+00,1.118E+02,4.139E-05,1.431E-05,0.3456
215,Photographic Emulsion,4.000E-03,1.222E+02,4.873E+00,1.271E+02,4.977E-05,1.859E-05,0.3735
215,Photographic Emulsion,5.000E-03,1.363E+02,4.361E+00,1.407E+02,5.724E-05,2.273E-05,0.3971
215,Photographic Emulsion,6.000E-03,1.491E+02,3.972E+00,1.530E+02,6.405E-05,2.674E-05,0.4175
215,Photographic Emulsion,7.000E-03,1.608E+02,3.662E+00,1.644E+02,7.035E-05,3.063E-05,0.4354
215,Photographic Emulsion,8.000E-03,1.716E+02,3.408E+00,1.750E+02,7.624E-05,3.442E-05,0.4514
215,Photographic Emulsion,9.000E-03,1.816E+02,3.194E+00,1.848E+02,8.180E-05,3.811E-05,0.4659
215,Photographic Emulsion,1.000E-02,1.911E+02,3.012E+00,1.941E+02,8.707E-05,4.172E-05,0.4791
215,Photographic Emulsion,1.250E-02,2.100E+02,2.651E+00,2.126E+02,9.935E-05,5.045E-05,0.5078
215,Photographic Emulsion,1.500E-02,2.263E+02,2.381E+00,2.287E+02,1.107E-04,5.888E-05,0.5319
215,Photographic Emulsion,1.750E-02,2.406E+02,2.169E+00,2.428E+02,1.213E-04,6.703E-05,0.5527
215,Photographic Emulsion,2.000E-02,2.535E+02,1.998E+00,2.555E+02,1.313E-04,7.494E-05,0.5707
215,Photographic Emulsion,2.250E-02,2.650E+02,1.856E+00,2.669E+02,1.409E-04,8.266E-05,0.5867
215,Photographic Emulsion,2.500E-02,2.754E+02,1.736E+00,2.772E+02,1.501E-04,9.020E-05,0.6011
215,Photographic Emulsion,2.750E-02,2.848E+02,1.633E+00,2.864E+02,1.589E-04,9.759E-05,0.6140
215,Photographic Emulsion,3.000E-02,2.933E+02,1.543E+00,2.948E+02,1.675E-04,1.048E-04,0.6258
215,Photographic Emulsion,3.500E-02,3.080E+02,1.394E+00,3.094E+02,1.841E-04,1.190E-04,0.6465
215,Photographic Emulsion,4.000E-02,3.203E+02,1.274E+00,3.215E+02,1.999E-04,1.328E-04,0.6644
215,Photographic Emulsion,4.500E-02,3.303E+02,1.176E+00,3.315E+02,2.152E-04,1.463E-04,0.6799
215,Photographic Emulsion,5.000E-02,3.384E+02,1.093E+00,3.395E+02,2.301E-04,1.596E-04,0.6937
215,Photographic Emulsion,5.500E-02,3.447E+02,1.023E+00,3.457E+02,2.447E-04,1.728E-04,0.7061
215,Photographic Emulsion,6.000E-02,3.494E+02,9.622E-01,3.504E+02,2.591E-04,1.858E-04,0.7173
215,Photographic Emulsion,6.500E-02,3.528E+02,9.090E-01,3.537E+02,2.733E-04,1.988E-04,0.7275
215,Photographic Emulsion,7.000E-02,3.551E+02,8.621E-01,3.560E+02,2.874E-04,2.118E-04,0.7369
215,Photographic Emulsion,7.500E-02,3.564E+02,8.203E-01,3.573E+02,3.014E-04,2.247E-04,0.7456
215,Photographic Emulsion,8.000E-02,3.569E+02,7.828E-01,3.577E+02,3.154E-04,2.377E-04,0.7537
215,Photographic Emulsion,8.500E-02,3.566E+02,7.489E-01,3.574E+02,3.293E-04,2.507E-04,0.7612
215,Photographic Emulsion,9.000E-02,3.557E+02,7.182E-01,3.564E+02,3.434E-04,2.638E-04,0.7683
215,Photographic Emulsion,9.500E-02,3.543E+02,6.901E-01,3.550E+02,3.574E-04,2.770E-04,0.7749
215,Photographic Emulsion,1.000E-01,3.524E+02,6.644E-01,3.531E+02,3.715E-04,2.902E-04,0.7812
215,Photographic Emulsion,1.250E-01,3.389E+02,5.622E-01,3.395E+02,4.436E-04,3.584E-04,0.8079
215,Photographic Emulsion,1.500E-01,3.223E+02,4.894E-01,3.228E+02,5.191E-04,4.304E-04,0.8290
215,Photographic Emulsion,1.750E-01,3.055E+02,4.346E-01,3.060E+02,5.987E-04,5.066E-04,0.8462
215,Photographic Emulsion,2.000E-01,2.899E+02,3.918E-01,2.903E+02,6.826E-04,5.873E-04,0.8604
215,Photographic Emulsion,2.250E-01,2.757E+02,3.573E-01,2.760E+02,7.710E-04,6.726E-04,0.8724
215,Photographic Emulsion,2.500E-01,2.630E+02,3.288E-01,2.633E+02,8.637E-04,7.623E-04,0.8826
215,Photographic Emulsion,2.750E-01,2.517E+02,3.048E-01,2.520E+02,9.608E-04,8.563E-04,0.8913
215,Photographic Emulsion,3.000E-01,2.415E+02,2.842E-01,2.418E+02,1.062E-03,9.546E-04,0.8988
215,Photographic Emulsion,3.500E-01,2.244E+02,2.510E-01,2.246E+02,1.277E-03,1.163E-03,0.9111
215,Photographic Emulsion,4.000E-01,2.103E+02,2.252E-01,2.105E+02,1.507E-03,1.388E-03,0.9207
215,Photographic Emulsion,4.500E-01,1.983E+02,2.045E-01,1.985E+02,1.752E-03,1.626E-03,0.9283
215,Photographic Emulsion,5.000E-01,1.880E+02,1.875E-01,1.882E+02,2.011E-03,1.879E-03,0.9345
215,Photographic Emulsion,5.500E-01,1.790E+02,1.734E-01,1.792E+02,2.283E-03,2.145E-03,0.9396
215,Photographic Emulsion,6.000E-01,1.710E+02,1.613E-01,1.712E+02,2.569E-03,2.425E-03,0.9439
215,Photographic Emulsion,6.500E-01,1.639E+02,1.509E-01,1.640E+02,2.867E-03,2.717E-03,0.9476
215,Photographic Emulsion,7.000E-01,1.575E+02,1.419E-01,1.576E+02,3.178E-03,3.021E-03,0.9507
215,Photographic Emulsion,7.500E-01,1.516E+02,1.339E-01,1.518E+02,3.501E-03,3.338E-03,0.9534
215,Photographic Emulsion,8.000E-01,1.463E+02,1.268E-01,1.464E+02,3.837E-03,3.667E-03,0.9558
215,Photographic Emulsion,8.500E-01,1.413E+02,1.205E-01,1.414E+02,4.184E-03,4.008E-03,0.9579
215,Photographic Emulsion,9.000E-01,1.366E+02,1.149E-01,1.367E+02,4.544E-03,4.361E-03,0.9597
215,Photographic Emulsion,9.500E-01,1.321E+02,1.097E-01,1.323E+02,4.916E-03,4.726E-03,0.9614
215,Photographic Emulsion,1.000E+00,1.280E+02,1.051E-01,1.281E+02,5.300E-03,5.103E-03,0.9629
215,Photographic Emulsion,1.250E+00,1.106E+02,8.692E-02,1.107E+02,7.406E-03,7.172E-03,0.9685
215,Photographic Emulsion,1.500E+00,9.775E+01,7.438E-02,9.783E+01,9.813E-03,9.541E-03,0.9722
215,Photographic Emulsion,1.750E+00,8.792E+01,6.515E-02,8.799E+01,1.251E-02,1.220E-02,0.9749
215,Photographic Emulsion,2.000E+00,8.020E+01,5.806E-02,8.026E+01,1.549E-02,1.513E-02,0.9768
215,Photographic Emulsion,2.250E+00,7.400E+01,5.243E-02,7.405E+01,1.874E-02,1.833E-02,0.9783
215,Photographic Emulsion,2.500E+00,6.890E+01,4.785E-02,6.895E+01,2.224E-02,2.178E-02,0.9794
215,Photographic Emulsion,2.750E+00,6.465E+01,4.404E-02,6.469E+01,2.599E-02,2.548E-02,0.9804
215,Photographic Emulsion,3.000E+00,6.104E+01,4.083E-02,6.108E+01,2.997E-02,2.940E-02,0.9811
215,Photographic Emulsion,3.500E+00,5.520E+01,3.568E-02,5.523E+01,3.859E-02,3.791E-02,0.9824
215,Photographic Emulsion,4.000E+00,5.053E+01,3.173E-02,5.057E+01,4.806E-02,4.726E-02,0.9833
215,Photographic Emulsion,4.500E+00,4.670E+01,2.860E-02,4.672E+01,5.836E-02,5.742E-02,0.9840
215,Photographic Emulsion,5.000E+00,4.348E+01,2.606E-02,4.351E+01,6.946E-02,6.838E-02,0.9845
215,Photographic Emulsion,5.500E+00,4.074E+01,2.395E-02,4.077E+01,8.134E-02,8.012E-02,0.9850
215,Photographic Emulsion,6.000E+00,3.836E+01,2.217E-02,3.838E+01,9.398E-02,9.261E-02,0.9854
215,Photographic Emulsion,6.500E+00,3.628E+01,2.065E-02,3.630E+01,1.074E-01,1.059E-01,0.9858
215,Photographic Emulsion,7.000E+00,3.443E+01,1.933E-02,3.445E+01,1.215E-01,1.198E-01,0.9861
215,Photographic Emulsion,7.500E+00,3.280E+01,1.818E-02,3.282E+01,1.364E-01,1.345E-01,0.9864
215,Photographic Emulsion,8.000E+00,3.133E+01,1.716E-02,3.135E+01,1.520E-01,1.500E-01,0.9866
215,Photographic Emulsion,8.500E+00,3.000E+01,1.626E-02,3.002E+01,1.683E-01,1.661E-01,0.9868
215,Photographic Emulsion,9.000E+00,2.880E+01,1.545E-02,2.881E+01,1.853E-01,1.829E-01,0.9870
215,Photographic Emulsion,9.500E+00,2.770E+01,1.472E-02,2.771E+01,2.030E-01,2.004E-01,0.9872
215,Photographic Emulsion,1.000E+01,2.669E+01,1.406E-02,2.671E+01,2.214E-01,2.186E-01,0.9874
215,Photographic Emulsion,1.250E+01,2.268E+01,1.150E-02,2.269E+01,3.233E-01,3.195E-01,0.9880
215,Photographic Emulsion,1.500E+01,1.983E+01,9.761E-03,1.984E+01,4.415E-01,4.364E-01,0.9885
215,Photographic Emulsion,1.750E+01,1.768E+01,8.491E-03,1.768E+01,5.752E-01,5.689E-01,0.9889
215,Photographic Emulsion,2.000E+01,1.599E+01,7.524E-03,1.600E+01,7.241E-01,7.163E-01,0.9892
215,Photographic Emulsion,2.500E+01,1.352E+01,6.143E-03,1.352E+01,1.065E+00,1.054E+00,0.9897
215,Photographic Emulsion,2.750E+01,1.258E+01,5.632E-03,1.258E+01,1.257E+00,1.244E+00,0.9899
215,Photographic Emulsion,3.000E+01,1.178E+01,5.202E-03,1.178E+01,1.463E+00,1.448E+00,0.9900
215,Photographic Emulsion,3.500E+01,1.048E+01,4.519E-03,1.048E+01,1.913E+00,1.895E+00,0.9903
215,Photographic Emulsion,4.000E+01,9.471E+00,3.998E-03,9.475E+00,2.416E+00,2.393E+00,0.9905
215,Photographic Emulsion,4.500E+01,8.664E+00,3.589E-03,8.668E+00,2.968E+00,2.941E+00,0.9907
215,Photographic Emulsion,5.000E+01,8.003E+00,3.257E-03,8.007E+00,3.569E+00,3.537E+00,0.9909
215,Photographic Emulsion,5.500E+01,7.451E+00,2.984E-03,7.454E+00,4.217E+00,4.179E+00,0.9910
215,Photographic Emulsion,6.000E+01,6.982E+00,2.754E-03,6.985E+00,4.910E+00,4.867E+00,0.9912
215,Photographic Emulsion,6.500E+01,6.578E+00,2.558E-03,6.581E+00,5.648E+00,5.599E+00,0.9913
215,Photographic Emulsion,7.000E+01,6.227E+00,2.388E-03,6.230E+00,6.429E+00,6.374E+00,0.9914
215,Photographic Emulsion,7.500E+01,5.919E+00,2.241E-03,5.921E+00,7.253E+00,7.191E+00,0.9915
215,Photographic Emulsion,8.000E+01,5.646E+00,2.111E-03,5.648E+00,8.118E+00,8.050E+00,0.9916
215,Photographic Emulsion,8.500E+01,5.402E+00,1.995E-03,5.404E+00,9.023E+00,8.948E+00,0.9917
215,Photographic Emulsion,9.000E+01,5.184E+00,1.892E-03,5.186E+00,9.968E+00,9.886E+00,0.9918
215,Photographic Emulsion,9.500E+01,4.986E+00,1.800E-03,4.988E+00,1.095E+01,1.086E+01,0.9918
215,Photographic Emulsion,1.000E+02,4.807E+00,1.716E-03,4.808E+00,1.197E+01,1.188E+01,0.9919
215,Photographic Emulsion,1.250E+02,4.111E+00,1.394E-03,4.112E+00,1.762E+01,1.748E+01,0.9922
215,Photographic Emulsion,1.500E+02,3.634E+00,1.176E-03,3.635E+00,2.410E+01,2.392E+01,0.9924
215,Photographic Emulsion,1.750E+02,3.285E+00,1.018E-03,3.286E+00,3.135E+01,3.112E+01,0.9927
215,Photographic Emulsion,2.000E+02,3.020E+00,8.988E-04,3.021E+00,3.930E+01,3.902E+01,0.9928
215,Photographic Emulsion,2.250E+02,2.811E+00,8.049E-04,2.812E+00,4.788E+01,4.755E+01,0.9930
215,Photographic Emulsion,2.500E+02,2.643E+00,7.292E-04,2.644E+00,5.706E+01,5.667E+01,0.9932
215,Photographic Emulsion,2.750E+02,2.505E+00,6.668E-04,2.505E+00,6.678E+01,6.633E+01,0.9933
215,Photographic Emulsion,3.000E+02,2.389E+00,6.145E-04,2.390E+00,7.700E+01,7.650E+01,0.9934
215,Photographic Emulsion,3.500E+02,2.207E+00,5.316E-04,2.207E+00,9.881E+01,9.819E+01,0.9937
215,Photographic Emulsion,4.000E+02,2.070E+00,4.689E-04,2.071E+00,1.222E+02,1.215E+02,0.9939
215,Photographic Emulsion,4.500E+02,1.965E+00,4.198E-04,1.965E+00,1.470E+02,1.462E+02,0.9941
215,Photographic Emulsion,5.000E+02,1.882E+00,3.801E-04,1.882E+00,1.731E+02,1.721E+02,0.9942
215,Photographic Emulsion,5.500E+02,1.814E+00,3.475E-04,1.815E+00,2.001E+02,1.990E+02,0.9944
215,Photographic Emulsion,6.000E+02,1.759E+00,3.202E-04,1.759E+00,2.281E+02,2.269E+02,0.9945
215,Photographic Emulsion,6.500E+02,1.712E+00,2.970E-04,1.712E+00,2.569E+02,2.556E+02,0.9946
215,Photographic Emulsion,7.000E+02,1.673E+00,2.770E-04,1.673E+00,2.865E+02,2.850E+02,0.9948
215,Photographic Emulsion,7.500E+02,1.639E+00,2.596E-04,1.640E+00,3.167E+02,3.151E+02,0.9949
215,Photographic Emulsion,8.000E+02,1.611E+00,2.443E-04,1.611E+00,3.475E+02,3.457E+02,0.9950
215,Photographic Emulsion,8.500E+02,1.586E+00,2.307E-04,1.586E+00,3.787E+02,3.769E+02,0.9951
215,Photographic Emulsion,9.000E+02,1.565E+00,2.187E-04,1.565E+00,4.105E+02,4.085E+02,0.9952
215,Photographic Emulsion,9.500E+02,1.547E+00,2.078E-04,1.547E+00,4.426E+02,4.405E+02,0.9953
215,Photographic Emulsion,1.000E+03,1.530E+00,1.980E-04,1.531E+00,4.751E+02,4.729E+02,0.9954
215,Photographic Emulsion,1.500E+03,1.445E+00,1.353E-04,1.446E+00,8.132E+02,8.100E+02,0.9961
215,Photographic Emulsion,2.000E+03,1.422E+00,1.033E-04,1.422E+00,1.162E+03,1.158E+03,0.9965
215,Photographic Emulsion,2.500E+03,1.421E+00,8.380E-05,1.421E+00,1.514E+03,1.510E+03,0.9969
215,Photographic Emulsion,3.000E+03,1.428E+00,7.065E-05,1.428E+00,1.866E+03,1.860E+03,0.9971
215,Photographic Emulsion,4.000E+03,1.451E+00,5.399E-05,1.451E+00,2.561E+03,2.554E+03,0.9975
215,Photographic Emulsion,5.000E+03,1.477E+00,4.383E-05,1.477E+00,3.244E+03,3.236E+03,0.9978
215,Photographic Emulsion,6.000E+03,1.502E+00,3.697E-05,1.502E+00,3.915E+03,3.907E+03,0.9980
215,Photographic Emulsion,7.000E+03,1.525E+00,3.201E-05,1.525E+00,4.576E+03,4.567E+03,0.9982
215,Photographic Emulsion,8.000E+03,1.546E+00,2.826E-05,1.546E+00,5.227E+03,5.218E+03,0.9983
215,Photographic Emulsion,9.000E+03,1.565E+00,2.532E-05,1.565E+00,5.869E+03,5.860E+03,0.9984
215,Photographic Emulsion,1.000E+04,1.583E+00,2.295E-05,1.583E+00,6.505E+03,6.495E+03,0.9985
216,Plastic Scintillator (Vinyltoluene based),1.000E-03,1.901E+02,4.225E+01,2.323E+02,5.235E-06,2.567E-06,0.4904
216,Plastic Scintillator (Vinyltoluene based),1.500E-03,2.328E+02,3.394E+01,2.667E+02,7.227E-06,3.850E-06,0.5327
216,Plastic Scintillator (Vinyltoluene based),2.000E-03,2.688E+02,2.872E+01,2.975E+02,9.000E-06,5.091E-06,0.5656
216,Plastic Scintillator (Vinyltoluene based),2.500E-03,3.005E+02,2.508E+01,3.256E+02,1.060E-05,6.279E-06,0.5921
216,Plastic Scintillator (Vinyltoluene based),3.000E-03,3.292E+02,2.236E+01,3.516E+02,1.208E-05,7.418E-06,0.6140
216,Plastic Scintillator (Vinyltoluene based),4.000E-03,3.741E+02,1.854E+01,3.927E+02,1.477E-05,9.582E-06,0.6489
216,Plastic Scintillator (Vinyltoluene based),5.000E-03,4.144E+02,1.594E+01,4.303E+02,1.720E-05,1.162E-05,0.6758
216,Plastic Scintillator (Vinyltoluene based),6.000E-03,4.507E+02,1.405E+01,4.648E+02,1.943E-05,1.355E-05,0.6973
216,Plastic Scintillator (Vinyltoluene based),7.000E-03,4.839E+02,1.260E+01,4.965E+02,2.151E-05,1.538E-05,0.7150
216,Plastic Scintillator (Vinyltoluene based),8.000E-03,5.135E+02,1.145E+01,5.250E+02,2.347E-05,1.713E-05,0.7300
216,Plastic Scintillator (Vinyltoluene based),9.000E-03,5.404E+02,1.051E+01,5.510E+02,2.533E-05,1.881E-05,0.7428
216,Plastic Scintillator (Vinyltoluene based),1.000E-02,5.654E+02,9.729E+00,5.752E+02,2.710E-05,2.044E-05,0.7541
216,Plastic Scintillator (Vinyltoluene based),1.250E-02,6.165E+02,8.239E+00,6.247E+02,3.127E-05,2.430E-05,0.7771
216,Plastic Scintillator (Vinyltoluene based),1.500E-02,6.592E+02,7.175E+00,6.663E+02,3.514E-05,2.794E-05,0.7950
216,Plastic Scintillator (Vinyltoluene based),1.750E-02,6.960E+02,6.375E+00,7.024E+02,3.879E-05,3.140E-05,0.8095
216,Plastic Scintillator (Vinyltoluene based),2.000E-02,7.287E+02,5.748E+00,7.345E+02,4.227E-05,3.473E-05,0.8215
216,Plastic Scintillator (Vinyltoluene based),2.250E-02,7.576E+02,5.242E+00,7.629E+02,4.561E-05,3.793E-05,0.8317
216,Plastic Scintillator (Vinyltoluene based),2.500E-02,7.830E+02,4.825E+00,7.878E+02,4.883E-05,4.104E-05,0.8406
216,Plastic Scintillator (Vinyltoluene based),2.750E-02,8.053E+02,4.474E+00,8.098E+02,5.196E-05,4.407E-05,0.8483
216,Plastic Scintillator (Vinyltoluene based),3.000E-02,8.252E+02,4.175E+00,8.293E+02,5.501E-05,4.704E-05,0.8551
216,Plastic Scintillator (Vinyltoluene based),3.500E-02,8.601E+02,3.690E+00,8.638E+02,6.091E-05,5.279E-05,0.8667
216,Plastic Scintillator (Vinyltoluene based),4.000E-02,8.902E+02,3.313E+00,8.935E+02,6.660E-05,5.836E-05,0.8762
216,Plastic Scintillator (Vinyltoluene based),4.500E-02,9.154E+02,3.010E+00,9.184E+02,7.212E-05,6.377E-05,0.8842
216,Plastic Scintillator (Vinyltoluene based),5.000E-02,9.354E+02,2.762E+00,9.382E+02,7.750E-05,6.906E-05,0.8911
216,Plastic Scintillator (Vinyltoluene based),5.500E-02,9.504E+02,2.555E+00,9.530E+02,8.279E-05,7.427E-05,0.8971
216,Plastic Scintillator (Vinyltoluene based),6.000E-02,9.611E+02,2.378E+00,9.635E+02,8.800E-05,7.941E-05,0.9023
216,Plastic Scintillator (Vinyltoluene based),6.500E-02,9.682E+02,2.226E+00,9.704E+02,9.317E-05,8.451E-05,0.9070
216,Plastic Scintillator (Vinyltoluene based),7.000E-02,9.723E+02,2.094E+00,9.744E+02,9.831E-05,8.959E-05,0.9113
216,Plastic Scintillator (Vinyltoluene based),7.500E-02,9.738E+02,1.977E+00,9.758E+02,1.034E-04,9.466E-05,0.9151
216,Plastic Scintillator (Vinyltoluene based),8.000E-02,9.730E+02,1.874E+00,9.748E+02,1.086E-04,9.974E-05,0.9187
216,Plastic Scintillator (Vinyltoluene based),8.500E-02,9.702E+02,1.781E+00,9.719E+02,1.137E-04,1.048E-04,0.9219
216,Plastic Scintillator (Vinyltoluene based),9.000E-02,9.657E+02,1.698E+00,9.674E+02,1.189E-04,1.099E-04,0.9249
216,Plastic Scintillator (Vinyltoluene based),9.500E-02,9.599E+02,1.623E+00,9.615E+02,1.240E-04,1.151E-04,0.9277
216,Plastic Scintillator (Vinyltoluene based),1.000E-01,9.528E+02,1.555E+00,9.544E+02,1.293E-04,1.202E-04,0.9303
216,Plastic Scintillator (Vinyltoluene based),1.250E-01,9.060E+02,1.288E+00,9.073E+02,1.561E-04,1.469E-04,0.9410
216,Plastic Scintillator (Vinyltoluene based),1.500E-01,8.506E+02,1.104E+00,8.517E+02,1.845E-04,1.751E-04,0.9492
216,Plastic Scintillator (Vinyltoluene based),1.750E-01,7.951E+02,9.677E-01,7.961E+02,2.149E-04,2.053E-04,0.9557
216,Plastic Scintillator (Vinyltoluene based),2.000E-01,7.433E+02,8.633E-01,7.441E+02,2.474E-04,2.377E-04,0.9609
216,Plastic Scintillator (Vinyltoluene based),2.250E-01,6.964E+02,7.802E-01,6.972E+02,2.821E-04,2.723E-04,0.9652
216,Plastic Scintillator (Vinyltoluene based),2.500E-01,6.547E+02,7.126E-01,6.554E+02,3.191E-04,3.091E-04,0.9688
216,Plastic Scintillator (Vinyltoluene based),2.750E-01,6.179E+02,6.559E-01,6.185E+02,3.584E-04,3.483E-04,0.9718
216,Plastic Scintillator (Vinyltoluene based),3.000E-01,5.853E+02,6.077E-01,5.859E+02,3.999E-04,3.897E-04,0.9743
216,Plastic Scintillator (Vinyltoluene based),3.500E-01,5.307E+02,5.306E-01,5.313E+02,4.897E-04,4.791E-04,0.9785
216,Plastic Scintillator (Vinyltoluene based),4.000E-01,4.871E+02,4.716E-01,4.876E+02,5.880E-04,5.772E-04,0.9816
216,Plastic Scintillator (Vinyltoluene based),4.500E-01,4.513E+02,4.250E-01,4.517E+02,6.947E-04,6.835E-04,0.9839
216,Plastic Scintillator (Vinyltoluene based),5.000E-01,4.214E+02,3.871E-01,4.218E+02,8.093E-04,7.978E-04,0.9858
216,Plastic Scintillator (Vinyltoluene based),5.500E-01,3.959E+02,3.556E-01,3.963E+02,9.317E-04,9.199E-04,0.9873
216,Plastic Scintillator (Vinyltoluene based),6.000E-01,3.737E+02,3.290E-01,3.740E+02,1.062E-03,1.050E-03,0.9886
216,Plastic Scintillator (Vinyltoluene based),6.500E-01,3.544E+02,3.062E-01,3.547E+02,1.199E-03,1.186E-03,0.9896
216,Plastic Scintillator (Vinyltoluene based),7.000E-01,3.372E+02,2.864E-01,3.375E+02,1.344E-03,1.331E-03,0.9905
216,Plastic Scintillator (Vinyltoluene based),7.500E-01,3.219E+02,2.692E-01,3.222E+02,1.495E-03,1.482E-03,0.9912
216,Plastic Scintillator (Vinyltoluene based),8.000E-01,3.081E+02,2.539E-01,3.084E+02,1.654E-03,1.640E-03,0.9918
216,Plastic Scintillator (Vinyltoluene based),8.500E-01,2.957E+02,2.404E-01,2.959E+02,1.819E-03,1.806E-03,0.9924
216,Plastic Scintillator (Vinyltoluene based),9.000E-01,2.842E+02,2.283E-01,2.845E+02,1.992E-03,1.978E-03,0.9928
216,Plastic Scintillator (Vinyltoluene based),9.500E-01,2.738E+02,2.174E-01,2.740E+02,2.171E-03,2.156E-03,0.9932
216,Plastic Scintillator (Vinyltoluene based),1.000E+00,2.641E+02,2.075E-01,2.643E+02,2.357E-03,2.342E-03,0.9936
216,Plastic Scintillator (Vinyltoluene based),1.250E+00,2.257E+02,1.694E-01,2.259E+02,3.384E-03,3.366E-03,0.9949
216,Plastic Scintillator (Vinyltoluene based),1.500E+00,1.981E+02,1.435E-01,1.983E+02,4.568E-03,4.548E-03,0.9957
216,Plastic Scintillator (Vinyltoluene based),1.750E+00,1.771E+02,1.246E-01,1.772E+02,5.904E-03,5.882E-03,0.9963
216,Plastic Scintillator (Vinyltoluene based),2.000E+00,1.605E+02,1.102E-01,1.606E+02,7.388E-03,7.363E-03,0.9967
216,Plastic Scintillator (Vinyltoluene based),2.250E+00,1.471E+02,9.889E-02,1.472E+02,9.015E-03,8.988E-03,0.9969
216,Plastic Scintillator (Vinyltoluene based),2.500E+00,1.359E+02,8.974E-02,1.360E+02,1.078E-02,1.075E-02,0.9972
216,Plastic Scintillator (Vinyltoluene based),2.750E+00,1.265E+02,8.218E-02,1.266E+02,1.269E-02,1.266E-02,0.9973
216,Plastic Scintillator (Vinyltoluene based),3.000E+00,1.184E+02,7.583E-02,1.185E+02,1.473E-02,1.470E-02,0.9975
216,Plastic Scintillator (Vinyltoluene based),3.500E+00,1.052E+02,6.573E-02,1.053E+02,1.922E-02,1.918E-02,0.9977
216,Plastic Scintillator (Vinyltoluene based),4.000E+00,9.485E+01,5.806E-02,9.490E+01,2.423E-02,2.418E-02,0.9978
216,Plastic Scintillator (Vinyltoluene based),4.500E+00,8.652E+01,5.203E-02,8.657E+01,2.975E-02,2.969E-02,0.9980
216,Plastic Scintillator (Vinyltoluene based),5.000E+00,7.965E+01,4.717E-02,7.969E+01,3.578E-02,3.571E-02,0.9980
216,Plastic Scintillator (Vinyltoluene based),5.500E+00,7.387E+01,4.315E-02,7.392E+01,4.230E-02,4.222E-02,0.9981
216,Plastic Scintillator (Vinyltoluene based),6.000E+00,6.895E+01,3.978E-02,6.899E+01,4.931E-02,4.922E-02,0.9982
216,Plastic Scintillator (Vinyltoluene based),6.500E+00,6.469E+01,3.691E-02,6.473E+01,5.679E-02,5.669E-02,0.9982
216,Plastic Scintillator (Vinyltoluene based),7.000E+00,6.098E+01,3.443E-02,6.101E+01,6.475E-02,6.464E-02,0.9983
216,Plastic Scintillator (Vinyltoluene based),7.500E+00,5.770E+01,3.227E-02,5.773E+01,7.318E-02,7.306E-02,0.9983
216,Plastic Scintillator (Vinyltoluene based),8.000E+00,5.478E+01,3.038E-02,5.482E+01,8.207E-02,8.194E-02,0.9983
216,Plastic Scintillator (Vinyltoluene based),8.500E+00,5.218E+01,2.870E-02,5.221E+01,9.142E-02,9.127E-02,0.9984
216,Plastic Scintillator (Vinyltoluene based),9.000E+00,4.983E+01,2.720E-02,4.986E+01,1.012E-01,1.011E-01,0.9984
216,Plastic Scintillator (Vinyltoluene based),9.500E+00,4.770E+01,2.585E-02,4.773E+01,1.115E-01,1.113E-01,0.9984
216,Plastic Scintillator (Vinyltoluene based),1.000E+01,4.577E+01,2.463E-02,4.579E+01,1.222E-01,1.220E-01,0.9984
216,Plastic Scintillator (Vinyltoluene based),1.250E+01,3.819E+01,1.996E-02,3.821E+01,1.822E-01,1.820E-01,0.9985
216,Plastic Scintillator (Vinyltoluene based),1.500E+01,3.292E+01,1.680E-02,3.294E+01,2.529E-01,2.526E-01,0.9986
216,Plastic Scintillator (Vinyltoluene based),1.750E+01,2.903E+01,1.453E-02,2.904E+01,3.339E-01,3.335E-01,0.9986
216,Plastic Scintillator (Vinyltoluene based),2.000E+01,2.603E+01,1.280E-02,2.604E+01,4.250E-01,4.244E-01,0.9987
216,Plastic Scintillator (Vinyltoluene based),2.500E+01,2.170E+01,1.036E-02,2.171E+01,6.363E-01,6.355E-01,0.9987
216,Plastic Scintillator (Vinyltoluene based),2.750E+01,2.007E+01,9.466E-03,2.008E+01,7.562E-01,7.552E-01,0.9987
216,Plastic Scintillator (Vinyltoluene based),3.000E+01,1.870E+01,8.716E-03,1.871E+01,8.852E-01,8.841E-01,0.9987
216,Plastic Scintillator (Vinyltoluene based),3.500E+01,1.650E+01,7.530E-03,1.651E+01,1.170E+00,1.169E+00,0.9988
216,Plastic Scintillator (Vinyltoluene based),4.000E+01,1.482E+01,6.633E-03,1.482E+01,1.491E+00,1.489E+00,0.9988
216,Plastic Scintillator (Vinyltoluene based),4.500E+01,1.348E+01,5.930E-03,1.348E+01,1.845E+00,1.842E+00,0.9988
216,Plastic Scintillator (Vinyltoluene based),5.000E+01,1.239E+01,5.365E-03,1.239E+01,2.232E+00,2.229E+00,0.9988
216,Plastic Scintillator (Vinyltoluene based),5.500E+01,1.149E+01,4.900E-03,1.149E+01,2.651E+00,2.648E+00,0.9989
216,Plastic Scintillator (Vinyltoluene based),6.000E+01,1.072E+01,4.511E-03,1.073E+01,3.102E+00,3.098E+00,0.9989
216,Plastic Scintillator (Vinyltoluene based),6.500E+01,1.007E+01,4.180E-03,1.007E+01,3.583E+00,3.579E+00,0.9989
216,Plastic Scintillator (Vinyltoluene based),7.000E+01,9.505E+00,3.895E-03,9.509E+00,4.094E+00,4.090E+00,0.9989
216,Plastic Scintillator (Vinyltoluene based),7.500E+01,9.010E+00,3.648E-03,9.014E+00,4.635E+00,4.629E+00,0.9989
216,Plastic Scintillator (Vinyltoluene based),8.000E+01,8.574E+00,3.430E-03,8.577E+00,5.203E+00,5.198E+00,0.9989
216,Plastic Scintillator (Vinyltoluene based),8.500E+01,8.186E+00,3.238E-03,8.189E+00,5.800E+00,5.794E+00,0.9989
216,Plastic Scintillator (Vinyltoluene based),9.000E+01,7.838E+00,3.066E-03,7.841E+00,6.424E+00,6.418E+00,0.9989
216,Plastic Scintillator (Vinyltoluene based),9.500E+01,7.525E+00,2.913E-03,7.528E+00,7.075E+00,7.068E+00,0.9989
216,Plastic Scintillator (Vinyltoluene based),1.000E+02,7.242E+00,2.774E-03,7.245E+00,7.753E+00,7.744E+00,0.9990
216,Plastic Scintillator (Vinyltoluene based),1.250E+02,6.149E+00,2.243E-03,6.151E+00,1.152E+01,1.150E+01,0.9990
216,Plastic Scintillator (Vinyltoluene based),1.500E+02,5.405E+00,1.885E-03,5.407E+00,1.586E+01,1.585E+01,0.9990
216,Plastic Scintillator (Vinyltoluene based),1.750E+02,4.866E+00,1.628E-03,4.867E+00,2.075E+01,2.073E+01,0.9990
216,Plastic Scintillator (Vinyltoluene based),2.000E+02,4.457E+00,1.433E-03,4.458E+00,2.612E+01,2.610E+01,0.9991
216,Plastic Scintillator (Vinyltoluene based),2.250E+02,4.137E+00,1.281E-03,4.138E+00,3.195E+01,3.192E+01,0.9991
216,Plastic Scintillator (Vinyltoluene based),2.500E+02,3.879E+00,1.159E-03,3.880E+00,3.819E+01,3.816E+01,0.9991
216,Plastic Scintillator (Vinyltoluene based),2.750E+02,3.667E+00,1.058E-03,3.668E+00,4.483E+01,4.479E+01,0.9991
216,Plastic Scintillator (Vinyltoluene based),3.000E+02,3.490E+00,9.743E-04,3.491E+00,5.182E+01,5.177E+01,0.9991
216,Plastic Scintillator (Vinyltoluene based),3.500E+02,3.213E+00,8.413E-04,3.214E+00,6.677E+01,6.672E+01,0.9992
216,Plastic Scintillator (Vinyltoluene based),4.000E+02,3.005E+00,7.410E-04,3.006E+00,8.288E+01,8.281E+01,0.9992
216,Plastic Scintillator (Vinyltoluene based),4.500E+02,2.845E+00,6.625E-04,2.846E+00,9.999E+01,9.991E+01,0.9992
216,Plastic Scintillator (Vinyltoluene based),5.000E+02,2.718E+00,5.994E-04,2.719E+00,1.180E+02,1.179E+02,0.9992
216,Plastic Scintillator (Vinyltoluene based),5.500E+02,2.615E+00,5.475E-04,2.616E+00,1.367E+02,1.366E+02,0.9993
216,Plastic Scintillator (Vinyltoluene based),6.000E+02,2.531E+00,5.041E-04,2.532E+00,1.562E+02,1.561E+02,0.9993
216,Plastic Scintillator (Vinyltoluene based),6.500E+02,2.461E+00,4.672E-04,2.462E+00,1.762E+02,1.761E+02,0.9993
216,Plastic Scintillator (Vinyltoluene based),7.000E+02,2.402E+00,4.355E-04,2.402E+00,1.968E+02,1.966E+02,0.9993
216,Plastic Scintillator (Vinyltoluene based),7.500E+02,2.350E+00,4.079E-04,2.350E+00,2.178E+02,2.177E+02,0.9993
216,Plastic Scintillator (Vinyltoluene based),8.000E+02,2.306E+00,3.837E-04,2.306E+00,2.393E+02,2.392E+02,0.9993
216,Plastic Scintillator (Vinyltoluene based),8.500E+02,2.267E+00,3.623E-04,2.267E+00,2.612E+02,2.610E+02,0.9993
216,Plastic Scintillator (Vinyltoluene based),9.000E+02,2.234E+00,3.432E-04,2.234E+00,2.834E+02,2.832E+02,0.9994
216,Plastic Scintillator (Vinyltoluene based),9.500E+02,2.204E+00,3.261E-04,2.204E+00,3.059E+02,3.057E+02,0.9994
216,Plastic Scintillator (Vinyltoluene based),1.000E+03,2.178E+00,3.106E-04,2.178E+00,3.288E+02,3.286E+02,0.9994
216,Plastic Scintillator (Vinyltoluene based),1.500E+03,2.032E+00,2.117E-04,2.033E+00,5.678E+02,5.675E+02,0.9995
216,Plastic Scintillator (Vinyltoluene based),2.000E+03,1.980E+00,1.614E-04,1.981E+00,8.175E+02,8.171E+02,0.9995
216,Plastic Scintillator (Vinyltoluene based),2.500E+03,1.962E+00,1.308E-04,1.962E+00,1.071E+03,1.071E+03,0.9996
216,Plastic Scintillator (Vinyltoluene based),3.000E+03,1.959E+00,1.102E-04,1.959E+00,1.327E+03,1.326E+03,0.9996
216,Plastic Scintillator (Vinyltoluene based),4.000E+03,1.970E+00,8.413E-05,1.970E+00,1.836E+03,1.835E+03,0.9997
216,Plastic Scintillator (Vinyltoluene based),5.000E+03,1.989E+00,6.824E-05,1.989E+00,2.341E+03,2.341E+03,0.9997
216,Plastic Scintillator (Vinyltoluene based),6.000E+03,2.009E+00,5.752E-05,2.010E+00,2.841E+03,2.841E+03,0.9997
216,Plastic Scintillator (Vinyltoluene based),7.000E+03,2.030E+00,4.979E-05,2.030E+00,3.337E+03,3.336E+03,0.9998
216,Plastic Scintillator (Vinyltoluene based),8.000E+03,2.049E+00,4.394E-05,2.049E+00,3.827E+03,3.826E+03,0.9998
216,Plastic Scintillator (Vinyltoluene based),9.000E+03,2.067E+00,3.935E-05,2.067E+00,4.313E+03,4.312E+03,0.9998
216,Plastic Scintillator (Vinyltoluene based),1.000E+04,2.084E+00,3.565E-05,2.084E+00,4.794E+03,4.793E+03,0.9998
219,"Polycarbonate (Makrolon, Lexan)",1.000E-03,1.648E+02,3.535E+01,2.001E+02,6.229E-06,2.776E-06,0.4456
219,"Polycarbonate (Makrolon, Lexan)",1.500E-03,2.018E+02,2.874E+01,2.306E+02,8.537E-06,4.175E-06,0.4890
219,"Polycarbonate (Makrolon, Lexan)",2.000E-03,2.330E+02,2.451E+01,2.576E+02,1.059E-05,5.538E-06,0.5231
219,"Polycarbonate (Makrolon, Lexan)",2.500E-03,2.605E+02,2.153E+01,2.821E+02,1.244E-05,6.850E-06,0.5507
219,"Polycarbonate (Makrolon, Lexan)",3.000E-03,2.854E+02,1.928E+01,3.047E+02,1.414E-05,8.114E-06,0.5737
219,"Polycarbonate (Makrolon, Lexan)",4.000E-03,3.246E+02,1.608E+01,3.407E+02,1.724E-05,1.053E-05,0.6105
219,"Polycarbonate (Makrolon, Lexan)",5.000E-03,3.597E+02,1.389E+01,3.735E+02,2.004E-05,1.281E-05,0.6392
219,"Polycarbonate (Makrolon, Lexan)",6.000E-03,3.914E+02,1.229E+01,4.036E+02,2.261E-05,1.498E-05,0.6622
219,"Polycarbonate (Makrolon, Lexan)",7.000E-03,4.203E+02,1.105E+01,4.314E+02,2.501E-05,1.704E-05,0.6813
219,"Polycarbonate (Makrolon, Lexan)",8.000E-03,4.462E+02,1.006E+01,4.562E+02,2.726E-05,1.902E-05,0.6975
219,"Polycarbonate (Makrolon, Lexan)",9.000E-03,4.697E+02,9.254E+00,4.790E+02,2.940E-05,2.092E-05,0.7115
219,"Polycarbonate (Makrolon, Lexan)",1.000E-02,4.917E+02,8.578E+00,5.002E+02,3.144E-05,2.276E-05,0.7238
219,"Polycarbonate (Makrolon, Lexan)",1.250E-02,5.365E+02,7.286E+00,5.438E+02,3.623E-05,2.713E-05,0.7489
219,"Polycarbonate (Makrolon, Lexan)",1.500E-02,5.743E+02,6.361E+00,5.807E+02,4.067E-05,3.126E-05,0.7686
219,"Polycarbonate (Makrolon, Lexan)",1.750E-02,6.071E+02,5.661E+00,6.127E+02,4.486E-05,3.520E-05,0.7846
219,"Polycarbonate (Makrolon, Lexan)",2.000E-02,6.362E+02,5.112E+00,6.414E+02,4.885E-05,3.897E-05,0.7979
219,"Polycarbonate (Makrolon, Lexan)",2.250E-02,6.622E+02,4.668E+00,6.668E+02,5.267E-05,4.262E-05,0.8092
219,"Polycarbonate (Makrolon, Lexan)",2.500E-02,6.851E+02,4.301E+00,6.894E+02,5.635E-05,4.615E-05,0.8189
219,"Polycarbonate (Makrolon, Lexan)",2.750E-02,7.054E+02,3.992E+00,7.094E+02,5.993E-05,4.959E-05,0.8275
219,"Polycarbonate (Makrolon, Lexan)",3.000E-02,7.236E+02,3.728E+00,7.274E+02,6.341E-05,5.295E-05,0.8351
219,"Polycarbonate (Makrolon, Lexan)",3.500E-02,7.559E+02,3.299E+00,7.592E+02,7.013E-05,5.947E-05,0.8480
219,"Polycarbonate (Makrolon, Lexan)",4.000E-02,7.839E+02,2.965E+00,7.869E+02,7.660E-05,6.577E-05,0.8586
219,"Polycarbonate (Makrolon, Lexan)",4.500E-02,8.077E+02,2.697E+00,8.104E+02,8.285E-05,7.188E-05,0.8676
219,"Polycarbonate (Makrolon, Lexan)",5.000E-02,8.269E+02,2.477E+00,8.294E+02,8.895E-05,7.785E-05,0.8753
219,"Polycarbonate (Makrolon, Lexan)",5.500E-02,8.417E+02,2.293E+00,8.440E+02,9.492E-05,8.372E-05,0.8820
219,"Polycarbonate (Makrolon, Lexan)",6.000E-02,8.528E+02,2.135E+00,8.550E+02,1.008E-04,8.950E-05,0.8879
219,"Polycarbonate (Makrolon, Lexan)",6.500E-02,8.608E+02,2.000E+00,8.628E+02,1.066E-04,9.524E-05,0.8932
219,"Polycarbonate (Makrolon, Lexan)",7.000E-02,8.660E+02,1.882E+00,8.679E+02,1.124E-04,1.009E-04,0.8979
219,"Polycarbonate (Makrolon, Lexan)",7.500E-02,8.688E+02,1.778E+00,8.706E+02,1.182E-04,1.066E-04,0.9022
219,"Polycarbonate (Makrolon, Lexan)",8.000E-02,8.696E+02,1.686E+00,8.713E+02,1.239E-04,1.123E-04,0.9062
219,"Polycarbonate (Makrolon, Lexan)",8.500E-02,8.686E+02,1.603E+00,8.702E+02,1.296E-04,1.180E-04,0.9099
219,"Polycarbonate (Makrolon, Lexan)",9.000E-02,8.660E+02,1.529E+00,8.675E+02,1.354E-04,1.236E-04,0.9132
219,"Polycarbonate (Makrolon, Lexan)",9.500E-02,8.621E+02,1.462E+00,8.636E+02,1.412E-04,1.294E-04,0.9164
219,"Polycarbonate (Makrolon, Lexan)",1.000E-01,8.571E+02,1.400E+00,8.585E+02,1.470E-04,1.351E-04,0.9193
219,"Polycarbonate (Makrolon, Lexan)",1.250E-01,8.205E+02,1.162E+00,8.216E+02,1.767E-04,1.646E-04,0.9314
219,"Polycarbonate (Makrolon, Lexan)",1.500E-01,7.745E+02,9.963E-01,7.755E+02,2.080E-04,1.957E-04,0.9407
219,"Polycarbonate (Makrolon, Lexan)",1.750E-01,7.272E+02,8.743E-01,7.281E+02,2.413E-04,2.287E-04,0.9480
219,"Polycarbonate (Makrolon, Lexan)",2.000E-01,6.822E+02,7.804E-01,6.830E+02,2.767E-04,2.640E-04,0.9540
219,"Polycarbonate (Makrolon, Lexan)",2.250E-01,6.411E+02,7.057E-01,6.418E+02,3.145E-04,3.016E-04,0.9589
219,"Polycarbonate (Makrolon, Lexan)",2.500E-01,6.041E+02,6.448E-01,6.048E+02,3.546E-04,3.415E-04,0.9630
219,"Polycarbonate (Makrolon, Lexan)",2.750E-01,5.712E+02,5.939E-01,5.718E+02,3.972E-04,3.839E-04,0.9665
219,"Polycarbonate (Makrolon, Lexan)",3.000E-01,5.420E+02,5.506E-01,5.425E+02,4.421E-04,4.286E-04,0.9695
219,"Polycarbonate (Makrolon, Lexan)",3.500E-01,4.923E+02,4.813E-01,4.928E+02,5.389E-04,5.251E-04,0.9743
219,"Polycarbonate (Makrolon, Lexan)",4.000E-01,4.521E+02,4.283E-01,4.525E+02,6.449E-04,6.307E-04,0.9779
219,"Polycarbonate (Makrolon, Lexan)",4.500E-01,4.191E+02,3.862E-01,4.195E+02,7.598E-04,7.452E-04,0.9808
219,"Polycarbonate (Makrolon, Lexan)",5.000E-01,3.918E+02,3.520E-01,3.922E+02,8.832E-04,8.682E-04,0.9830
219,"Polycarbonate (Makrolon, Lexan)",5.500E-01,3.686E+02,3.237E-01,3.690E+02,1.015E-03,9.993E-04,0.9848
219,"Polycarbonate (Makrolon, Lexan)",6.000E-01,3.484E+02,2.996E-01,3.487E+02,1.154E-03,1.138E-03,0.9863
219,"Polycarbonate (Makrolon, Lexan)",6.500E-01,3.307E+02,2.790E-01,3.310E+02,1.301E-03,1.285E-03,0.9875
219,"Polycarbonate (Makrolon, Lexan)",7.000E-01,3.149E+02,2.612E-01,3.152E+02,1.456E-03,1.440E-03,0.9885
219,"Polycarbonate (Makrolon, Lexan)",7.500E-01,3.008E+02,2.455E-01,3.011E+02,1.619E-03,1.602E-03,0.9894
219,"Polycarbonate (Makrolon, Lexan)",8.000E-01,2.881E+02,2.317E-01,2.884E+02,1.788E-03,1.771E-03,0.9902
219,"Polycarbonate (Makrolon, Lexan)",8.500E-01,2.767E+02,2.195E-01,2.769E+02,1.965E-03,1.947E-03,0.9908
219,"Polycarbonate (Makrolon, Lexan)",9.000E-01,2.661E+02,2.085E-01,2.663E+02,2.150E-03,2.131E-03,0.9914
219,"Polycarbonate (Makrolon, Lexan)",9.500E-01,2.565E+02,1.986E-01,2.567E+02,2.341E-03,2.322E-03,0.9919
219,"Polycarbonate (Makrolon, Lexan)",1.000E+00,2.476E+02,1.896E-01,2.478E+02,2.539E-03,2.520E-03,0.9923
219,"Polycarbonate (Makrolon, Lexan)",1.250E+00,2.120E+02,1.550E-01,2.121E+02,3.634E-03,3.611E-03,0.9939
219,"Polycarbonate (Makrolon, Lexan)",1.500E+00,1.863E+02,1.314E-01,1.865E+02,4.894E-03,4.869E-03,0.9949
219,"Polycarbonate (Makrolon, Lexan)",1.750E+00,1.668E+02,1.142E-01,1.669E+02,6.313E-03,6.285E-03,0.9956
219,"Polycarbonate (Makrolon, Lexan)",2.000E+00,1.513E+02,1.011E-01,1.514E+02,7.888E-03,7.857E-03,0.9960
219,"Polycarbonate (Makrolon, Lexan)",2.250E+00,1.388E+02,9.077E-02,1.388E+02,9.614E-03,9.579E-03,0.9964
219,"Polycarbonate (Makrolon, Lexan)",2.500E+00,1.283E+02,8.241E-02,1.284E+02,1.149E-02,1.145E-02,0.9966
219,"Polycarbonate (Makrolon, Lexan)",2.750E+00,1.195E+02,7.550E-02,1.196E+02,1.351E-02,1.346E-02,0.9969
219,"Polycarbonate (Makrolon, Lexan)",3.000E+00,1.119E+02,6.968E-02,1.120E+02,1.567E-02,1.562E-02,0.9970
219,"Polycarbonate (Makrolon, Lexan)",3.500E+00,9.956E+01,6.045E-02,9.962E+01,2.041E-02,2.036E-02,0.9973
219,"Polycarbonate (Makrolon, Lexan)",4.000E+00,8.985E+01,5.342E-02,8.990E+01,2.570E-02,2.564E-02,0.9975
219,"Polycarbonate (Makrolon, Lexan)",4.500E+00,8.202E+01,4.790E-02,8.207E+01,3.153E-02,3.146E-02,0.9976
219,"Polycarbonate (Makrolon, Lexan)",5.000E+00,7.556E+01,4.343E-02,7.560E+01,3.788E-02,3.780E-02,0.9977
219,"Polycarbonate (Makrolon, Lexan)",5.500E+00,7.012E+01,3.975E-02,7.016E+01,4.476E-02,4.466E-02,0.9978
219,"Polycarbonate (Makrolon, Lexan)",6.000E+00,6.548E+01,3.665E-02,6.552E+01,5.214E-02,5.203E-02,0.9979
219,"Polycarbonate (Makrolon, Lexan)",6.500E+00,6.147E+01,3.401E-02,6.150E+01,6.002E-02,5.989E-02,0.9980
219,"Polycarbonate (Makrolon, Lexan)",7.000E+00,5.796E+01,3.174E-02,5.799E+01,6.839E-02,6.826E-02,0.9980
219,"Polycarbonate (Makrolon, Lexan)",7.500E+00,5.486E+01,2.976E-02,5.489E+01,7.726E-02,7.711E-02,0.9980
219,"Polycarbonate (Makrolon, Lexan)",8.000E+00,5.211E+01,2.801E-02,5.213E+01,8.661E-02,8.644E-02,0.9981
219,"Polycarbonate (Makrolon, Lexan)",8.500E+00,4.965E+01,2.647E-02,4.967E+01,9.644E-02,9.626E-02,0.9981
219,"Polycarbonate (Makrolon, Lexan)",9.000E+00,4.742E+01,2.509E-02,4.745E+01,1.067E-01,1.065E-01,0.9982
219,"Polycarbonate (Makrolon, Lexan)",9.500E+00,4.541E+01,2.385E-02,4.543E+01,1.175E-01,1.173E-01,0.9982
219,"Polycarbonate (Makrolon, Lexan)",1.000E+01,4.357E+01,2.273E-02,4.360E+01,1.287E-01,1.285E-01,0.9982
219,"Polycarbonate (Makrolon, Lexan)",1.250E+01,3.639E+01,1.842E-02,3.641E+01,1.918E-01,1.915E-01,0.9983
219,"Polycarbonate (Makrolon, Lexan)",1.500E+01,3.139E+01,1.552E-02,3.141E+01,2.659E-01,2.655E-01,0.9984
219,"Polycarbonate (Makrolon, Lexan)",1.750E+01,2.770E+01,1.342E-02,2.771E+01,3.509E-01,3.503E-01,0.9984
219,"Polycarbonate (Makrolon, Lexan)",2.000E+01,2.485E+01,1.183E-02,2.486E+01,4.463E-01,4.456E-01,0.9985
219,"Polycarbonate (Makrolon, Lexan)",2.500E+01,2.073E+01,9.576E-03,2.073E+01,6.676E-01,6.666E-01,0.9985
219,"Polycarbonate (Makrolon, Lexan)",2.750E+01,1.918E+01,8.750E-03,1.919E+01,7.930E-01,7.918E-01,0.9985
219,"Polycarbonate (Makrolon, Lexan)",3.000E+01,1.788E+01,8.057E-03,1.788E+01,9.281E-01,9.267E-01,0.9986
219,"Polycarbonate (Makrolon, Lexan)",3.500E+01,1.578E+01,6.961E-03,1.579E+01,1.226E+00,1.225E+00,0.9986
219,"Polycarbonate (Makrolon, Lexan)",4.000E+01,1.417E+01,6.133E-03,1.418E+01,1.561E+00,1.559E+00,0.9986
219,"Polycarbonate (Makrolon, Lexan)",4.500E+01,1.290E+01,5.484E-03,1.290E+01,1.931E+00,1.929E+00,0.9987
219,"Polycarbonate (Makrolon, Lexan)",5.000E+01,1.186E+01,4.962E-03,1.186E+01,2.336E+00,2.333E+00,0.9987
219,"Polycarbonate (Makrolon, Lexan)",5.500E+01,1.099E+01,4.532E-03,1.100E+01,2.774E+00,2.770E+00,0.9987
219,"Polycarbonate (Makrolon, Lexan)",6.000E+01,1.027E+01,4.172E-03,1.027E+01,3.245E+00,3.241E+00,0.9987
219,"Polycarbonate (Makrolon, Lexan)",6.500E+01,9.643E+00,3.867E-03,9.647E+00,3.747E+00,3.743E+00,0.9987
219,"Polycarbonate (Makrolon, Lexan)",7.000E+01,9.103E+00,3.603E-03,9.107E+00,4.281E+00,4.276E+00,0.9987
219,"Polycarbonate (Makrolon, Lexan)",7.500E+01,8.631E+00,3.375E-03,8.634E+00,4.845E+00,4.839E+00,0.9988
219,"Polycarbonate (Makrolon, Lexan)",8.000E+01,8.214E+00,3.174E-03,8.217E+00,5.439E+00,5.432E+00,0.9988
219,"Polycarbonate (Makrolon, Lexan)",8.500E+01,7.843E+00,2.996E-03,7.846E+00,6.062E+00,6.055E+00,0.9988
219,"Polycarbonate (Makrolon, Lexan)",9.000E+01,7.511E+00,2.837E-03,7.513E+00,6.714E+00,6.705E+00,0.9988
219,"Polycarbonate (Makrolon, Lexan)",9.500E+01,7.211E+00,2.695E-03,7.214E+00,7.393E+00,7.384E+00,0.9988
219,"Polycarbonate (Makrolon, Lexan)",1.000E+02,6.940E+00,2.566E-03,6.943E+00,8.100E+00,8.090E+00,0.9988
219,"Polycarbonate (Makrolon, Lexan)",1.250E+02,5.895E+00,2.075E-03,5.897E+00,1.202E+01,1.201E+01,0.9988
219,"Polycarbonate (Makrolon, Lexan)",1.500E+02,5.184E+00,1.745E-03,5.185E+00,1.656E+01,1.654E+01,0.9989
219,"Polycarbonate (Makrolon, Lexan)",1.750E+02,4.668E+00,1.506E-03,4.669E+00,2.165E+01,2.163E+01,0.9989
219,"Polycarbonate (Makrolon, Lexan)",2.000E+02,4.276E+00,1.327E-03,4.278E+00,2.725E+01,2.722E+01,0.9989
219,"Polycarbonate (Makrolon, Lexan)",2.250E+02,3.970E+00,1.186E-03,3.971E+00,3.333E+01,3.329E+01,0.9990
219,"Polycarbonate (Makrolon, Lexan)",2.500E+02,3.723E+00,1.073E-03,3.724E+00,3.983E+01,3.979E+01,0.9990
219,"Polycarbonate (Makrolon, Lexan)",2.750E+02,3.520E+00,9.797E-04,3.521E+00,4.674E+01,4.670E+01,0.9990
219,"Polycarbonate (Makrolon, Lexan)",3.000E+02,3.351E+00,9.019E-04,3.352E+00,5.403E+01,5.397E+01,0.9990
219,"Polycarbonate (Makrolon, Lexan)",3.500E+02,3.085E+00,7.789E-04,3.086E+00,6.960E+01,6.954E+01,0.9991
219,"Polycarbonate (Makrolon, Lexan)",4.000E+02,2.886E+00,6.860E-04,2.887E+00,8.638E+01,8.630E+01,0.9991
219,"Polycarbonate (Makrolon, Lexan)",4.500E+02,2.733E+00,6.134E-04,2.733E+00,1.042E+02,1.041E+02,0.9991
219,"Polycarbonate (Makrolon, Lexan)",5.000E+02,2.611E+00,5.549E-04,2.612E+00,1.229E+02,1.228E+02,0.9991
219,"Polycarbonate (Makrolon, Lexan)",5.500E+02,2.513E+00,5.069E-04,2.513E+00,1.424E+02,1.423E+02,0.9992
219,"Polycarbonate (Makrolon, Lexan)",6.000E+02,2.432E+00,4.667E-04,2.433E+00,1.627E+02,1.625E+02,0.9992
219,"Polycarbonate (Makrolon, Lexan)",6.500E+02,2.365E+00,4.326E-04,2.366E+00,1.835E+02,1.834E+02,0.9992
219,"Polycarbonate (Makrolon, Lexan)",7.000E+02,2.309E+00,4.033E-04,2.309E+00,2.049E+02,2.048E+02,0.9992
219,"Polycarbonate (Makrolon, Lexan)",7.500E+02,2.260E+00,3.777E-04,2.260E+00,2.268E+02,2.266E+02,0.9992
219,"Polycarbonate (Makrolon, Lexan)",8.000E+02,2.218E+00,3.553E-04,2.218E+00,2.492E+02,2.490E+02,0.9992
219,"Polycarbonate (Makrolon, Lexan)",8.500E+02,2.181E+00,3.355E-04,2.181E+00,2.719E+02,2.717E+02,0.9993
219,"Polycarbonate (Makrolon, Lexan)",9.000E+02,2.149E+00,3.178E-04,2.149E+00,2.950E+02,2.948E+02,0.9993
219,"Polycarbonate (Makrolon, Lexan)",9.500E+02,2.121E+00,3.020E-04,2.121E+00,3.184E+02,3.182E+02,0.9993
219,"Polycarbonate (Makrolon, Lexan)",1.000E+03,2.096E+00,2.876E-04,2.096E+00,3.421E+02,3.419E+02,0.9993
219,"Polycarbonate (Makrolon, Lexan)",1.500E+03,1.957E+00,1.961E-04,1.958E+00,5.904E+02,5.901E+02,0.9994
219,"Polycarbonate (Makrolon, Lexan)",2.000E+03,1.908E+00,1.495E-04,1.909E+00,8.496E+02,8.492E+02,0.9995
219,"Polycarbonate (Makrolon, Lexan)",2.500E+03,1.892E+00,1.212E-04,1.892E+00,1.113E+03,1.112E+03,0.9995
219,"Polycarbonate (Makrolon, Lexan)",3.000E+03,1.889E+00,1.021E-04,1.889E+00,1.378E+03,1.377E+03,0.9996
219,"Polycarbonate (Makrolon, Lexan)",4.000E+03,1.901E+00,7.794E-05,1.901E+00,1.906E+03,1.905E+03,0.9996
219,"Polycarbonate (Makrolon, Lexan)",5.000E+03,1.920E+00,6.323E-05,1.920E+00,2.429E+03,2.428E+03,0.9997
219,"Polycarbonate (Makrolon, Lexan)",6.000E+03,1.940E+00,5.330E-05,1.940E+00,2.947E+03,2.947E+03,0.9997
219,"Polycarbonate (Makrolon, Lexan)",7.000E+03,1.960E+00,4.613E-05,1.960E+00,3.460E+03,3.459E+03,0.9997
219,"Polycarbonate (Makrolon, Lexan)",8.000E+03,1.979E+00,4.071E-05,1.979E+00,3.968E+03,3.967E+03,0.9997
219,"Polycarbonate (Makrolon, Lexan)",9.000E+03,1.997E+00,3.646E-05,1.997E+00,4.471E+03,4.470E+03,0.9998
219,"Polycarbonate (Makrolon, Lexan)",1.000E+04,2.014E+00,3.304E-05,2.014E+00,4.969E+03,4.968E+03,0.9998
221,Polyethylene,1.000E-03,1.849E+02,5.407E+01,2.390E+02,4.716E-06,2.489E-06,0.5279
221,Polyethylene,1.500E-03,2.265E+02,4.284E+01,2.693E+02,6.672E-06,3.777E-06,0.5661
221,Polyethylene,2.000E-03,2.615E+02,3.593E+01,2.975E+02,8.438E-06,5.031E-06,0.5962
221,Polyethylene,2.500E-03,2.924E+02,3.117E+01,3.236E+02,1.005E-05,6.236E-06,0.6206
221,Polyethylene,3.000E-03,3.203E+02,2.766E+01,3.480E+02,1.154E-05,7.394E-06,0.6409
221,Polyethylene,4.000E-03,3.699E+02,2.277E+01,3.926E+02,1.424E-05,9.584E-06,0.6731
221,Polyethylene,5.000E-03,4.135E+02,1.949E+01,4.330E+02,1.666E-05,1.163E-05,0.6978
221,Polyethylene,6.000E-03,4.530E+02,1.712E+01,4.701E+02,1.888E-05,1.355E-05,0.7176
221,Polyethylene,7.000E-03,4.893E+02,1.531E+01,5.046E+02,2.093E-05,1.536E-05,0.7339
221,Polyethylene,8.000E-03,5.230E+02,1.387E+01,5.369E+02,2.285E-05,1.708E-05,0.7477
221,Polyethylene,9.000E-03,5.548E+02,1.271E+01,5.675E+02,2.466E-05,1.873E-05,0.7595
221,Polyethylene,1.000E-02,5.848E+02,1.175E+01,5.965E+02,2.638E-05,2.031E-05,0.7698
221,Polyethylene,1.250E-02,6.439E+02,9.913E+00,6.538E+02,3.037E-05,2.402E-05,0.7908
221,Polyethylene,1.500E-02,6.953E+02,8.613E+00,7.039E+02,3.405E-05,2.749E-05,0.8072
221,Polyethylene,1.750E-02,7.408E+02,7.637E+00,7.484E+02,3.750E-05,3.076E-05,0.8205
221,Polyethylene,2.000E-02,7.814E+02,6.875E+00,7.883E+02,4.075E-05,3.388E-05,0.8314
221,Polyethylene,2.250E-02,8.179E+02,6.262E+00,8.242E+02,4.385E-05,3.687E-05,0.8408
221,Polyethylene,2.500E-02,8.509E+02,5.757E+00,8.566E+02,4.682E-05,3.974E-05,0.8488
221,Polyethylene,2.750E-02,8.806E+02,5.334E+00,8.860E+02,4.969E-05,4.253E-05,0.8558
221,Polyethylene,3.000E-02,9.075E+02,4.972E+00,9.125E+02,5.247E-05,4.523E-05,0.8621
221,Polyethylene,3.500E-02,9.537E+02,4.389E+00,9.580E+02,5.781E-05,5.045E-05,0.8726
221,Polyethylene,4.000E-02,9.909E+02,3.936E+00,9.949E+02,6.293E-05,5.547E-05,0.8814
221,Polyethylene,4.500E-02,1.021E+03,3.573E+00,1.024E+03,6.788E-05,6.033E-05,0.8887
221,Polyethylene,5.000E-02,1.044E+03,3.276E+00,1.047E+03,7.271E-05,6.508E-05,0.8951
221,Polyethylene,5.500E-02,1.061E+03,3.028E+00,1.064E+03,7.744E-05,6.975E-05,0.9007
221,Polyethylene,6.000E-02,1.073E+03,2.817E+00,1.076E+03,8.212E-05,7.436E-05,0.9056
221,Polyethylene,6.500E-02,1.081E+03,2.635E+00,1.083E+03,8.675E-05,7.894E-05,0.9100
221,Polyethylene,7.000E-02,1.084E+03,2.477E+00,1.087E+03,9.135E-05,8.350E-05,0.9140
221,Polyethylene,7.500E-02,1.085E+03,2.338E+00,1.087E+03,9.595E-05,8.805E-05,0.9177
221,Polyethylene,8.000E-02,1.083E+03,2.215E+00,1.085E+03,1.006E-04,9.261E-05,0.9210
221,Polyethylene,8.500E-02,1.078E+03,2.105E+00,1.080E+03,1.052E-04,9.719E-05,0.9241
221,Polyethylene,9.000E-02,1.072E+03,2.006E+00,1.074E+03,1.098E-04,1.018E-04,0.9270
221,Polyethylene,9.500E-02,1.064E+03,1.916E+00,1.065E+03,1.145E-04,1.064E-04,0.9296
221,Polyethylene,1.000E-01,1.054E+03,1.835E+00,1.056E+03,1.192E-04,1.111E-04,0.9321
221,Polyethylene,1.250E-01,9.941E+02,1.518E+00,9.956E+02,1.436E-04,1.353E-04,0.9426
221,Polyethylene,1.500E-01,9.278E+02,1.300E+00,9.291E+02,1.695E-04,1.612E-04,0.9506
221,Polyethylene,1.750E-01,8.649E+02,1.139E+00,8.661E+02,1.974E-04,1.889E-04,0.9569
221,Polyethylene,2.000E-01,8.089E+02,1.015E+00,8.099E+02,2.273E-04,2.187E-04,0.9620
221,Polyethylene,2.250E-01,7.601E+02,9.168E-01,7.610E+02,2.592E-04,2.504E-04,0.9662
221,Polyethylene,2.500E-01,7.179E+02,8.369E-01,7.187E+02,2.930E-04,2.841E-04,0.9697
221,Polyethylene,2.750E-01,6.814E+02,7.698E-01,6.822E+02,3.287E-04,3.197E-04,0.9727
221,Polyethylene,3.000E-01,6.497E+02,7.126E-01,6.504E+02,3.662E-04,3.571E-04,0.9752
221,Polyethylene,3.500E-01,5.912E+02,6.212E-01,5.919E+02,4.469E-04,4.375E-04,0.9791
221,Polyethylene,4.000E-01,5.410E+02,5.514E-01,5.415E+02,5.353E-04,5.257E-04,0.9821
221,Polyethylene,4.500E-01,4.992E+02,4.963E-01,4.997E+02,6.315E-04,6.217E-04,0.9845
221,Polyethylene,5.000E-01,4.649E+02,4.515E-01,4.653E+02,7.353E-04,7.252E-04,0.9863
221,Polyethylene,5.500E-01,4.363E+02,4.145E-01,4.367E+02,8.463E-04,8.359E-04,0.9878
221,Polyethylene,6.000E-01,4.114E+02,3.832E-01,4.118E+02,9.642E-04,9.537E-04,0.9890
221,Polyethylene,6.500E-01,3.898E+02,3.564E-01,3.901E+02,1.089E-03,1.078E-03,0.9900
221,Polyethylene,7.000E-01,3.706E+02,3.332E-01,3.709E+02,1.221E-03,1.209E-03,0.9909
221,Polyethylene,7.500E-01,3.534E+02,3.129E-01,3.538E+02,1.359E-03,1.347E-03,0.9916
221,Polyethylene,8.000E-01,3.381E+02,2.951E-01,3.384E+02,1.503E-03,1.491E-03,0.9922
221,Polyethylene,8.500E-01,3.242E+02,2.792E-01,3.244E+02,1.654E-03,1.642E-03,0.9928
221,Polyethylene,9.000E-01,3.114E+02,2.651E-01,3.117E+02,1.811E-03,1.799E-03,0.9932
221,Polyethylene,9.500E-01,2.998E+02,2.523E-01,3.000E+02,1.975E-03,1.962E-03,0.9936
221,Polyethylene,1.000E+00,2.891E+02,2.408E-01,2.893E+02,2.145E-03,2.132E-03,0.9940
221,Polyethylene,1.250E+00,2.464E+02,1.963E-01,2.466E+02,3.084E-03,3.070E-03,0.9953
221,Polyethylene,1.500E+00,2.159E+02,1.660E-01,2.160E+02,4.170E-03,4.153E-03,0.9960
221,Polyethylene,1.750E+00,1.927E+02,1.440E-01,1.929E+02,5.397E-03,5.378E-03,0.9966
221,Polyethylene,2.000E+00,1.744E+02,1.273E-01,1.746E+02,6.761E-03,6.741E-03,0.9969
221,Polyethylene,2.250E+00,1.596E+02,1.142E-01,1.598E+02,8.260E-03,8.237E-03,0.9972
221,Polyethylene,2.500E+00,1.474E+02,1.036E-01,1.475E+02,9.890E-03,9.865E-03,0.9974
221,Polyethylene,2.750E+00,1.371E+02,9.481E-02,1.372E+02,1.165E-02,1.162E-02,0.9976
221,Polyethylene,3.000E+00,1.282E+02,8.744E-02,1.283E+02,1.353E-02,1.350E-02,0.9977
221,Polyethylene,3.500E+00,1.138E+02,7.575E-02,1.139E+02,1.768E-02,1.764E-02,0.9979
221,Polyethylene,4.000E+00,1.025E+02,6.688E-02,1.026E+02,2.231E-02,2.227E-02,0.9981
221,Polyethylene,4.500E+00,9.344E+01,5.991E-02,9.350E+01,2.743E-02,2.738E-02,0.9982
221,Polyethylene,5.000E+00,8.597E+01,5.429E-02,8.602E+01,3.301E-02,3.295E-02,0.9983
221,Polyethylene,5.500E+00,7.969E+01,4.965E-02,7.974E+01,3.905E-02,3.898E-02,0.9983
221,Polyethylene,6.000E+00,7.435E+01,4.576E-02,7.439E+01,4.554E-02,4.547E-02,0.9984
221,Polyethylene,6.500E+00,6.973E+01,4.245E-02,6.977E+01,5.249E-02,5.241E-02,0.9984
221,Polyethylene,7.000E+00,6.570E+01,3.959E-02,6.574E+01,5.987E-02,5.978E-02,0.9985
221,Polyethylene,7.500E+00,6.215E+01,3.711E-02,6.218E+01,6.770E-02,6.760E-02,0.9985
221,Polyethylene,8.000E+00,5.899E+01,3.492E-02,5.903E+01,7.595E-02,7.584E-02,0.9985
221,Polyethylene,8.500E+00,5.617E+01,3.298E-02,5.621E+01,8.464E-02,8.451E-02,0.9985
221,Polyethylene,9.000E+00,5.363E+01,3.126E-02,5.366E+01,9.374E-02,9.361E-02,0.9986
221,Polyethylene,9.500E+00,5.133E+01,2.970E-02,5.136E+01,1.033E-01,1.031E-01,0.9986
221,Polyethylene,1.000E+01,4.923E+01,2.830E-02,4.926E+01,1.132E-01,1.131E-01,0.9986
221,Polyethylene,1.250E+01,4.104E+01,2.292E-02,4.107E+01,1.691E-01,1.688E-01,0.9987
221,Polyethylene,1.500E+01,3.536E+01,1.929E-02,3.538E+01,2.349E-01,2.346E-01,0.9987
221,Polyethylene,1.750E+01,3.116E+01,1.667E-02,3.118E+01,3.103E-01,3.099E-01,0.9988
221,Polyethylene,2.000E+01,2.793E+01,1.469E-02,2.795E+01,3.951E-01,3.947E-01,0.9988
221,Polyethylene,2.500E+01,2.327E+01,1.189E-02,2.328E+01,5.921E-01,5.914E-01,0.9988
221,Polyethylene,2.750E+01,2.152E+01,1.086E-02,2.153E+01,7.039E-01,7.031E-01,0.9989
221,Polyethylene,3.000E+01,2.005E+01,1.000E-02,2.006E+01,8.243E-01,8.233E-01,0.9989
221,Polyethylene,3.500E+01,1.768E+01,8.638E-03,1.769E+01,1.090E+00,1.089E+00,0.9989
221,Polyethylene,4.000E+01,1.587E+01,7.608E-03,1.588E+01,1.389E+00,1.388E+00,0.9989
221,Polyethylene,4.500E+01,1.443E+01,6.801E-03,1.444E+01,1.720E+00,1.718E+00,0.9989
221,Polyethylene,5.000E+01,1.326E+01,6.153E-03,1.327E+01,2.081E+00,2.079E+00,0.9990
221,Polyethylene,5.500E+01,1.229E+01,5.619E-03,1.230E+01,2.473E+00,2.471E+00,0.9990
221,Polyethylene,6.000E+01,1.148E+01,5.172E-03,1.148E+01,2.894E+00,2.891E+00,0.9990
221,Polyethylene,6.500E+01,1.078E+01,4.793E-03,1.078E+01,3.344E+00,3.340E+00,0.9990
221,Polyethylene,7.000E+01,1.017E+01,4.466E-03,1.017E+01,3.821E+00,3.818E+00,0.9990
221,Polyethylene,7.500E+01,9.639E+00,4.182E-03,9.643E+00,4.326E+00,4.322E+00,0.9990
221,Polyethylene,8.000E+01,9.171E+00,3.933E-03,9.175E+00,4.858E+00,4.854E+00,0.9990
221,Polyethylene,8.500E+01,8.755E+00,3.712E-03,8.759E+00,5.416E+00,5.411E+00,0.9990
221,Polyethylene,9.000E+01,8.382E+00,3.515E-03,8.386E+00,6.000E+00,5.994E+00,0.9990
221,Polyethylene,9.500E+01,8.047E+00,3.339E-03,8.050E+00,6.609E+00,6.602E+00,0.9991
221,Polyethylene,1.000E+02,7.743E+00,3.180E-03,7.746E+00,7.242E+00,7.235E+00,0.9991
221,Polyethylene,1.250E+02,6.572E+00,2.571E-03,6.575E+00,1.076E+01,1.075E+01,0.9991
221,Polyethylene,1.500E+02,5.776E+00,2.161E-03,5.778E+00,1.483E+01,1.482E+01,0.9991
221,Polyethylene,1.750E+02,5.198E+00,1.865E-03,5.200E+00,1.940E+01,1.938E+01,0.9991
221,Polyethylene,2.000E+02,4.761E+00,1.643E-03,4.762E+00,2.443E+01,2.441E+01,0.9992
221,Polyethylene,2.250E+02,4.418E+00,1.468E-03,4.419E+00,2.989E+01,2.986E+01,0.9992
221,Polyethylene,2.500E+02,4.142E+00,1.328E-03,4.143E+00,3.574E+01,3.571E+01,0.9992
221,Polyethylene,2.750E+02,3.915E+00,1.213E-03,3.916E+00,4.195E+01,4.191E+01,0.9992
221,Polyethylene,3.000E+02,3.726E+00,1.116E-03,3.727E+00,4.849E+01,4.846E+01,0.9992
221,Polyethylene,3.500E+02,3.429E+00,9.640E-04,3.430E+00,6.250E+01,6.246E+01,0.9993
221,Polyethylene,4.000E+02,3.207E+00,8.490E-04,3.208E+00,7.760E+01,7.754E+01,0.9993
221,Polyethylene,4.500E+02,3.036E+00,7.590E-04,3.036E+00,9.363E+01,9.357E+01,0.9993
221,Polyethylene,5.000E+02,2.900E+00,6.867E-04,2.900E+00,1.105E+02,1.104E+02,0.9993
221,Polyethylene,5.500E+02,2.790E+00,6.272E-04,2.791E+00,1.281E+02,1.280E+02,0.9993
221,Polyethylene,6.000E+02,2.700E+00,5.775E-04,2.701E+00,1.463E+02,1.462E+02,0.9993
221,Polyethylene,6.500E+02,2.625E+00,5.352E-04,2.626E+00,1.651E+02,1.650E+02,0.9994
221,Polyethylene,7.000E+02,2.560E+00,4.989E-04,2.561E+00,1.844E+02,1.843E+02,0.9994
221,Polyethylene,7.500E+02,2.505E+00,4.673E-04,2.505E+00,2.041E+02,2.040E+02,0.9994
221,Polyethylene,8.000E+02,2.457E+00,4.395E-04,2.457E+00,2.243E+02,2.241E+02,0.9994
221,Polyethylene,8.500E+02,2.415E+00,4.150E-04,2.416E+00,2.448E+02,2.447E+02,0.9994
221,Polyethylene,9.000E+02,2.379E+00,3.931E-04,2.380E+00,2.657E+02,2.655E+02,0.9994
221,Polyethylene,9.500E+02,2.347E+00,3.735E-04,2.348E+00,2.868E+02,2.867E+02,0.9994
221,Polyethylene,1.000E+03,2.319E+00,3.558E-04,2.320E+00,3.083E+02,3.081E+02,0.9994
221,Polyethylene,1.500E+03,2.162E+00,2.425E-04,2.162E+00,5.329E+02,5.326E+02,0.9995
221,Polyethylene,2.000E+03,2.105E+00,1.848E-04,2.105E+00,7.678E+02,7.675E+02,0.9996
221,Polyethylene,2.500E+03,2.084E+00,1.498E-04,2.084E+00,1.007E+03,1.006E+03,0.9996
221,Polyethylene,3.000E+03,2.079E+00,1.262E-04,2.079E+00,1.247E+03,1.247E+03,0.9997
221,Polyethylene,4.000E+03,2.089E+00,9.631E-05,2.089E+00,1.727E+03,1.727E+03,0.9997
221,Polyethylene,5.000E+03,2.108E+00,7.812E-05,2.108E+00,2.204E+03,2.203E+03,0.9997
221,Polyethylene,6.000E+03,2.129E+00,6.584E-05,2.129E+00,2.676E+03,2.675E+03,0.9998
221,Polyethylene,7.000E+03,2.149E+00,5.699E-05,2.149E+00,3.143E+03,3.143E+03,0.9998
221,Polyethylene,8.000E+03,2.169E+00,5.028E-05,2.169E+00,3.606E+03,3.606E+03,0.9998
221,Polyethylene,9.000E+03,2.188E+00,4.503E-05,2.188E+00,4.065E+03,4.065E+03,0.9998
221,Polyethylene,1.000E+04,2.205E+00,4.080E-05,2.205E+00,4.521E+03,4.520E+03,0.9998
222,Polyethylene Terephthalate (Mylar),1.000E-03,1.509E+02,3.190E+01,1.828E+02,6.920E-06,2.900E-06,0.4191
222,Polyethylene Terephthalate (Mylar),1.500E-03,1.849E+02,2.614E+01,2.110E+02,9.443E-06,4.370E-06,0.4628
222,Polyethylene Terephthalate (Mylar),2.000E-03,2.135E+02,2.241E+01,2.359E+02,1.168E-05,5.809E-06,0.4972
222,Polyethylene Terephthalate (Mylar),2.500E-03,2.387E+02,1.975E+01,2.584E+02,1.371E-05,7.200E-06,0.5253
222,Polyethylene Terephthalate (Mylar),3.000E-03,2.614E+02,1.773E+01,2.792E+02,1.557E-05,8.543E-06,0.5488
222,Polyethylene Terephthalate (Mylar),4.000E-03,2.978E+02,1.486E+01,3.126E+02,1.894E-05,1.111E-05,0.5867
222,Polyethylene Terephthalate (Mylar),5.000E-03,3.302E+02,1.287E+01,3.431E+02,2.199E-05,1.355E-05,0.6162
222,Polyethylene Terephthalate (Mylar),6.000E-03,3.596E+02,1.141E+01,3.710E+02,2.479E-05,1.587E-05,0.6401
222,Polyethylene Terephthalate (Mylar),7.000E-03,3.864E+02,1.028E+01,3.967E+02,2.740E-05,1.808E-05,0.6600
222,Polyethylene Terephthalate (Mylar),8.000E-03,4.105E+02,9.372E+00,4.198E+02,2.985E-05,2.020E-05,0.6768
222,Polyethylene Terephthalate (Mylar),9.000E-03,4.325E+02,8.630E+00,4.411E+02,3.217E-05,2.225E-05,0.6915
222,Polyethylene Terephthalate (Mylar),1.000E-02,4.530E+02,8.008E+00,4.610E+02,3.439E-05,2.422E-05,0.7043
222,Polyethylene Terephthalate (Mylar),1.250E-02,4.949E+02,6.816E+00,5.017E+02,3.958E-05,2.892E-05,0.7307
222,Polyethylene Terephthalate (Mylar),1.500E-02,5.303E+02,5.959E+00,5.363E+02,4.439E-05,3.336E-05,0.7514
222,Polyethylene Terephthalate (Mylar),1.750E-02,5.612E+02,5.310E+00,5.665E+02,4.892E-05,3.759E-05,0.7682
222,Polyethylene Terephthalate (Mylar),2.000E-02,5.888E+02,4.799E+00,5.936E+02,5.323E-05,4.164E-05,0.7823
222,Polyethylene Terephthalate (Mylar),2.250E-02,6.134E+02,4.386E+00,6.178E+02,5.736E-05,4.556E-05,0.7942
222,Polyethylene Terephthalate (Mylar),2.500E-02,6.353E+02,4.044E+00,6.393E+02,6.134E-05,4.935E-05,0.8046
222,Polyethylene Terephthalate (Mylar),2.750E-02,6.547E+02,3.756E+00,6.585E+02,6.519E-05,5.304E-05,0.8137
222,Polyethylene Terephthalate (Mylar),3.000E-02,6.723E+02,3.509E+00,6.758E+02,6.893E-05,5.665E-05,0.8217
222,Polyethylene Terephthalate (Mylar),3.500E-02,7.034E+02,3.108E+00,7.066E+02,7.617E-05,6.364E-05,0.8355
222,Polyethylene Terephthalate (Mylar),4.000E-02,7.305E+02,2.796E+00,7.333E+02,8.311E-05,7.038E-05,0.8468
222,Polyethylene Terephthalate (Mylar),4.500E-02,7.535E+02,2.545E+00,7.560E+02,8.982E-05,7.692E-05,0.8564
222,Polyethylene Terephthalate (Mylar),5.000E-02,7.723E+02,2.338E+00,7.746E+02,9.635E-05,8.330E-05,0.8646
222,Polyethylene Terephthalate (Mylar),5.500E-02,7.870E+02,2.165E+00,7.892E+02,1.027E-04,8.956E-05,0.8717
222,Polyethylene Terephthalate (Mylar),6.000E-02,7.983E+02,2.017E+00,8.003E+02,1.090E-04,9.573E-05,0.8780
222,Polyethylene Terephthalate (Mylar),6.500E-02,8.066E+02,1.890E+00,8.085E+02,1.152E-04,1.018E-04,0.8837
222,Polyethylene Terephthalate (Mylar),7.000E-02,8.124E+02,1.779E+00,8.142E+02,1.214E-04,1.079E-04,0.8888
222,Polyethylene Terephthalate (Mylar),7.500E-02,8.160E+02,1.681E+00,8.176E+02,1.275E-04,1.139E-04,0.8934
222,Polyethylene Terephthalate (Mylar),8.000E-02,8.176E+02,1.594E+00,8.191E+02,1.336E-04,1.200E-04,0.8977
222,Polyethylene Terephthalate (Mylar),8.500E-02,8.174E+02,1.516E+00,8.189E+02,1.397E-04,1.260E-04,0.9016
222,Polyethylene Terephthalate (Mylar),9.000E-02,8.158E+02,1.446E+00,8.173E+02,1.459E-04,1.320E-04,0.9052
222,Polyethylene Terephthalate (Mylar),9.500E-02,8.129E+02,1.383E+00,8.143E+02,1.520E-04,1.381E-04,0.9086
222,Polyethylene Terephthalate (Mylar),1.000E-01,8.089E+02,1.326E+00,8.103E+02,1.581E-04,1.442E-04,0.9117
222,Polyethylene Terephthalate (Mylar),1.250E-01,7.776E+02,1.101E+00,7.787E+02,1.896E-04,1.753E-04,0.9248
222,Polyethylene Terephthalate (Mylar),1.500E-01,7.365E+02,9.443E-01,7.374E+02,2.225E-04,2.080E-04,0.9347
222,Polyethylene Terephthalate (Mylar),1.750E-01,6.934E+02,8.291E-01,6.942E+02,2.575E-04,2.427E-04,0.9427
222,Polyethylene Terephthalate (Mylar),2.000E-01,6.519E+02,7.404E-01,6.526E+02,2.946E-04,2.796E-04,0.9491
222,Polyethylene Terephthalate (Mylar),2.250E-01,6.136E+02,6.697E-01,6.143E+02,3.341E-04,3.189E-04,0.9545
222,Polyethylene Terephthalate (Mylar),2.500E-01,5.791E+02,6.121E-01,5.797E+02,3.760E-04,3.606E-04,0.9590
222,Polyethylene Terephthalate (Mylar),2.750E-01,5.482E+02,5.640E-01,5.488E+02,4.204E-04,4.047E-04,0.9628
222,Polyethylene Terephthalate (Mylar),3.000E-01,5.206E+02,5.231E-01,5.212E+02,4.671E-04,4.513E-04,0.9661
222,Polyethylene Terephthalate (Mylar),3.500E-01,4.729E+02,4.576E-01,4.734E+02,5.679E-04,5.517E-04,0.9714
222,Polyethylene Terephthalate (Mylar),4.000E-01,4.340E+02,4.074E-01,4.344E+02,6.783E-04,6.616E-04,0.9754
222,Polyethylene Terephthalate (Mylar),4.500E-01,4.022E+02,3.676E-01,4.026E+02,7.980E-04,7.808E-04,0.9785
222,Polyethylene Terephthalate (Mylar),5.000E-01,3.761E+02,3.352E-01,3.765E+02,9.265E-04,9.089E-04,0.9810
222,Polyethylene Terephthalate (Mylar),5.500E-01,3.543E+02,3.083E-01,3.546E+02,1.063E-03,1.045E-03,0.9830
222,Polyethylene Terephthalate (Mylar),6.000E-01,3.350E+02,2.855E-01,3.353E+02,1.209E-03,1.190E-03,0.9847
222,Polyethylene Terephthalate (Mylar),6.500E-01,3.182E+02,2.660E-01,3.185E+02,1.362E-03,1.343E-03,0.9861
222,Polyethylene Terephthalate (Mylar),7.000E-01,3.032E+02,2.490E-01,3.035E+02,1.522E-03,1.503E-03,0.9872
222,Polyethylene Terephthalate (Mylar),7.500E-01,2.898E+02,2.342E-01,2.900E+02,1.691E-03,1.671E-03,0.9882
222,Polyethylene Terephthalate (Mylar),8.000E-01,2.777E+02,2.211E-01,2.779E+02,1.867E-03,1.847E-03,0.9890
222,Polyethylene Terephthalate (Mylar),8.500E-01,2.667E+02,2.095E-01,2.669E+02,2.051E-03,2.030E-03,0.9898
222,Polyethylene Terephthalate (Mylar),9.000E-01,2.566E+02,1.990E-01,2.568E+02,2.242E-03,2.220E-03,0.9904
222,Polyethylene Terephthalate (Mylar),9.500E-01,2.474E+02,1.896E-01,2.476E+02,2.440E-03,2.418E-03,0.9909
222,Polyethylene Terephthalate (Mylar),1.000E+00,2.389E+02,1.811E-01,2.391E+02,2.646E-03,2.623E-03,0.9914
222,Polyethylene Terephthalate (Mylar),1.250E+00,2.048E+02,1.482E-01,2.049E+02,3.779E-03,3.754E-03,0.9932
222,Polyethylene Terephthalate (Mylar),1.500E+00,1.802E+02,1.257E-01,1.803E+02,5.083E-03,5.054E-03,0.9943
222,Polyethylene Terephthalate (Mylar),1.750E+00,1.614E+02,1.093E-01,1.615E+02,6.551E-03,6.518E-03,0.9951
222,Polyethylene Terephthalate (Mylar),2.000E+00,1.465E+02,9.676E-02,1.466E+02,8.178E-03,8.142E-03,0.9956
222,Polyethylene Terephthalate (Mylar),2.250E+00,1.344E+02,8.691E-02,1.345E+02,9.960E-03,9.920E-03,0.9960
222,Polyethylene Terephthalate (Mylar),2.500E+00,1.244E+02,7.893E-02,1.244E+02,1.189E-02,1.185E-02,0.9963
222,Polyethylene Terephthalate (Mylar),2.750E+00,1.159E+02,7.233E-02,1.159E+02,1.398E-02,1.393E-02,0.9965
222,Polyethylene Terephthalate (Mylar),3.000E+00,1.086E+02,6.678E-02,1.086E+02,1.621E-02,1.615E-02,0.9967
222,Polyethylene Terephthalate (Mylar),3.500E+00,9.662E+01,5.795E-02,9.667E+01,2.110E-02,2.103E-02,0.9970
222,Polyethylene Terephthalate (Mylar),4.000E+00,8.724E+01,5.123E-02,8.729E+01,2.655E-02,2.647E-02,0.9972
222,Polyethylene Terephthalate (Mylar),4.500E+00,7.968E+01,4.594E-02,7.973E+01,3.255E-02,3.246E-02,0.9974
222,Polyethylene Terephthalate (Mylar),5.000E+00,7.343E+01,4.167E-02,7.347E+01,3.909E-02,3.899E-02,0.9975
222,Polyethylene Terephthalate (Mylar),5.500E+00,6.817E+01,3.814E-02,6.821E+01,4.615E-02,4.604E-02,0.9976
222,Polyethylene Terephthalate (Mylar),6.000E+00,6.368E+01,3.518E-02,6.372E+01,5.374E-02,5.362E-02,0.9977
222,Polyethylene Terephthalate (Mylar),6.500E+00,5.980E+01,3.265E-02,5.983E+01,6.185E-02,6.171E-02,0.9978
222,Polyethylene Terephthalate (Mylar),7.000E+00,5.640E+01,3.047E-02,5.643E+01,7.046E-02,7.030E-02,0.9978
222,Polyethylene Terephthalate (Mylar),7.500E+00,5.339E+01,2.857E-02,5.342E+01,7.957E-02,7.940E-02,0.9979
222,Polyethylene Terephthalate (Mylar),8.000E+00,5.072E+01,2.690E-02,5.075E+01,8.917E-02,8.899E-02,0.9979
222,Polyethylene Terephthalate (Mylar),8.500E+00,4.834E+01,2.542E-02,4.836E+01,9.927E-02,9.906E-02,0.9980
222,Polyethylene Terephthalate (Mylar),9.000E+00,4.618E+01,2.410E-02,4.621E+01,1.098E-01,1.096E-01,0.9980
222,Polyethylene Terephthalate (Mylar),9.500E+00,4.423E+01,2.291E-02,4.425E+01,1.209E-01,1.207E-01,0.9980
222,Polyethylene Terephthalate (Mylar),1.000E+01,4.245E+01,2.183E-02,4.247E+01,1.324E-01,1.322E-01,0.9980
222,Polyethylene Terephthalate (Mylar),1.250E+01,3.547E+01,1.771E-02,3.549E+01,1.971E-01,1.968E-01,0.9982
222,Polyethylene Terephthalate (Mylar),1.500E+01,3.061E+01,1.492E-02,3.063E+01,2.732E-01,2.727E-01,0.9982
222,Polyethylene Terephthalate (Mylar),1.750E+01,2.702E+01,1.290E-02,2.703E+01,3.603E-01,3.597E-01,0.9983
222,Polyethylene Terephthalate (Mylar),2.000E+01,2.425E+01,1.137E-02,2.426E+01,4.581E-01,4.573E-01,0.9983
222,Polyethylene Terephthalate (Mylar),2.500E+01,2.023E+01,9.210E-03,2.024E+01,6.848E-01,6.837E-01,0.9984
222,Polyethylene Terephthalate (Mylar),2.750E+01,1.873E+01,8.416E-03,1.874E+01,8.133E-01,8.120E-01,0.9984
222,Polyethylene Terephthalate (Mylar),3.000E+01,1.746E+01,7.751E-03,1.746E+01,9.516E-01,9.501E-01,0.9984
222,Polyethylene Terephthalate (Mylar),3.500E+01,1.541E+01,6.697E-03,1.542E+01,1.257E+00,1.255E+00,0.9985
222,Polyethylene Terephthalate (Mylar),4.000E+01,1.385E+01,5.901E-03,1.385E+01,1.600E+00,1.597E+00,0.9985
222,Polyethylene Terephthalate (Mylar),4.500E+01,1.260E+01,5.277E-03,1.261E+01,1.979E+00,1.976E+00,0.9985
222,Polyethylene Terephthalate (Mylar),5.000E+01,1.159E+01,4.775E-03,1.159E+01,2.393E+00,2.389E+00,0.9986
222,Polyethylene Terephthalate (Mylar),5.500E+01,1.075E+01,4.361E-03,1.075E+01,2.841E+00,2.837E+00,0.9986
222,Polyethylene Terephthalate (Mylar),6.000E+01,1.004E+01,4.015E-03,1.004E+01,3.322E+00,3.318E+00,0.9986
222,Polyethylene Terephthalate (Mylar),6.500E+01,9.428E+00,3.721E-03,9.432E+00,3.837E+00,3.831E+00,0.9986
222,Polyethylene Terephthalate (Mylar),7.000E+01,8.901E+00,3.468E-03,8.904E+00,4.382E+00,4.377E+00,0.9986
222,Polyethylene Terephthalate (Mylar),7.500E+01,8.439E+00,3.248E-03,8.443E+00,4.959E+00,4.953E+00,0.9987
222,Polyethylene Terephthalate (Mylar),8.000E+01,8.032E+00,3.055E-03,8.035E+00,5.567E+00,5.559E+00,0.9987
222,Polyethylene Terephthalate (Mylar),8.500E+01,7.670E+00,2.883E-03,7.673E+00,6.204E+00,6.196E+00,0.9987
222,Polyethylene Terephthalate (Mylar),9.000E+01,7.346E+00,2.731E-03,7.348E+00,6.870E+00,6.861E+00,0.9987
222,Polyethylene Terephthalate (Mylar),9.500E+01,7.054E+00,2.594E-03,7.056E+00,7.564E+00,7.555E+00,0.9987
222,Polyethylene Terephthalate (Mylar),1.000E+02,6.789E+00,2.470E-03,6.791E+00,8.287E+00,8.276E+00,0.9987
222,Polyethylene Terephthalate (Mylar),1.250E+02,5.768E+00,1.998E-03,5.770E+00,1.230E+01,1.228E+01,0.9988
222,Polyethylene Terephthalate (Mylar),1.500E+02,5.073E+00,1.679E-03,5.074E+00,1.693E+01,1.691E+01,0.9988
222,Polyethylene Terephthalate (Mylar),1.750E+02,4.568E+00,1.450E-03,4.570E+00,2.214E+01,2.211E+01,0.9988
222,Polyethylene Terephthalate (Mylar),2.000E+02,4.186E+00,1.277E-03,4.187E+00,2.786E+01,2.783E+01,0.9989
222,Polyethylene Terephthalate (Mylar),2.250E+02,3.886E+00,1.142E-03,3.887E+00,3.406E+01,3.403E+01,0.9989
222,Polyethylene Terephthalate (Mylar),2.500E+02,3.645E+00,1.033E-03,3.646E+00,4.071E+01,4.067E+01,0.9989
222,Polyethylene Terephthalate (Mylar),2.750E+02,3.447E+00,9.433E-04,3.448E+00,4.777E+01,4.772E+01,0.9989
222,Polyethylene Terephthalate (Mylar),3.000E+02,3.281E+00,8.684E-04,3.282E+00,5.520E+01,5.515E+01,0.9989
222,Polyethylene Terephthalate (Mylar),3.500E+02,3.021E+00,7.500E-04,3.022E+00,7.111E+01,7.104E+01,0.9990
222,Polyethylene Terephthalate (Mylar),4.000E+02,2.827E+00,6.606E-04,2.827E+00,8.824E+01,8.815E+01,0.9990
222,Polyethylene Terephthalate (Mylar),4.500E+02,2.677E+00,5.906E-04,2.677E+00,1.064E+02,1.063E+02,0.9990
222,Polyethylene Terephthalate (Mylar),5.000E+02,2.558E+00,5.344E-04,2.558E+00,1.255E+02,1.254E+02,0.9991
222,Polyethylene Terephthalate (Mylar),5.500E+02,2.462E+00,4.882E-04,2.462E+00,1.455E+02,1.454E+02,0.9991
222,Polyethylene Terephthalate (Mylar),6.000E+02,2.383E+00,4.495E-04,2.383E+00,1.661E+02,1.660E+02,0.9991
222,Polyethylene Terephthalate (Mylar),6.500E+02,2.318E+00,4.166E-04,2.318E+00,1.874E+02,1.872E+02,0.9991
222,Polyethylene Terephthalate (Mylar),7.000E+02,2.262E+00,3.883E-04,2.263E+00,2.092E+02,2.091E+02,0.9992
222,Polyethylene Terephthalate (Mylar),7.500E+02,2.214E+00,3.638E-04,2.215E+00,2.316E+02,2.314E+02,0.9992
222,Polyethylene Terephthalate (Mylar),8.000E+02,2.173E+00,3.422E-04,2.173E+00,2.544E+02,2.542E+02,0.9992
222,Polyethylene Terephthalate (Mylar),8.500E+02,2.137E+00,3.231E-04,2.137E+00,2.776E+02,2.774E+02,0.9992
222,Polyethylene Terephthalate (Mylar),9.000E+02,2.105E+00,3.061E-04,2.106E+00,3.012E+02,3.009E+02,0.9992
222,Polyethylene Terephthalate (Mylar),9.500E+02,2.078E+00,2.908E-04,2.078E+00,3.251E+02,3.248E+02,0.9992
222,Polyethylene Terephthalate (Mylar),1.000E+03,2.054E+00,2.770E-04,2.054E+00,3.493E+02,3.490E+02,0.9993
222,Polyethylene Terephthalate (Mylar),1.500E+03,1.918E+00,1.889E-04,1.918E+00,6.027E+02,6.023E+02,0.9994
222,Polyethylene Terephthalate (Mylar),2.000E+03,1.871E+00,1.440E-04,1.871E+00,8.672E+02,8.667E+02,0.9994
222,Polyethylene Terephthalate (Mylar),2.500E+03,1.854E+00,1.167E-04,1.855E+00,1.136E+03,1.135E+03,0.9995
222,Polyethylene Terephthalate (Mylar),3.000E+03,1.852E+00,9.836E-05,1.852E+00,1.406E+03,1.405E+03,0.9995
222,Polyethylene Terephthalate (Mylar),4.000E+03,1.864E+00,7.508E-05,1.864E+00,1.944E+03,1.943E+03,0.9996
222,Polyethylene Terephthalate (Mylar),5.000E+03,1.883E+00,6.091E-05,1.883E+00,2.478E+03,2.477E+03,0.9996
222,Polyethylene Terephthalate (Mylar),6.000E+03,1.903E+00,5.135E-05,1.903E+00,3.007E+03,3.006E+03,0.9997
222,Polyethylene Terephthalate (Mylar),7.000E+03,1.923E+00,4.444E-05,1.923E+00,3.529E+03,3.528E+03,0.9997
222,Polyethylene Terephthalate (Mylar),8.000E+03,1.942E+00,3.922E-05,1.942E+00,4.047E+03,4.046E+03,0.9997
222,Polyethylene Terephthalate (Mylar),9.000E+03,1.959E+00,3.513E-05,1.959E+00,4.559E+03,4.558E+03,0.9997
222,Polyethylene Terephthalate (Mylar),1.000E+04,1.976E+00,3.183E-05,1.976E+00,5.068E+03,5.066E+03,0.9998
223,"Polymethyl Methacralate (Lucite, Perspex)",1.000E-03,1.749E+02,3.973E+01,2.147E+02,5.659E-06,2.667E-06,0.4713
223,"Polymethyl Methacralate (Lucite, Perspex)",1.500E-03,2.142E+02,3.203E+01,2.463E+02,7.816E-06,4.006E-06,0.5125
223,"Polymethyl Methacralate (Lucite, Perspex)",2.000E-03,2.474E+02,2.718E+01,2.746E+02,9.737E-06,5.307E-06,0.5451
223,"Polymethyl Methacralate (Lucite, Perspex)",2.500E-03,2.766E+02,2.379E+01,3.004E+02,1.148E-05,6.558E-06,0.5714
223,"Polymethyl Methacralate (Lucite, Perspex)",3.000E-03,3.030E+02,2.125E+01,3.242E+02,1.308E-05,7.761E-06,0.5934
223,"Polymethyl Methacralate (Lucite, Perspex)",4.000E-03,3.459E+02,1.766E+01,3.635E+02,1.598E-05,1.005E-05,0.6287
223,"Polymethyl Methacralate (Lucite, Perspex)",5.000E-03,3.841E+02,1.522E+01,3.994E+02,1.861E-05,1.221E-05,0.6560
223,"Polymethyl Methacralate (Lucite, Perspex)",6.000E-03,4.187E+02,1.344E+01,4.322E+02,2.101E-05,1.424E-05,0.6779
223,"Polymethyl Methacralate (Lucite, Perspex)",7.000E-03,4.504E+02,1.207E+01,4.624E+02,2.325E-05,1.618E-05,0.6961
223,"Polymethyl Methacralate (Lucite, Perspex)",8.000E-03,4.790E+02,1.098E+01,4.899E+02,2.535E-05,1.804E-05,0.7116
223,"Polymethyl Methacralate (Lucite, Perspex)",9.000E-03,5.052E+02,1.009E+01,5.153E+02,2.734E-05,1.982E-05,0.7249
223,"Polymethyl Methacralate (Lucite, Perspex)",1.000E-02,5.298E+02,9.342E+00,5.391E+02,2.923E-05,2.153E-05,0.7365
223,"Polymethyl Methacralate (Lucite, Perspex)",1.250E-02,5.791E+02,7.924E+00,5.870E+02,3.367E-05,2.560E-05,0.7604
223,"Polymethyl Methacralate (Lucite, Perspex)",1.500E-02,6.208E+02,6.910E+00,6.277E+02,3.778E-05,2.944E-05,0.7791
223,"Polymethyl Methacralate (Lucite, Perspex)",1.750E-02,6.571E+02,6.145E+00,6.632E+02,4.165E-05,3.309E-05,0.7943
223,"Polymethyl Methacralate (Lucite, Perspex)",2.000E-02,6.893E+02,5.545E+00,6.948E+02,4.533E-05,3.658E-05,0.8069
223,"Polymethyl Methacralate (Lucite, Perspex)",2.250E-02,7.179E+02,5.061E+00,7.229E+02,4.886E-05,3.995E-05,0.8177
223,"Polymethyl Methacralate (Lucite, Perspex)",2.500E-02,7.432E+02,4.661E+00,7.479E+02,5.226E-05,4.322E-05,0.8270
223,"Polymethyl Methacralate (Lucite, Perspex)",2.750E-02,7.657E+02,4.324E+00,7.700E+02,5.555E-05,4.639E-05,0.8351
223,"Polymethyl Methacralate (Lucite, Perspex)",3.000E-02,7.858E+02,4.036E+00,7.898E+02,5.876E-05,4.949E-05,0.8424
223,"Polymethyl Methacralate (Lucite, Perspex)",3.500E-02,8.208E+02,3.570E+00,8.244E+02,6.495E-05,5.551E-05,0.8546
223,"Polymethyl Methacralate (Lucite, Perspex)",4.000E-02,8.505E+02,3.207E+00,8.537E+02,7.091E-05,6.132E-05,0.8648
223,"Polymethyl Methacralate (Lucite, Perspex)",4.500E-02,8.750E+02,2.916E+00,8.779E+02,7.668E-05,6.697E-05,0.8733
223,"Polymethyl Methacralate (Lucite, Perspex)",5.000E-02,8.945E+02,2.677E+00,8.972E+02,8.231E-05,7.249E-05,0.8807
223,"Polymethyl Methacralate (Lucite, Perspex)",5.500E-02,9.093E+02,2.477E+00,9.118E+02,8.784E-05,7.792E-05,0.8871
223,"Polymethyl Methacralate (Lucite, Perspex)",6.000E-02,9.201E+02,2.307E+00,9.224E+02,9.329E-05,8.328E-05,0.8928
223,"Polymethyl Methacralate (Lucite, Perspex)",6.500E-02,9.274E+02,2.160E+00,9.296E+02,9.868E-05,8.860E-05,0.8978
223,"Polymethyl Methacralate (Lucite, Perspex)",7.000E-02,9.319E+02,2.032E+00,9.340E+02,1.040E-04,9.390E-05,0.9024
223,"Polymethyl Methacralate (Lucite, Perspex)",7.500E-02,9.339E+02,1.919E+00,9.358E+02,1.094E-04,9.918E-05,0.9066
223,"Polymethyl Methacralate (Lucite, Perspex)",8.000E-02,9.337E+02,1.819E+00,9.355E+02,1.147E-04,1.045E-04,0.9104
223,"Polymethyl Methacralate (Lucite, Perspex)",8.500E-02,9.316E+02,1.730E+00,9.334E+02,1.201E-04,1.097E-04,0.9139
223,"Polymethyl Methacralate (Lucite, Perspex)",9.000E-02,9.280E+02,1.650E+00,9.296E+02,1.255E-04,1.151E-04,0.9171
223,"Polymethyl Methacralate (Lucite, Perspex)",9.500E-02,9.229E+02,1.577E+00,9.245E+02,1.308E-04,1.204E-04,0.9202
223,"Polymethyl Methacralate (Lucite, Perspex)",1.000E-01,9.168E+02,1.511E+00,9.183E+02,1.363E-04,1.258E-04,0.9230
223,"Polymethyl Methacralate (Lucite, Perspex)",1.250E-01,8.744E+02,1.253E+00,8.757E+02,1.641E-04,1.534E-04,0.9347
223,"Polymethyl Methacralate (Lucite, Perspex)",1.500E-01,8.232E+02,1.074E+00,8.243E+02,1.935E-04,1.826E-04,0.9436
223,"Polymethyl Methacralate (Lucite, Perspex)",1.750E-01,7.713E+02,9.419E-01,7.723E+02,2.249E-04,2.138E-04,0.9506
223,"Polymethyl Methacralate (Lucite, Perspex)",2.000E-01,7.224E+02,8.405E-01,7.232E+02,2.583E-04,2.470E-04,0.9563
223,"Polymethyl Methacralate (Lucite, Perspex)",2.250E-01,6.762E+02,7.599E-01,6.769E+02,2.941E-04,2.826E-04,0.9611
223,"Polymethyl Methacralate (Lucite, Perspex)",2.500E-01,6.340E+02,6.942E-01,6.346E+02,3.322E-04,3.206E-04,0.9650
223,"Polymethyl Methacralate (Lucite, Perspex)",2.750E-01,5.963E+02,6.392E-01,5.969E+02,3.728E-04,3.611E-04,0.9684
223,"Polymethyl Methacralate (Lucite, Perspex)",3.000E-01,5.628E+02,5.923E-01,5.634E+02,4.160E-04,4.040E-04,0.9713
223,"Polymethyl Methacralate (Lucite, Perspex)",3.500E-01,5.072E+02,5.174E-01,5.077E+02,5.096E-04,4.973E-04,0.9759
223,"Polymethyl Methacralate (Lucite, Perspex)",4.000E-01,4.634E+02,4.600E-01,4.639E+02,6.128E-04,6.001E-04,0.9793
223,"Polymethyl Methacralate (Lucite, Perspex)",4.500E-01,4.285E+02,4.146E-01,4.289E+02,7.250E-04,7.120E-04,0.9820
223,"Polymethyl Methacralate (Lucite, Perspex)",5.000E-01,4.002E+02,3.777E-01,4.006E+02,8.458E-04,8.324E-04,0.9842
223,"Polymethyl Methacralate (Lucite, Perspex)",5.500E-01,3.767E+02,3.472E-01,3.770E+02,9.745E-04,9.607E-04,0.9859
223,"Polymethyl Methacralate (Lucite, Perspex)",6.000E-01,3.561E+02,3.213E-01,3.564E+02,1.111E-03,1.097E-03,0.9872
223,"Polymethyl Methacralate (Lucite, Perspex)",6.500E-01,3.380E+02,2.991E-01,3.383E+02,1.255E-03,1.240E-03,0.9884
223,"Polymethyl Methacralate (Lucite, Perspex)",7.000E-01,3.219E+02,2.799E-01,3.222E+02,1.407E-03,1.392E-03,0.9893
223,"Polymethyl Methacralate (Lucite, Perspex)",7.500E-01,3.075E+02,2.631E-01,3.078E+02,1.565E-03,1.550E-03,0.9901
223,"Polymethyl Methacralate (Lucite, Perspex)",8.000E-01,2.945E+02,2.483E-01,2.948E+02,1.731E-03,1.716E-03,0.9908
223,"Polymethyl Methacralate (Lucite, Perspex)",8.500E-01,2.828E+02,2.351E-01,2.830E+02,1.905E-03,1.888E-03,0.9914
223,"Polymethyl Methacralate (Lucite, Perspex)",9.000E-01,2.720E+02,2.233E-01,2.722E+02,2.085E-03,2.068E-03,0.9920
223,"Polymethyl Methacralate (Lucite, Perspex)",9.500E-01,2.621E+02,2.127E-01,2.623E+02,2.272E-03,2.255E-03,0.9924
223,"Polymethyl Methacralate (Lucite, Perspex)",1.000E+00,2.530E+02,2.030E-01,2.532E+02,2.466E-03,2.448E-03,0.9928
223,"Polymethyl Methacralate (Lucite, Perspex)",1.250E+00,2.166E+02,1.659E-01,2.168E+02,3.537E-03,3.517E-03,0.9943
223,"Polymethyl Methacralate (Lucite, Perspex)",1.500E+00,1.904E+02,1.405E-01,1.905E+02,4.770E-03,4.747E-03,0.9952
223,"Polymethyl Methacralate (Lucite, Perspex)",1.750E+00,1.703E+02,1.221E-01,1.705E+02,6.160E-03,6.134E-03,0.9958
223,"Polymethyl Methacralate (Lucite, Perspex)",2.000E+00,1.545E+02,1.081E-01,1.546E+02,7.702E-03,7.672E-03,0.9962
223,"Polymethyl Methacralate (Lucite, Perspex)",2.250E+00,1.417E+02,9.699E-02,1.418E+02,9.392E-03,9.359E-03,0.9965
223,"Polymethyl Methacralate (Lucite, Perspex)",2.500E+00,1.310E+02,8.804E-02,1.311E+02,1.123E-02,1.119E-02,0.9968
223,"Polymethyl Methacralate (Lucite, Perspex)",2.750E+00,1.220E+02,8.065E-02,1.221E+02,1.320E-02,1.316E-02,0.9970
223,"Polymethyl Methacralate (Lucite, Perspex)",3.000E+00,1.143E+02,7.443E-02,1.143E+02,1.532E-02,1.528E-02,0.9971
223,"Polymethyl Methacralate (Lucite, Perspex)",3.500E+00,1.016E+02,6.455E-02,1.017E+02,1.997E-02,1.991E-02,0.9974
223,"Polymethyl Methacralate (Lucite, Perspex)",4.000E+00,9.173E+01,5.704E-02,9.179E+01,2.515E-02,2.509E-02,0.9975
223,"Polymethyl Methacralate (Lucite, Perspex)",4.500E+00,8.374E+01,5.113E-02,8.379E+01,3.086E-02,3.079E-02,0.9977
223,"Polymethyl Methacralate (Lucite, Perspex)",5.000E+00,7.714E+01,4.636E-02,7.719E+01,3.708E-02,3.700E-02,0.9978
223,"Polymethyl Methacralate (Lucite, Perspex)",5.500E+00,7.160E+01,4.243E-02,7.164E+01,4.381E-02,4.372E-02,0.9978
223,"Polymethyl Methacralate (Lucite, Perspex)",6.000E+00,6.686E+01,3.912E-02,6.690E+01,5.104E-02,5.093E-02,0.9979
223,"Polymethyl Methacralate (Lucite, Perspex)",6.500E+00,6.276E+01,3.630E-02,6.280E+01,5.876E-02,5.864E-02,0.9980
223,"Polymethyl Methacralate (Lucite, Perspex)",7.000E+00,5.918E+01,3.387E-02,5.921E+01,6.696E-02,6.683E-02,0.9980
223,"Polymethyl Methacralate (Lucite, Perspex)",7.500E+00,5.602E+01,3.176E-02,5.605E+01,7.564E-02,7.550E-02,0.9981
223,"Polymethyl Methacralate (Lucite, Perspex)",8.000E+00,5.321E+01,2.989E-02,5.324E+01,8.480E-02,8.464E-02,0.9981
223,"Polymethyl Methacralate (Lucite, Perspex)",8.500E+00,5.070E+01,2.824E-02,5.073E+01,9.442E-02,9.425E-02,0.9981
223,"Polymethyl Methacralate (Lucite, Perspex)",9.000E+00,4.843E+01,2.677E-02,4.845E+01,1.045E-01,1.043E-01,0.9982
223,"Polymethyl Methacralate (Lucite, Perspex)",9.500E+00,4.637E+01,2.545E-02,4.640E+01,1.151E-01,1.149E-01,0.9982
223,"Polymethyl Methacralate (Lucite, Perspex)",1.000E+01,4.450E+01,2.425E-02,4.452E+01,1.261E-01,1.258E-01,0.9982
223,"Polymethyl Methacralate (Lucite, Perspex)",1.250E+01,3.717E+01,1.966E-02,3.719E+01,1.878E-01,1.875E-01,0.9983
223,"Polymethyl Methacralate (Lucite, Perspex)",1.500E+01,3.206E+01,1.656E-02,3.208E+01,2.604E-01,2.600E-01,0.9984
223,"Polymethyl Methacralate (Lucite, Perspex)",1.750E+01,2.829E+01,1.431E-02,2.831E+01,3.435E-01,3.430E-01,0.9984
223,"Polymethyl Methacralate (Lucite, Perspex)",2.000E+01,2.538E+01,1.262E-02,2.539E+01,4.369E-01,4.363E-01,0.9985
223,"Polymethyl Methacralate (Lucite, Perspex)",2.500E+01,2.117E+01,1.022E-02,2.118E+01,6.535E-01,6.526E-01,0.9985
223,"Polymethyl Methacralate (Lucite, Perspex)",2.750E+01,1.960E+01,9.334E-03,1.961E+01,7.763E-01,7.752E-01,0.9985
223,"Polymethyl Methacralate (Lucite, Perspex)",3.000E+01,1.826E+01,8.595E-03,1.827E+01,9.085E-01,9.072E-01,0.9986
223,"Polymethyl Methacralate (Lucite, Perspex)",3.500E+01,1.612E+01,7.426E-03,1.613E+01,1.200E+00,1.199E+00,0.9986
223,"Polymethyl Methacralate (Lucite, Perspex)",4.000E+01,1.448E+01,6.542E-03,1.449E+01,1.528E+00,1.526E+00,0.9986
223,"Polymethyl Methacralate (Lucite, Perspex)",4.500E+01,1.318E+01,5.850E-03,1.318E+01,1.890E+00,1.888E+00,0.9987
223,"Polymethyl Methacralate (Lucite, Perspex)",5.000E+01,1.212E+01,5.293E-03,1.212E+01,2.286E+00,2.283E+00,0.9987
223,"Polymethyl Methacralate (Lucite, Perspex)",5.500E+01,1.123E+01,4.834E-03,1.124E+01,2.715E+00,2.712E+00,0.9987
223,"Polymethyl Methacralate (Lucite, Perspex)",6.000E+01,1.049E+01,4.451E-03,1.050E+01,3.176E+00,3.172E+00,0.9987
223,"Polymethyl Methacralate (Lucite, Perspex)",6.500E+01,9.854E+00,4.124E-03,9.858E+00,3.668E+00,3.663E+00,0.9987
223,"Polymethyl Methacralate (Lucite, Perspex)",7.000E+01,9.302E+00,3.844E-03,9.306E+00,4.190E+00,4.185E+00,0.9987
223,"Polymethyl Methacralate (Lucite, Perspex)",7.500E+01,8.819E+00,3.599E-03,8.823E+00,4.742E+00,4.736E+00,0.9988
223,"Polymethyl Methacralate (Lucite, Perspex)",8.000E+01,8.393E+00,3.385E-03,8.397E+00,5.323E+00,5.317E+00,0.9988
223,"Polymethyl Methacralate (Lucite, Perspex)",8.500E+01,8.014E+00,3.195E-03,8.018E+00,5.933E+00,5.926E+00,0.9988
223,"Polymethyl Methacralate (Lucite, Perspex)",9.000E+01,7.675E+00,3.026E-03,7.678E+00,6.570E+00,6.562E+00,0.9988
223,"Polymethyl Methacralate (Lucite, Perspex)",9.500E+01,7.369E+00,2.874E-03,7.372E+00,7.235E+00,7.226E+00,0.9988
223,"Polymethyl Methacralate (Lucite, Perspex)",1.000E+02,7.093E+00,2.737E-03,7.095E+00,7.927E+00,7.917E+00,0.9988
223,"Polymethyl Methacralate (Lucite, Perspex)",1.250E+02,6.025E+00,2.213E-03,6.027E+00,1.177E+01,1.175E+01,0.9988
223,"Polymethyl Methacralate (Lucite, Perspex)",1.500E+02,5.298E+00,1.861E-03,5.300E+00,1.620E+01,1.619E+01,0.9989
223,"Polymethyl Methacralate (Lucite, Perspex)",1.750E+02,4.770E+00,1.607E-03,4.772E+00,2.119E+01,2.116E+01,0.9989
223,"Polymethyl Methacralate (Lucite, Perspex)",2.000E+02,4.371E+00,1.415E-03,4.372E+00,2.667E+01,2.664E+01,0.9989
223,"Polymethyl Methacralate (Lucite, Perspex)",2.250E+02,4.057E+00,1.265E-03,4.058E+00,3.261E+01,3.258E+01,0.9990
223,"Polymethyl Methacralate (Lucite, Perspex)",2.500E+02,3.805E+00,1.144E-03,3.806E+00,3.898E+01,3.894E+01,0.9990
223,"Polymethyl Methacralate (Lucite, Perspex)",2.750E+02,3.598E+00,1.045E-03,3.599E+00,4.574E+01,4.569E+01,0.9990
223,"Polymethyl Methacralate (Lucite, Perspex)",3.000E+02,3.425E+00,9.618E-04,3.426E+00,5.286E+01,5.281E+01,0.9990
223,"Polymethyl Methacralate (Lucite, Perspex)",3.500E+02,3.153E+00,8.306E-04,3.154E+00,6.810E+01,6.804E+01,0.9991
223,"Polymethyl Methacralate (Lucite, Perspex)",4.000E+02,2.950E+00,7.316E-04,2.951E+00,8.451E+01,8.443E+01,0.9991
223,"Polymethyl Methacralate (Lucite, Perspex)",4.500E+02,2.793E+00,6.541E-04,2.794E+00,1.019E+02,1.019E+02,0.9991
223,"Polymethyl Methacralate (Lucite, Perspex)",5.000E+02,2.669E+00,5.918E-04,2.670E+00,1.203E+02,1.202E+02,0.9991
223,"Polymethyl Methacralate (Lucite, Perspex)",5.500E+02,2.569E+00,5.406E-04,2.569E+00,1.394E+02,1.393E+02,0.9992
223,"Polymethyl Methacralate (Lucite, Perspex)",6.000E+02,2.486E+00,4.977E-04,2.487E+00,1.592E+02,1.590E+02,0.9992
223,"Polymethyl Methacralate (Lucite, Perspex)",6.500E+02,2.418E+00,4.613E-04,2.418E+00,1.796E+02,1.794E+02,0.9992
223,"Polymethyl Methacralate (Lucite, Perspex)",7.000E+02,2.360E+00,4.300E-04,2.361E+00,2.005E+02,2.003E+02,0.9992
223,"Polymethyl Methacralate (Lucite, Perspex)",7.500E+02,2.311E+00,4.028E-04,2.312E+00,2.219E+02,2.217E+02,0.9992
223,"Polymethyl Methacralate (Lucite, Perspex)",8.000E+02,2.269E+00,3.789E-04,2.269E+00,2.437E+02,2.435E+02,0.9992
223,"Polymethyl Methacralate (Lucite, Perspex)",8.500E+02,2.231E+00,3.577E-04,2.232E+00,2.660E+02,2.658E+02,0.9993
223,"Polymethyl Methacralate (Lucite, Perspex)",9.000E+02,2.199E+00,3.389E-04,2.199E+00,2.885E+02,2.883E+02,0.9993
223,"Polymethyl Methacralate (Lucite, Perspex)",9.500E+02,2.170E+00,3.220E-04,2.170E+00,3.114E+02,3.112E+02,0.9993
223,"Polymethyl Methacralate (Lucite, Perspex)",1.000E+03,2.145E+00,3.067E-04,2.145E+00,3.346E+02,3.344E+02,0.9993
223,"Polymethyl Methacralate (Lucite, Perspex)",1.500E+03,2.004E+00,2.091E-04,2.004E+00,5.772E+02,5.768E+02,0.9994
223,"Polymethyl Methacralate (Lucite, Perspex)",2.000E+03,1.954E+00,1.594E-04,1.954E+00,8.304E+02,8.299E+02,0.9995
223,"Polymethyl Methacralate (Lucite, Perspex)",2.500E+03,1.937E+00,1.292E-04,1.937E+00,1.088E+03,1.087E+03,0.9995
223,"Polymethyl Methacralate (Lucite, Perspex)",3.000E+03,1.934E+00,1.089E-04,1.934E+00,1.346E+03,1.345E+03,0.9996
223,"Polymethyl Methacralate (Lucite, Perspex)",4.000E+03,1.945E+00,8.309E-05,1.945E+00,1.862E+03,1.861E+03,0.9996
223,"Polymethyl Methacralate (Lucite, Perspex)",5.000E+03,1.964E+00,6.740E-05,1.964E+00,2.374E+03,2.373E+03,0.9997
223,"Polymethyl Methacralate (Lucite, Perspex)",6.000E+03,1.985E+00,5.682E-05,1.985E+00,2.880E+03,2.879E+03,0.9997
223,"Polymethyl Methacralate (Lucite, Perspex)",7.000E+03,2.005E+00,4.918E-05,2.005E+00,3.381E+03,3.380E+03,0.9997
223,"Polymethyl Methacralate (Lucite, Perspex)",8.000E+03,2.024E+00,4.340E-05,2.024E+00,3.877E+03,3.876E+03,0.9997
223,"Polymethyl Methacralate (Lucite, Perspex)",9.000E+03,2.042E+00,3.886E-05,2.042E+00,4.369E+03,4.368E+03,0.9998
223,"Polymethyl Methacralate (Lucite, Perspex)",1.000E+04,2.059E+00,3.521E-05,2.059E+00,4.857E+03,4.856E+03,0.9998
225,Polypropylene,1.000E-03,1.976E+02,5.407E+01,2.516E+02,4.539E-06,2.427E-06,0.5347
225,Polypropylene,1.500E-03,2.420E+02,4.284E+01,2.848E+02,6.393E-06,3.664E-06,0.5732
225,Polypropylene,2.000E-03,2.794E+02,3.593E+01,3.153E+02,8.061E-06,4.864E-06,0.6034
225,Polypropylene,2.500E-03,3.124E+02,3.117E+01,3.436E+02,9.578E-06,6.013E-06,0.6277
225,Polypropylene,3.000E-03,3.422E+02,2.766E+01,3.699E+02,1.098E-05,7.115E-06,0.6479
225,Polypropylene,4.000E-03,3.951E+02,2.277E+01,4.179E+02,1.352E-05,9.192E-06,0.6799
225,Polypropylene,5.000E-03,4.418E+02,1.949E+01,4.613E+02,1.579E-05,1.113E-05,0.7044
225,Polypropylene,6.000E-03,4.839E+02,1.712E+01,5.011E+02,1.787E-05,1.294E-05,0.7239
225,Polypropylene,7.000E-03,5.227E+02,1.531E+01,5.380E+02,1.980E-05,1.465E-05,0.7400
225,Polypropylene,8.000E-03,5.588E+02,1.387E+01,5.727E+02,2.160E-05,1.627E-05,0.7535
225,Polypropylene,9.000E-03,5.927E+02,1.271E+01,6.054E+02,2.330E-05,1.783E-05,0.7652
225,Polypropylene,1.000E-02,6.248E+02,1.175E+01,6.365E+02,2.491E-05,1.931E-05,0.7753
225,Polypropylene,1.250E-02,6.873E+02,9.913E+00,6.972E+02,2.865E-05,2.280E-05,0.7959
225,Polypropylene,1.500E-02,7.413E+02,8.613E+00,7.499E+02,3.210E-05,2.607E-05,0.8120
225,Polypropylene,1.750E-02,7.890E+02,7.637E+00,7.966E+02,3.534E-05,2.915E-05,0.8250
225,Polypropylene,2.000E-02,8.314E+02,6.875E+00,8.383E+02,3.839E-05,3.209E-05,0.8357
225,Polypropylene,2.250E-02,8.694E+02,6.262E+00,8.757E+02,4.131E-05,3.490E-05,0.8449
225,Polypropylene,2.500E-02,9.036E+02,5.757E+00,9.093E+02,4.411E-05,3.762E-05,0.8528
225,Polypropylene,2.750E-02,9.343E+02,5.334E+00,9.396E+02,4.681E-05,4.024E-05,0.8597
225,Polypropylene,3.000E-02,9.620E+02,4.972E+00,9.670E+02,4.944E-05,4.280E-05,0.8658
225,Polypropylene,3.500E-02,1.009E+03,4.389E+00,1.014E+03,5.448E-05,4.773E-05,0.8761
225,Polypropylene,4.000E-02,1.048E+03,3.936E+00,1.051E+03,5.932E-05,5.248E-05,0.8847
225,Polypropylene,4.500E-02,1.078E+03,3.573E+00,1.081E+03,6.401E-05,5.709E-05,0.8919
225,Polypropylene,5.000E-02,1.101E+03,3.276E+00,1.105E+03,6.858E-05,6.159E-05,0.8982
225,Polypropylene,5.500E-02,1.119E+03,3.028E+00,1.122E+03,7.307E-05,6.602E-05,0.9036
225,Polypropylene,6.000E-02,1.132E+03,2.817E+00,1.135E+03,7.750E-05,7.040E-05,0.9084
225,Polypropylene,6.500E-02,1.140E+03,2.635E+00,1.143E+03,8.189E-05,7.474E-05,0.9127
225,Polypropylene,7.000E-02,1.145E+03,2.477E+00,1.147E+03,8.625E-05,7.906E-05,0.9167
225,Polypropylene,7.500E-02,1.146E+03,2.338E+00,1.149E+03,9.061E-05,8.338E-05,0.9202
225,Polypropylene,8.000E-02,1.145E+03,2.215E+00,1.147E+03,9.496E-05,8.769E-05,0.9235
225,Polypropylene,8.500E-02,1.141E+03,2.105E+00,1.143E+03,9.933E-05,9.202E-05,0.9265
225,Polypropylene,9.000E-02,1.135E+03,2.006E+00,1.137E+03,1.037E-04,9.637E-05,0.9293
225,Polypropylene,9.500E-02,1.128E+03,1.916E+00,1.129E+03,1.081E-04,1.008E-04,0.9319
225,Polypropylene,1.000E-01,1.119E+03,1.835E+00,1.120E+03,1.126E-04,1.052E-04,0.9343
225,Polypropylene,1.250E-01,1.060E+03,1.518E+00,1.061E+03,1.355E-04,1.279E-04,0.9444
225,Polypropylene,1.500E-01,9.917E+02,1.300E+00,9.930E+02,1.598E-04,1.521E-04,0.9521
225,Polypropylene,1.750E-01,9.243E+02,1.139E+00,9.255E+02,1.859E-04,1.781E-04,0.9582
225,Polypropylene,2.000E-01,8.620E+02,1.015E+00,8.630E+02,2.139E-04,2.060E-04,0.9632
225,Polypropylene,2.250E-01,8.061E+02,9.168E-01,8.070E+02,2.438E-04,2.359E-04,0.9673
225,Polypropylene,2.500E-01,7.565E+02,8.369E-01,7.573E+02,2.758E-04,2.677E-04,0.9707
225,Polypropylene,2.750E-01,7.128E+02,7.698E-01,7.136E+02,3.099E-04,3.017E-04,0.9736
225,Polypropylene,3.000E-01,6.742E+02,7.126E-01,6.750E+02,3.459E-04,3.376E-04,0.9760
225,Polypropylene,3.500E-01,6.054E+02,6.212E-01,6.060E+02,4.241E-04,4.156E-04,0.9799
225,Polypropylene,4.000E-01,5.486E+02,5.514E-01,5.491E+02,5.109E-04,5.022E-04,0.9829
225,Polypropylene,4.500E-01,5.033E+02,4.963E-01,5.038E+02,6.061E-04,5.972E-04,0.9852
225,Polypropylene,5.000E-01,4.675E+02,4.515E-01,4.679E+02,7.092E-04,7.000E-04,0.9870
225,Polypropylene,5.500E-01,4.387E+02,4.145E-01,4.391E+02,8.196E-04,8.102E-04,0.9885
225,Polypropylene,6.000E-01,4.136E+02,3.832E-01,4.140E+02,9.370E-04,9.273E-04,0.9897
225,Polypropylene,6.500E-01,3.918E+02,3.564E-01,3.921E+02,1.061E-03,1.051E-03,0.9906
225,Polypropylene,7.000E-01,3.724E+02,3.332E-01,3.728E+02,1.192E-03,1.182E-03,0.9914
225,Polypropylene,7.500E-01,3.552E+02,3.129E-01,3.555E+02,1.329E-03,1.319E-03,0.9921
225,Polypropylene,8.000E-01,3.397E+02,2.951E-01,3.400E+02,1.473E-03,1.462E-03,0.9927
225,Polypropylene,8.500E-01,3.257E+02,2.792E-01,3.260E+02,1.623E-03,1.612E-03,0.9932
225,Polypropylene,9.000E-01,3.129E+02,2.651E-01,3.131E+02,1.780E-03,1.769E-03,0.9936
225,Polypropylene,9.500E-01,3.011E+02,2.523E-01,3.014E+02,1.943E-03,1.931E-03,0.9940
225,Polypropylene,1.000E+00,2.904E+02,2.408E-01,2.906E+02,2.112E-03,2.100E-03,0.9943
225,Polypropylene,1.250E+00,2.475E+02,1.963E-01,2.477E+02,3.047E-03,3.034E-03,0.9955
225,Polypropylene,1.500E+00,2.168E+02,1.660E-01,2.169E+02,4.129E-03,4.113E-03,0.9962
225,Polypropylene,1.750E+00,1.935E+02,1.440E-01,1.936E+02,5.351E-03,5.333E-03,0.9967
225,Polypropylene,2.000E+00,1.751E+02,1.273E-01,1.752E+02,6.710E-03,6.690E-03,0.9971
225,Polypropylene,2.250E+00,1.602E+02,1.142E-01,1.603E+02,8.203E-03,8.181E-03,0.9973
225,Polypropylene,2.500E+00,1.479E+02,1.036E-01,1.480E+02,9.828E-03,9.803E-03,0.9975
225,Polypropylene,2.750E+00,1.375E+02,9.481E-02,1.376E+02,1.158E-02,1.155E-02,0.9977
225,Polypropylene,3.000E+00,1.286E+02,8.744E-02,1.287E+02,1.346E-02,1.343E-02,0.9978
225,Polypropylene,3.500E+00,1.142E+02,7.575E-02,1.142E+02,1.759E-02,1.756E-02,0.9980
225,Polypropylene,4.000E+00,1.028E+02,6.688E-02,1.029E+02,2.221E-02,2.217E-02,0.9981
225,Polypropylene,4.500E+00,9.373E+01,5.991E-02,9.379E+01,2.731E-02,2.726E-02,0.9982
225,Polypropylene,5.000E+00,8.623E+01,5.429E-02,8.628E+01,3.287E-02,3.281E-02,0.9983
225,Polypropylene,5.500E+00,7.993E+01,4.965E-02,7.998E+01,3.889E-02,3.883E-02,0.9983
225,Polypropylene,6.000E+00,7.457E+01,4.576E-02,7.461E+01,4.537E-02,4.530E-02,0.9984
225,Polypropylene,6.500E+00,6.993E+01,4.245E-02,6.997E+01,5.229E-02,5.221E-02,0.9984
225,Polypropylene,7.000E+00,6.589E+01,3.959E-02,6.593E+01,5.966E-02,5.957E-02,0.9985
225,Polypropylene,7.500E+00,6.232E+01,3.711E-02,6.236E+01,6.746E-02,6.736E-02,0.9985
225,Polypropylene,8.000E+00,5.916E+01,3.492E-02,5.919E+01,7.569E-02,7.558E-02,0.9985
225,Polypropylene,8.500E+00,5.633E+01,3.298E-02,5.636E+01,8.435E-02,8.423E-02,0.9986
225,Polypropylene,9.000E+00,5.378E+01,3.126E-02,5.381E+01,9.343E-02,9.330E-02,0.9986
225,Polypropylene,9.500E+00,5.147E+01,2.970E-02,5.150E+01,1.029E-01,1.028E-01,0.9986
225,Polypropylene,1.000E+01,4.936E+01,2.830E-02,4.939E+01,1.129E-01,1.127E-01,0.9986
225,Polypropylene,1.250E+01,4.115E+01,2.292E-02,4.117E+01,1.685E-01,1.683E-01,0.9987
225,Polypropylene,1.500E+01,3.545E+01,1.929E-02,3.547E+01,2.342E-01,2.339E-01,0.9987
225,Polypropylene,1.750E+01,3.124E+01,1.667E-02,3.126E+01,3.094E-01,3.091E-01,0.9988
225,Polypropylene,2.000E+01,2.800E+01,1.469E-02,2.801E+01,3.941E-01,3.936E-01,0.9988
225,Polypropylene,2.500E+01,2.332E+01,1.189E-02,2.333E+01,5.906E-01,5.899E-01,0.9988
225,Polypropylene,2.750E+01,2.157E+01,1.086E-02,2.158E+01,7.021E-01,7.013E-01,0.9989
225,Polypropylene,3.000E+01,2.009E+01,1.000E-02,2.010E+01,8.222E-01,8.213E-01,0.9989
225,Polypropylene,3.500E+01,1.772E+01,8.638E-03,1.773E+01,1.088E+00,1.086E+00,0.9989
225,Polypropylene,4.000E+01,1.590E+01,7.608E-03,1.591E+01,1.386E+00,1.384E+00,0.9989
225,Polypropylene,4.500E+01,1.446E+01,6.801E-03,1.447E+01,1.716E+00,1.714E+00,0.9989
225,Polypropylene,5.000E+01,1.329E+01,6.153E-03,1.330E+01,2.077E+00,2.074E+00,0.9990
225,Polypropylene,5.500E+01,1.232E+01,5.619E-03,1.233E+01,2.467E+00,2.465E+00,0.9990
225,Polypropylene,6.000E+01,1.150E+01,5.172E-03,1.151E+01,2.888E+00,2.885E+00,0.9990
225,Polypropylene,6.500E+01,1.080E+01,4.793E-03,1.080E+01,3.336E+00,3.333E+00,0.9990
225,Polypropylene,7.000E+01,1.019E+01,4.466E-03,1.019E+01,3.813E+00,3.809E+00,0.9990
225,Polypropylene,7.500E+01,9.659E+00,4.182E-03,9.663E+00,4.317E+00,4.313E+00,0.9990
225,Polypropylene,8.000E+01,9.189E+00,3.933E-03,9.193E+00,4.848E+00,4.843E+00,0.9990
225,Polypropylene,8.500E+01,8.772E+00,3.712E-03,8.776E+00,5.405E+00,5.399E+00,0.9990
225,Polypropylene,9.000E+01,8.399E+00,3.515E-03,8.402E+00,5.987E+00,5.981E+00,0.9990
225,Polypropylene,9.500E+01,8.063E+00,3.339E-03,8.066E+00,6.595E+00,6.588E+00,0.9991
225,Polypropylene,1.000E+02,7.758E+00,3.180E-03,7.761E+00,7.227E+00,7.220E+00,0.9991
225,Polypropylene,1.250E+02,6.585E+00,2.571E-03,6.587E+00,1.074E+01,1.073E+01,0.9991
225,Polypropylene,1.500E+02,5.786E+00,2.161E-03,5.789E+00,1.480E+01,1.479E+01,0.9991
225,Polypropylene,1.750E+02,5.208E+00,1.865E-03,5.210E+00,1.936E+01,1.935E+01,0.9991
225,Polypropylene,2.000E+02,4.769E+00,1.643E-03,4.771E+00,2.439E+01,2.436E+01,0.9992
225,Polypropylene,2.250E+02,4.425E+00,1.468E-03,4.427E+00,2.983E+01,2.981E+01,0.9992
225,Polypropylene,2.500E+02,4.149E+00,1.328E-03,4.150E+00,3.567E+01,3.564E+01,0.9992
225,Polypropylene,2.750E+02,3.922E+00,1.213E-03,3.923E+00,4.187E+01,4.184E+01,0.9992
225,Polypropylene,3.000E+02,3.733E+00,1.116E-03,3.734E+00,4.841E+01,4.837E+01,0.9992
225,Polypropylene,3.500E+02,3.435E+00,9.640E-04,3.436E+00,6.239E+01,6.234E+01,0.9993
225,Polypropylene,4.000E+02,3.212E+00,8.490E-04,3.213E+00,7.746E+01,7.740E+01,0.9993
225,Polypropylene,4.500E+02,3.041E+00,7.590E-04,3.041E+00,9.347E+01,9.340E+01,0.9993
225,Polypropylene,5.000E+02,2.905E+00,6.867E-04,2.905E+00,1.103E+02,1.102E+02,0.9993
225,Polypropylene,5.500E+02,2.795E+00,6.272E-04,2.795E+00,1.279E+02,1.278E+02,0.9993
225,Polypropylene,6.000E+02,2.704E+00,5.775E-04,2.705E+00,1.461E+02,1.460E+02,0.9993
225,Polypropylene,6.500E+02,2.629E+00,5.352E-04,2.630E+00,1.648E+02,1.647E+02,0.9994
225,Polypropylene,7.000E+02,2.565E+00,4.989E-04,2.565E+00,1.841E+02,1.839E+02,0.9994
225,Polypropylene,7.500E+02,2.509E+00,4.673E-04,2.509E+00,2.038E+02,2.036E+02,0.9994
225,Polypropylene,8.000E+02,2.461E+00,4.395E-04,2.461E+00,2.239E+02,2.238E+02,0.9994
225,Polypropylene,8.500E+02,2.420E+00,4.150E-04,2.420E+00,2.444E+02,2.442E+02,0.9994
225,Polypropylene,9.000E+02,2.383E+00,3.931E-04,2.384E+00,2.652E+02,2.651E+02,0.9994
225,Polypropylene,9.500E+02,2.352E+00,3.735E-04,2.352E+00,2.863E+02,2.862E+02,0.9994
225,Polypropylene,1.000E+03,2.324E+00,3.558E-04,2.324E+00,3.077E+02,3.075E+02,0.9994
225,Polypropylene,1.500E+03,2.165E+00,2.425E-04,2.166E+00,5.319E+02,5.317E+02,0.9995
225,Polypropylene,2.000E+03,2.108E+00,1.848E-04,2.108E+00,7.664E+02,7.661E+02,0.9996
225,Polypropylene,2.500E+03,2.088E+00,1.498E-04,2.088E+00,1.005E+03,1.005E+03,0.9996
225,Polypropylene,3.000E+03,2.083E+00,1.262E-04,2.083E+00,1.245E+03,1.244E+03,0.9997
225,Polypropylene,4.000E+03,2.092E+00,9.631E-05,2.093E+00,1.724E+03,1.724E+03,0.9997
225,Polypropylene,5.000E+03,2.111E+00,7.812E-05,2.111E+00,2.200E+03,2.199E+03,0.9997
225,Polypropylene,6.000E+03,2.132E+00,6.584E-05,2.132E+00,2.671E+03,2.671E+03,0.9998
225,Polypropylene,7.000E+03,2.153E+00,5.699E-05,2.153E+00,3.138E+03,3.137E+03,0.9998
225,Polypropylene,8.000E+03,2.173E+00,5.028E-05,2.173E+00,3.600E+03,3.600E+03,0.9998
225,Polypropylene,9.000E+03,2.191E+00,4.503E-05,2.191E+00,4.059E+03,4.058E+03,0.9998
225,Polypropylene,1.000E+04,2.209E+00,4.080E-05,2.209E+00,4.513E+03,4.512E+03,0.9998
226,Polystyrene,1.000E-03,1.860E+02,4.073E+01,2.268E+02,5.400E-06,2.603E-06,0.4821
226,Polystyrene,1.500E-03,2.278E+02,3.279E+01,2.606E+02,7.439E-06,3.905E-06,0.5249
226,Polystyrene,2.000E-03,2.631E+02,2.779E+01,2.909E+02,9.254E-06,5.165E-06,0.5582
226,Polystyrene,2.500E-03,2.941E+02,2.429E+01,3.184E+02,1.089E-05,6.373E-06,0.5849
226,Polystyrene,3.000E-03,3.222E+02,2.168E+01,3.439E+02,1.240E-05,7.531E-06,0.6071
226,Polystyrene,4.000E-03,3.721E+02,1.799E+01,3.900E+02,1.513E-05,9.718E-06,0.6423
226,Polystyrene,5.000E-03,4.160E+02,1.549E+01,4.315E+02,1.756E-05,1.175E-05,0.6692
226,Polystyrene,6.000E-03,4.557E+02,1.366E+01,4.693E+02,1.979E-05,1.367E-05,0.6907
226,Polystyrene,7.000E-03,4.922E+02,1.225E+01,5.044E+02,2.184E-05,1.547E-05,0.7084
226,Polystyrene,8.000E-03,5.262E+02,1.114E+01,5.373E+02,2.376E-05,1.719E-05,0.7234
226,Polystyrene,9.000E-03,5.581E+02,1.023E+01,5.683E+02,2.557E-05,1.882E-05,0.7362
226,Polystyrene,1.000E-02,5.883E+02,9.469E+00,5.977E+02,2.728E-05,2.039E-05,0.7474
226,Polystyrene,1.250E-02,6.453E+02,8.022E+00,6.533E+02,3.127E-05,2.409E-05,0.7704
226,Polystyrene,1.500E-02,6.938E+02,6.990E+00,7.007E+02,3.497E-05,2.756E-05,0.7883
226,Polystyrene,1.750E-02,7.358E+02,6.212E+00,7.420E+02,3.843E-05,3.085E-05,0.8028
226,Polystyrene,2.000E-02,7.724E+02,5.602E+00,7.780E+02,4.172E-05,3.400E-05,0.8149
226,Polystyrene,2.250E-02,8.045E+02,5.110E+00,8.096E+02,4.487E-05,3.702E-05,0.8252
226,Polystyrene,2.500E-02,8.326E+02,4.704E+00,8.373E+02,4.790E-05,3.996E-05,0.8341
226,Polystyrene,2.750E-02,8.572E+02,4.363E+00,8.616E+02,5.084E-05,4.281E-05,0.8419
226,Polystyrene,3.000E-02,8.787E+02,4.072E+00,8.828E+02,5.371E-05,4.559E-05,0.8489
226,Polystyrene,3.500E-02,9.135E+02,3.599E+00,9.171E+02,5.926E-05,5.101E-05,0.8607
226,Polystyrene,4.000E-02,9.392E+02,3.232E+00,9.424E+02,6.463E-05,5.627E-05,0.8706
226,Polystyrene,4.500E-02,9.572E+02,2.938E+00,9.602E+02,6.989E-05,6.142E-05,0.8789
226,Polystyrene,5.000E-02,9.690E+02,2.696E+00,9.717E+02,7.506E-05,6.651E-05,0.8861
226,Polystyrene,5.500E-02,9.756E+02,2.494E+00,9.781E+02,8.019E-05,7.156E-05,0.8925
226,Polystyrene,6.000E-02,9.780E+02,2.322E+00,9.803E+02,8.529E-05,7.660E-05,0.8981
226,Polystyrene,6.500E-02,9.768E+02,2.173E+00,9.790E+02,9.040E-05,8.164E-05,0.9031
226,Polystyrene,7.000E-02,9.728E+02,2.044E+00,9.748E+02,9.551E-05,8.670E-05,0.9077
226,Polystyrene,7.500E-02,9.665E+02,1.931E+00,9.685E+02,1.007E-04,9.179E-05,0.9119
226,Polystyrene,8.000E-02,9.584E+02,1.830E+00,9.603E+02,1.058E-04,9.692E-05,0.9157
226,Polystyrene,8.500E-02,9.489E+02,1.740E+00,9.507E+02,1.111E-04,1.021E-04,0.9192
226,Polystyrene,9.000E-02,9.383E+02,1.658E+00,9.400E+02,1.164E-04,1.073E-04,0.9225
226,Polystyrene,9.500E-02,9.269E+02,1.585E+00,9.285E+02,1.217E-04,1.127E-04,0.9255
226,Polystyrene,1.000E-01,9.149E+02,1.518E+00,9.164E+02,1.271E-04,1.180E-04,0.9284
226,Polystyrene,1.250E-01,8.513E+02,1.258E+00,8.526E+02,1.554E-04,1.461E-04,0.9401
226,Polystyrene,1.500E-01,7.896E+02,1.078E+00,7.907E+02,1.859E-04,1.764E-04,0.9490
226,Polystyrene,1.750E-01,7.342E+02,9.457E-01,7.351E+02,2.187E-04,2.090E-04,0.9558
226,Polystyrene,2.000E-01,6.854E+02,8.437E-01,6.863E+02,2.539E-04,2.441E-04,0.9613
226,Polystyrene,2.250E-01,6.429E+02,7.626E-01,6.437E+02,2.915E-04,2.815E-04,0.9657
226,Polystyrene,2.500E-01,6.057E+02,6.966E-01,6.064E+02,3.316E-04,3.214E-04,0.9694
226,Polystyrene,2.750E-01,5.730E+02,6.412E-01,5.736E+02,3.740E-04,3.636E-04,0.9724
226,Polystyrene,3.000E-01,5.439E+02,5.942E-01,5.445E+02,4.187E-04,4.082E-04,0.9750
226,Polystyrene,3.500E-01,4.995E+02,5.189E-01,5.000E+02,5.147E-04,5.039E-04,0.9790
226,Polystyrene,4.000E-01,4.652E+02,4.613E-01,4.657E+02,6.185E-04,6.073E-04,0.9820
226,Polystyrene,4.500E-01,4.358E+02,4.157E-01,4.362E+02,7.294E-04,7.180E-04,0.9843
226,Polystyrene,5.000E-01,4.091E+02,3.787E-01,4.094E+02,8.478E-04,8.360E-04,0.9861
226,Polystyrene,5.500E-01,3.846E+02,3.480E-01,3.849E+02,9.738E-04,9.616E-04,0.9875
226,Polystyrene,6.000E-01,3.632E+02,3.220E-01,3.635E+02,1.108E-03,1.095E-03,0.9887
226,Polystyrene,6.500E-01,3.446E+02,2.997E-01,3.449E+02,1.249E-03,1.236E-03,0.9897
226,Polystyrene,7.000E-01,3.281E+02,2.804E-01,3.284E+02,1.397E-03,1.384E-03,0.9905
226,Polystyrene,7.500E-01,3.133E+02,2.635E-01,3.136E+02,1.553E-03,1.540E-03,0.9912
226,Polystyrene,8.000E-01,3.000E+02,2.486E-01,3.003E+02,1.716E-03,1.702E-03,0.9918
226,Polystyrene,8.500E-01,2.880E+02,2.354E-01,2.883E+02,1.886E-03,1.872E-03,0.9923
226,Polystyrene,9.000E-01,2.770E+02,2.235E-01,2.772E+02,2.063E-03,2.048E-03,0.9928
226,Polystyrene,9.500E-01,2.668E+02,2.129E-01,2.670E+02,2.247E-03,2.232E-03,0.9932
226,Polystyrene,1.000E+00,2.575E+02,2.032E-01,2.577E+02,2.438E-03,2.422E-03,0.9936
226,Polystyrene,1.250E+00,2.204E+02,1.660E-01,2.205E+02,3.490E-03,3.472E-03,0.9949
226,Polystyrene,1.500E+00,1.936E+02,1.405E-01,1.937E+02,4.703E-03,4.682E-03,0.9957
226,Polystyrene,1.750E+00,1.732E+02,1.221E-01,1.733E+02,6.070E-03,6.047E-03,0.9962
226,Polystyrene,2.000E+00,1.570E+02,1.080E-01,1.572E+02,7.587E-03,7.561E-03,0.9966
226,Polystyrene,2.250E+00,1.439E+02,9.692E-02,1.440E+02,9.250E-03,9.221E-03,0.9969
226,Polystyrene,2.500E+00,1.331E+02,8.795E-02,1.332E+02,1.106E-02,1.102E-02,0.9971
226,Polystyrene,2.750E+00,1.239E+02,8.055E-02,1.239E+02,1.300E-02,1.297E-02,0.9973
226,Polystyrene,3.000E+00,1.160E+02,7.433E-02,1.161E+02,1.509E-02,1.505E-02,0.9974
226,Polystyrene,3.500E+00,1.031E+02,6.444E-02,1.032E+02,1.967E-02,1.962E-02,0.9976
226,Polystyrene,4.000E+00,9.301E+01,5.692E-02,9.306E+01,2.478E-02,2.472E-02,0.9978
226,Polystyrene,4.500E+00,8.487E+01,5.102E-02,8.492E+01,3.041E-02,3.035E-02,0.9979
226,Polystyrene,5.000E+00,7.815E+01,4.625E-02,7.820E+01,3.655E-02,3.648E-02,0.9980
226,Polystyrene,5.500E+00,7.250E+01,4.231E-02,7.254E+01,4.320E-02,4.311E-02,0.9981
226,Polystyrene,6.000E+00,6.768E+01,3.901E-02,6.772E+01,5.033E-02,5.024E-02,0.9981
226,Polystyrene,6.500E+00,6.352E+01,3.619E-02,6.356E+01,5.796E-02,5.785E-02,0.9982
226,Polystyrene,7.000E+00,5.988E+01,3.377E-02,5.991E+01,6.607E-02,6.595E-02,0.9982
226,Polystyrene,7.500E+00,5.667E+01,3.165E-02,5.670E+01,7.465E-02,7.452E-02,0.9983
226,Polystyrene,8.000E+00,5.381E+01,2.979E-02,5.384E+01,8.370E-02,8.356E-02,0.9983
226,Polystyrene,8.500E+00,5.127E+01,2.814E-02,5.129E+01,9.322E-02,9.306E-02,0.9983
226,Polystyrene,9.000E+00,4.896E+01,2.667E-02,4.899E+01,1.032E-01,1.030E-01,0.9984
226,Polystyrene,9.500E+00,4.688E+01,2.535E-02,4.690E+01,1.136E-01,1.134E-01,0.9984
226,Polystyrene,1.000E+01,4.498E+01,2.416E-02,4.500E+01,1.245E-01,1.243E-01,0.9984
226,Polystyrene,1.250E+01,3.754E+01,1.958E-02,3.756E+01,1.856E-01,1.853E-01,0.9985
226,Polystyrene,1.500E+01,3.237E+01,1.648E-02,3.239E+01,2.575E-01,2.571E-01,0.9985
226,Polystyrene,1.750E+01,2.855E+01,1.425E-02,2.857E+01,3.399E-01,3.394E-01,0.9986
226,Polystyrene,2.000E+01,2.561E+01,1.256E-02,2.562E+01,4.324E-01,4.318E-01,0.9986
226,Polystyrene,2.500E+01,2.135E+01,1.016E-02,2.136E+01,6.472E-01,6.463E-01,0.9987
226,Polystyrene,2.750E+01,1.976E+01,9.286E-03,1.977E+01,7.689E-01,7.679E-01,0.9987
226,Polystyrene,3.000E+01,1.841E+01,8.550E-03,1.842E+01,9.001E-01,8.989E-01,0.9987
226,Polystyrene,3.500E+01,1.625E+01,7.387E-03,1.626E+01,1.190E+00,1.188E+00,0.9987
226,Polystyrene,4.000E+01,1.459E+01,6.507E-03,1.460E+01,1.515E+00,1.513E+00,0.9988
226,Polystyrene,4.500E+01,1.327E+01,5.818E-03,1.328E+01,1.874E+00,1.872E+00,0.9988
226,Polystyrene,5.000E+01,1.220E+01,5.263E-03,1.221E+01,2.268E+00,2.265E+00,0.9988
226,Polystyrene,5.500E+01,1.131E+01,4.807E-03,1.132E+01,2.693E+00,2.690E+00,0.9988
226,Polystyrene,6.000E+01,1.056E+01,4.425E-03,1.057E+01,3.151E+00,3.147E+00,0.9988
226,Polystyrene,6.500E+01,9.922E+00,4.101E-03,9.926E+00,3.639E+00,3.635E+00,0.9989
226,Polystyrene,7.000E+01,9.365E+00,3.822E-03,9.369E+00,4.158E+00,4.153E+00,0.9989
226,Polystyrene,7.500E+01,8.879E+00,3.579E-03,8.882E+00,4.706E+00,4.701E+00,0.9989
226,Polystyrene,8.000E+01,8.449E+00,3.365E-03,8.452E+00,5.284E+00,5.278E+00,0.9989
226,Polystyrene,8.500E+01,8.067E+00,3.177E-03,8.070E+00,5.889E+00,5.883E+00,0.9989
226,Polystyrene,9.000E+01,7.725E+00,3.008E-03,7.728E+00,6.523E+00,6.515E+00,0.9989
226,Polystyrene,9.500E+01,7.417E+00,2.858E-03,7.420E+00,7.183E+00,7.175E+00,0.9989
226,Polystyrene,1.000E+02,7.138E+00,2.721E-03,7.140E+00,7.870E+00,7.862E+00,0.9989
226,Polystyrene,1.250E+02,6.062E+00,2.200E-03,6.064E+00,1.169E+01,1.167E+01,0.9990
226,Polystyrene,1.500E+02,5.329E+00,1.850E-03,5.331E+00,1.610E+01,1.608E+01,0.9990
226,Polystyrene,1.750E+02,4.798E+00,1.597E-03,4.800E+00,2.105E+01,2.103E+01,0.9990
226,Polystyrene,2.000E+02,4.395E+00,1.406E-03,4.397E+00,2.650E+01,2.648E+01,0.9990
226,Polystyrene,2.250E+02,4.080E+00,1.257E-03,4.081E+00,3.241E+01,3.238E+01,0.9991
226,Polystyrene,2.500E+02,3.826E+00,1.137E-03,3.827E+00,3.874E+01,3.871E+01,0.9991
226,Polystyrene,2.750E+02,3.617E+00,1.038E-03,3.618E+00,4.547E+01,4.542E+01,0.9991
226,Polystyrene,3.000E+02,3.443E+00,9.559E-04,3.444E+00,5.255E+01,5.251E+01,0.9991
226,Polystyrene,3.500E+02,3.170E+00,8.255E-04,3.170E+00,6.771E+01,6.765E+01,0.9991
226,Polystyrene,4.000E+02,2.965E+00,7.271E-04,2.966E+00,8.404E+01,8.397E+01,0.9992
226,Polystyrene,4.500E+02,2.807E+00,6.500E-04,2.808E+00,1.014E+02,1.013E+02,0.9992
226,Polystyrene,5.000E+02,2.682E+00,5.881E-04,2.683E+00,1.196E+02,1.195E+02,0.9992
226,Polystyrene,5.500E+02,2.581E+00,5.372E-04,2.582E+00,1.386E+02,1.385E+02,0.9992
226,Polystyrene,6.000E+02,2.498E+00,4.946E-04,2.499E+00,1.583E+02,1.582E+02,0.9993
226,Polystyrene,6.500E+02,2.429E+00,4.584E-04,2.430E+00,1.786E+02,1.785E+02,0.9993
226,Polystyrene,7.000E+02,2.371E+00,4.273E-04,2.372E+00,1.995E+02,1.993E+02,0.9993
226,Polystyrene,7.500E+02,2.321E+00,4.003E-04,2.322E+00,2.208E+02,2.206E+02,0.9993
226,Polystyrene,8.000E+02,2.278E+00,3.765E-04,2.278E+00,2.425E+02,2.424E+02,0.9993
226,Polystyrene,8.500E+02,2.240E+00,3.555E-04,2.240E+00,2.647E+02,2.645E+02,0.9993
226,Polystyrene,9.000E+02,2.207E+00,3.368E-04,2.207E+00,2.871E+02,2.870E+02,0.9993
226,Polystyrene,9.500E+02,2.178E+00,3.200E-04,2.179E+00,3.099E+02,3.098E+02,0.9994
226,Polystyrene,1.000E+03,2.153E+00,3.048E-04,2.153E+00,3.330E+02,3.328E+02,0.9994
226,Polystyrene,1.500E+03,2.010E+00,2.078E-04,2.010E+00,5.748E+02,5.745E+02,0.9995
226,Polystyrene,2.000E+03,1.960E+00,1.584E-04,1.960E+00,8.272E+02,8.268E+02,0.9995
226,Polystyrene,2.500E+03,1.942E+00,1.284E-04,1.942E+00,1.084E+03,1.083E+03,0.9996
226,Polystyrene,3.000E+03,1.939E+00,1.082E-04,1.939E+00,1.341E+03,1.341E+03,0.9996
226,Polystyrene,4.000E+03,1.951E+00,8.256E-05,1.951E+00,1.856E+03,1.855E+03,0.9997
226,Polystyrene,5.000E+03,1.970E+00,6.697E-05,1.970E+00,2.366E+03,2.365E+03,0.9997
226,Polystyrene,6.000E+03,1.991E+00,5.645E-05,1.991E+00,2.871E+03,2.870E+03,0.9997
226,Polystyrene,7.000E+03,2.011E+00,4.886E-05,2.011E+00,3.371E+03,3.370E+03,0.9998
226,Polystyrene,8.000E+03,2.031E+00,4.312E-05,2.031E+00,3.865E+03,3.864E+03,0.9998
226,Polystyrene,9.000E+03,2.049E+00,3.861E-05,2.049E+00,4.356E+03,4.355E+03,0.9998
226,Polystyrene,1.000E+04,2.066E+00,3.499E-05,2.066E+00,4.842E+03,4.841E+03,0.9998
227,Polytetrafluoroethylene (Teflon,1.000E-03,8.327E+01,1.844E+01,1.017E+02,1.336E-05,3.765E-06,0.2818
227,Polytetrafluoroethylene (Teflon,1.500E-03,1.020E+02,1.580E+01,1.178E+02,1.789E-05,5.781E-06,0.3231
227,Polytetrafluoroethylene (Teflon,2.000E-03,1.178E+02,1.394E+01,1.317E+02,2.190E-05,7.819E-06,0.3570
227,Polytetrafluoroethylene (Teflon,2.500E-03,1.317E+02,1.253E+01,1.442E+02,2.553E-05,9.838E-06,0.3854
227,Polytetrafluoroethylene (Teflon,3.000E-03,1.442E+02,1.143E+01,1.557E+02,2.886E-05,1.183E-05,0.4099
227,Polytetrafluoroethylene (Teflon,4.000E-03,1.650E+02,9.789E+00,1.747E+02,3.491E-05,1.573E-05,0.4505
227,Polytetrafluoroethylene (Teflon,5.000E-03,1.834E+02,8.615E+00,1.920E+02,4.036E-05,1.950E-05,0.4832
227,Polytetrafluoroethylene (Teflon,6.000E-03,2.001E+02,7.725E+00,2.078E+02,4.537E-05,2.315E-05,0.5103
227,Polytetrafluoroethylene (Teflon,7.000E-03,2.153E+02,7.023E+00,2.224E+02,5.001E-05,2.668E-05,0.5334
227,Polytetrafluoroethylene (Teflon,8.000E-03,2.292E+02,6.453E+00,2.357E+02,5.438E-05,3.009E-05,0.5533
227,Polytetrafluoroethylene (Teflon,9.000E-03,2.420E+02,5.979E+00,2.480E+02,5.852E-05,3.341E-05,0.5709
227,Polytetrafluoroethylene (Teflon,1.000E-02,2.540E+02,5.578E+00,2.595E+02,6.246E-05,3.663E-05,0.5865
227,Polytetrafluoroethylene (Teflon,1.250E-02,2.787E+02,4.797E+00,2.835E+02,7.166E-05,4.436E-05,0.6191
227,Polytetrafluoroethylene (Teflon,1.500E-02,3.000E+02,4.227E+00,3.043E+02,8.016E-05,5.172E-05,0.6452
227,Polytetrafluoroethylene (Teflon,1.750E-02,3.190E+02,3.790E+00,3.228E+02,8.813E-05,5.876E-05,0.6667
227,Polytetrafluoroethylene (Teflon,2.000E-02,3.362E+02,3.442E+00,3.397E+02,9.568E-05,6.553E-05,0.6849
227,Polytetrafluoroethylene (Teflon,2.250E-02,3.519E+02,3.159E+00,3.550E+02,1.029E-04,7.207E-05,0.7006
227,Polytetrafluoroethylene (Teflon,2.500E-02,3.661E+02,2.923E+00,3.691E+02,1.098E-04,7.841E-05,0.7142
227,Polytetrafluoroethylene (Teflon,2.750E-02,3.792E+02,2.722E+00,3.819E+02,1.164E-04,8.457E-05,0.7263
227,Polytetrafluoroethylene (Teflon,3.000E-02,3.912E+02,2.550E+00,3.938E+02,1.229E-04,9.057E-05,0.7371
227,Polytetrafluoroethylene (Teflon,3.500E-02,4.131E+02,2.269E+00,4.154E+02,1.352E-04,1.022E-04,0.7555
227,Polytetrafluoroethylene (Teflon,4.000E-02,4.327E+02,2.048E+00,4.347E+02,1.470E-04,1.133E-04,0.7708
227,Polytetrafluoroethylene (Teflon,4.500E-02,4.500E+02,1.870E+00,4.519E+02,1.583E-04,1.241E-04,0.7838
227,Polytetrafluoroethylene (Teflon,5.000E-02,4.651E+02,1.723E+00,4.668E+02,1.692E-04,1.345E-04,0.7950
227,Polytetrafluoroethylene (Teflon,5.500E-02,4.780E+02,1.598E+00,4.796E+02,1.797E-04,1.446E-04,0.8049
227,Polytetrafluoroethylene (Teflon,6.000E-02,4.891E+02,1.492E+00,4.906E+02,1.900E-04,1.546E-04,0.8136
227,Polytetrafluoroethylene (Teflon,6.500E-02,4.985E+02,1.401E+00,4.999E+02,2.001E-04,1.644E-04,0.8214
227,Polytetrafluoroethylene (Teflon,7.000E-02,5.064E+02,1.320E+00,5.078E+02,2.100E-04,1.740E-04,0.8285
227,Polytetrafluoroethylene (Teflon,7.500E-02,5.130E+02,1.250E+00,5.143E+02,2.198E-04,1.835E-04,0.8349
227,Polytetrafluoroethylene (Teflon,8.000E-02,5.184E+02,1.186E+00,5.196E+02,2.295E-04,1.929E-04,0.8408
227,Polytetrafluoroethylene (Teflon,8.500E-02,5.227E+02,1.130E+00,5.239E+02,2.391E-04,2.023E-04,0.8462
227,Polytetrafluoroethylene (Teflon,9.000E-02,5.260E+02,1.079E+00,5.271E+02,2.486E-04,2.116E-04,0.8512
227,Polytetrafluoroethylene (Teflon,9.500E-02,5.284E+02,1.033E+00,5.295E+02,2.580E-04,2.209E-04,0.8559
227,Polytetrafluoroethylene (Teflon,1.000E-01,5.301E+02,9.907E-01,5.310E+02,2.675E-04,2.301E-04,0.8603
227,Polytetrafluoroethylene (Teflon,1.250E-01,5.286E+02,8.257E-01,5.295E+02,3.145E-04,2.763E-04,0.8786
227,Polytetrafluoroethylene (Teflon,1.500E-01,5.167E+02,7.106E-01,5.174E+02,3.622E-04,3.234E-04,0.8927
227,Polytetrafluoroethylene (Teflon,1.750E-01,4.994E+02,6.254E-01,5.000E+02,4.113E-04,3.719E-04,0.9041
227,Polytetrafluoroethylene (Teflon,2.000E-01,4.796E+02,5.595E-01,4.801E+02,4.624E-04,4.223E-04,0.9135
227,Polytetrafluoroethylene (Teflon,2.250E-01,4.604E+02,5.070E-01,4.609E+02,5.155E-04,4.750E-04,0.9214
227,Polytetrafluoroethylene (Teflon,2.500E-01,4.423E+02,4.641E-01,4.428E+02,5.709E-04,5.299E-04,0.9282
227,Polytetrafluoroethylene (Teflon,2.750E-01,4.254E+02,4.282E-01,4.258E+02,6.284E-04,5.870E-04,0.9340
227,Polytetrafluoroethylene (Teflon,3.000E-01,4.096E+02,3.979E-01,4.100E+02,6.883E-04,6.464E-04,0.9391
227,Polytetrafluoroethylene (Teflon,3.500E-01,3.812E+02,3.491E-01,3.815E+02,8.148E-04,7.720E-04,0.9475
227,Polytetrafluoroethylene (Teflon,4.000E-01,3.564E+02,3.116E-01,3.567E+02,9.504E-04,9.067E-04,0.9541
227,Polytetrafluoroethylene (Teflon,4.500E-01,3.346E+02,2.818E-01,3.349E+02,1.095E-03,1.051E-03,0.9594
227,Polytetrafluoroethylene (Teflon,5.000E-01,3.154E+02,2.574E-01,3.156E+02,1.249E-03,1.204E-03,0.9637
227,Polytetrafluoroethylene (Teflon,5.500E-01,2.983E+02,2.372E-01,2.985E+02,1.412E-03,1.366E-03,0.9673
227,Polytetrafluoroethylene (Teflon,6.000E-01,2.831E+02,2.200E-01,2.833E+02,1.584E-03,1.537E-03,0.9703
227,Polytetrafluoroethylene (Teflon,6.500E-01,2.696E+02,2.053E-01,2.698E+02,1.765E-03,1.717E-03,0.9729
227,Polytetrafluoroethylene (Teflon,7.000E-01,2.574E+02,1.925E-01,2.576E+02,1.955E-03,1.906E-03,0.9751
227,Polytetrafluoroethylene (Teflon,7.500E-01,2.465E+02,1.813E-01,2.467E+02,2.153E-03,2.103E-03,0.9770
227,Polytetrafluoroethylene (Teflon,8.000E-01,2.365E+02,1.714E-01,2.367E+02,2.360E-03,2.309E-03,0.9786
227,Polytetrafluoroethylene (Teflon,8.500E-01,2.274E+02,1.625E-01,2.276E+02,2.575E-03,2.524E-03,0.9800
227,Polytetrafluoroethylene (Teflon,9.000E-01,2.191E+02,1.546E-01,2.193E+02,2.799E-03,2.747E-03,0.9813
227,Polytetrafluoroethylene (Teflon,9.500E-01,2.115E+02,1.474E-01,2.116E+02,3.031E-03,2.978E-03,0.9824
227,Polytetrafluoroethylene (Teflon,1.000E+00,2.044E+02,1.409E-01,2.046E+02,3.272E-03,3.218E-03,0.9834
227,Polytetrafluoroethylene (Teflon,1.250E+00,1.759E+02,1.157E-01,1.760E+02,4.594E-03,4.534E-03,0.9871
227,Polytetrafluoroethylene (Teflon,1.500E+00,1.552E+02,9.838E-02,1.553E+02,6.109E-03,6.045E-03,0.9895
227,Polytetrafluoroethylene (Teflon,1.750E+00,1.393E+02,8.574E-02,1.393E+02,7.812E-03,7.742E-03,0.9910
227,Polytetrafluoroethylene (Teflon,2.000E+00,1.267E+02,7.608E-02,1.267E+02,9.696E-03,9.620E-03,0.9922
227,Polytetrafluoroethylene (Teflon,2.250E+00,1.164E+02,6.844E-02,1.164E+02,1.176E-02,1.167E-02,0.9930
227,Polytetrafluoroethylene (Teflon,2.500E+00,1.078E+02,6.225E-02,1.079E+02,1.399E-02,1.390E-02,0.9936
227,Polytetrafluoroethylene (Teflon,2.750E+00,1.006E+02,5.712E-02,1.006E+02,1.639E-02,1.629E-02,0.9941
227,Polytetrafluoroethylene (Teflon,3.000E+00,9.433E+01,5.279E-02,9.438E+01,1.896E-02,1.885E-02,0.9945
227,Polytetrafluoroethylene (Teflon,3.500E+00,8.413E+01,4.590E-02,8.418E+01,2.458E-02,2.446E-02,0.9952
227,Polytetrafluoroethylene (Teflon,4.000E+00,7.611E+01,4.065E-02,7.615E+01,3.083E-02,3.069E-02,0.9956
227,Polytetrafluoroethylene (Teflon,4.500E+00,6.962E+01,3.650E-02,6.965E+01,3.770E-02,3.755E-02,0.9959
227,Polytetrafluoroethylene (Teflon,5.000E+00,6.424E+01,3.315E-02,6.428E+01,4.518E-02,4.501E-02,0.9962
227,Polytetrafluoroethylene (Teflon,5.500E+00,5.971E+01,3.037E-02,5.974E+01,5.326E-02,5.306E-02,0.9964
227,Polytetrafluoroethylene (Teflon,6.000E+00,5.584E+01,2.804E-02,5.587E+01,6.192E-02,6.170E-02,0.9965
227,Polytetrafluoroethylene (Teflon,6.500E+00,5.249E+01,2.605E-02,5.251E+01,7.115E-02,7.092E-02,0.9967
227,Polytetrafluoroethylene (Teflon,7.000E+00,4.955E+01,2.433E-02,4.957E+01,8.096E-02,8.070E-02,0.9968
227,Polytetrafluoroethylene (Teflon,7.500E+00,4.695E+01,2.282E-02,4.697E+01,9.132E-02,9.104E-02,0.9969
227,Polytetrafluoroethylene (Teflon,8.000E+00,4.464E+01,2.150E-02,4.466E+01,1.022E-01,1.019E-01,0.9969
227,Polytetrafluoroethylene (Teflon,8.500E+00,4.256E+01,2.033E-02,4.258E+01,1.137E-01,1.134E-01,0.9970
227,Polytetrafluoroethylene (Teflon,9.000E+00,4.069E+01,1.928E-02,4.071E+01,1.257E-01,1.254E-01,0.9971
227,Polytetrafluoroethylene (Teflon,9.500E+00,3.899E+01,1.834E-02,3.900E+01,1.383E-01,1.379E-01,0.9971
227,Polytetrafluoroethylene (Teflon,1.000E+01,3.744E+01,1.748E-02,3.745E+01,1.514E-01,1.509E-01,0.9972
227,Polytetrafluoroethylene (Teflon,1.250E+01,3.135E+01,1.420E-02,3.136E+01,2.246E-01,2.240E-01,0.9974
227,Polytetrafluoroethylene (Teflon,1.500E+01,2.710E+01,1.198E-02,2.711E+01,3.106E-01,3.099E-01,0.9975
227,Polytetrafluoroethylene (Teflon,1.750E+01,2.395E+01,1.037E-02,2.396E+01,4.089E-01,4.080E-01,0.9976
227,Polytetrafluoroethylene (Teflon,2.000E+01,2.151E+01,9.149E-03,2.152E+01,5.192E-01,5.180E-01,0.9977
227,Polytetrafluoroethylene (Teflon,2.500E+01,1.798E+01,7.418E-03,1.799E+01,7.746E-01,7.728E-01,0.9978
227,Polytetrafluoroethylene (Teflon,2.750E+01,1.665E+01,6.781E-03,1.666E+01,9.191E-01,9.171E-01,0.9978
227,Polytetrafluoroethylene (Teflon,3.000E+01,1.553E+01,6.247E-03,1.554E+01,1.075E+00,1.072E+00,0.9979
227,Polytetrafluoroethylene (Teflon,3.500E+01,1.373E+01,5.401E-03,1.373E+01,1.418E+00,1.415E+00,0.9979
227,Polytetrafluoroethylene (Teflon,4.000E+01,1.234E+01,4.761E-03,1.234E+01,1.802E+00,1.799E+00,0.9980
227,Polytetrafluoroethylene (Teflon,4.500E+01,1.124E+01,4.259E-03,1.124E+01,2.227E+00,2.223E+00,0.9980
227,Polytetrafluoroethylene (Teflon,5.000E+01,1.034E+01,3.855E-03,1.034E+01,2.692E+00,2.686E+00,0.9980
227,Polytetrafluoroethylene (Teflon,5.500E+01,9.592E+00,3.522E-03,9.596E+00,3.194E+00,3.188E+00,0.9981
227,Polytetrafluoroethylene (Teflon,6.000E+01,8.961E+00,3.244E-03,8.965E+00,3.734E+00,3.726E+00,0.9981
227,Polytetrafluoroethylene (Teflon,6.500E+01,8.421E+00,3.007E-03,8.424E+00,4.309E+00,4.301E+00,0.9981
227,Polytetrafluoroethylene (Teflon,7.000E+01,7.953E+00,2.803E-03,7.956E+00,4.920E+00,4.911E+00,0.9982
227,Polytetrafluoroethylene (Teflon,7.500E+01,7.543E+00,2.625E-03,7.546E+00,5.566E+00,5.556E+00,0.9982
227,Polytetrafluoroethylene (Teflon,8.000E+01,7.181E+00,2.469E-03,7.183E+00,6.245E+00,6.234E+00,0.9982
227,Polytetrafluoroethylene (Teflon,8.500E+01,6.859E+00,2.331E-03,6.861E+00,6.958E+00,6.945E+00,0.9982
227,Polytetrafluoroethylene (Teflon,9.000E+01,6.570E+00,2.208E-03,6.572E+00,7.703E+00,7.689E+00,0.9982
227,Polytetrafluoroethylene (Teflon,9.500E+01,6.310E+00,2.097E-03,6.312E+00,8.479E+00,8.464E+00,0.9982
227,Polytetrafluoroethylene (Teflon,1.000E+02,6.075E+00,1.998E-03,6.077E+00,9.287E+00,9.270E+00,0.9983
227,Polytetrafluoroethylene (Teflon,1.250E+02,5.165E+00,1.616E-03,5.167E+00,1.377E+01,1.375E+01,0.9983
227,Polytetrafluoroethylene (Teflon,1.500E+02,4.545E+00,1.359E-03,4.547E+00,1.894E+01,1.891E+01,0.9984
227,Polytetrafluoroethylene (Teflon,1.750E+02,4.096E+00,1.174E-03,4.097E+00,2.475E+01,2.471E+01,0.9984
227,Polytetrafluoroethylene (Teflon,2.000E+02,3.754E+00,1.034E-03,3.755E+00,3.113E+01,3.108E+01,0.9985
227,Polytetrafluoroethylene (Teflon,2.250E+02,3.486E+00,9.244E-04,3.487E+00,3.805E+01,3.799E+01,0.9985
227,Polytetrafluoroethylene (Teflon,2.500E+02,3.271E+00,8.363E-04,3.272E+00,4.546E+01,4.539E+01,0.9985
227,Polytetrafluoroethylene (Teflon,2.750E+02,3.094E+00,7.639E-04,3.095E+00,5.332E+01,5.324E+01,0.9985
227,Polytetrafluoroethylene (Teflon,3.000E+02,2.946E+00,7.033E-04,2.947E+00,6.160E+01,6.151E+01,0.9986
227,Polytetrafluoroethylene (Teflon,3.500E+02,2.714E+00,6.075E-04,2.714E+00,7.931E+01,7.920E+01,0.9986
227,Polytetrafluoroethylene (Teflon,4.000E+02,2.540E+00,5.351E-04,2.541E+00,9.838E+01,9.825E+01,0.9987
227,Polytetrafluoroethylene (Teflon,4.500E+02,2.406E+00,4.785E-04,2.406E+00,1.186E+02,1.185E+02,0.9987
227,Polytetrafluoroethylene (Teflon,5.000E+02,2.300E+00,4.330E-04,2.300E+00,1.399E+02,1.397E+02,0.9987
227,Polytetrafluoroethylene (Teflon,5.500E+02,2.214E+00,3.956E-04,2.214E+00,1.621E+02,1.619E+02,0.9988
227,Polytetrafluoroethylene (Teflon,6.000E+02,2.144E+00,3.643E-04,2.144E+00,1.850E+02,1.848E+02,0.9988
227,Polytetrafluoroethylene (Teflon,6.500E+02,2.085E+00,3.377E-04,2.085E+00,2.087E+02,2.084E+02,0.9988
227,Polytetrafluoroethylene (Teflon,7.000E+02,2.036E+00,3.148E-04,2.036E+00,2.329E+02,2.327E+02,0.9989
227,Polytetrafluoroethylene (Teflon,7.500E+02,1.994E+00,2.949E-04,1.994E+00,2.578E+02,2.575E+02,0.9989
227,Polytetrafluoroethylene (Teflon,8.000E+02,1.957E+00,2.774E-04,1.957E+00,2.831E+02,2.828E+02,0.9989
227,Polytetrafluoroethylene (Teflon,8.500E+02,1.925E+00,2.619E-04,1.925E+00,3.088E+02,3.085E+02,0.9989
227,Polytetrafluoroethylene (Teflon,9.000E+02,1.897E+00,2.481E-04,1.898E+00,3.350E+02,3.346E+02,0.9990
227,Polytetrafluoroethylene (Teflon,9.500E+02,1.873E+00,2.358E-04,1.873E+00,3.615E+02,3.611E+02,0.9990
227,Polytetrafluoroethylene (Teflon,1.000E+03,1.852E+00,2.246E-04,1.852E+00,3.884E+02,3.880E+02,0.9990
227,Polytetrafluoroethylene (Teflon,1.500E+03,1.733E+00,1.532E-04,1.733E+00,6.691E+02,6.685E+02,0.9991
227,Polytetrafluoroethylene (Teflon,2.000E+03,1.692E+00,1.168E-04,1.692E+00,9.616E+02,9.609E+02,0.9992
227,Polytetrafluoroethylene (Teflon,2.500E+03,1.679E+00,9.472E-05,1.679E+00,1.259E+03,1.258E+03,0.9993
227,Polytetrafluoroethylene (Teflon,3.000E+03,1.677E+00,7.981E-05,1.677E+00,1.557E+03,1.556E+03,0.9994
227,Polytetrafluoroethylene (Teflon,4.000E+03,1.689E+00,6.094E-05,1.689E+00,2.151E+03,2.150E+03,0.9995
227,Polytetrafluoroethylene (Teflon,5.000E+03,1.706E+00,4.945E-05,1.706E+00,2.740E+03,2.739E+03,0.9995
227,Polytetrafluoroethylene (Teflon,6.000E+03,1.725E+00,4.169E-05,1.725E+00,3.323E+03,3.322E+03,0.9996
227,Polytetrafluoroethylene (Teflon,7.000E+03,1.743E+00,3.609E-05,1.743E+00,3.900E+03,3.898E+03,0.9996
227,Polytetrafluoroethylene (Teflon,8.000E+03,1.760E+00,3.185E-05,1.760E+00,4.471E+03,4.469E+03,0.9996
227,Polytetrafluoroethylene (Teflon,9.000E+03,1.776E+00,2.853E-05,1.776E+00,5.036E+03,5.035E+03,0.9997
227,Polytetrafluoroethylene (Teflon,1.000E+04,1.791E+00,2.585E-05,1.791E+00,5.597E+03,5.595E+03,0.9997
232,Polyvinyl Chloride,1.000E-03,1.402E+02,2.572E+01,1.659E+02,7.734E-06,3.127E-06,0.4044
232,Polyvinyl Chloride,1.500E-03,1.717E+02,2.113E+01,1.928E+02,1.050E-05,4.632E-06,0.4410
232,Polyvinyl Chloride,2.000E-03,1.983E+02,1.818E+01,2.165E+02,1.295E-05,6.095E-06,0.4708
232,Polyvinyl Chloride,2.500E-03,2.217E+02,1.609E+01,2.378E+02,1.515E-05,7.507E-06,0.4955
232,Polyvinyl Chloride,3.000E-03,2.428E+02,1.451E+01,2.573E+02,1.717E-05,8.870E-06,0.5166
232,Polyvinyl Chloride,4.000E-03,2.779E+02,1.224E+01,2.901E+02,2.082E-05,1.148E-05,0.5514
232,Polyvinyl Chloride,5.000E-03,3.090E+02,1.067E+01,3.197E+02,2.410E-05,1.396E-05,0.5790
232,Polyvinyl Chloride,6.000E-03,3.372E+02,9.511E+00,3.467E+02,2.710E-05,1.631E-05,0.6018
232,Polyvinyl Chloride,7.000E-03,3.630E+02,8.608E+00,3.716E+02,2.989E-05,1.856E-05,0.6211
232,Polyvinyl Chloride,8.000E-03,3.864E+02,7.882E+00,3.943E+02,3.250E-05,2.072E-05,0.6377
232,Polyvinyl Chloride,9.000E-03,4.081E+02,7.284E+00,4.154E+02,3.497E-05,2.281E-05,0.6522
232,Polyvinyl Chloride,1.000E-02,4.284E+02,6.781E+00,4.352E+02,3.732E-05,2.482E-05,0.6650
232,Polyvinyl Chloride,1.250E-02,4.689E+02,5.811E+00,4.748E+02,4.281E-05,2.962E-05,0.6918
232,Polyvinyl Chloride,1.500E-02,5.034E+02,5.108E+00,5.085E+02,4.789E-05,3.416E-05,0.7133
232,Polyvinyl Chloride,1.750E-02,5.336E+02,4.573E+00,5.381E+02,5.267E-05,3.850E-05,0.7309
232,Polyvinyl Chloride,2.000E-02,5.603E+02,4.149E+00,5.644E+02,5.720E-05,4.266E-05,0.7458
232,Polyvinyl Chloride,2.250E-02,5.841E+02,3.804E+00,5.879E+02,6.154E-05,4.669E-05,0.7587
232,Polyvinyl Chloride,2.500E-02,6.053E+02,3.517E+00,6.088E+02,6.572E-05,5.059E-05,0.7699
232,Polyvinyl Chloride,2.750E-02,6.241E+02,3.274E+00,6.273E+02,6.976E-05,5.440E-05,0.7798
232,Polyvinyl Chloride,3.000E-02,6.409E+02,3.066E+00,6.440E+02,7.369E-05,5.811E-05,0.7886
232,Polyvinyl Chloride,3.500E-02,6.701E+02,2.726E+00,6.729E+02,8.128E-05,6.534E-05,0.8038
232,Polyvinyl Chloride,4.000E-02,6.945E+02,2.460E+00,6.969E+02,8.858E-05,7.232E-05,0.8165
232,Polyvinyl Chloride,4.500E-02,7.143E+02,2.245E+00,7.165E+02,9.565E-05,7.913E-05,0.8273
232,Polyvinyl Chloride,5.000E-02,7.298E+02,2.067E+00,7.319E+02,1.026E-04,8.580E-05,0.8366
232,Polyvinyl Chloride,5.500E-02,7.414E+02,1.918E+00,7.433E+02,1.093E-04,9.237E-05,0.8449
232,Polyvinyl Chloride,6.000E-02,7.496E+02,1.790E+00,7.514E+02,1.160E-04,9.887E-05,0.8522
232,Polyvinyl Chloride,6.500E-02,7.550E+02,1.680E+00,7.567E+02,1.226E-04,1.053E-04,0.8588
232,Polyvinyl Chloride,7.000E-02,7.579E+02,1.584E+00,7.595E+02,1.292E-04,1.118E-04,0.8648
232,Polyvinyl Chloride,7.500E-02,7.586E+02,1.498E+00,7.601E+02,1.358E-04,1.182E-04,0.8703
232,Polyvinyl Chloride,8.000E-02,7.576E+02,1.423E+00,7.590E+02,1.424E-04,1.246E-04,0.8753
232,Polyvinyl Chloride,8.500E-02,7.550E+02,1.355E+00,7.563E+02,1.490E-04,1.311E-04,0.8799
232,Polyvinyl Chloride,9.000E-02,7.510E+02,1.294E+00,7.523E+02,1.556E-04,1.376E-04,0.8843
232,Polyvinyl Chloride,9.500E-02,7.460E+02,1.238E+00,7.472E+02,1.623E-04,1.442E-04,0.8883
232,Polyvinyl Chloride,1.000E-01,7.400E+02,1.188E+00,7.412E+02,1.690E-04,1.508E-04,0.8921
232,Polyvinyl Chloride,1.250E-01,7.013E+02,9.894E-01,7.023E+02,2.036E-04,1.849E-04,0.9079
232,Polyvinyl Chloride,1.500E-01,6.567E+02,8.513E-01,6.576E+02,2.404E-04,2.212E-04,0.9200
232,Polyvinyl Chloride,1.750E-01,6.129E+02,7.490E-01,6.137E+02,2.797E-04,2.601E-04,0.9297
232,Polyvinyl Chloride,2.000E-01,5.726E+02,6.700E-01,5.733E+02,3.219E-04,3.019E-04,0.9376
232,Polyvinyl Chloride,2.250E-01,5.387E+02,6.070E-01,5.393E+02,3.669E-04,3.464E-04,0.9442
232,Polyvinyl Chloride,2.500E-01,5.098E+02,5.555E-01,5.104E+02,4.146E-04,3.937E-04,0.9496
232,Polyvinyl Chloride,2.750E-01,4.847E+02,5.123E-01,4.852E+02,4.649E-04,4.436E-04,0.9542
232,Polyvinyl Chloride,3.000E-01,4.624E+02,4.756E-01,4.629E+02,5.176E-04,4.959E-04,0.9581
232,Polyvinyl Chloride,3.500E-01,4.242E+02,4.166E-01,4.246E+02,6.305E-04,6.080E-04,0.9643
232,Polyvinyl Chloride,4.000E-01,3.924E+02,3.713E-01,3.928E+02,7.531E-04,7.298E-04,0.9690
232,Polyvinyl Chloride,4.500E-01,3.653E+02,3.353E-01,3.657E+02,8.851E-04,8.609E-04,0.9727
232,Polyvinyl Chloride,5.000E-01,3.418E+02,3.061E-01,3.421E+02,1.027E-03,1.002E-03,0.9756
232,Polyvinyl Chloride,5.500E-01,3.211E+02,2.817E-01,3.214E+02,1.177E-03,1.152E-03,0.9780
232,Polyvinyl Chloride,6.000E-01,3.029E+02,2.611E-01,3.031E+02,1.338E-03,1.311E-03,0.9800
232,Polyvinyl Chloride,6.500E-01,2.873E+02,2.434E-01,2.875E+02,1.507E-03,1.479E-03,0.9816
232,Polyvinyl Chloride,7.000E-01,2.736E+02,2.281E-01,2.738E+02,1.685E-03,1.657E-03,0.9830
232,Polyvinyl Chloride,7.500E-01,2.613E+02,2.146E-01,2.615E+02,1.872E-03,1.843E-03,0.9842
232,Polyvinyl Chloride,8.000E-01,2.501E+02,2.028E-01,2.503E+02,2.068E-03,2.037E-03,0.9852
232,Polyvinyl Chloride,8.500E-01,2.401E+02,1.922E-01,2.403E+02,2.272E-03,2.240E-03,0.9861
232,Polyvinyl Chloride,9.000E-01,2.311E+02,1.828E-01,2.312E+02,2.484E-03,2.451E-03,0.9869
232,Polyvinyl Chloride,9.500E-01,2.227E+02,1.742E-01,2.229E+02,2.704E-03,2.670E-03,0.9875
232,Polyvinyl Chloride,1.000E+00,2.150E+02,1.665E-01,2.151E+02,2.933E-03,2.898E-03,0.9881
232,Polyvinyl Chloride,1.250E+00,1.845E+02,1.366E-01,1.847E+02,4.192E-03,4.151E-03,0.9903
232,Polyvinyl Chloride,1.500E+00,1.626E+02,1.161E-01,1.627E+02,5.637E-03,5.590E-03,0.9917
232,Polyvinyl Chloride,1.750E+00,1.459E+02,1.011E-01,1.460E+02,7.262E-03,7.209E-03,0.9926
232,Polyvinyl Chloride,2.000E+00,1.326E+02,8.967E-02,1.327E+02,9.061E-03,9.000E-03,0.9933
232,Polyvinyl Chloride,2.250E+00,1.218E+02,8.064E-02,1.219E+02,1.103E-02,1.096E-02,0.9938
232,Polyvinyl Chloride,2.500E+00,1.129E+02,7.332E-02,1.129E+02,1.316E-02,1.308E-02,0.9942
232,Polyvinyl Chloride,2.750E+00,1.052E+02,6.727E-02,1.053E+02,1.546E-02,1.537E-02,0.9945
232,Polyvinyl Chloride,3.000E+00,9.871E+01,6.217E-02,9.877E+01,1.791E-02,1.781E-02,0.9947
232,Polyvinyl Chloride,3.500E+00,8.801E+01,5.404E-02,8.807E+01,2.328E-02,2.317E-02,0.9951
232,Polyvinyl Chloride,4.000E+00,7.961E+01,4.786E-02,7.965E+01,2.926E-02,2.912E-02,0.9954
232,Polyvinyl Chloride,4.500E+00,7.281E+01,4.298E-02,7.285E+01,3.583E-02,3.567E-02,0.9956
232,Polyvinyl Chloride,5.000E+00,6.718E+01,3.903E-02,6.722E+01,4.298E-02,4.280E-02,0.9958
232,Polyvinyl Chloride,5.500E+00,6.245E+01,3.577E-02,6.248E+01,5.070E-02,5.049E-02,0.9959
232,Polyvinyl Chloride,6.000E+00,5.840E+01,3.302E-02,5.843E+01,5.898E-02,5.875E-02,0.9960
232,Polyvinyl Chloride,6.500E+00,5.489E+01,3.068E-02,5.492E+01,6.781E-02,6.755E-02,0.9961
232,Polyvinyl Chloride,7.000E+00,5.182E+01,2.866E-02,5.185E+01,7.719E-02,7.689E-02,0.9962
232,Polyvinyl Chloride,7.500E+00,4.911E+01,2.690E-02,4.913E+01,8.710E-02,8.677E-02,0.9963
232,Polyvinyl Chloride,8.000E+00,4.669E+01,2.534E-02,4.671E+01,9.754E-02,9.718E-02,0.9963
232,Polyvinyl Chloride,8.500E+00,4.453E+01,2.396E-02,4.455E+01,1.085E-01,1.081E-01,0.9964
232,Polyvinyl Chloride,9.000E+00,4.257E+01,2.273E-02,4.259E+01,1.200E-01,1.196E-01,0.9964
232,Polyvinyl Chloride,9.500E+00,4.080E+01,2.162E-02,4.082E+01,1.320E-01,1.315E-01,0.9965
232,Polyvinyl Chloride,1.000E+01,3.918E+01,2.062E-02,3.920E+01,1.445E-01,1.440E-01,0.9965
232,Polyvinyl Chloride,1.250E+01,3.284E+01,1.677E-02,3.285E+01,2.145E-01,2.138E-01,0.9967
232,Polyvinyl Chloride,1.500E+01,2.840E+01,1.415E-02,2.841E+01,2.965E-01,2.956E-01,0.9968
232,Polyvinyl Chloride,1.750E+01,2.511E+01,1.226E-02,2.512E+01,3.903E-01,3.891E-01,0.9969
232,Polyvinyl Chloride,2.000E+01,2.257E+01,1.082E-02,2.258E+01,4.954E-01,4.939E-01,0.9970
232,Polyvinyl Chloride,2.500E+01,1.888E+01,8.783E-03,1.889E+01,7.387E-01,7.365E-01,0.9971
232,Polyvinyl Chloride,2.750E+01,1.749E+01,8.033E-03,1.750E+01,8.763E-01,8.738E-01,0.9971
232,Polyvinyl Chloride,3.000E+01,1.632E+01,7.403E-03,1.632E+01,1.024E+00,1.021E+00,0.9972
232,Polyvinyl Chloride,3.500E+01,1.443E+01,6.405E-03,1.443E+01,1.351E+00,1.347E+00,0.9972
232,Polyvinyl Chloride,4.000E+01,1.297E+01,5.649E-03,1.298E+01,1.717E+00,1.712E+00,0.9973
232,Polyvinyl Chloride,4.500E+01,1.182E+01,5.055E-03,1.182E+01,2.121E+00,2.115E+00,0.9973
232,Polyvinyl Chloride,5.000E+01,1.088E+01,4.577E-03,1.088E+01,2.562E+00,2.555E+00,0.9974
232,Polyvinyl Chloride,5.500E+01,1.010E+01,4.183E-03,1.010E+01,3.039E+00,3.032E+00,0.9974
232,Polyvinyl Chloride,6.000E+01,9.434E+00,3.853E-03,9.438E+00,3.552E+00,3.543E+00,0.9974
232,Polyvinyl Chloride,6.500E+01,8.867E+00,3.573E-03,8.870E+00,4.099E+00,4.088E+00,0.9975
232,Polyvinyl Chloride,7.000E+01,8.375E+00,3.331E-03,8.378E+00,4.679E+00,4.667E+00,0.9975
232,Polyvinyl Chloride,7.500E+01,7.945E+00,3.120E-03,7.948E+00,5.292E+00,5.279E+00,0.9975
232,Polyvinyl Chloride,8.000E+01,7.564E+00,2.936E-03,7.567E+00,5.937E+00,5.922E+00,0.9975
232,Polyvinyl Chloride,8.500E+01,7.226E+00,2.772E-03,7.229E+00,6.613E+00,6.597E+00,0.9976
232,Polyvinyl Chloride,9.000E+01,6.923E+00,2.626E-03,6.925E+00,7.320E+00,7.303E+00,0.9976
232,Polyvinyl Chloride,9.500E+01,6.650E+00,2.495E-03,6.652E+00,8.057E+00,8.038E+00,0.9976
232,Polyvinyl Chloride,1.000E+02,6.402E+00,2.376E-03,6.404E+00,8.823E+00,8.802E+00,0.9976
232,Polyvinyl Chloride,1.250E+02,5.446E+00,1.923E-03,5.448E+00,1.308E+01,1.305E+01,0.9977
232,Polyvinyl Chloride,1.500E+02,4.794E+00,1.618E-03,4.795E+00,1.798E+01,1.794E+01,0.9978
232,Polyvinyl Chloride,1.750E+02,4.320E+00,1.398E-03,4.322E+00,2.348E+01,2.343E+01,0.9978
232,Polyvinyl Chloride,2.000E+02,3.961E+00,1.231E-03,3.962E+00,2.954E+01,2.947E+01,0.9979
232,Polyvinyl Chloride,2.250E+02,3.679E+00,1.101E-03,3.680E+00,3.609E+01,3.602E+01,0.9979
232,Polyvinyl Chloride,2.500E+02,3.452E+00,9.961E-04,3.453E+00,4.311E+01,4.302E+01,0.9980
232,Polyvinyl Chloride,2.750E+02,3.266E+00,9.099E-04,3.267E+00,5.056E+01,5.046E+01,0.9980
232,Polyvinyl Chloride,3.000E+02,3.110E+00,8.378E-04,3.111E+00,5.841E+01,5.829E+01,0.9981
232,Polyvinyl Chloride,3.500E+02,2.865E+00,7.237E-04,2.866E+00,7.518E+01,7.504E+01,0.9981
232,Polyvinyl Chloride,4.000E+02,2.682E+00,6.376E-04,2.683E+00,9.324E+01,9.307E+01,0.9982
232,Polyvinyl Chloride,4.500E+02,2.541E+00,5.702E-04,2.542E+00,1.124E+02,1.122E+02,0.9982
232,Polyvinyl Chloride,5.000E+02,2.429E+00,5.159E-04,2.430E+00,1.325E+02,1.323E+02,0.9983
232,Polyvinyl Chloride,5.500E+02,2.339E+00,4.714E-04,2.339E+00,1.535E+02,1.533E+02,0.9983
232,Polyvinyl Chloride,6.000E+02,2.265E+00,4.341E-04,2.265E+00,1.753E+02,1.750E+02,0.9984
232,Polyvinyl Chloride,6.500E+02,2.203E+00,4.024E-04,2.203E+00,1.976E+02,1.973E+02,0.9984
232,Polyvinyl Chloride,7.000E+02,2.151E+00,3.751E-04,2.152E+00,2.206E+02,2.203E+02,0.9984
232,Polyvinyl Chloride,7.500E+02,2.106E+00,3.514E-04,2.106E+00,2.441E+02,2.437E+02,0.9985
232,Polyvinyl Chloride,8.000E+02,2.067E+00,3.305E-04,2.068E+00,2.681E+02,2.677E+02,0.9985
232,Polyvinyl Chloride,8.500E+02,2.034E+00,3.121E-04,2.034E+00,2.925E+02,2.920E+02,0.9985
232,Polyvinyl Chloride,9.000E+02,2.005E+00,2.957E-04,2.005E+00,3.172E+02,3.168E+02,0.9986
232,Polyvinyl Chloride,9.500E+02,1.979E+00,2.810E-04,1.979E+00,3.423E+02,3.418E+02,0.9986
232,Polyvinyl Chloride,1.000E+03,1.957E+00,2.677E-04,1.957E+00,3.677E+02,3.672E+02,0.9986
232,Polyvinyl Chloride,1.500E+03,1.833E+00,1.825E-04,1.833E+00,6.333E+02,6.325E+02,0.9988
232,Polyvinyl Chloride,2.000E+03,1.792E+00,1.392E-04,1.793E+00,9.096E+02,9.087E+02,0.9990
232,Polyvinyl Chloride,2.500E+03,1.781E+00,1.129E-04,1.781E+00,1.190E+03,1.189E+03,0.9991
232,Polyvinyl Chloride,3.000E+03,1.782E+00,9.511E-05,1.782E+00,1.470E+03,1.469E+03,0.9991
232,Polyvinyl Chloride,4.000E+03,1.799E+00,7.262E-05,1.799E+00,2.029E+03,2.028E+03,0.9993
232,Polyvinyl Chloride,5.000E+03,1.822E+00,5.892E-05,1.822E+00,2.582E+03,2.580E+03,0.9993
232,Polyvinyl Chloride,6.000E+03,1.845E+00,4.967E-05,1.845E+00,3.127E+03,3.125E+03,0.9994
232,Polyvinyl Chloride,7.000E+03,1.868E+00,4.300E-05,1.868E+00,3.665E+03,3.663E+03,0.9995
232,Polyvinyl Chloride,8.000E+03,1.889E+00,3.795E-05,1.889E+00,4.198E+03,4.196E+03,0.9995
232,Polyvinyl Chloride,9.000E+03,1.908E+00,3.399E-05,1.908E+00,4.725E+03,4.722E+03,0.9995
232,Polyvinyl Chloride,1.000E+04,1.926E+00,3.080E-05,1.926E+00,5.246E+03,5.244E+03,0.9996
238,Propane,1.000E-03,2.183E+02,6.195E+01,2.802E+02,4.008E-06,2.273E-06,0.5670
238,Propane,1.500E-03,2.673E+02,4.877E+01,3.161E+02,5.676E-06,3.427E-06,0.6038
238,Propane,2.000E-03,3.087E+02,4.074E+01,3.494E+02,7.180E-06,4.542E-06,0.6325
238,Propane,2.500E-03,3.451E+02,3.524E+01,3.803E+02,8.551E-06,5.606E-06,0.6556
238,Propane,3.000E-03,3.780E+02,3.120E+01,4.092E+02,9.817E-06,6.624E-06,0.6747
238,Propane,4.000E-03,4.365E+02,2.560E+01,4.621E+02,1.211E-05,8.538E-06,0.7049
238,Propane,5.000E-03,4.880E+02,2.186E+01,5.099E+02,1.417E-05,1.031E-05,0.7278
238,Propane,6.000E-03,5.346E+02,1.916E+01,5.538E+02,1.605E-05,1.198E-05,0.7461
238,Propane,7.000E-03,5.775E+02,1.711E+01,5.946E+02,1.779E-05,1.354E-05,0.7611
238,Propane,8.000E-03,6.173E+02,1.549E+01,6.328E+02,1.942E-05,1.503E-05,0.7738
238,Propane,9.000E-03,6.548E+02,1.418E+01,6.690E+02,2.096E-05,1.644E-05,0.7846
238,Propane,1.000E-02,6.902E+02,1.309E+01,7.033E+02,2.242E-05,1.780E-05,0.7940
238,Propane,1.250E-02,7.595E+02,1.103E+01,7.705E+02,2.580E-05,2.098E-05,0.8131
238,Propane,1.500E-02,8.190E+02,9.571E+00,8.285E+02,2.893E-05,2.395E-05,0.8280
238,Propane,1.750E-02,8.714E+02,8.479E+00,8.799E+02,3.186E-05,2.676E-05,0.8400
238,Propane,2.000E-02,9.180E+02,7.627E+00,9.256E+02,3.462E-05,2.943E-05,0.8499
238,Propane,2.250E-02,9.597E+02,6.942E+00,9.666E+02,3.727E-05,3.199E-05,0.8584
238,Propane,2.500E-02,9.970E+02,6.379E+00,1.003E+03,3.980E-05,3.446E-05,0.8656
238,Propane,2.750E-02,1.031E+03,5.907E+00,1.037E+03,4.225E-05,3.684E-05,0.8720
238,Propane,3.000E-02,1.061E+03,5.504E+00,1.066E+03,4.463E-05,3.917E-05,0.8776
238,Propane,3.500E-02,1.112E+03,4.855E+00,1.117E+03,4.921E-05,4.365E-05,0.8871
238,Propane,4.000E-02,1.153E+03,4.351E+00,1.158E+03,5.360E-05,4.797E-05,0.8950
238,Propane,4.500E-02,1.186E+03,3.948E+00,1.190E+03,5.786E-05,5.217E-05,0.9016
238,Propane,5.000E-02,1.211E+03,3.618E+00,1.214E+03,6.202E-05,5.627E-05,0.9073
238,Propane,5.500E-02,1.229E+03,3.343E+00,1.232E+03,6.610E-05,6.031E-05,0.9123
238,Propane,6.000E-02,1.242E+03,3.109E+00,1.245E+03,7.014E-05,6.430E-05,0.9168
238,Propane,6.500E-02,1.250E+03,2.907E+00,1.253E+03,7.414E-05,6.827E-05,0.9207
238,Propane,7.000E-02,1.254E+03,2.732E+00,1.257E+03,7.813E-05,7.221E-05,0.9243
238,Propane,7.500E-02,1.254E+03,2.578E+00,1.257E+03,8.210E-05,7.616E-05,0.9276
238,Propane,8.000E-02,1.252E+03,2.442E+00,1.254E+03,8.609E-05,8.011E-05,0.9306
238,Propane,8.500E-02,1.247E+03,2.320E+00,1.249E+03,9.008E-05,8.408E-05,0.9333
238,Propane,9.000E-02,1.239E+03,2.211E+00,1.241E+03,9.410E-05,8.806E-05,0.9359
238,Propane,9.500E-02,1.230E+03,2.112E+00,1.232E+03,9.814E-05,9.208E-05,0.9383
238,Propane,1.000E-01,1.220E+03,2.022E+00,1.222E+03,1.022E-04,9.613E-05,0.9405
238,Propane,1.250E-01,1.153E+03,1.672E+00,1.155E+03,1.232E-04,1.170E-04,0.9497
238,Propane,1.500E-01,1.078E+03,1.430E+00,1.079E+03,1.456E-04,1.393E-04,0.9568
238,Propane,1.750E-01,1.005E+03,1.253E+00,1.006E+03,1.696E-04,1.632E-04,0.9623
238,Propane,2.000E-01,9.379E+02,1.116E+00,9.390E+02,1.954E-04,1.889E-04,0.9668
238,Propane,2.250E-01,8.769E+02,1.008E+00,8.779E+02,2.229E-04,2.163E-04,0.9706
238,Propane,2.500E-01,8.222E+02,9.198E-01,8.231E+02,2.523E-04,2.457E-04,0.9736
238,Propane,2.750E-01,7.736E+02,8.457E-01,7.744E+02,2.836E-04,2.769E-04,0.9763
238,Propane,3.000E-01,7.305E+02,7.825E-01,7.313E+02,3.169E-04,3.101E-04,0.9785
238,Propane,3.500E-01,6.583E+02,6.816E-01,6.590E+02,3.890E-04,3.820E-04,0.9820
238,Propane,4.000E-01,6.006E+02,6.046E-01,6.012E+02,4.686E-04,4.614E-04,0.9847
238,Propane,4.500E-01,5.537E+02,5.438E-01,5.543E+02,5.553E-04,5.479E-04,0.9867
238,Propane,5.000E-01,5.150E+02,4.945E-01,5.155E+02,6.489E-04,6.413E-04,0.9884
238,Propane,5.500E-01,4.825E+02,4.538E-01,4.829E+02,7.492E-04,7.414E-04,0.9896
238,Propane,6.000E-01,4.542E+02,4.193E-01,4.546E+02,8.559E-04,8.480E-04,0.9907
238,Propane,6.500E-01,4.297E+02,3.898E-01,4.300E+02,9.691E-04,9.609E-04,0.9916
238,Propane,7.000E-01,4.079E+02,3.644E-01,4.083E+02,1.088E-03,1.080E-03,0.9923
238,Propane,7.500E-01,3.886E+02,3.421E-01,3.889E+02,1.214E-03,1.205E-03,0.9929
238,Propane,8.000E-01,3.712E+02,3.225E-01,3.716E+02,1.346E-03,1.337E-03,0.9934
238,Propane,8.500E-01,3.556E+02,3.052E-01,3.559E+02,1.483E-03,1.474E-03,0.9939
238,Propane,9.000E-01,3.413E+02,2.896E-01,3.416E+02,1.626E-03,1.617E-03,0.9943
238,Propane,9.500E-01,3.282E+02,2.756E-01,3.285E+02,1.776E-03,1.766E-03,0.9946
238,Propane,1.000E+00,3.163E+02,2.629E-01,3.165E+02,1.931E-03,1.921E-03,0.9949
238,Propane,1.250E+00,2.687E+02,2.142E-01,2.689E+02,2.791E-03,2.780E-03,0.9960
238,Propane,1.500E+00,2.348E+02,1.811E-01,2.350E+02,3.788E-03,3.776E-03,0.9966
238,Propane,1.750E+00,2.092E+02,1.570E-01,2.093E+02,4.918E-03,4.903E-03,0.9971
238,Propane,2.000E+00,1.890E+02,1.388E-01,1.892E+02,6.176E-03,6.160E-03,0.9974
238,Propane,2.250E+00,1.728E+02,1.244E-01,1.729E+02,7.560E-03,7.542E-03,0.9976
238,Propane,2.500E+00,1.593E+02,1.128E-01,1.594E+02,9.067E-03,9.047E-03,0.9978
238,Propane,2.750E+00,1.480E+02,1.032E-01,1.481E+02,1.070E-02,1.067E-02,0.9979
238,Propane,3.000E+00,1.383E+02,9.519E-02,1.384E+02,1.244E-02,1.242E-02,0.9980
238,Propane,3.500E+00,1.226E+02,8.244E-02,1.226E+02,1.629E-02,1.626E-02,0.9982
238,Propane,4.000E+00,1.103E+02,7.276E-02,1.104E+02,2.059E-02,2.056E-02,0.9983
238,Propane,4.500E+00,1.004E+02,6.517E-02,1.005E+02,2.535E-02,2.531E-02,0.9984
238,Propane,5.000E+00,9.231E+01,5.904E-02,9.237E+01,3.054E-02,3.050E-02,0.9985
238,Propane,5.500E+00,8.551E+01,5.399E-02,8.557E+01,3.617E-02,3.612E-02,0.9985
238,Propane,6.000E+00,7.973E+01,4.975E-02,7.977E+01,4.223E-02,4.217E-02,0.9986
238,Propane,6.500E+00,7.473E+01,4.615E-02,7.478E+01,4.870E-02,4.864E-02,0.9986
238,Propane,7.000E+00,7.038E+01,4.304E-02,7.042E+01,5.560E-02,5.552E-02,0.9986
238,Propane,7.500E+00,6.654E+01,4.033E-02,6.658E+01,6.290E-02,6.282E-02,0.9987
238,Propane,8.000E+00,6.313E+01,3.795E-02,6.317E+01,7.062E-02,7.052E-02,0.9987
238,Propane,8.500E+00,6.010E+01,3.584E-02,6.013E+01,7.873E-02,7.863E-02,0.9987
238,Propane,9.000E+00,5.736E+01,3.396E-02,5.739E+01,8.725E-02,8.713E-02,0.9987
238,Propane,9.500E+00,5.487E+01,3.227E-02,5.491E+01,9.616E-02,9.603E-02,0.9987
238,Propane,1.000E+01,5.262E+01,3.075E-02,5.265E+01,1.055E-01,1.053E-01,0.9988
238,Propane,1.250E+01,4.381E+01,2.490E-02,4.384E+01,1.577E-01,1.576E-01,0.9988
238,Propane,1.500E+01,3.771E+01,2.096E-02,3.773E+01,2.194E-01,2.192E-01,0.9989
238,Propane,1.750E+01,3.321E+01,1.811E-02,3.323E+01,2.902E-01,2.899E-01,0.9989
238,Propane,2.000E+01,2.975E+01,1.595E-02,2.976E+01,3.698E-01,3.694E-01,0.9989
238,Propane,2.500E+01,2.475E+01,1.291E-02,2.477E+01,5.549E-01,5.543E-01,0.9990
238,Propane,2.750E+01,2.289E+01,1.179E-02,2.290E+01,6.599E-01,6.593E-01,0.9990
238,Propane,3.000E+01,2.131E+01,1.086E-02,2.132E+01,7.731E-01,7.724E-01,0.9990
238,Propane,3.500E+01,1.879E+01,9.376E-03,1.880E+01,1.023E+00,1.022E+00,0.9990
238,Propane,4.000E+01,1.686E+01,8.258E-03,1.686E+01,1.305E+00,1.303E+00,0.9990
238,Propane,4.500E+01,1.532E+01,7.382E-03,1.533E+01,1.616E+00,1.615E+00,0.9990
238,Propane,5.000E+01,1.408E+01,6.678E-03,1.408E+01,1.957E+00,1.955E+00,0.9991
238,Propane,5.500E+01,1.304E+01,6.099E-03,1.305E+01,2.326E+00,2.324E+00,0.9991
238,Propane,6.000E+01,1.217E+01,5.614E-03,1.218E+01,2.723E+00,2.720E+00,0.9991
238,Propane,6.500E+01,1.143E+01,5.201E-03,1.143E+01,3.147E+00,3.144E+00,0.9991
238,Propane,7.000E+01,1.078E+01,4.847E-03,1.079E+01,3.597E+00,3.594E+00,0.9991
238,Propane,7.500E+01,1.022E+01,4.539E-03,1.022E+01,4.074E+00,4.070E+00,0.9991
238,Propane,8.000E+01,9.719E+00,4.268E-03,9.723E+00,4.576E+00,4.572E+00,0.9991
238,Propane,8.500E+01,9.276E+00,4.028E-03,9.280E+00,5.102E+00,5.098E+00,0.9991
238,Propane,9.000E+01,8.880E+00,3.815E-03,8.884E+00,5.653E+00,5.648E+00,0.9991
238,Propane,9.500E+01,8.523E+00,3.623E-03,8.527E+00,6.228E+00,6.222E+00,0.9991
238,Propane,1.000E+02,8.200E+00,3.450E-03,8.204E+00,6.826E+00,6.820E+00,0.9991
238,Propane,1.250E+02,6.956E+00,2.789E-03,6.959E+00,1.015E+01,1.014E+01,0.9992
238,Propane,1.500E+02,6.110E+00,2.344E-03,6.113E+00,1.399E+01,1.398E+01,0.9992
238,Propane,1.750E+02,5.498E+00,2.024E-03,5.500E+00,1.832E+01,1.830E+01,0.9992
238,Propane,2.000E+02,5.033E+00,1.782E-03,5.035E+00,2.307E+01,2.306E+01,0.9992
238,Propane,2.250E+02,4.669E+00,1.593E-03,4.671E+00,2.824E+01,2.821E+01,0.9992
238,Propane,2.500E+02,4.377E+00,1.441E-03,4.378E+00,3.377E+01,3.374E+01,0.9993
238,Propane,2.750E+02,4.137E+00,1.316E-03,4.138E+00,3.965E+01,3.962E+01,0.9993
238,Propane,3.000E+02,3.936E+00,1.211E-03,3.938E+00,4.584E+01,4.581E+01,0.9993
238,Propane,3.500E+02,3.621E+00,1.046E-03,3.622E+00,5.911E+01,5.907E+01,0.9993
238,Propane,4.000E+02,3.386E+00,9.210E-04,3.387E+00,7.340E+01,7.335E+01,0.9993
238,Propane,4.500E+02,3.204E+00,8.233E-04,3.205E+00,8.859E+01,8.854E+01,0.9994
238,Propane,5.000E+02,3.060E+00,7.449E-04,3.061E+00,1.046E+02,1.045E+02,0.9994
238,Propane,5.500E+02,2.944E+00,6.804E-04,2.944E+00,1.212E+02,1.212E+02,0.9994
238,Propane,6.000E+02,2.848E+00,6.264E-04,2.849E+00,1.385E+02,1.384E+02,0.9994
238,Propane,6.500E+02,2.769E+00,5.805E-04,2.769E+00,1.563E+02,1.562E+02,0.9994
238,Propane,7.000E+02,2.702E+00,5.411E-04,2.703E+00,1.746E+02,1.745E+02,0.9994
238,Propane,7.500E+02,2.645E+00,5.068E-04,2.646E+00,1.933E+02,1.932E+02,0.9994
238,Propane,8.000E+02,2.597E+00,4.767E-04,2.597E+00,2.124E+02,2.123E+02,0.9995
238,Propane,8.500E+02,2.555E+00,4.501E-04,2.555E+00,2.318E+02,2.317E+02,0.9995
238,Propane,9.000E+02,2.519E+00,4.264E-04,2.519E+00,2.515E+02,2.514E+02,0.9995
238,Propane,9.500E+02,2.487E+00,4.051E-04,2.488E+00,2.715E+02,2.713E+02,0.9995
238,Propane,1.000E+03,2.460E+00,3.859E-04,2.460E+00,2.917E+02,2.915E+02,0.9995
238,Propane,1.500E+03,2.312E+00,2.630E-04,2.313E+00,5.026E+02,5.024E+02,0.9996
238,Propane,2.000E+03,2.270E+00,2.005E-04,2.270E+00,7.212E+02,7.209E+02,0.9996
238,Propane,2.500E+03,2.265E+00,1.625E-04,2.265E+00,9.419E+02,9.416E+02,0.9997
238,Propane,3.000E+03,2.274E+00,1.368E-04,2.275E+00,1.162E+03,1.162E+03,0.9997
238,Propane,4.000E+03,2.311E+00,1.044E-04,2.311E+00,1.599E+03,1.598E+03,0.9997
238,Propane,5.000E+03,2.353E+00,8.470E-05,2.353E+00,2.027E+03,2.027E+03,0.9998
238,Propane,6.000E+03,2.394E+00,7.139E-05,2.394E+00,2.449E+03,2.448E+03,0.9998
238,Propane,7.000E+03,2.433E+00,6.178E-05,2.433E+00,2.863E+03,2.862E+03,0.9998
238,Propane,8.000E+03,2.469E+00,5.452E-05,2.469E+00,3.271E+03,3.270E+03,0.9998
238,Propane,9.000E+03,2.503E+00,4.882E-05,2.503E+00,3.673E+03,3.673E+03,0.9998
238,Propane,1.000E+04,2.533E+00,4.423E-05,2.534E+00,4.070E+03,4.070E+03,0.9998
245,Silicon Dioxide,1.000E-03,8.564E+01,1.624E+01,1.019E+02,1.395E-05,3.684E-06,0.2641
245,Silicon Dioxide,1.500E-03,1.049E+02,1.418E+01,1.191E+02,1.844E-05,5.586E-06,0.3028
245,Silicon Dioxide,2.000E-03,1.211E+02,1.267E+01,1.338E+02,2.240E-05,7.499E-06,0.3348
245,Silicon Dioxide,2.500E-03,1.354E+02,1.150E+01,1.469E+02,2.596E-05,9.392E-06,0.3618
245,Silicon Dioxide,3.000E-03,1.483E+02,1.057E+01,1.589E+02,2.923E-05,1.126E-05,0.3852
245,Silicon Dioxide,4.000E-03,1.713E+02,9.160E+00,1.804E+02,3.513E-05,1.490E-05,0.4242
245,Silicon Dioxide,5.000E-03,1.915E+02,8.132E+00,1.996E+02,4.039E-05,1.841E-05,0.4558
245,Silicon Dioxide,6.000E-03,2.098E+02,7.342E+00,2.171E+02,4.519E-05,2.179E-05,0.4823
245,Silicon Dioxide,7.000E-03,2.266E+02,6.712E+00,2.333E+02,4.963E-05,2.506E-05,0.5049
245,Silicon Dioxide,8.000E-03,2.422E+02,6.196E+00,2.484E+02,5.378E-05,2.821E-05,0.5246
245,Silicon Dioxide,9.000E-03,2.569E+02,5.763E+00,2.627E+02,5.769E-05,3.127E-05,0.5420
245,Silicon Dioxide,1.000E-02,2.708E+02,5.395E+00,2.762E+02,6.140E-05,3.423E-05,0.5575
245,Silicon Dioxide,1.250E-02,2.981E+02,4.672E+00,3.028E+02,7.003E-05,4.133E-05,0.5901
245,Silicon Dioxide,1.500E-02,3.220E+02,4.139E+00,3.261E+02,7.798E-05,4.808E-05,0.6166
245,Silicon Dioxide,1.750E-02,3.431E+02,3.726E+00,3.469E+02,8.540E-05,5.453E-05,0.6386
245,Silicon Dioxide,2.000E-02,3.621E+02,3.396E+00,3.655E+02,9.242E-05,6.074E-05,0.6572
245,Silicon Dioxide,2.250E-02,3.793E+02,3.126E+00,3.824E+02,9.910E-05,6.674E-05,0.6734
245,Silicon Dioxide,2.500E-02,3.949E+02,2.899E+00,3.978E+02,1.055E-04,7.255E-05,0.6876
245,Silicon Dioxide,2.750E-02,4.091E+02,2.706E+00,4.118E+02,1.117E-04,7.820E-05,0.7002
245,Silicon Dioxide,3.000E-02,4.221E+02,2.540E+00,4.246E+02,1.177E-04,8.371E-05,0.7114
245,Silicon Dioxide,3.500E-02,4.448E+02,2.267E+00,4.471E+02,1.291E-04,9.438E-05,0.7309
245,Silicon Dioxide,4.000E-02,4.638E+02,2.052E+00,4.659E+02,1.401E-04,1.047E-04,0.7472
245,Silicon Dioxide,4.500E-02,4.797E+02,1.877E+00,4.815E+02,1.506E-04,1.146E-04,0.7611
245,Silicon Dioxide,5.000E-02,4.928E+02,1.733E+00,4.945E+02,1.609E-04,1.244E-04,0.7733
245,Silicon Dioxide,5.500E-02,5.036E+02,1.610E+00,5.052E+02,1.709E-04,1.340E-04,0.7840
245,Silicon Dioxide,6.000E-02,5.123E+02,1.506E+00,5.138E+02,1.807E-04,1.434E-04,0.7936
245,Silicon Dioxide,6.500E-02,5.192E+02,1.415E+00,5.206E+02,1.903E-04,1.527E-04,0.8022
245,Silicon Dioxide,7.000E-02,5.245E+02,1.335E+00,5.259E+02,1.999E-04,1.619E-04,0.8100
245,Silicon Dioxide,7.500E-02,5.285E+02,1.265E+00,5.298E+02,2.094E-04,1.711E-04,0.8172
245,Silicon Dioxide,8.000E-02,5.312E+02,1.202E+00,5.324E+02,2.188E-04,1.802E-04,0.8238
245,Silicon Dioxide,8.500E-02,5.329E+02,1.146E+00,5.341E+02,2.282E-04,1.893E-04,0.8299
245,Silicon Dioxide,9.000E-02,5.337E+02,1.095E+00,5.348E+02,2.375E-04,1.984E-04,0.8355
245,Silicon Dioxide,9.500E-02,5.336E+02,1.049E+00,5.347E+02,2.469E-04,2.076E-04,0.8408
245,Silicon Dioxide,1.000E-01,5.329E+02,1.007E+00,5.339E+02,2.562E-04,2.167E-04,0.8458
245,Silicon Dioxide,1.250E-01,5.219E+02,8.416E-01,5.227E+02,3.035E-04,2.630E-04,0.8665
245,Silicon Dioxide,1.500E-01,5.039E+02,7.258E-01,5.046E+02,3.521E-04,3.108E-04,0.8826
245,Silicon Dioxide,1.750E-01,4.835E+02,6.398E-01,4.841E+02,4.027E-04,3.606E-04,0.8954
245,Silicon Dioxide,2.000E-01,4.628E+02,5.732E-01,4.634E+02,4.554E-04,4.126E-04,0.9060
245,Silicon Dioxide,2.250E-01,4.429E+02,5.200E-01,4.434E+02,5.106E-04,4.671E-04,0.9149
245,Silicon Dioxide,2.500E-01,4.242E+02,4.764E-01,4.246E+02,5.682E-04,5.241E-04,0.9224
245,Silicon Dioxide,2.750E-01,4.067E+02,4.400E-01,4.072E+02,6.284E-04,5.836E-04,0.9288
245,Silicon Dioxide,3.000E-01,3.906E+02,4.091E-01,3.910E+02,6.910E-04,6.457E-04,0.9344
245,Silicon Dioxide,3.500E-01,3.589E+02,3.594E-01,3.592E+02,8.245E-04,7.780E-04,0.9436
245,Silicon Dioxide,4.000E-01,3.308E+02,3.211E-01,3.311E+02,9.696E-04,9.219E-04,0.9508
245,Silicon Dioxide,4.500E-01,3.076E+02,2.907E-01,3.079E+02,1.126E-03,1.077E-03,0.9566
245,Silicon Dioxide,5.000E-01,2.889E+02,2.658E-01,2.892E+02,1.294E-03,1.244E-03,0.9613
245,Silicon Dioxide,5.500E-01,2.736E+02,2.450E-01,2.738E+02,1.472E-03,1.421E-03,0.9651
245,Silicon Dioxide,6.000E-01,2.599E+02,2.275E-01,2.601E+02,1.659E-03,1.607E-03,0.9683
245,Silicon Dioxide,6.500E-01,2.478E+02,2.124E-01,2.480E+02,1.856E-03,1.802E-03,0.9710
245,Silicon Dioxide,7.000E-01,2.369E+02,1.993E-01,2.371E+02,2.063E-03,2.007E-03,0.9733
245,Silicon Dioxide,7.500E-01,2.271E+02,1.879E-01,2.273E+02,2.278E-03,2.222E-03,0.9752
245,Silicon Dioxide,8.000E-01,2.182E+02,1.777E-01,2.184E+02,2.502E-03,2.445E-03,0.9769
245,Silicon Dioxide,8.500E-01,2.101E+02,1.686E-01,2.102E+02,2.736E-03,2.677E-03,0.9784
245,Silicon Dioxide,9.000E-01,2.027E+02,1.604E-01,2.029E+02,2.978E-03,2.918E-03,0.9797
245,Silicon Dioxide,9.500E-01,1.959E+02,1.530E-01,1.961E+02,3.229E-03,3.167E-03,0.9809
245,Silicon Dioxide,1.000E+00,1.897E+02,1.464E-01,1.898E+02,3.488E-03,3.425E-03,0.9819
245,Silicon Dioxide,1.250E+00,1.642E+02,1.204E-01,1.643E+02,4.908E-03,4.838E-03,0.9856
245,Silicon Dioxide,1.500E+00,1.455E+02,1.026E-01,1.456E+02,6.528E-03,6.450E-03,0.9880
245,Silicon Dioxide,1.750E+00,1.311E+02,8.954E-02,1.312E+02,8.340E-03,8.253E-03,0.9896
245,Silicon Dioxide,2.000E+00,1.196E+02,7.954E-02,1.196E+02,1.034E-02,1.024E-02,0.9908
245,Silicon Dioxide,2.250E+00,1.102E+02,7.162E-02,1.102E+02,1.252E-02,1.241E-02,0.9916
245,Silicon Dioxide,2.500E+00,1.023E+02,6.520E-02,1.023E+02,1.487E-02,1.476E-02,0.9923
245,Silicon Dioxide,2.750E+00,9.559E+01,5.987E-02,9.565E+01,1.740E-02,1.728E-02,0.9928
245,Silicon Dioxide,3.000E+00,8.981E+01,5.538E-02,8.986E+01,2.010E-02,1.996E-02,0.9933
245,Silicon Dioxide,3.500E+00,8.032E+01,4.822E-02,8.037E+01,2.599E-02,2.584E-02,0.9939
245,Silicon Dioxide,4.000E+00,7.284E+01,4.274E-02,7.288E+01,3.254E-02,3.235E-02,0.9944
245,Silicon Dioxide,4.500E+00,6.676E+01,3.842E-02,6.680E+01,3.971E-02,3.950E-02,0.9947
245,Silicon Dioxide,5.000E+00,6.173E+01,3.492E-02,6.176E+01,4.750E-02,4.726E-02,0.9950
245,Silicon Dioxide,5.500E+00,5.747E+01,3.202E-02,5.750E+01,5.590E-02,5.563E-02,0.9952
245,Silicon Dioxide,6.000E+00,5.382E+01,2.958E-02,5.385E+01,6.489E-02,6.459E-02,0.9954
245,Silicon Dioxide,6.500E+00,5.065E+01,2.750E-02,5.067E+01,7.447E-02,7.414E-02,0.9956
245,Silicon Dioxide,7.000E+00,4.786E+01,2.570E-02,4.789E+01,8.462E-02,8.426E-02,0.9957
245,Silicon Dioxide,7.500E+00,4.540E+01,2.413E-02,4.543E+01,9.535E-02,9.495E-02,0.9958
245,Silicon Dioxide,8.000E+00,4.321E+01,2.274E-02,4.323E+01,1.066E-01,1.062E-01,0.9959
245,Silicon Dioxide,8.500E+00,4.123E+01,2.151E-02,4.126E+01,1.185E-01,1.180E-01,0.9960
245,Silicon Dioxide,9.000E+00,3.945E+01,2.041E-02,3.947E+01,1.309E-01,1.304E-01,0.9961
245,Silicon Dioxide,9.500E+00,3.783E+01,1.942E-02,3.785E+01,1.438E-01,1.433E-01,0.9962
245,Silicon Dioxide,1.000E+01,3.636E+01,1.852E-02,3.638E+01,1.573E-01,1.567E-01,0.9962
245,Silicon Dioxide,1.250E+01,3.054E+01,1.507E-02,3.056E+01,2.326E-01,2.318E-01,0.9965
245,Silicon Dioxide,1.500E+01,2.646E+01,1.273E-02,2.648E+01,3.208E-01,3.197E-01,0.9966
245,Silicon Dioxide,1.750E+01,2.343E+01,1.103E-02,2.344E+01,4.213E-01,4.199E-01,0.9967
245,Silicon Dioxide,2.000E+01,2.108E+01,9.739E-03,2.109E+01,5.339E-01,5.322E-01,0.9968
245,Silicon Dioxide,2.500E+01,1.766E+01,7.906E-03,1.767E+01,7.941E-01,7.917E-01,0.9970
245,Silicon Dioxide,2.750E+01,1.637E+01,7.231E-03,1.638E+01,9.412E-01,9.384E-01,0.9970
245,Silicon Dioxide,3.000E+01,1.528E+01,6.665E-03,1.529E+01,1.099E+00,1.096E+00,0.9971
245,Silicon Dioxide,3.500E+01,1.353E+01,5.767E-03,1.353E+01,1.448E+00,1.444E+00,0.9972
245,Silicon Dioxide,4.000E+01,1.217E+01,5.086E-03,1.218E+01,1.838E+00,1.833E+00,0.9972
245,Silicon Dioxide,4.500E+01,1.110E+01,4.552E-03,1.110E+01,2.268E+00,2.262E+00,0.9973
245,Silicon Dioxide,5.000E+01,1.022E+01,4.122E-03,1.022E+01,2.738E+00,2.731E+00,0.9973
245,Silicon Dioxide,5.500E+01,9.489E+00,3.767E-03,9.493E+00,3.246E+00,3.238E+00,0.9974
245,Silicon Dioxide,6.000E+01,8.871E+00,3.470E-03,8.874E+00,3.791E+00,3.781E+00,0.9974
245,Silicon Dioxide,6.500E+01,8.341E+00,3.217E-03,8.344E+00,4.373E+00,4.361E+00,0.9974
245,Silicon Dioxide,7.000E+01,7.881E+00,3.000E-03,7.884E+00,4.989E+00,4.977E+00,0.9975
245,Silicon Dioxide,7.500E+01,7.478E+00,2.810E-03,7.481E+00,5.641E+00,5.627E+00,0.9975
245,Silicon Dioxide,8.000E+01,7.122E+00,2.644E-03,7.125E+00,6.326E+00,6.310E+00,0.9975
245,Silicon Dioxide,8.500E+01,6.805E+00,2.496E-03,6.808E+00,7.044E+00,7.027E+00,0.9976
245,Silicon Dioxide,9.000E+01,6.521E+00,2.365E-03,6.524E+00,7.795E+00,7.776E+00,0.9976
245,Silicon Dioxide,9.500E+01,6.265E+00,2.247E-03,6.268E+00,8.577E+00,8.556E+00,0.9976
245,Silicon Dioxide,1.000E+02,6.033E+00,2.140E-03,6.036E+00,9.390E+00,9.367E+00,0.9976
245,Silicon Dioxide,1.250E+02,5.137E+00,1.732E-03,5.138E+00,1.390E+01,1.387E+01,0.9977
245,Silicon Dioxide,1.500E+02,4.525E+00,1.457E-03,4.526E+00,1.910E+01,1.906E+01,0.9978
245,Silicon Dioxide,1.750E+02,4.080E+00,1.259E-03,4.081E+00,2.493E+01,2.487E+01,0.9978
245,Silicon Dioxide,2.000E+02,3.742E+00,1.109E-03,3.744E+00,3.133E+01,3.127E+01,0.9979
245,Silicon Dioxide,2.250E+02,3.477E+00,9.916E-04,3.478E+00,3.827E+01,3.819E+01,0.9979
245,Silicon Dioxide,2.500E+02,3.264E+00,8.972E-04,3.265E+00,4.569E+01,4.560E+01,0.9980
245,Silicon Dioxide,2.750E+02,3.089E+00,8.196E-04,3.090E+00,5.357E+01,5.347E+01,0.9980
245,Silicon Dioxide,3.000E+02,2.942E+00,7.547E-04,2.943E+00,6.187E+01,6.175E+01,0.9981
245,Silicon Dioxide,3.500E+02,2.712E+00,6.520E-04,2.713E+00,7.960E+01,7.945E+01,0.9981
245,Silicon Dioxide,4.000E+02,2.540E+00,5.744E-04,2.540E+00,9.867E+01,9.849E+01,0.9982
245,Silicon Dioxide,4.500E+02,2.407E+00,5.137E-04,2.407E+00,1.189E+02,1.187E+02,0.9982
245,Silicon Dioxide,5.000E+02,2.302E+00,4.648E-04,2.302E+00,1.402E+02,1.399E+02,0.9983
245,Silicon Dioxide,5.500E+02,2.217E+00,4.247E-04,2.217E+00,1.623E+02,1.620E+02,0.9983
245,Silicon Dioxide,6.000E+02,2.147E+00,3.911E-04,2.147E+00,1.852E+02,1.849E+02,0.9984
245,Silicon Dioxide,6.500E+02,2.089E+00,3.625E-04,2.089E+00,2.088E+02,2.085E+02,0.9984
245,Silicon Dioxide,7.000E+02,2.040E+00,3.380E-04,2.040E+00,2.331E+02,2.327E+02,0.9985
245,Silicon Dioxide,7.500E+02,1.997E+00,3.166E-04,1.998E+00,2.578E+02,2.575E+02,0.9985
245,Silicon Dioxide,8.000E+02,1.961E+00,2.979E-04,1.962E+00,2.831E+02,2.827E+02,0.9985
245,Silicon Dioxide,8.500E+02,1.930E+00,2.813E-04,1.930E+00,3.088E+02,3.084E+02,0.9986
245,Silicon Dioxide,9.000E+02,1.903E+00,2.665E-04,1.903E+00,3.349E+02,3.344E+02,0.9986
245,Silicon Dioxide,9.500E+02,1.879E+00,2.532E-04,1.880E+00,3.613E+02,3.608E+02,0.9986
245,Silicon Dioxide,1.000E+03,1.858E+00,2.412E-04,1.859E+00,3.881E+02,3.876E+02,0.9986
245,Silicon Dioxide,1.500E+03,1.745E+00,1.645E-04,1.745E+00,6.673E+02,6.666E+02,0.9988
245,Silicon Dioxide,2.000E+03,1.709E+00,1.255E-04,1.709E+00,9.574E+02,9.565E+02,0.9990
245,Silicon Dioxide,2.500E+03,1.700E+00,1.018E-04,1.700E+00,1.251E+03,1.250E+03,0.9991
245,Silicon Dioxide,3.000E+03,1.702E+00,8.577E-05,1.702E+00,1.545E+03,1.544E+03,0.9992
245,Silicon Dioxide,4.000E+03,1.720E+00,6.549E-05,1.720E+00,2.130E+03,2.128E+03,0.9993
245,Silicon Dioxide,5.000E+03,1.743E+00,5.314E-05,1.743E+00,2.708E+03,2.706E+03,0.9994
245,Silicon Dioxide,6.000E+03,1.765E+00,4.481E-05,1.765E+00,3.278E+03,3.276E+03,0.9994
245,Silicon Dioxide,7.000E+03,1.787E+00,3.879E-05,1.787E+00,3.841E+03,3.839E+03,0.9995
245,Silicon Dioxide,8.000E+03,1.807E+00,3.424E-05,1.807E+00,4.397E+03,4.395E+03,0.9995
245,Silicon Dioxide,9.000E+03,1.825E+00,3.067E-05,1.825E+00,4.948E+03,4.946E+03,0.9995
245,Silicon Dioxide,1.000E+04,1.842E+00,2.779E-05,1.842E+00,5.493E+03,5.491E+03,0.9996
252,Sodium Iodide,1.000E-03,4.110E+01,3.564E+00,4.466E+01,3.644E-05,6.397E-06,0.1755
252,Sodium Iodide,1.500E-03,5.034E+01,3.313E+00,5.365E+01,4.654E-05,9.249E-06,0.1987
252,Sodium Iodide,2.000E-03,5.812E+01,3.108E+00,6.123E+01,5.525E-05,1.206E-05,0.2182
252,Sodium Iodide,2.500E-03,6.498E+01,2.937E+00,6.792E+01,6.300E-05,1.481E-05,0.2350
252,Sodium Iodide,3.000E-03,7.119E+01,2.792E+00,7.398E+01,7.004E-05,1.751E-05,0.2500
252,Sodium Iodide,4.000E-03,8.220E+01,2.556E+00,8.475E+01,8.264E-05,2.281E-05,0.2760
252,Sodium Iodide,5.000E-03,9.190E+01,2.369E+00,9.427E+01,9.381E-05,2.797E-05,0.2981
252,Sodium Iodide,6.000E-03,1.007E+02,2.217E+00,1.029E+02,1.040E-04,3.300E-05,0.3175
252,Sodium Iodide,7.000E-03,1.087E+02,2.089E+00,1.108E+02,1.133E-04,3.793E-05,0.3347
252,Sodium Iodide,8.000E-03,1.162E+02,1.979E+00,1.182E+02,1.220E-04,4.275E-05,0.3503
252,Sodium Iodide,9.000E-03,1.233E+02,1.884E+00,1.252E+02,1.303E-04,4.748E-05,0.3645
252,Sodium Iodide,1.000E-02,1.300E+02,1.799E+00,1.318E+02,1.380E-04,5.212E-05,0.3776
252,Sodium Iodide,1.250E-02,1.434E+02,1.626E+00,1.450E+02,1.561E-04,6.343E-05,0.4064
252,Sodium Iodide,1.500E-02,1.552E+02,1.489E+00,1.567E+02,1.727E-04,7.442E-05,0.4310
252,Sodium Iodide,1.750E-02,1.658E+02,1.379E+00,1.671E+02,1.881E-04,8.510E-05,0.4524
252,Sodium Iodide,2.000E-02,1.754E+02,1.286E+00,1.767E+02,2.026E-04,9.552E-05,0.4714
252,Sodium Iodide,2.250E-02,1.842E+02,1.208E+00,1.854E+02,2.165E-04,1.057E-04,0.4883
252,Sodium Iodide,2.500E-02,1.923E+02,1.140E+00,1.934E+02,2.297E-04,1.156E-04,0.5036
252,Sodium Iodide,2.750E-02,1.997E+02,1.081E+00,2.008E+02,2.423E-04,1.254E-04,0.5175
252,Sodium Iodide,3.000E-02,2.066E+02,1.029E+00,2.077E+02,2.546E-04,1.350E-04,0.5302
252,Sodium Iodide,3.500E-02,2.190E+02,9.410E-01,2.199E+02,2.780E-04,1.537E-04,0.5529
252,Sodium Iodide,4.000E-02,2.296E+02,8.688E-01,2.305E+02,3.001E-04,1.719E-04,0.5726
252,Sodium Iodide,4.500E-02,2.389E+02,8.086E-01,2.397E+02,3.214E-04,1.896E-04,0.5899
252,Sodium Iodide,5.000E-02,2.468E+02,7.573E-01,2.475E+02,3.419E-04,2.070E-04,0.6054
252,Sodium Iodide,5.500E-02,2.535E+02,7.130E-01,2.542E+02,3.618E-04,2.241E-04,0.6193
252,Sodium Iodide,6.000E-02,2.592E+02,6.743E-01,2.599E+02,3.813E-04,2.410E-04,0.6320
252,Sodium Iodide,6.500E-02,2.640E+02,6.402E-01,2.647E+02,4.003E-04,2.577E-04,0.6436
252,Sodium Iodide,7.000E-02,2.680E+02,6.097E-01,2.686E+02,4.191E-04,2.742E-04,0.6543
252,Sodium Iodide,7.500E-02,2.711E+02,5.825E-01,2.717E+02,4.376E-04,2.907E-04,0.6643
252,Sodium Iodide,8.000E-02,2.736E+02,5.579E-01,2.741E+02,4.559E-04,3.071E-04,0.6735
252,Sodium Iodide,8.500E-02,2.754E+02,5.355E-01,2.759E+02,4.741E-04,3.234E-04,0.6822
252,Sodium Iodide,9.000E-02,2.767E+02,5.151E-01,2.772E+02,4.922E-04,3.398E-04,0.6904
252,Sodium Iodide,9.500E-02,2.774E+02,4.963E-01,2.779E+02,5.102E-04,3.562E-04,0.6981
252,Sodium Iodide,1.000E-01,2.777E+02,4.791E-01,2.781E+02,5.282E-04,3.726E-04,0.7054
252,Sodium Iodide,1.250E-01,2.737E+02,4.098E-01,2.741E+02,6.185E-04,4.558E-04,0.7370
252,Sodium Iodide,1.500E-01,2.642E+02,3.596E-01,2.646E+02,7.112E-04,5.423E-04,0.7625
252,Sodium Iodide,1.750E-01,2.523E+02,3.214E-01,2.526E+02,8.079E-04,6.332E-04,0.7837
252,Sodium Iodide,2.000E-01,2.397E+02,2.912E-01,2.400E+02,9.094E-04,7.292E-04,0.8018
252,Sodium Iodide,2.250E-01,2.276E+02,2.666E-01,2.278E+02,1.016E-03,8.307E-04,0.8174
252,Sodium Iodide,2.500E-01,2.162E+02,2.463E-01,2.165E+02,1.129E-03,9.381E-04,0.8309
252,Sodium Iodide,2.750E-01,2.059E+02,2.291E-01,2.061E+02,1.247E-03,1.051E-03,0.8428
252,Sodium Iodide,3.000E-01,1.966E+02,2.143E-01,1.968E+02,1.371E-03,1.170E-03,0.8532
252,Sodium Iodide,3.500E-01,1.807E+02,1.903E-01,1.809E+02,1.637E-03,1.425E-03,0.8706
252,Sodium Iodide,4.000E-01,1.678E+02,1.715E-01,1.680E+02,1.924E-03,1.701E-03,0.8843
252,Sodium Iodide,4.500E-01,1.573E+02,1.563E-01,1.575E+02,2.232E-03,1.998E-03,0.8954
252,Sodium Iodide,5.000E-01,1.485E+02,1.438E-01,1.487E+02,2.559E-03,2.314E-03,0.9044
252,Sodium Iodide,5.500E-01,1.411E+02,1.333E-01,1.412E+02,2.904E-03,2.648E-03,0.9119
252,Sodium Iodide,6.000E-01,1.347E+02,1.243E-01,1.348E+02,3.266E-03,2.999E-03,0.9182
252,Sodium Iodide,6.500E-01,1.291E+02,1.166E-01,1.292E+02,3.645E-03,3.367E-03,0.9235
252,Sodium Iodide,7.000E-01,1.241E+02,1.098E-01,1.242E+02,4.040E-03,3.750E-03,0.9281
252,Sodium Iodide,7.500E-01,1.197E+02,1.039E-01,1.198E+02,4.450E-03,4.148E-03,0.9320
252,Sodium Iodide,8.000E-01,1.157E+02,9.857E-02,1.158E+02,4.875E-03,4.560E-03,0.9355
252,Sodium Iodide,8.500E-01,1.119E+02,9.382E-02,1.120E+02,5.314E-03,4.987E-03,0.9385
252,Sodium Iodide,9.000E-01,1.084E+02,8.954E-02,1.085E+02,5.767E-03,5.428E-03,0.9412
252,Sodium Iodide,9.500E-01,1.051E+02,8.567E-02,1.051E+02,6.236E-03,5.884E-03,0.9436
252,Sodium Iodide,1.000E+00,1.019E+02,8.214E-02,1.020E+02,6.718E-03,6.354E-03,0.9457
252,Sodium Iodide,1.250E+00,8.879E+01,6.831E-02,8.886E+01,9.352E-03,8.921E-03,0.9539
252,Sodium Iodide,1.500E+00,7.899E+01,5.869E-02,7.905E+01,1.234E-02,1.184E-02,0.9593
252,Sodium Iodide,1.750E+00,7.148E+01,5.157E-02,7.153E+01,1.567E-02,1.509E-02,0.9631
252,Sodium Iodide,2.000E+00,6.554E+01,4.609E-02,6.559E+01,1.933E-02,1.867E-02,0.9659
252,Sodium Iodide,2.250E+00,6.075E+01,4.172E-02,6.079E+01,2.329E-02,2.254E-02,0.9680
252,Sodium Iodide,2.500E+00,5.680E+01,3.815E-02,5.684E+01,2.755E-02,2.671E-02,0.9697
252,Sodium Iodide,2.750E+00,5.349E+01,3.518E-02,5.352E+01,3.208E-02,3.115E-02,0.9711
252,Sodium Iodide,3.000E+00,5.066E+01,3.266E-02,5.070E+01,3.688E-02,3.586E-02,0.9723
252,Sodium Iodide,3.500E+00,4.606E+01,2.862E-02,4.609E+01,4.724E-02,4.602E-02,0.9741
252,Sodium Iodide,4.000E+00,4.233E+01,2.551E-02,4.236E+01,5.857E-02,5.713E-02,0.9754
252,Sodium Iodide,4.500E+00,3.926E+01,2.305E-02,3.928E+01,7.084E-02,6.918E-02,0.9765
252,Sodium Iodide,5.000E+00,3.666E+01,2.104E-02,3.668E+01,8.402E-02,8.213E-02,0.9774
252,Sodium Iodide,5.500E+00,3.444E+01,1.937E-02,3.446E+01,9.810E-02,9.595E-02,0.9781
252,Sodium Iodide,6.000E+00,3.250E+01,1.795E-02,3.252E+01,1.130E-01,1.106E-01,0.9788
252,Sodium Iodide,6.500E+00,3.082E+01,1.674E-02,3.084E+01,1.288E-01,1.262E-01,0.9793
252,Sodium Iodide,7.000E+00,2.932E+01,1.569E-02,2.934E+01,1.455E-01,1.425E-01,0.9798
252,Sodium Iodide,7.500E+00,2.798E+01,1.477E-02,2.800E+01,1.629E-01,1.597E-01,0.9802
252,Sodium Iodide,8.000E+00,2.677E+01,1.396E-02,2.678E+01,1.812E-01,1.777E-01,0.9806
252,Sodium Iodide,8.500E+00,2.567E+01,1.323E-02,2.569E+01,2.002E-01,1.964E-01,0.9809
252,Sodium Iodide,9.000E+00,2.467E+01,1.258E-02,2.468E+01,2.201E-01,2.160E-01,0.9813
252,Sodium Iodide,9.500E+00,2.376E+01,1.200E-02,2.378E+01,2.408E-01,2.363E-01,0.9815
252,Sodium Iodide,1.000E+01,2.293E+01,1.147E-02,2.294E+01,2.622E-01,2.574E-01,0.9818
252,Sodium Iodide,1.250E+01,1.958E+01,9.413E-03,1.959E+01,3.805E-01,3.740E-01,0.9829
252,Sodium Iodide,1.500E+01,1.719E+01,8.005E-03,1.719E+01,5.171E-01,5.086E-01,0.9836
252,Sodium Iodide,1.750E+01,1.537E+01,6.977E-03,1.538E+01,6.711E-01,6.605E-01,0.9842
252,Sodium Iodide,2.000E+01,1.394E+01,6.192E-03,1.395E+01,8.420E-01,8.291E-01,0.9847
252,Sodium Iodide,2.500E+01,1.183E+01,5.069E-03,1.184E+01,1.233E+00,1.215E+00,0.9854
252,Sodium Iodide,2.750E+01,1.103E+01,4.652E-03,1.103E+01,1.452E+00,1.431E+00,0.9857
252,Sodium Iodide,3.000E+01,1.034E+01,4.301E-03,1.035E+01,1.686E+00,1.662E+00,0.9860
252,Sodium Iodide,3.500E+01,9.223E+00,3.742E-03,9.227E+00,2.198E+00,2.169E+00,0.9864
252,Sodium Iodide,4.000E+01,8.352E+00,3.316E-03,8.355E+00,2.769E+00,2.732E+00,0.9868
252,Sodium Iodide,4.500E+01,7.653E+00,2.980E-03,7.656E+00,3.395E+00,3.351E+00,0.9871
252,Sodium Iodide,5.000E+01,7.078E+00,2.707E-03,7.081E+00,4.074E+00,4.023E+00,0.9873
252,Sodium Iodide,5.500E+01,6.597E+00,2.482E-03,6.600E+00,4.806E+00,4.747E+00,0.9875
252,Sodium Iodide,6.000E+01,6.188E+00,2.293E-03,6.191E+00,5.589E+00,5.521E+00,0.9877
252,Sodium Iodide,6.500E+01,5.836E+00,2.131E-03,5.838E+00,6.421E+00,6.344E+00,0.9879
252,Sodium Iodide,7.000E+01,5.529E+00,1.991E-03,5.531E+00,7.302E+00,7.215E+00,0.9881
252,Sodium Iodide,7.500E+01,5.259E+00,1.869E-03,5.261E+00,8.229E+00,8.132E+00,0.9882
252,Sodium Iodide,8.000E+01,5.020E+00,1.762E-03,5.021E+00,9.202E+00,9.095E+00,0.9883
252,Sodium Iodide,8.500E+01,4.806E+00,1.667E-03,4.808E+00,1.022E+01,1.010E+01,0.9885
252,Sodium Iodide,9.000E+01,4.614E+00,1.581E-03,4.615E+00,1.128E+01,1.115E+01,0.9886
252,Sodium Iodide,9.500E+01,4.440E+00,1.505E-03,4.442E+00,1.239E+01,1.225E+01,0.9887
252,Sodium Iodide,1.000E+02,4.283E+00,1.435E-03,4.284E+00,1.353E+01,1.338E+01,0.9888
252,Sodium Iodide,1.250E+02,3.670E+00,1.168E-03,3.671E+00,1.986E+01,1.965E+01,0.9892
252,Sodium Iodide,1.500E+02,3.248E+00,9.869E-04,3.249E+00,2.712E+01,2.684E+01,0.9896
252,Sodium Iodide,1.750E+02,2.940E+00,8.555E-04,2.941E+00,3.523E+01,3.487E+01,0.9899
252,Sodium Iodide,2.000E+02,2.705E+00,7.557E-04,2.706E+00,4.410E+01,4.367E+01,0.9902
252,Sodium Iodide,2.250E+02,2.521E+00,6.772E-04,2.521E+00,5.368E+01,5.317E+01,0.9904
252,Sodium Iodide,2.500E+02,2.371E+00,6.139E-04,2.372E+00,6.391E+01,6.331E+01,0.9906
252,Sodium Iodide,2.750E+02,2.249E+00,5.617E-04,2.249E+00,7.475E+01,7.406E+01,0.9908
252,Sodium Iodide,3.000E+02,2.146E+00,5.179E-04,2.146E+00,8.613E+01,8.536E+01,0.9910
252,Sodium Iodide,3.500E+02,1.984E+00,4.485E-04,1.984E+00,1.104E+02,1.094E+02,0.9913
252,Sodium Iodide,4.000E+02,1.863E+00,3.958E-04,1.863E+00,1.364E+02,1.353E+02,0.9916
252,Sodium Iodide,4.500E+02,1.769E+00,3.545E-04,1.769E+00,1.640E+02,1.627E+02,0.9919
252,Sodium Iodide,5.000E+02,1.695E+00,3.212E-04,1.695E+00,1.929E+02,1.914E+02,0.9921
252,Sodium Iodide,5.500E+02,1.635E+00,2.937E-04,1.636E+00,2.229E+02,2.212E+02,0.9923
252,Sodium Iodide,6.000E+02,1.586E+00,2.707E-04,1.587E+00,2.540E+02,2.521E+02,0.9925
252,Sodium Iodide,6.500E+02,1.546E+00,2.512E-04,1.546E+00,2.859E+02,2.838E+02,0.9927
252,Sodium Iodide,7.000E+02,1.511E+00,2.343E-04,1.512E+00,3.186E+02,3.164E+02,0.9929
252,Sodium Iodide,7.500E+02,1.483E+00,2.196E-04,1.483E+00,3.520E+02,3.496E+02,0.9930
252,Sodium Iodide,8.000E+02,1.458E+00,2.067E-04,1.458E+00,3.861E+02,3.834E+02,0.9932
252,Sodium Iodide,8.500E+02,1.437E+00,1.953E-04,1.437E+00,4.206E+02,4.178E+02,0.9933
252,Sodium Iodide,9.000E+02,1.419E+00,1.851E-04,1.419E+00,4.556E+02,4.526E+02,0.9934
252,Sodium Iodide,9.500E+02,1.403E+00,1.760E-04,1.403E+00,4.911E+02,4.879E+02,0.9936
252,Sodium Iodide,1.000E+03,1.389E+00,1.677E-04,1.389E+00,5.269E+02,5.236E+02,0.9937
252,Sodium Iodide,1.500E+03,1.319E+00,1.147E-04,1.319E+00,8.983E+02,8.934E+02,0.9946
252,Sodium Iodide,2.000E+03,1.303E+00,8.761E-05,1.303E+00,1.280E+03,1.274E+03,0.9953
252,Sodium Iodide,2.500E+03,1.305E+00,7.111E-05,1.305E+00,1.664E+03,1.657E+03,0.9957
252,Sodium Iodide,3.000E+03,1.315E+00,5.997E-05,1.315E+00,2.046E+03,2.038E+03,0.9961
252,Sodium Iodide,4.000E+03,1.340E+00,4.585E-05,1.340E+00,2.799E+03,2.790E+03,0.9966
252,Sodium Iodide,5.000E+03,1.366E+00,3.723E-05,1.366E+00,3.538E+03,3.528E+03,0.9970
252,Sodium Iodide,6.000E+03,1.391E+00,3.141E-05,1.391E+00,4.264E+03,4.252E+03,0.9973
252,Sodium Iodide,7.000E+03,1.414E+00,2.721E-05,1.414E+00,4.976E+03,4.964E+03,0.9975
252,Sodium Iodide,8.000E+03,1.435E+00,2.402E-05,1.435E+00,5.678E+03,5.665E+03,0.9977
252,Sodium Iodide,9.000E+03,1.454E+00,2.153E-05,1.454E+00,6.371E+03,6.357E+03,0.9979
252,Sodium Iodide,1.000E+04,1.471E+00,1.951E-05,1.471E+00,7.054E+03,7.040E+03,0.9980
255,Stilbene,1.000E-03,1.792E+02,3.865E+01,2.178E+02,5.669E-06,2.661E-06,0.4694
255,Stilbene,1.500E-03,2.195E+02,3.123E+01,2.507E+02,7.791E-06,3.995E-06,0.5128
255,Stilbene,2.000E-03,2.534E+02,2.652E+01,2.799E+02,9.676E-06,5.290E-06,0.5467
255,Stilbene,2.500E-03,2.833E+02,2.322E+01,3.065E+02,1.138E-05,6.532E-06,0.5739
255,Stilbene,3.000E-03,3.104E+02,2.075E+01,3.311E+02,1.295E-05,7.724E-06,0.5965
255,Stilbene,4.000E-03,3.522E+02,1.725E+01,3.695E+02,1.580E-05,9.995E-06,0.6325
255,Stilbene,5.000E-03,3.898E+02,1.486E+01,4.047E+02,1.839E-05,1.214E-05,0.6603
255,Stilbene,6.000E-03,4.238E+02,1.312E+01,4.369E+02,2.076E-05,1.417E-05,0.6827
255,Stilbene,7.000E-03,4.547E+02,1.178E+01,4.665E+02,2.298E-05,1.611E-05,0.7011
255,Stilbene,8.000E-03,4.823E+02,1.071E+01,4.930E+02,2.506E-05,1.796E-05,0.7167
255,Stilbene,9.000E-03,5.072E+02,9.841E+00,5.170E+02,2.704E-05,1.974E-05,0.7301
255,Stilbene,1.000E-02,5.303E+02,9.115E+00,5.394E+02,2.893E-05,2.146E-05,0.7419
255,Stilbene,1.250E-02,5.779E+02,7.728E+00,5.857E+02,3.337E-05,2.556E-05,0.7659
255,Stilbene,1.500E-02,6.177E+02,6.737E+00,6.245E+02,3.750E-05,2.942E-05,0.7846
255,Stilbene,1.750E-02,6.521E+02,5.990E+00,6.581E+02,4.140E-05,3.311E-05,0.7998
255,Stilbene,2.000E-02,6.826E+02,5.404E+00,6.880E+02,4.511E-05,3.665E-05,0.8124
255,Stilbene,2.250E-02,7.097E+02,4.931E+00,7.146E+02,4.868E-05,4.006E-05,0.8231
255,Stilbene,2.500E-02,7.335E+02,4.540E+00,7.380E+02,5.212E-05,4.338E-05,0.8323
255,Stilbene,2.750E-02,7.544E+02,4.212E+00,7.586E+02,5.546E-05,4.660E-05,0.8404
255,Stilbene,3.000E-02,7.730E+02,3.931E+00,7.770E+02,5.871E-05,4.976E-05,0.8475
255,Stilbene,3.500E-02,8.061E+02,3.476E+00,8.096E+02,6.501E-05,5.589E-05,0.8597
255,Stilbene,4.000E-02,8.351E+02,3.123E+00,8.382E+02,7.108E-05,6.182E-05,0.8697
255,Stilbene,4.500E-02,8.595E+02,2.839E+00,8.624E+02,7.696E-05,6.757E-05,0.8781
255,Stilbene,5.000E-02,8.792E+02,2.606E+00,8.818E+02,8.269E-05,7.320E-05,0.8852
255,Stilbene,5.500E-02,8.942E+02,2.411E+00,8.966E+02,8.831E-05,7.873E-05,0.8915
255,Stilbene,6.000E-02,9.051E+02,2.245E+00,9.074E+02,9.385E-05,8.419E-05,0.8970
255,Stilbene,6.500E-02,9.127E+02,2.102E+00,9.148E+02,9.934E-05,8.960E-05,0.9020
255,Stilbene,7.000E-02,9.174E+02,1.977E+00,9.194E+02,1.048E-04,9.498E-05,0.9064
255,Stilbene,7.500E-02,9.196E+02,1.867E+00,9.214E+02,1.102E-04,1.003E-04,0.9104
255,Stilbene,8.000E-02,9.196E+02,1.770E+00,9.213E+02,1.156E-04,1.057E-04,0.9141
255,Stilbene,8.500E-02,9.177E+02,1.683E+00,9.193E+02,1.211E-04,1.111E-04,0.9175
255,Stilbene,9.000E-02,9.142E+02,1.604E+00,9.158E+02,1.265E-04,1.165E-04,0.9207
255,Stilbene,9.500E-02,9.093E+02,1.534E+00,9.108E+02,1.320E-04,1.219E-04,0.9236
255,Stilbene,1.000E-01,9.033E+02,1.469E+00,9.047E+02,1.375E-04,1.274E-04,0.9263
255,Stilbene,1.250E-01,8.614E+02,1.218E+00,8.627E+02,1.658E-04,1.554E-04,0.9375
255,Stilbene,1.500E-01,8.107E+02,1.044E+00,8.117E+02,1.956E-04,1.851E-04,0.9461
255,Stilbene,1.750E-01,7.592E+02,9.157E-01,7.601E+02,2.275E-04,2.167E-04,0.9529
255,Stilbene,2.000E-01,7.108E+02,8.170E-01,7.116E+02,2.615E-04,2.506E-04,0.9584
255,Stilbene,2.250E-01,6.671E+02,7.386E-01,6.679E+02,2.977E-04,2.867E-04,0.9629
255,Stilbene,2.500E-01,6.283E+02,6.747E-01,6.290E+02,3.363E-04,3.251E-04,0.9667
255,Stilbene,2.750E-01,5.939E+02,6.212E-01,5.946E+02,3.772E-04,3.659E-04,0.9699
255,Stilbene,3.000E-01,5.634E+02,5.757E-01,5.640E+02,4.204E-04,4.089E-04,0.9726
255,Stilbene,3.500E-01,5.118E+02,5.030E-01,5.123E+02,5.136E-04,5.017E-04,0.9769
255,Stilbene,4.000E-01,4.702E+02,4.473E-01,4.706E+02,6.155E-04,6.033E-04,0.9802
255,Stilbene,4.500E-01,4.359E+02,4.032E-01,4.363E+02,7.260E-04,7.134E-04,0.9828
255,Stilbene,5.000E-01,4.072E+02,3.674E-01,4.076E+02,8.446E-04,8.318E-04,0.9848
255,Stilbene,5.500E-01,3.828E+02,3.377E-01,3.831E+02,9.712E-04,9.580E-04,0.9864
255,Stilbene,6.000E-01,3.614E+02,3.125E-01,3.617E+02,1.106E-03,1.092E-03,0.9877
255,Stilbene,6.500E-01,3.429E+02,2.909E-01,3.432E+02,1.248E-03,1.234E-03,0.9888
255,Stilbene,7.000E-01,3.264E+02,2.722E-01,3.267E+02,1.397E-03,1.383E-03,0.9898
255,Stilbene,7.500E-01,3.116E+02,2.558E-01,3.119E+02,1.554E-03,1.539E-03,0.9905
255,Stilbene,8.000E-01,2.984E+02,2.414E-01,2.986E+02,1.718E-03,1.702E-03,0.9912
255,Stilbene,8.500E-01,2.864E+02,2.286E-01,2.867E+02,1.888E-03,1.873E-03,0.9918
255,Stilbene,9.000E-01,2.754E+02,2.171E-01,2.756E+02,2.066E-03,2.050E-03,0.9923
255,Stilbene,9.500E-01,2.653E+02,2.067E-01,2.655E+02,2.251E-03,2.235E-03,0.9927
255,Stilbene,1.000E+00,2.561E+02,1.974E-01,2.563E+02,2.443E-03,2.426E-03,0.9931
255,Stilbene,1.250E+00,2.190E+02,1.612E-01,2.192E+02,3.502E-03,3.483E-03,0.9946
255,Stilbene,1.500E+00,1.924E+02,1.366E-01,1.925E+02,4.722E-03,4.700E-03,0.9954
255,Stilbene,1.750E+00,1.721E+02,1.186E-01,1.722E+02,6.097E-03,6.073E-03,0.9960
255,Stilbene,2.000E+00,1.561E+02,1.050E-01,1.562E+02,7.624E-03,7.597E-03,0.9964
255,Stilbene,2.250E+00,1.430E+02,9.423E-02,1.431E+02,9.298E-03,9.268E-03,0.9967
255,Stilbene,2.500E+00,1.322E+02,8.552E-02,1.323E+02,1.112E-02,1.108E-02,0.9970
255,Stilbene,2.750E+00,1.231E+02,7.833E-02,1.231E+02,1.308E-02,1.304E-02,0.9972
255,Stilbene,3.000E+00,1.152E+02,7.228E-02,1.153E+02,1.518E-02,1.514E-02,0.9973
255,Stilbene,3.500E+00,1.024E+02,6.268E-02,1.025E+02,1.978E-02,1.974E-02,0.9976
255,Stilbene,4.000E+00,9.239E+01,5.537E-02,9.244E+01,2.493E-02,2.487E-02,0.9977
255,Stilbene,4.500E+00,8.430E+01,4.963E-02,8.435E+01,3.060E-02,3.053E-02,0.9978
255,Stilbene,5.000E+00,7.762E+01,4.499E-02,7.767E+01,3.678E-02,3.671E-02,0.9979
255,Stilbene,5.500E+00,7.201E+01,4.117E-02,7.205E+01,4.347E-02,4.338E-02,0.9980
255,Stilbene,6.000E+00,6.722E+01,3.795E-02,6.726E+01,5.066E-02,5.056E-02,0.9981
255,Stilbene,6.500E+00,6.308E+01,3.522E-02,6.312E+01,5.834E-02,5.823E-02,0.9981
255,Stilbene,7.000E+00,5.947E+01,3.286E-02,5.950E+01,6.650E-02,6.638E-02,0.9982
255,Stilbene,7.500E+00,5.628E+01,3.080E-02,5.631E+01,7.514E-02,7.501E-02,0.9982
255,Stilbene,8.000E+00,5.344E+01,2.899E-02,5.347E+01,8.426E-02,8.411E-02,0.9983
255,Stilbene,8.500E+00,5.091E+01,2.739E-02,5.094E+01,9.384E-02,9.368E-02,0.9983
255,Stilbene,9.000E+00,4.862E+01,2.596E-02,4.865E+01,1.039E-01,1.037E-01,0.9983
255,Stilbene,9.500E+00,4.655E+01,2.467E-02,4.657E+01,1.144E-01,1.142E-01,0.9983
255,Stilbene,1.000E+01,4.466E+01,2.351E-02,4.468E+01,1.254E-01,1.252E-01,0.9984
255,Stilbene,1.250E+01,3.728E+01,1.906E-02,3.730E+01,1.869E-01,1.866E-01,0.9985
255,Stilbene,1.500E+01,3.214E+01,1.604E-02,3.216E+01,2.593E-01,2.589E-01,0.9985
255,Stilbene,1.750E+01,2.835E+01,1.387E-02,2.836E+01,3.423E-01,3.418E-01,0.9986
255,Stilbene,2.000E+01,2.542E+01,1.222E-02,2.544E+01,4.355E-01,4.349E-01,0.9986
255,Stilbene,2.500E+01,2.120E+01,9.896E-03,2.121E+01,6.518E-01,6.509E-01,0.9987
255,Stilbene,2.750E+01,1.961E+01,9.041E-03,1.962E+01,7.745E-01,7.734E-01,0.9987
255,Stilbene,3.000E+01,1.827E+01,8.325E-03,1.828E+01,9.066E-01,9.054E-01,0.9987
255,Stilbene,3.500E+01,1.613E+01,7.192E-03,1.614E+01,1.198E+00,1.197E+00,0.9987
255,Stilbene,4.000E+01,1.448E+01,6.335E-03,1.449E+01,1.526E+00,1.524E+00,0.9988
255,Stilbene,4.500E+01,1.318E+01,5.665E-03,1.318E+01,1.888E+00,1.886E+00,0.9988
255,Stilbene,5.000E+01,1.211E+01,5.125E-03,1.212E+01,2.284E+00,2.282E+00,0.9988
255,Stilbene,5.500E+01,1.123E+01,4.681E-03,1.123E+01,2.713E+00,2.710E+00,0.9988
255,Stilbene,6.000E+01,1.048E+01,4.309E-03,1.049E+01,3.174E+00,3.170E+00,0.9988
255,Stilbene,6.500E+01,9.847E+00,3.993E-03,9.851E+00,3.666E+00,3.662E+00,0.9988
255,Stilbene,7.000E+01,9.295E+00,3.721E-03,9.298E+00,4.189E+00,4.184E+00,0.9989
255,Stilbene,7.500E+01,8.811E+00,3.485E-03,8.815E+00,4.742E+00,4.736E+00,0.9989
255,Stilbene,8.000E+01,8.385E+00,3.277E-03,8.388E+00,5.323E+00,5.317E+00,0.9989
255,Stilbene,8.500E+01,8.006E+00,3.093E-03,8.009E+00,5.933E+00,5.927E+00,0.9989
255,Stilbene,9.000E+01,7.666E+00,2.930E-03,7.669E+00,6.572E+00,6.564E+00,0.9989
255,Stilbene,9.500E+01,7.360E+00,2.783E-03,7.363E+00,7.237E+00,7.229E+00,0.9989
255,Stilbene,1.000E+02,7.083E+00,2.650E-03,7.086E+00,7.930E+00,7.921E+00,0.9989
255,Stilbene,1.250E+02,6.015E+00,2.143E-03,6.017E+00,1.178E+01,1.176E+01,0.9989
255,Stilbene,1.500E+02,5.288E+00,1.801E-03,5.290E+00,1.622E+01,1.620E+01,0.9990
255,Stilbene,1.750E+02,4.761E+00,1.555E-03,4.762E+00,2.121E+01,2.119E+01,0.9990
255,Stilbene,2.000E+02,4.361E+00,1.369E-03,4.363E+00,2.671E+01,2.668E+01,0.9990
255,Stilbene,2.250E+02,4.048E+00,1.224E-03,4.049E+00,3.266E+01,3.263E+01,0.9991
255,Stilbene,2.500E+02,3.796E+00,1.107E-03,3.797E+00,3.904E+01,3.901E+01,0.9991
255,Stilbene,2.750E+02,3.589E+00,1.011E-03,3.590E+00,4.582E+01,4.578E+01,0.9991
255,Stilbene,3.000E+02,3.416E+00,9.310E-04,3.417E+00,5.296E+01,5.291E+01,0.9991
255,Stilbene,3.500E+02,3.145E+00,8.040E-04,3.145E+00,6.824E+01,6.818E+01,0.9991
255,Stilbene,4.000E+02,2.942E+00,7.081E-04,2.942E+00,8.470E+01,8.463E+01,0.9992
255,Stilbene,4.500E+02,2.785E+00,6.331E-04,2.786E+00,1.022E+02,1.021E+02,0.9992
255,Stilbene,5.000E+02,2.661E+00,5.728E-04,2.661E+00,1.206E+02,1.205E+02,0.9992
255,Stilbene,5.500E+02,2.561E+00,5.232E-04,2.561E+00,1.397E+02,1.396E+02,0.9992
255,Stilbene,6.000E+02,2.478E+00,4.817E-04,2.479E+00,1.596E+02,1.595E+02,0.9992
255,Stilbene,6.500E+02,2.410E+00,4.465E-04,2.410E+00,1.800E+02,1.799E+02,0.9993
255,Stilbene,7.000E+02,2.352E+00,4.162E-04,2.353E+00,2.010E+02,2.009E+02,0.9993
255,Stilbene,7.500E+02,2.303E+00,3.898E-04,2.304E+00,2.225E+02,2.224E+02,0.9993
255,Stilbene,8.000E+02,2.260E+00,3.667E-04,2.261E+00,2.444E+02,2.443E+02,0.9993
255,Stilbene,8.500E+02,2.223E+00,3.462E-04,2.223E+00,2.667E+02,2.666E+02,0.9993
255,Stilbene,9.000E+02,2.191E+00,3.280E-04,2.191E+00,2.894E+02,2.892E+02,0.9993
255,Stilbene,9.500E+02,2.162E+00,3.116E-04,2.162E+00,3.124E+02,3.122E+02,0.9994
255,Stilbene,1.000E+03,2.137E+00,2.969E-04,2.137E+00,3.356E+02,3.354E+02,0.9994
255,Stilbene,1.500E+03,1.996E+00,2.024E-04,1.996E+00,5.792E+02,5.788E+02,0.9995
255,Stilbene,2.000E+03,1.946E+00,1.543E-04,1.946E+00,8.333E+02,8.329E+02,0.9995
255,Stilbene,2.500E+03,1.929E+00,1.251E-04,1.929E+00,1.092E+03,1.091E+03,0.9996
255,Stilbene,3.000E+03,1.926E+00,1.054E-04,1.926E+00,1.351E+03,1.351E+03,0.9996
255,Stilbene,4.000E+03,1.938E+00,8.042E-05,1.938E+00,1.869E+03,1.868E+03,0.9997
255,Stilbene,5.000E+03,1.957E+00,6.523E-05,1.957E+00,2.383E+03,2.382E+03,0.9997
255,Stilbene,6.000E+03,1.978E+00,5.499E-05,1.978E+00,2.891E+03,2.890E+03,0.9997
255,Stilbene,7.000E+03,1.998E+00,4.759E-05,1.998E+00,3.394E+03,3.393E+03,0.9998
255,Stilbene,8.000E+03,2.018E+00,4.200E-05,2.018E+00,3.892E+03,3.891E+03,0.9998
255,Stilbene,9.000E+03,2.036E+00,3.761E-05,2.036E+00,4.385E+03,4.384E+03,0.9998
255,Stilbene,1.000E+04,2.053E+00,3.408E-05,2.053E+00,4.874E+03,4.873E+03,0.9998
263,Tissue-Equivalent GAS (Methane based),1.000E-03,1.745E+02,4.348E+01,2.180E+02,5.418E-06,2.631E-06,0.4856
263,Tissue-Equivalent GAS (Methane based),1.500E-03,2.138E+02,3.486E+01,2.486E+02,7.548E-06,3.962E-06,0.5249
263,Tissue-Equivalent GAS (Methane based),2.000E-03,2.468E+02,2.947E+01,2.763E+02,9.454E-06,5.258E-06,0.5561
263,Tissue-Equivalent GAS (Methane based),2.500E-03,2.760E+02,2.573E+01,3.017E+02,1.118E-05,6.504E-06,0.5815
263,Tissue-Equivalent GAS (Methane based),3.000E-03,3.023E+02,2.294E+01,3.253E+02,1.278E-05,7.704E-06,0.6028
263,Tissue-Equivalent GAS (Methane based),4.000E-03,3.491E+02,1.902E+01,3.681E+02,1.566E-05,9.975E-06,0.6368
263,Tissue-Equivalent GAS (Methane based),5.000E-03,3.903E+02,1.636E+01,4.067E+02,1.825E-05,1.210E-05,0.6631
263,Tissue-Equivalent GAS (Methane based),6.000E-03,4.276E+02,1.442E+01,4.420E+02,2.060E-05,1.410E-05,0.6843
263,Tissue-Equivalent GAS (Methane based),7.000E-03,4.618E+02,1.294E+01,4.748E+02,2.278E-05,1.599E-05,0.7019
263,Tissue-Equivalent GAS (Methane based),8.000E-03,4.937E+02,1.176E+01,5.055E+02,2.482E-05,1.779E-05,0.7167
263,Tissue-Equivalent GAS (Methane based),9.000E-03,5.236E+02,1.080E+01,5.344E+02,2.675E-05,1.951E-05,0.7296
263,Tissue-Equivalent GAS (Methane based),1.000E-02,5.520E+02,9.997E+00,5.620E+02,2.857E-05,2.117E-05,0.7408
263,Tissue-Equivalent GAS (Methane based),1.250E-02,6.078E+02,8.470E+00,6.162E+02,3.281E-05,2.506E-05,0.7638
263,Tissue-Equivalent GAS (Methane based),1.500E-02,6.562E+02,7.380E+00,6.636E+02,3.672E-05,2.870E-05,0.7818
263,Tissue-Equivalent GAS (Methane based),1.750E-02,6.991E+02,6.559E+00,7.057E+02,4.037E-05,3.215E-05,0.7964
263,Tissue-Equivalent GAS (Methane based),2.000E-02,7.374E+02,5.916E+00,7.433E+02,4.382E-05,3.543E-05,0.8086
263,Tissue-Equivalent GAS (Methane based),2.250E-02,7.719E+02,5.397E+00,7.773E+02,4.710E-05,3.857E-05,0.8189
263,Tissue-Equivalent GAS (Methane based),2.500E-02,8.030E+02,4.969E+00,8.080E+02,5.026E-05,4.161E-05,0.8279
263,Tissue-Equivalent GAS (Methane based),2.750E-02,8.311E+02,4.608E+00,8.357E+02,5.330E-05,4.454E-05,0.8357
263,Tissue-Equivalent GAS (Methane based),3.000E-02,8.565E+02,4.301E+00,8.608E+02,5.625E-05,4.740E-05,0.8427
263,Tissue-Equivalent GAS (Methane based),3.500E-02,9.002E+02,3.802E+00,9.040E+02,6.191E-05,5.290E-05,0.8545
263,Tissue-Equivalent GAS (Methane based),4.000E-02,9.356E+02,3.415E+00,9.390E+02,6.733E-05,5.820E-05,0.8643
263,Tissue-Equivalent GAS (Methane based),4.500E-02,9.638E+02,3.104E+00,9.669E+02,7.258E-05,6.333E-05,0.8726
263,Tissue-Equivalent GAS (Methane based),5.000E-02,9.859E+02,2.849E+00,9.887E+02,7.769E-05,6.835E-05,0.8798
263,Tissue-Equivalent GAS (Methane based),5.500E-02,1.003E+03,2.635E+00,1.005E+03,8.270E-05,7.328E-05,0.8861
263,Tissue-Equivalent GAS (Methane based),6.000E-02,1.015E+03,2.453E+00,1.017E+03,8.764E-05,7.815E-05,0.8917
263,Tissue-Equivalent GAS (Methane based),6.500E-02,1.022E+03,2.297E+00,1.025E+03,9.254E-05,8.298E-05,0.8967
263,Tissue-Equivalent GAS (Methane based),7.000E-02,1.027E+03,2.160E+00,1.029E+03,9.741E-05,8.778E-05,0.9012
263,Tissue-Equivalent GAS (Methane based),7.500E-02,1.028E+03,2.040E+00,1.030E+03,1.023E-04,9.258E-05,0.9053
263,Tissue-Equivalent GAS (Methane based),8.000E-02,1.027E+03,1.934E+00,1.029E+03,1.071E-04,9.738E-05,0.9091
263,Tissue-Equivalent GAS (Methane based),8.500E-02,1.023E+03,1.839E+00,1.025E+03,1.120E-04,1.022E-04,0.9126
263,Tissue-Equivalent GAS (Methane based),9.000E-02,1.018E+03,1.753E+00,1.019E+03,1.169E-04,1.070E-04,0.9159
263,Tissue-Equivalent GAS (Methane based),9.500E-02,1.011E+03,1.675E+00,1.012E+03,1.218E-04,1.119E-04,0.9189
263,Tissue-Equivalent GAS (Methane based),1.000E-01,1.002E+03,1.605E+00,1.004E+03,1.268E-04,1.168E-04,0.9217
263,Tissue-Equivalent GAS (Methane based),1.250E-01,9.478E+02,1.330E+00,9.491E+02,1.523E-04,1.422E-04,0.9336
263,Tissue-Equivalent GAS (Methane based),1.500E-01,8.855E+02,1.140E+00,8.867E+02,1.796E-04,1.693E-04,0.9427
263,Tissue-Equivalent GAS (Methane based),1.750E-01,8.249E+02,9.997E-01,8.259E+02,2.088E-04,1.984E-04,0.9500
263,Tissue-Equivalent GAS (Methane based),2.000E-01,7.697E+02,8.919E-01,7.706E+02,2.402E-04,2.295E-04,0.9558
263,Tissue-Equivalent GAS (Methane based),2.250E-01,7.209E+02,8.062E-01,7.217E+02,2.737E-04,2.629E-04,0.9607
263,Tissue-Equivalent GAS (Methane based),2.500E-01,6.782E+02,7.364E-01,6.789E+02,3.094E-04,2.985E-04,0.9648
263,Tissue-Equivalent GAS (Methane based),2.750E-01,6.410E+02,6.778E-01,6.417E+02,3.473E-04,3.363E-04,0.9682
263,Tissue-Equivalent GAS (Methane based),3.000E-01,6.086E+02,6.279E-01,6.092E+02,3.873E-04,3.761E-04,0.9711
263,Tissue-Equivalent GAS (Methane based),3.500E-01,5.532E+02,5.482E-01,5.538E+02,4.735E-04,4.620E-04,0.9757
263,Tissue-Equivalent GAS (Methane based),4.000E-01,5.079E+02,4.872E-01,5.084E+02,5.678E-04,5.560E-04,0.9792
263,Tissue-Equivalent GAS (Methane based),4.500E-01,4.705E+02,4.389E-01,4.709E+02,6.701E-04,6.580E-04,0.9819
263,Tissue-Equivalent GAS (Methane based),5.000E-01,4.391E+02,3.997E-01,4.395E+02,7.801E-04,7.677E-04,0.9841
263,Tissue-Equivalent GAS (Methane based),5.500E-01,4.124E+02,3.672E-01,4.127E+02,8.976E-04,8.848E-04,0.9858
263,Tissue-Equivalent GAS (Methane based),6.000E-01,3.890E+02,3.397E-01,3.894E+02,1.022E-03,1.009E-03,0.9872
263,Tissue-Equivalent GAS (Methane based),6.500E-01,3.686E+02,3.162E-01,3.690E+02,1.154E-03,1.141E-03,0.9883
263,Tissue-Equivalent GAS (Methane based),7.000E-01,3.505E+02,2.959E-01,3.508E+02,1.293E-03,1.280E-03,0.9893
263,Tissue-Equivalent GAS (Methane based),7.500E-01,3.344E+02,2.781E-01,3.346E+02,1.439E-03,1.425E-03,0.9902
263,Tissue-Equivalent GAS (Methane based),8.000E-01,3.198E+02,2.624E-01,3.200E+02,1.592E-03,1.578E-03,0.9909
263,Tissue-Equivalent GAS (Methane based),8.500E-01,3.066E+02,2.484E-01,3.069E+02,1.752E-03,1.737E-03,0.9915
263,Tissue-Equivalent GAS (Methane based),9.000E-01,2.946E+02,2.359E-01,2.949E+02,1.918E-03,1.903E-03,0.9920
263,Tissue-Equivalent GAS (Methane based),9.500E-01,2.836E+02,2.247E-01,2.839E+02,2.091E-03,2.075E-03,0.9925
263,Tissue-Equivalent GAS (Methane based),1.000E+00,2.735E+02,2.145E-01,2.737E+02,2.270E-03,2.254E-03,0.9929
263,Tissue-Equivalent GAS (Methane based),1.250E+00,2.332E+02,1.751E-01,2.334E+02,3.263E-03,3.245E-03,0.9944
263,Tissue-Equivalent GAS (Methane based),1.500E+00,2.044E+02,1.483E-01,2.045E+02,4.410E-03,4.389E-03,0.9953
263,Tissue-Equivalent GAS (Methane based),1.750E+00,1.825E+02,1.288E-01,1.826E+02,5.706E-03,5.683E-03,0.9959
263,Tissue-Equivalent GAS (Methane based),2.000E+00,1.652E+02,1.140E-01,1.653E+02,7.147E-03,7.121E-03,0.9963
263,Tissue-Equivalent GAS (Methane based),2.250E+00,1.512E+02,1.023E-01,1.514E+02,8.730E-03,8.700E-03,0.9967
263,Tissue-Equivalent GAS (Methane based),2.500E+00,1.397E+02,9.285E-02,1.398E+02,1.045E-02,1.042E-02,0.9969
263,Tissue-Equivalent GAS (Methane based),2.750E+00,1.299E+02,8.505E-02,1.300E+02,1.231E-02,1.227E-02,0.9971
263,Tissue-Equivalent GAS (Methane based),3.000E+00,1.216E+02,7.848E-02,1.217E+02,1.429E-02,1.426E-02,0.9972
263,Tissue-Equivalent GAS (Methane based),3.500E+00,1.080E+02,6.805E-02,1.080E+02,1.867E-02,1.862E-02,0.9975
263,Tissue-Equivalent GAS (Methane based),4.000E+00,9.732E+01,6.013E-02,9.738E+01,2.355E-02,2.349E-02,0.9976
263,Tissue-Equivalent GAS (Methane based),4.500E+00,8.875E+01,5.390E-02,8.880E+01,2.893E-02,2.887E-02,0.9978
263,Tissue-Equivalent GAS (Methane based),5.000E+00,8.169E+01,4.887E-02,8.174E+01,3.481E-02,3.473E-02,0.9979
263,Tissue-Equivalent GAS (Methane based),5.500E+00,7.576E+01,4.471E-02,7.580E+01,4.116E-02,4.108E-02,0.9979
263,Tissue-Equivalent GAS (Methane based),6.000E+00,7.070E+01,4.123E-02,7.074E+01,4.800E-02,4.790E-02,0.9980
263,Tissue-Equivalent GAS (Methane based),6.500E+00,6.633E+01,3.826E-02,6.637E+01,5.530E-02,5.519E-02,0.9981
263,Tissue-Equivalent GAS (Methane based),7.000E+00,6.251E+01,3.570E-02,6.255E+01,6.306E-02,6.294E-02,0.9981
263,Tissue-Equivalent GAS (Methane based),7.500E+00,5.914E+01,3.346E-02,5.918E+01,7.128E-02,7.115E-02,0.9982
263,Tissue-Equivalent GAS (Methane based),8.000E+00,5.615E+01,3.150E-02,5.619E+01,7.996E-02,7.981E-02,0.9982
263,Tissue-Equivalent GAS (Methane based),8.500E+00,5.348E+01,2.976E-02,5.351E+01,8.908E-02,8.892E-02,0.9982
263,Tissue-Equivalent GAS (Methane based),9.000E+00,5.107E+01,2.821E-02,5.110E+01,9.864E-02,9.847E-02,0.9982
263,Tissue-Equivalent GAS (Methane based),9.500E+00,4.888E+01,2.681E-02,4.891E+01,1.086E-01,1.085E-01,0.9983
263,Tissue-Equivalent GAS (Methane based),1.000E+01,4.690E+01,2.555E-02,4.692E+01,1.191E-01,1.189E-01,0.9983
263,Tissue-Equivalent GAS (Methane based),1.250E+01,3.912E+01,2.071E-02,3.914E+01,1.777E-01,1.774E-01,0.9984
263,Tissue-Equivalent GAS (Methane based),1.500E+01,3.372E+01,1.744E-02,3.373E+01,2.467E-01,2.463E-01,0.9984
263,Tissue-Equivalent GAS (Methane based),1.750E+01,2.973E+01,1.508E-02,2.974E+01,3.258E-01,3.253E-01,0.9985
263,Tissue-Equivalent GAS (Methane based),2.000E+01,2.665E+01,1.329E-02,2.667E+01,4.147E-01,4.141E-01,0.9985
263,Tissue-Equivalent GAS (Methane based),2.500E+01,2.221E+01,1.076E-02,2.222E+01,6.211E-01,6.202E-01,0.9986
263,Tissue-Equivalent GAS (Methane based),2.750E+01,2.055E+01,9.832E-03,2.056E+01,7.382E-01,7.371E-01,0.9986
263,Tissue-Equivalent GAS (Methane based),3.000E+01,1.914E+01,9.054E-03,1.915E+01,8.642E-01,8.630E-01,0.9986
263,Tissue-Equivalent GAS (Methane based),3.500E+01,1.689E+01,7.822E-03,1.690E+01,1.143E+00,1.141E+00,0.9986
263,Tissue-Equivalent GAS (Methane based),4.000E+01,1.516E+01,6.891E-03,1.517E+01,1.456E+00,1.454E+00,0.9987
263,Tissue-Equivalent GAS (Methane based),4.500E+01,1.379E+01,6.162E-03,1.380E+01,1.802E+00,1.799E+00,0.9987
263,Tissue-Equivalent GAS (Methane based),5.000E+01,1.268E+01,5.575E-03,1.268E+01,2.180E+00,2.177E+00,0.9987
263,Tissue-Equivalent GAS (Methane based),5.500E+01,1.175E+01,5.092E-03,1.176E+01,2.590E+00,2.587E+00,0.9987
263,Tissue-Equivalent GAS (Methane based),6.000E+01,1.097E+01,4.688E-03,1.098E+01,3.030E+00,3.027E+00,0.9987
263,Tissue-Equivalent GAS (Methane based),6.500E+01,1.030E+01,4.344E-03,1.031E+01,3.501E+00,3.496E+00,0.9988
263,Tissue-Equivalent GAS (Methane based),7.000E+01,9.723E+00,4.048E-03,9.727E+00,4.000E+00,3.995E+00,0.9988
263,Tissue-Equivalent GAS (Methane based),7.500E+01,9.217E+00,3.791E-03,9.221E+00,4.529E+00,4.523E+00,0.9988
263,Tissue-Equivalent GAS (Methane based),8.000E+01,8.770E+00,3.565E-03,8.774E+00,5.085E+00,5.079E+00,0.9988
263,Tissue-Equivalent GAS (Methane based),8.500E+01,8.373E+00,3.365E-03,8.376E+00,5.668E+00,5.661E+00,0.9988
263,Tissue-Equivalent GAS (Methane based),9.000E+01,8.017E+00,3.187E-03,8.020E+00,6.278E+00,6.271E+00,0.9988
263,Tissue-Equivalent GAS (Methane based),9.500E+01,7.696E+00,3.027E-03,7.699E+00,6.915E+00,6.907E+00,0.9988
263,Tissue-Equivalent GAS (Methane based),1.000E+02,7.406E+00,2.883E-03,7.409E+00,7.577E+00,7.568E+00,0.9988
263,Tissue-Equivalent GAS (Methane based),1.250E+02,6.288E+00,2.331E-03,6.290E+00,1.126E+01,1.124E+01,0.9989
263,Tissue-Equivalent GAS (Methane based),1.500E+02,5.526E+00,1.960E-03,5.528E+00,1.551E+01,1.549E+01,0.9989
263,Tissue-Equivalent GAS (Methane based),1.750E+02,4.975E+00,1.692E-03,4.976E+00,2.029E+01,2.026E+01,0.9989
263,Tissue-Equivalent GAS (Methane based),2.000E+02,4.556E+00,1.490E-03,4.558E+00,2.554E+01,2.552E+01,0.9990
263,Tissue-Equivalent GAS (Methane based),2.250E+02,4.228E+00,1.332E-03,4.230E+00,3.124E+01,3.121E+01,0.9990
263,Tissue-Equivalent GAS (Methane based),2.500E+02,3.965E+00,1.205E-03,3.966E+00,3.735E+01,3.732E+01,0.9990
263,Tissue-Equivalent GAS (Methane based),2.750E+02,3.748E+00,1.100E-03,3.749E+00,4.384E+01,4.380E+01,0.9990
263,Tissue-Equivalent GAS (Methane based),3.000E+02,3.567E+00,1.013E-03,3.568E+00,5.068E+01,5.063E+01,0.9990
263,Tissue-Equivalent GAS (Methane based),3.500E+02,3.283E+00,8.747E-04,3.284E+00,6.531E+01,6.525E+01,0.9991
263,Tissue-Equivalent GAS (Methane based),4.000E+02,3.071E+00,7.704E-04,3.072E+00,8.108E+01,8.101E+01,0.9991
263,Tissue-Equivalent GAS (Methane based),4.500E+02,2.907E+00,6.888E-04,2.908E+00,9.783E+01,9.774E+01,0.9991
263,Tissue-Equivalent GAS (Methane based),5.000E+02,2.777E+00,6.232E-04,2.778E+00,1.154E+02,1.153E+02,0.9992
263,Tissue-Equivalent GAS (Methane based),5.500E+02,2.672E+00,5.692E-04,2.673E+00,1.338E+02,1.337E+02,0.9992
263,Tissue-Equivalent GAS (Methane based),6.000E+02,2.586E+00,5.241E-04,2.587E+00,1.528E+02,1.527E+02,0.9992
263,Tissue-Equivalent GAS (Methane based),6.500E+02,2.514E+00,4.858E-04,2.515E+00,1.724E+02,1.723E+02,0.9992
263,Tissue-Equivalent GAS (Methane based),7.000E+02,2.454E+00,4.528E-04,2.455E+00,1.926E+02,1.924E+02,0.9992
263,Tissue-Equivalent GAS (Methane based),7.500E+02,2.403E+00,4.241E-04,2.404E+00,2.132E+02,2.130E+02,0.9992
263,Tissue-Equivalent GAS (Methane based),8.000E+02,2.359E+00,3.990E-04,2.360E+00,2.342E+02,2.340E+02,0.9993
263,Tissue-Equivalent GAS (Methane based),8.500E+02,2.322E+00,3.767E-04,2.322E+00,2.555E+02,2.553E+02,0.9993
263,Tissue-Equivalent GAS (Methane based),9.000E+02,2.289E+00,3.568E-04,2.290E+00,2.772E+02,2.770E+02,0.9993
263,Tissue-Equivalent GAS (Methane based),9.500E+02,2.261E+00,3.390E-04,2.261E+00,2.992E+02,2.990E+02,0.9993
263,Tissue-Equivalent GAS (Methane based),1.000E+03,2.236E+00,3.230E-04,2.237E+00,3.214E+02,3.212E+02,0.9993
263,Tissue-Equivalent GAS (Methane based),1.500E+03,2.105E+00,2.201E-04,2.105E+00,5.532E+02,5.529E+02,0.9994
263,Tissue-Equivalent GAS (Methane based),2.000E+03,2.068E+00,1.678E-04,2.068E+00,7.933E+02,7.929E+02,0.9995
263,Tissue-Equivalent GAS (Methane based),2.500E+03,2.064E+00,1.360E-04,2.065E+00,1.036E+03,1.035E+03,0.9995
263,Tissue-Equivalent GAS (Methane based),3.000E+03,2.074E+00,1.146E-04,2.075E+00,1.277E+03,1.277E+03,0.9996
263,Tissue-Equivalent GAS (Methane based),4.000E+03,2.109E+00,8.748E-05,2.109E+00,1.755E+03,1.755E+03,0.9996
263,Tissue-Equivalent GAS (Methane based),5.000E+03,2.149E+00,7.096E-05,2.149E+00,2.225E+03,2.224E+03,0.9997
263,Tissue-Equivalent GAS (Methane based),6.000E+03,2.188E+00,5.981E-05,2.188E+00,2.686E+03,2.685E+03,0.9997
263,Tissue-Equivalent GAS (Methane based),7.000E+03,2.224E+00,5.177E-05,2.224E+00,3.139E+03,3.139E+03,0.9997
263,Tissue-Equivalent GAS (Methane based),8.000E+03,2.258E+00,4.568E-05,2.258E+00,3.586E+03,3.585E+03,0.9998
263,Tissue-Equivalent GAS (Methane based),9.000E+03,2.289E+00,4.091E-05,2.289E+00,4.025E+03,4.024E+03,0.9998
263,Tissue-Equivalent GAS (Methane based),1.000E+04,2.318E+00,3.707E-05,2.318E+00,4.459E+03,4.458E+03,0.9998
264,Tissue-Equivalent GAS (Propane based),1.000E-03,1.699E+02,4.422E+01,2.141E+02,5.466E-06,2.653E-06,0.4854
264,Tissue-Equivalent GAS (Propane based),1.500E-03,2.081E+02,3.542E+01,2.435E+02,7.639E-06,4.009E-06,0.5248
264,Tissue-Equivalent GAS (Propane based),2.000E-03,2.403E+02,2.992E+01,2.702E+02,9.587E-06,5.332E-06,0.5562
264,Tissue-Equivalent GAS (Propane based),2.500E-03,2.686E+02,2.610E+01,2.947E+02,1.136E-05,6.606E-06,0.5817
264,Tissue-Equivalent GAS (Propane based),3.000E-03,2.943E+02,2.326E+01,3.175E+02,1.299E-05,7.833E-06,0.6030
264,Tissue-Equivalent GAS (Propane based),4.000E-03,3.398E+02,1.927E+01,3.591E+02,1.595E-05,1.016E-05,0.6371
264,Tissue-Equivalent GAS (Propane based),5.000E-03,3.799E+02,1.657E+01,3.965E+02,1.859E-05,1.234E-05,0.6635
264,Tissue-Equivalent GAS (Propane based),6.000E-03,4.162E+02,1.460E+01,4.308E+02,2.101E-05,1.439E-05,0.6847
264,Tissue-Equivalent GAS (Propane based),7.000E-03,4.495E+02,1.309E+01,4.626E+02,2.325E-05,1.633E-05,0.7023
264,Tissue-Equivalent GAS (Propane based),8.000E-03,4.806E+02,1.190E+01,4.925E+02,2.534E-05,1.818E-05,0.7172
264,Tissue-Equivalent GAS (Propane based),9.000E-03,5.097E+02,1.092E+01,5.206E+02,2.732E-05,1.994E-05,0.7301
264,Tissue-Equivalent GAS (Propane based),1.000E-02,5.373E+02,1.011E+01,5.474E+02,2.919E-05,2.164E-05,0.7413
264,Tissue-Equivalent GAS (Propane based),1.250E-02,5.915E+02,8.560E+00,6.001E+02,3.354E-05,2.564E-05,0.7643
264,Tissue-Equivalent GAS (Propane based),1.500E-02,6.384E+02,7.455E+00,6.458E+02,3.756E-05,2.938E-05,0.7823
264,Tissue-Equivalent GAS (Propane based),1.750E-02,6.799E+02,6.624E+00,6.865E+02,4.131E-05,3.292E-05,0.7969
264,Tissue-Equivalent GAS (Propane based),2.000E-02,7.169E+02,5.973E+00,7.229E+02,4.485E-05,3.629E-05,0.8091
264,Tissue-Equivalent GAS (Propane based),2.250E-02,7.502E+02,5.448E+00,7.556E+02,4.824E-05,3.953E-05,0.8195
264,Tissue-Equivalent GAS (Propane based),2.500E-02,7.802E+02,5.014E+00,7.852E+02,5.148E-05,4.265E-05,0.8284
264,Tissue-Equivalent GAS (Propane based),2.750E-02,8.074E+02,4.650E+00,8.120E+02,5.461E-05,4.567E-05,0.8363
264,Tissue-Equivalent GAS (Propane based),3.000E-02,8.320E+02,4.339E+00,8.363E+02,5.764E-05,4.861E-05,0.8432
264,Tissue-Equivalent GAS (Propane based),3.500E-02,8.744E+02,3.835E+00,8.783E+02,6.347E-05,5.427E-05,0.8551
264,Tissue-Equivalent GAS (Propane based),4.000E-02,9.091E+02,3.444E+00,9.125E+02,6.905E-05,5.972E-05,0.8649
264,Tissue-Equivalent GAS (Propane based),4.500E-02,9.371E+02,3.130E+00,9.402E+02,7.445E-05,6.500E-05,0.8732
264,Tissue-Equivalent GAS (Propane based),5.000E-02,9.593E+02,2.872E+00,9.622E+02,7.970E-05,7.016E-05,0.8803
264,Tissue-Equivalent GAS (Propane based),5.500E-02,9.766E+02,2.656E+00,9.792E+02,8.485E-05,7.523E-05,0.8866
264,Tissue-Equivalent GAS (Propane based),6.000E-02,9.895E+02,2.473E+00,9.920E+02,8.992E-05,8.022E-05,0.8921
264,Tissue-Equivalent GAS (Propane based),6.500E-02,9.987E+02,2.315E+00,1.001E+03,9.494E-05,8.517E-05,0.8971
264,Tissue-Equivalent GAS (Propane based),7.000E-02,1.005E+03,2.177E+00,1.007E+03,9.992E-05,9.008E-05,0.9016
264,Tissue-Equivalent GAS (Propane based),7.500E-02,1.008E+03,2.056E+00,1.010E+03,1.049E-04,9.498E-05,0.9057
264,Tissue-Equivalent GAS (Propane based),8.000E-02,1.008E+03,1.948E+00,1.010E+03,1.098E-04,9.988E-05,0.9094
264,Tissue-Equivalent GAS (Propane based),8.500E-02,1.006E+03,1.852E+00,1.008E+03,1.148E-04,1.048E-04,0.9129
264,Tissue-Equivalent GAS (Propane based),9.000E-02,1.003E+03,1.766E+00,1.005E+03,1.197E-04,1.097E-04,0.9161
264,Tissue-Equivalent GAS (Propane based),9.500E-02,9.980E+02,1.688E+00,9.997E+02,1.247E-04,1.146E-04,0.9191
264,Tissue-Equivalent GAS (Propane based),1.000E-01,9.917E+02,1.617E+00,9.933E+02,1.298E-04,1.196E-04,0.9219
264,Tissue-Equivalent GAS (Propane based),1.250E-01,9.469E+02,1.340E+00,9.482E+02,1.555E-04,1.451E-04,0.9336
264,Tissue-Equivalent GAS (Propane based),1.500E-01,8.919E+02,1.148E+00,8.930E+02,1.826E-04,1.721E-04,0.9425
264,Tissue-Equivalent GAS (Propane based),1.750E-01,8.360E+02,1.007E+00,8.370E+02,2.115E-04,2.009E-04,0.9496
264,Tissue-Equivalent GAS (Propane based),2.000E-01,7.834E+02,8.980E-01,7.843E+02,2.424E-04,2.316E-04,0.9554
264,Tissue-Equivalent GAS (Propane based),2.250E-01,7.357E+02,8.116E-01,7.365E+02,2.753E-04,2.644E-04,0.9602
264,Tissue-Equivalent GAS (Propane based),2.500E-01,6.932E+02,7.413E-01,6.939E+02,3.103E-04,2.992E-04,0.9643
264,Tissue-Equivalent GAS (Propane based),2.750E-01,6.554E+02,6.823E-01,6.561E+02,3.474E-04,3.361E-04,0.9677
264,Tissue-Equivalent GAS (Propane based),3.000E-01,6.220E+02,6.320E-01,6.226E+02,3.865E-04,3.751E-04,0.9706
264,Tissue-Equivalent GAS (Propane based),3.500E-01,5.635E+02,5.517E-01,5.641E+02,4.710E-04,4.593E-04,0.9752
264,Tissue-Equivalent GAS (Propane based),4.000E-01,5.153E+02,4.902E-01,5.158E+02,5.638E-04,5.518E-04,0.9788
264,Tissue-Equivalent GAS (Propane based),4.500E-01,4.758E+02,4.416E-01,4.762E+02,6.648E-04,6.525E-04,0.9816
264,Tissue-Equivalent GAS (Propane based),5.000E-01,4.434E+02,4.021E-01,4.438E+02,7.736E-04,7.611E-04,0.9838
264,Tissue-Equivalent GAS (Propane based),5.500E-01,4.162E+02,3.694E-01,4.166E+02,8.900E-04,8.771E-04,0.9855
264,Tissue-Equivalent GAS (Propane based),6.000E-01,3.926E+02,3.418E-01,3.929E+02,1.014E-03,1.000E-03,0.9870
264,Tissue-Equivalent GAS (Propane based),6.500E-01,3.719E+02,3.181E-01,3.722E+02,1.144E-03,1.131E-03,0.9882
264,Tissue-Equivalent GAS (Propane based),7.000E-01,3.536E+02,2.976E-01,3.539E+02,1.282E-03,1.268E-03,0.9892
264,Tissue-Equivalent GAS (Propane based),7.500E-01,3.373E+02,2.797E-01,3.375E+02,1.427E-03,1.413E-03,0.9900
264,Tissue-Equivalent GAS (Propane based),8.000E-01,3.225E+02,2.639E-01,3.228E+02,1.578E-03,1.564E-03,0.9908
264,Tissue-Equivalent GAS (Propane based),8.500E-01,3.093E+02,2.498E-01,3.095E+02,1.737E-03,1.722E-03,0.9914
264,Tissue-Equivalent GAS (Propane based),9.000E-01,2.971E+02,2.372E-01,2.974E+02,1.902E-03,1.886E-03,0.9919
264,Tissue-Equivalent GAS (Propane based),9.500E-01,2.860E+02,2.259E-01,2.862E+02,2.073E-03,2.057E-03,0.9924
264,Tissue-Equivalent GAS (Propane based),1.000E+00,2.758E+02,2.156E-01,2.760E+02,2.251E-03,2.235E-03,0.9929
264,Tissue-Equivalent GAS (Propane based),1.250E+00,2.351E+02,1.760E-01,2.353E+02,3.236E-03,3.217E-03,0.9944
264,Tissue-Equivalent GAS (Propane based),1.500E+00,2.060E+02,1.491E-01,2.061E+02,4.374E-03,4.353E-03,0.9953
264,Tissue-Equivalent GAS (Propane based),1.750E+00,1.839E+02,1.295E-01,1.840E+02,5.660E-03,5.637E-03,0.9959
264,Tissue-Equivalent GAS (Propane based),2.000E+00,1.665E+02,1.145E-01,1.666E+02,7.090E-03,7.064E-03,0.9964
264,Tissue-Equivalent GAS (Propane based),2.250E+00,1.524E+02,1.028E-01,1.525E+02,8.660E-03,8.631E-03,0.9967
264,Tissue-Equivalent GAS (Propane based),2.500E+00,1.407E+02,9.327E-02,1.408E+02,1.037E-02,1.034E-02,0.9969
264,Tissue-Equivalent GAS (Propane based),2.750E+00,1.309E+02,8.542E-02,1.310E+02,1.221E-02,1.217E-02,0.9971
264,Tissue-Equivalent GAS (Propane based),3.000E+00,1.225E+02,7.882E-02,1.225E+02,1.418E-02,1.415E-02,0.9973
264,Tissue-Equivalent GAS (Propane based),3.500E+00,1.087E+02,6.834E-02,1.088E+02,1.852E-02,1.848E-02,0.9975
264,Tissue-Equivalent GAS (Propane based),4.000E+00,9.798E+01,6.038E-02,9.804E+01,2.337E-02,2.332E-02,0.9977
264,Tissue-Equivalent GAS (Propane based),4.500E+00,8.934E+01,5.411E-02,8.940E+01,2.872E-02,2.866E-02,0.9978
264,Tissue-Equivalent GAS (Propane based),5.000E+00,8.222E+01,4.906E-02,8.227E+01,3.456E-02,3.448E-02,0.9979
264,Tissue-Equivalent GAS (Propane based),5.500E+00,7.624E+01,4.488E-02,7.629E+01,4.087E-02,4.079E-02,0.9980
264,Tissue-Equivalent GAS (Propane based),6.000E+00,7.115E+01,4.138E-02,7.119E+01,4.766E-02,4.757E-02,0.9981
264,Tissue-Equivalent GAS (Propane based),6.500E+00,6.674E+01,3.840E-02,6.678E+01,5.492E-02,5.481E-02,0.9981
264,Tissue-Equivalent GAS (Propane based),7.000E+00,6.289E+01,3.582E-02,6.293E+01,6.263E-02,6.252E-02,0.9982
264,Tissue-Equivalent GAS (Propane based),7.500E+00,5.950E+01,3.358E-02,5.953E+01,7.081E-02,7.068E-02,0.9982
264,Tissue-Equivalent GAS (Propane based),8.000E+00,5.649E+01,3.161E-02,5.652E+01,7.943E-02,7.929E-02,0.9982
264,Tissue-Equivalent GAS (Propane based),8.500E+00,5.380E+01,2.986E-02,5.383E+01,8.850E-02,8.835E-02,0.9983
264,Tissue-Equivalent GAS (Propane based),9.000E+00,5.137E+01,2.830E-02,5.140E+01,9.801E-02,9.784E-02,0.9983
264,Tissue-Equivalent GAS (Propane based),9.500E+00,4.917E+01,2.690E-02,4.919E+01,1.080E-01,1.078E-01,0.9983
264,Tissue-Equivalent GAS (Propane based),1.000E+01,4.716E+01,2.564E-02,4.719E+01,1.183E-01,1.181E-01,0.9984
264,Tissue-Equivalent GAS (Propane based),1.250E+01,3.934E+01,2.078E-02,3.936E+01,1.766E-01,1.763E-01,0.9984
264,Tissue-Equivalent GAS (Propane based),1.500E+01,3.390E+01,1.750E-02,3.391E+01,2.453E-01,2.449E-01,0.9985
264,Tissue-Equivalent GAS (Propane based),1.750E+01,2.988E+01,1.513E-02,2.990E+01,3.239E-01,3.235E-01,0.9985
264,Tissue-Equivalent GAS (Propane based),2.000E+01,2.679E+01,1.333E-02,2.680E+01,4.124E-01,4.118E-01,0.9986
264,Tissue-Equivalent GAS (Propane based),2.500E+01,2.232E+01,1.079E-02,2.233E+01,6.178E-01,6.169E-01,0.9986
264,Tissue-Equivalent GAS (Propane based),2.750E+01,2.065E+01,9.861E-03,2.066E+01,7.343E-01,7.333E-01,0.9987
264,Tissue-Equivalent GAS (Propane based),3.000E+01,1.924E+01,9.080E-03,1.925E+01,8.597E-01,8.586E-01,0.9987
264,Tissue-Equivalent GAS (Propane based),3.500E+01,1.697E+01,7.844E-03,1.698E+01,1.137E+00,1.135E+00,0.9987
264,Tissue-Equivalent GAS (Propane based),4.000E+01,1.523E+01,6.910E-03,1.524E+01,1.448E+00,1.446E+00,0.9987
264,Tissue-Equivalent GAS (Propane based),4.500E+01,1.385E+01,6.179E-03,1.386E+01,1.793E+00,1.791E+00,0.9987
264,Tissue-Equivalent GAS (Propane based),5.000E+01,1.273E+01,5.590E-03,1.274E+01,2.169E+00,2.167E+00,0.9988
264,Tissue-Equivalent GAS (Propane based),5.500E+01,1.180E+01,5.106E-03,1.181E+01,2.577E+00,2.574E+00,0.9988
264,Tissue-Equivalent GAS (Propane based),6.000E+01,1.102E+01,4.700E-03,1.102E+01,3.016E+00,3.012E+00,0.9988
264,Tissue-Equivalent GAS (Propane based),6.500E+01,1.035E+01,4.356E-03,1.035E+01,3.484E+00,3.480E+00,0.9988
264,Tissue-Equivalent GAS (Propane based),7.000E+01,9.765E+00,4.059E-03,9.769E+00,3.982E+00,3.977E+00,0.9988
264,Tissue-Equivalent GAS (Propane based),7.500E+01,9.256E+00,3.801E-03,9.260E+00,4.508E+00,4.503E+00,0.9988
264,Tissue-Equivalent GAS (Propane based),8.000E+01,8.807E+00,3.575E-03,8.811E+00,5.062E+00,5.056E+00,0.9988
264,Tissue-Equivalent GAS (Propane based),8.500E+01,8.408E+00,3.374E-03,8.411E+00,5.643E+00,5.636E+00,0.9989
264,Tissue-Equivalent GAS (Propane based),9.000E+01,8.050E+00,3.195E-03,8.054E+00,6.250E+00,6.243E+00,0.9989
264,Tissue-Equivalent GAS (Propane based),9.500E+01,7.729E+00,3.035E-03,7.732E+00,6.884E+00,6.876E+00,0.9989
264,Tissue-Equivalent GAS (Propane based),1.000E+02,7.437E+00,2.890E-03,7.440E+00,7.543E+00,7.535E+00,0.9989
264,Tissue-Equivalent GAS (Propane based),1.250E+02,6.313E+00,2.337E-03,6.315E+00,1.121E+01,1.120E+01,0.9989
264,Tissue-Equivalent GAS (Propane based),1.500E+02,5.548E+00,1.965E-03,5.550E+00,1.544E+01,1.543E+01,0.9990
264,Tissue-Equivalent GAS (Propane based),1.750E+02,4.994E+00,1.696E-03,4.996E+00,2.020E+01,2.018E+01,0.9990
264,Tissue-Equivalent GAS (Propane based),2.000E+02,4.574E+00,1.494E-03,4.575E+00,2.544E+01,2.541E+01,0.9990
264,Tissue-Equivalent GAS (Propane based),2.250E+02,4.245E+00,1.335E-03,4.246E+00,3.112E+01,3.109E+01,0.9990
264,Tissue-Equivalent GAS (Propane based),2.500E+02,3.980E+00,1.208E-03,3.981E+00,3.720E+01,3.717E+01,0.9990
264,Tissue-Equivalent GAS (Propane based),2.750E+02,3.762E+00,1.103E-03,3.763E+00,4.367E+01,4.363E+01,0.9991
264,Tissue-Equivalent GAS (Propane based),3.000E+02,3.581E+00,1.015E-03,3.582E+00,5.048E+01,5.043E+01,0.9991
264,Tissue-Equivalent GAS (Propane based),3.500E+02,3.295E+00,8.769E-04,3.296E+00,6.506E+01,6.500E+01,0.9991
264,Tissue-Equivalent GAS (Propane based),4.000E+02,3.082E+00,7.723E-04,3.083E+00,8.076E+01,8.070E+01,0.9991
264,Tissue-Equivalent GAS (Propane based),4.500E+02,2.917E+00,6.905E-04,2.918E+00,9.745E+01,9.737E+01,0.9992
264,Tissue-Equivalent GAS (Propane based),5.000E+02,2.787E+00,6.247E-04,2.788E+00,1.150E+02,1.149E+02,0.9992
264,Tissue-Equivalent GAS (Propane based),5.500E+02,2.682E+00,5.706E-04,2.682E+00,1.333E+02,1.332E+02,0.9992
264,Tissue-Equivalent GAS (Propane based),6.000E+02,2.595E+00,5.254E-04,2.596E+00,1.522E+02,1.521E+02,0.9992
264,Tissue-Equivalent GAS (Propane based),6.500E+02,2.523E+00,4.870E-04,2.524E+00,1.718E+02,1.717E+02,0.9992
264,Tissue-Equivalent GAS (Propane based),7.000E+02,2.463E+00,4.539E-04,2.463E+00,1.919E+02,1.917E+02,0.9993
264,Tissue-Equivalent GAS (Propane based),7.500E+02,2.411E+00,4.252E-04,2.412E+00,2.124E+02,2.122E+02,0.9993
264,Tissue-Equivalent GAS (Propane based),8.000E+02,2.368E+00,3.999E-04,2.368E+00,2.333E+02,2.331E+02,0.9993
264,Tissue-Equivalent GAS (Propane based),8.500E+02,2.330E+00,3.776E-04,2.330E+00,2.546E+02,2.544E+02,0.9993
264,Tissue-Equivalent GAS (Propane based),9.000E+02,2.297E+00,3.577E-04,2.297E+00,2.762E+02,2.760E+02,0.9993
264,Tissue-Equivalent GAS (Propane based),9.500E+02,2.269E+00,3.398E-04,2.269E+00,2.981E+02,2.979E+02,0.9993
264,Tissue-Equivalent GAS (Propane based),1.000E+03,2.244E+00,3.237E-04,2.244E+00,3.203E+02,3.201E+02,0.9993
264,Tissue-Equivalent GAS (Propane based),1.500E+03,2.112E+00,2.207E-04,2.112E+00,5.513E+02,5.510E+02,0.9994
264,Tissue-Equivalent GAS (Propane based),2.000E+03,2.075E+00,1.682E-04,2.075E+00,7.906E+02,7.902E+02,0.9995
264,Tissue-Equivalent GAS (Propane based),2.500E+03,2.071E+00,1.364E-04,2.071E+00,1.032E+03,1.032E+03,0.9996
264,Tissue-Equivalent GAS (Propane based),3.000E+03,2.081E+00,1.149E-04,2.081E+00,1.273E+03,1.272E+03,0.9996
264,Tissue-Equivalent GAS (Propane based),4.000E+03,2.116E+00,8.769E-05,2.116E+00,1.750E+03,1.749E+03,0.9996
264,Tissue-Equivalent GAS (Propane based),5.000E+03,2.155E+00,7.113E-05,2.155E+00,2.218E+03,2.217E+03,0.9997
264,Tissue-Equivalent GAS (Propane based),6.000E+03,2.194E+00,5.995E-05,2.194E+00,2.678E+03,2.677E+03,0.9997
264,Tissue-Equivalent GAS (Propane based),7.000E+03,2.231E+00,5.189E-05,2.231E+00,3.130E+03,3.129E+03,0.9997
264,Tissue-Equivalent GAS (Propane based),8.000E+03,2.264E+00,4.579E-05,2.264E+00,3.575E+03,3.574E+03,0.9998
264,Tissue-Equivalent GAS (Propane based),9.000E+03,2.296E+00,4.101E-05,2.296E+00,4.013E+03,4.012E+03,0.9998
264,Tissue-Equivalent GAS (Propane based),1.000E+04,2.325E+00,3.716E-05,2.325E+00,4.446E+03,4.445E+03,0.9998
266,Toluene,1.000E-03,1.916E+02,4.276E+01,2.344E+02,5.179E-06,2.555E-06,0.4932
266,Toluene,1.500E-03,2.347E+02,3.432E+01,2.690E+02,7.154E-06,3.830E-06,0.5354
266,Toluene,2.000E-03,2.710E+02,2.903E+01,3.000E+02,8.913E-06,5.064E-06,0.5682
266,Toluene,2.500E-03,3.029E+02,2.534E+01,3.283E+02,1.050E-05,6.245E-06,0.5945
266,Toluene,3.000E-03,3.319E+02,2.259E+01,3.544E+02,1.197E-05,7.377E-06,0.6163
266,Toluene,4.000E-03,3.772E+02,1.872E+01,3.959E+02,1.463E-05,9.527E-06,0.6511
266,Toluene,5.000E-03,4.178E+02,1.610E+01,4.339E+02,1.704E-05,1.155E-05,0.6778
266,Toluene,6.000E-03,4.545E+02,1.418E+01,4.687E+02,1.926E-05,1.347E-05,0.6992
266,Toluene,7.000E-03,4.880E+02,1.272E+01,5.007E+02,2.132E-05,1.528E-05,0.7168
266,Toluene,8.000E-03,5.179E+02,1.155E+01,5.295E+02,2.326E-05,1.702E-05,0.7317
266,Toluene,9.000E-03,5.451E+02,1.061E+01,5.557E+02,2.511E-05,1.869E-05,0.7445
266,Toluene,1.000E-02,5.704E+02,9.815E+00,5.802E+02,2.687E-05,2.030E-05,0.7557
266,Toluene,1.250E-02,6.219E+02,8.310E+00,6.302E+02,3.099E-05,2.413E-05,0.7786
266,Toluene,1.500E-02,6.650E+02,7.237E+00,6.722E+02,3.483E-05,2.774E-05,0.7964
266,Toluene,1.750E-02,7.022E+02,6.429E+00,7.086E+02,3.845E-05,3.118E-05,0.8108
266,Toluene,2.000E-02,7.352E+02,5.796E+00,7.410E+02,4.190E-05,3.447E-05,0.8228
266,Toluene,2.250E-02,7.643E+02,5.286E+00,7.696E+02,4.521E-05,3.765E-05,0.8329
266,Toluene,2.500E-02,7.900E+02,4.865E+00,7.948E+02,4.840E-05,4.074E-05,0.8416
266,Toluene,2.750E-02,8.124E+02,4.511E+00,8.170E+02,5.150E-05,4.374E-05,0.8493
266,Toluene,3.000E-02,8.325E+02,4.209E+00,8.367E+02,5.453E-05,4.668E-05,0.8561
266,Toluene,3.500E-02,8.677E+02,3.719E+00,8.714E+02,6.038E-05,5.239E-05,0.8676
266,Toluene,4.000E-02,8.979E+02,3.339E+00,9.013E+02,6.602E-05,5.790E-05,0.8771
266,Toluene,4.500E-02,9.232E+02,3.035E+00,9.263E+02,7.149E-05,6.327E-05,0.8850
266,Toluene,5.000E-02,9.433E+02,2.784E+00,9.461E+02,7.683E-05,6.852E-05,0.8918
266,Toluene,5.500E-02,9.583E+02,2.575E+00,9.609E+02,8.207E-05,7.368E-05,0.8978
266,Toluene,6.000E-02,9.690E+02,2.397E+00,9.714E+02,8.724E-05,7.878E-05,0.9030
266,Toluene,6.500E-02,9.760E+02,2.244E+00,9.783E+02,9.237E-05,8.385E-05,0.9077
266,Toluene,7.000E-02,9.800E+02,2.110E+00,9.821E+02,9.747E-05,8.889E-05,0.9119
266,Toluene,7.500E-02,9.814E+02,1.993E+00,9.834E+02,1.026E-04,9.392E-05,0.9158
266,Toluene,8.000E-02,9.804E+02,1.888E+00,9.823E+02,1.076E-04,9.895E-05,0.9193
266,Toluene,8.500E-02,9.775E+02,1.795E+00,9.793E+02,1.127E-04,1.040E-04,0.9225
266,Toluene,9.000E-02,9.729E+02,1.711E+00,9.747E+02,1.179E-04,1.091E-04,0.9255
266,Toluene,9.500E-02,9.669E+02,1.636E+00,9.686E+02,1.230E-04,1.142E-04,0.9282
266,Toluene,1.000E-01,9.598E+02,1.567E+00,9.614E+02,1.282E-04,1.193E-04,0.9308
266,Toluene,1.250E-01,9.122E+02,1.298E+00,9.135E+02,1.548E-04,1.458E-04,0.9415
266,Toluene,1.500E-01,8.562E+02,1.112E+00,8.573E+02,1.831E-04,1.738E-04,0.9496
266,Toluene,1.750E-01,8.001E+02,9.750E-01,8.011E+02,2.132E-04,2.038E-04,0.9560
266,Toluene,2.000E-01,7.478E+02,8.697E-01,7.487E+02,2.455E-04,2.360E-04,0.9612
266,Toluene,2.250E-01,7.006E+02,7.861E-01,7.014E+02,2.800E-04,2.704E-04,0.9655
266,Toluene,2.500E-01,6.585E+02,7.179E-01,6.593E+02,3.168E-04,3.070E-04,0.9690
266,Toluene,2.750E-01,6.214E+02,6.608E-01,6.220E+02,3.559E-04,3.459E-04,0.9720
266,Toluene,3.000E-01,5.885E+02,6.122E-01,5.891E+02,3.972E-04,3.871E-04,0.9746
266,Toluene,3.500E-01,5.351E+02,5.345E-01,5.356E+02,4.864E-04,4.760E-04,0.9786
266,Toluene,4.000E-01,4.928E+02,4.750E-01,4.933E+02,5.837E-04,5.731E-04,0.9817
266,Toluene,4.500E-01,4.578E+02,4.280E-01,4.582E+02,6.890E-04,6.780E-04,0.9841
266,Toluene,5.000E-01,4.279E+02,3.898E-01,4.282E+02,8.020E-04,7.907E-04,0.9859
266,Toluene,5.500E-01,4.018E+02,3.582E-01,4.022E+02,9.225E-04,9.109E-04,0.9874
266,Toluene,6.000E-01,3.791E+02,3.313E-01,3.795E+02,1.051E-03,1.039E-03,0.9887
266,Toluene,6.500E-01,3.594E+02,3.083E-01,3.597E+02,1.186E-03,1.174E-03,0.9897
266,Toluene,7.000E-01,3.419E+02,2.884E-01,3.422E+02,1.329E-03,1.316E-03,0.9905
266,Toluene,7.500E-01,3.263E+02,2.710E-01,3.266E+02,1.478E-03,1.465E-03,0.9913
266,Toluene,8.000E-01,3.123E+02,2.557E-01,3.125E+02,1.635E-03,1.621E-03,0.9919
266,Toluene,8.500E-01,2.996E+02,2.421E-01,2.998E+02,1.798E-03,1.784E-03,0.9924
266,Toluene,9.000E-01,2.879E+02,2.299E-01,2.882E+02,1.968E-03,1.954E-03,0.9929
266,Toluene,9.500E-01,2.773E+02,2.189E-01,2.775E+02,2.145E-03,2.131E-03,0.9933
266,Toluene,1.000E+00,2.675E+02,2.089E-01,2.677E+02,2.329E-03,2.314E-03,0.9936
266,Toluene,1.250E+00,2.285E+02,1.706E-01,2.286E+02,3.343E-03,3.326E-03,0.9950
266,Toluene,1.500E+00,2.004E+02,1.444E-01,2.006E+02,4.513E-03,4.494E-03,0.9958
266,Toluene,1.750E+00,1.791E+02,1.254E-01,1.792E+02,5.834E-03,5.813E-03,0.9963
266,Toluene,2.000E+00,1.623E+02,1.109E-01,1.624E+02,7.302E-03,7.278E-03,0.9967
266,Toluene,2.250E+00,1.486E+02,9.955E-02,1.487E+02,8.912E-03,8.886E-03,0.9970
266,Toluene,2.500E+00,1.373E+02,9.033E-02,1.374E+02,1.066E-02,1.063E-02,0.9972
266,Toluene,2.750E+00,1.278E+02,8.272E-02,1.278E+02,1.255E-02,1.252E-02,0.9974
266,Toluene,3.000E+00,1.196E+02,7.632E-02,1.196E+02,1.457E-02,1.454E-02,0.9975
266,Toluene,3.500E+00,1.062E+02,6.616E-02,1.063E+02,1.902E-02,1.897E-02,0.9977
266,Toluene,4.000E+00,9.575E+01,5.844E-02,9.581E+01,2.398E-02,2.393E-02,0.9979
266,Toluene,4.500E+00,8.733E+01,5.237E-02,8.738E+01,2.945E-02,2.939E-02,0.9980
266,Toluene,5.000E+00,8.038E+01,4.747E-02,8.043E+01,3.542E-02,3.535E-02,0.9981
266,Toluene,5.500E+00,7.454E+01,4.343E-02,7.458E+01,4.188E-02,4.180E-02,0.9981
266,Toluene,6.000E+00,6.956E+01,4.003E-02,6.960E+01,4.883E-02,4.874E-02,0.9982
266,Toluene,6.500E+00,6.526E+01,3.714E-02,6.530E+01,5.625E-02,5.615E-02,0.9982
266,Toluene,7.000E+00,6.151E+01,3.465E-02,6.154E+01,6.414E-02,6.403E-02,0.9983
266,Toluene,7.500E+00,5.820E+01,3.248E-02,5.823E+01,7.249E-02,7.237E-02,0.9983
266,Toluene,8.000E+00,5.525E+01,3.057E-02,5.528E+01,8.131E-02,8.118E-02,0.9984
266,Toluene,8.500E+00,5.263E+01,2.888E-02,5.266E+01,9.058E-02,9.043E-02,0.9984
266,Toluene,9.000E+00,5.025E+01,2.737E-02,5.028E+01,1.003E-01,1.001E-01,0.9984
266,Toluene,9.500E+00,4.810E+01,2.601E-02,4.813E+01,1.105E-01,1.103E-01,0.9984
266,Toluene,1.000E+01,4.615E+01,2.479E-02,4.617E+01,1.211E-01,1.209E-01,0.9985
266,Toluene,1.250E+01,3.850E+01,2.009E-02,3.852E+01,1.806E-01,1.804E-01,0.9985
266,Toluene,1.500E+01,3.318E+01,1.691E-02,3.320E+01,2.508E-01,2.504E-01,0.9986
266,Toluene,1.750E+01,2.925E+01,1.462E-02,2.927E+01,3.312E-01,3.307E-01,0.9986
266,Toluene,2.000E+01,2.623E+01,1.288E-02,2.624E+01,4.215E-01,4.210E-01,0.9987
266,Toluene,2.500E+01,2.186E+01,1.043E-02,2.187E+01,6.313E-01,6.304E-01,0.9987
266,Toluene,2.750E+01,2.022E+01,9.526E-03,2.023E+01,7.502E-01,7.493E-01,0.9987
266,Toluene,3.000E+01,1.884E+01,8.771E-03,1.885E+01,8.783E-01,8.772E-01,0.9988
266,Toluene,3.500E+01,1.662E+01,7.577E-03,1.663E+01,1.161E+00,1.160E+00,0.9988
266,Toluene,4.000E+01,1.492E+01,6.674E-03,1.493E+01,1.479E+00,1.478E+00,0.9988
266,Toluene,4.500E+01,1.357E+01,5.968E-03,1.358E+01,1.831E+00,1.829E+00,0.9988
266,Toluene,5.000E+01,1.248E+01,5.399E-03,1.248E+01,2.215E+00,2.213E+00,0.9988
266,Toluene,5.500E+01,1.157E+01,4.931E-03,1.157E+01,2.632E+00,2.629E+00,0.9989
266,Toluene,6.000E+01,1.080E+01,4.539E-03,1.080E+01,3.079E+00,3.076E+00,0.9989
266,Toluene,6.500E+01,1.014E+01,4.206E-03,1.014E+01,3.557E+00,3.553E+00,0.9989
266,Toluene,7.000E+01,9.570E+00,3.920E-03,9.574E+00,4.065E+00,4.061E+00,0.9989
266,Toluene,7.500E+01,9.071E+00,3.671E-03,9.075E+00,4.602E+00,4.597E+00,0.9989
266,Toluene,8.000E+01,8.632E+00,3.452E-03,8.635E+00,5.167E+00,5.161E+00,0.9989
266,Toluene,8.500E+01,8.241E+00,3.258E-03,8.244E+00,5.760E+00,5.753E+00,0.9989
266,Toluene,9.000E+01,7.891E+00,3.086E-03,7.894E+00,6.380E+00,6.373E+00,0.9989
266,Toluene,9.500E+01,7.575E+00,2.931E-03,7.578E+00,7.026E+00,7.019E+00,0.9990
266,Toluene,1.000E+02,7.290E+00,2.791E-03,7.293E+00,7.699E+00,7.691E+00,0.9990
266,Toluene,1.250E+02,6.189E+00,2.257E-03,6.191E+00,1.144E+01,1.143E+01,0.9990
266,Toluene,1.500E+02,5.440E+00,1.897E-03,5.442E+00,1.576E+01,1.574E+01,0.9990
266,Toluene,1.750E+02,4.897E+00,1.638E-03,4.898E+00,2.061E+01,2.059E+01,0.9990
266,Toluene,2.000E+02,4.485E+00,1.442E-03,4.487E+00,2.595E+01,2.593E+01,0.9991
266,Toluene,2.250E+02,4.162E+00,1.289E-03,4.164E+00,3.174E+01,3.171E+01,0.9991
266,Toluene,2.500E+02,3.903E+00,1.166E-03,3.904E+00,3.795E+01,3.791E+01,0.9991
266,Toluene,2.750E+02,3.690E+00,1.065E-03,3.691E+00,4.454E+01,4.450E+01,0.9991
266,Toluene,3.000E+02,3.512E+00,9.803E-04,3.513E+00,5.149E+01,5.144E+01,0.9991
266,Toluene,3.500E+02,3.232E+00,8.466E-04,3.233E+00,6.635E+01,6.629E+01,0.9992
266,Toluene,4.000E+02,3.023E+00,7.456E-04,3.024E+00,8.236E+01,8.229E+01,0.9992
266,Toluene,4.500E+02,2.862E+00,6.666E-04,2.863E+00,9.937E+01,9.929E+01,0.9992
266,Toluene,5.000E+02,2.734E+00,6.031E-04,2.735E+00,1.173E+02,1.172E+02,0.9992
266,Toluene,5.500E+02,2.631E+00,5.509E-04,2.632E+00,1.359E+02,1.358E+02,0.9993
266,Toluene,6.000E+02,2.546E+00,5.072E-04,2.547E+00,1.552E+02,1.551E+02,0.9993
266,Toluene,6.500E+02,2.476E+00,4.701E-04,2.476E+00,1.751E+02,1.750E+02,0.9993
266,Toluene,7.000E+02,2.417E+00,4.382E-04,2.417E+00,1.956E+02,1.955E+02,0.9993
266,Toluene,7.500E+02,2.366E+00,4.105E-04,2.366E+00,2.165E+02,2.164E+02,0.9993
266,Toluene,8.000E+02,2.322E+00,3.861E-04,2.322E+00,2.378E+02,2.377E+02,0.9993
266,Toluene,8.500E+02,2.283E+00,3.645E-04,2.283E+00,2.596E+02,2.594E+02,0.9994
266,Toluene,9.000E+02,2.250E+00,3.453E-04,2.250E+00,2.816E+02,2.814E+02,0.9994
266,Toluene,9.500E+02,2.220E+00,3.281E-04,2.220E+00,3.040E+02,3.038E+02,0.9994
266,Toluene,1.000E+03,2.194E+00,3.125E-04,2.194E+00,3.266E+02,3.264E+02,0.9994
266,Toluene,1.500E+03,2.048E+00,2.130E-04,2.049E+00,5.639E+02,5.636E+02,0.9995
266,Toluene,2.000E+03,1.996E+00,1.624E-04,1.997E+00,8.116E+02,8.112E+02,0.9995
266,Toluene,2.500E+03,1.978E+00,1.317E-04,1.978E+00,1.063E+03,1.063E+03,0.9996
266,Toluene,3.000E+03,1.975E+00,1.109E-04,1.975E+00,1.316E+03,1.316E+03,0.9996
266,Toluene,4.000E+03,1.986E+00,8.465E-05,1.986E+00,1.822E+03,1.821E+03,0.9997
266,Toluene,5.000E+03,2.005E+00,6.867E-05,2.005E+00,2.323E+03,2.322E+03,0.9997
266,Toluene,6.000E+03,2.026E+00,5.788E-05,2.026E+00,2.819E+03,2.818E+03,0.9997
266,Toluene,7.000E+03,2.047E+00,5.010E-05,2.047E+00,3.310E+03,3.309E+03,0.9998
266,Toluene,8.000E+03,2.066E+00,4.421E-05,2.066E+00,3.796E+03,3.795E+03,0.9998
266,Toluene,9.000E+03,2.084E+00,3.959E-05,2.084E+00,4.278E+03,4.277E+03,0.9998
266,Toluene,1.000E+04,2.101E+00,3.587E-05,2.101E+00,4.756E+03,4.755E+03,0.9998
276,"Water, Liquid",1.000E-03,1.337E+02,4.315E+01,1.769E+02,6.319E-06,2.878E-06,0.4555
276,"Water, Liquid",1.500E-03,1.638E+02,3.460E+01,1.984E+02,8.969E-06,4.400E-06,0.4906
276,"Water, Liquid",2.000E-03,1.891E+02,2.927E+01,2.184E+02,1.137E-05,5.909E-06,0.5197
276,"Water, Liquid",2.500E-03,2.114E+02,2.557E+01,2.370E+02,1.357E-05,7.380E-06,0.5440
276,"Water, Liquid",3.000E-03,2.316E+02,2.281E+01,2.544E+02,1.560E-05,8.811E-06,0.5647
276,"Water, Liquid",4.000E-03,2.675E+02,1.894E+01,2.864E+02,1.930E-05,1.155E-05,0.5986
276,"Water, Liquid",5.000E-03,2.990E+02,1.631E+01,3.153E+02,2.262E-05,1.415E-05,0.6254
276,"Water, Liquid",6.000E-03,3.276E+02,1.439E+01,3.420E+02,2.567E-05,1.661E-05,0.6473
276,"Water, Liquid",7.000E-03,3.538E+02,1.292E+01,3.667E+02,2.849E-05,1.896E-05,0.6656
276,"Water, Liquid",8.000E-03,3.782E+02,1.175E+01,3.900E+02,3.113E-05,2.121E-05,0.6813
276,"Water, Liquid",9.000E-03,4.012E+02,1.080E+01,4.120E+02,3.363E-05,2.337E-05,0.6950
276,"Water, Liquid",1.000E-02,4.229E+02,1.000E+01,4.329E+02,3.599E-05,2.545E-05,0.7070
276,"Water, Liquid",1.250E-02,4.660E+02,8.485E+00,4.745E+02,4.150E-05,3.037E-05,0.7318
276,"Water, Liquid",1.500E-02,5.036E+02,7.400E+00,5.110E+02,4.657E-05,3.499E-05,0.7514
276,"Water, Liquid",1.750E-02,5.372E+02,6.581E+00,5.437E+02,5.131E-05,3.938E-05,0.7674
276,"Water, Liquid",2.000E-02,5.673E+02,5.939E+00,5.733E+02,5.578E-05,4.356E-05,0.7808
276,"Water, Liquid",2.250E-02,5.946E+02,5.421E+00,6.001E+02,6.005E-05,4.757E-05,0.7923
276,"Water, Liquid",2.500E-02,6.195E+02,4.993E+00,6.245E+02,6.413E-05,5.144E-05,0.8022
276,"Water, Liquid",2.750E-02,6.421E+02,4.633E+00,6.467E+02,6.806E-05,5.519E-05,0.8109
276,"Water, Liquid",3.000E-02,6.628E+02,4.325E+00,6.671E+02,7.187E-05,5.883E-05,0.8187
276,"Water, Liquid",3.500E-02,6.989E+02,3.826E+00,7.028E+02,7.916E-05,6.585E-05,0.8319
276,"Water, Liquid",4.000E-02,7.290E+02,3.437E+00,7.324E+02,8.613E-05,7.259E-05,0.8429
276,"Water, Liquid",4.500E-02,7.538E+02,3.126E+00,7.569E+02,9.284E-05,7.911E-05,0.8522
276,"Water, Liquid",5.000E-02,7.740E+02,2.870E+00,7.768E+02,9.935E-05,8.547E-05,0.8602
276,"Water, Liquid",5.500E-02,7.901E+02,2.655E+00,7.927E+02,1.057E-04,9.169E-05,0.8673
276,"Water, Liquid",6.000E-02,8.026E+02,2.473E+00,8.050E+02,1.120E-04,9.782E-05,0.8735
276,"Water, Liquid",6.500E-02,8.119E+02,2.316E+00,8.142E+02,1.182E-04,1.039E-04,0.8791
276,"Water, Liquid",7.000E-02,8.183E+02,2.178E+00,8.205E+02,1.243E-04,1.099E-04,0.8842
276,"Water, Liquid",7.500E-02,8.223E+02,2.058E+00,8.243E+02,1.303E-04,1.159E-04,0.8889
276,"Water, Liquid",8.000E-02,8.241E+02,1.951E+00,8.260E+02,1.364E-04,1.218E-04,0.8931
276,"Water, Liquid",8.500E-02,8.239E+02,1.855E+00,8.258E+02,1.425E-04,1.278E-04,0.8971
276,"Water, Liquid",9.000E-02,8.222E+02,1.769E+00,8.239E+02,1.485E-04,1.338E-04,0.9007
276,"Water, Liquid",9.500E-02,8.190E+02,1.691E+00,8.206E+02,1.546E-04,1.398E-04,0.9041
276,"Water, Liquid",1.000E-01,8.145E+02,1.620E+00,8.161E+02,1.607E-04,1.458E-04,0.9073
276,"Water, Liquid",1.250E-01,7.801E+02,1.343E+00,7.814E+02,1.920E-04,1.767E-04,0.9207
276,"Water, Liquid",1.500E-01,7.360E+02,1.152E+00,7.371E+02,2.249E-04,2.094E-04,0.9310
276,"Water, Liquid",1.750E-01,6.959E+02,1.010E+00,6.969E+02,2.598E-04,2.440E-04,0.9393
276,"Water, Liquid",2.000E-01,6.604E+02,9.016E-01,6.613E+02,2.966E-04,2.806E-04,0.9460
276,"Water, Liquid",2.250E-01,6.286E+02,8.152E-01,6.294E+02,3.354E-04,3.191E-04,0.9515
276,"Water, Liquid",2.500E-01,5.999E+02,7.447E-01,6.006E+02,3.761E-04,3.596E-04,0.9562
276,"Water, Liquid",2.750E-01,5.737E+02,6.855E-01,5.744E+02,4.186E-04,4.019E-04,0.9601
276,"Water, Liquid",3.000E-01,5.497E+02,6.351E-01,5.504E+02,4.631E-04,4.462E-04,0.9635
276,"Water, Liquid",3.500E-01,5.075E+02,5.545E-01,5.080E+02,5.577E-04,5.404E-04,0.9689
276,"Water, Liquid",4.000E-01,4.714E+02,4.928E-01,4.719E+02,6.599E-04,6.422E-04,0.9731
276,"Water, Liquid",4.500E-01,4.401E+02,4.439E-01,4.406E+02,7.697E-04,7.515E-04,0.9764
276,"Water, Liquid",5.000E-01,4.128E+02,4.043E-01,4.132E+02,8.869E-04,8.683E-04,0.9790
276,"Water, Liquid",5.500E-01,3.888E+02,3.715E-01,3.891E+02,1.012E-03,9.926E-04,0.9811
276,"Water, Liquid",6.000E-01,3.676E+02,3.438E-01,3.680E+02,1.144E-03,1.124E-03,0.9829
276,"Water, Liquid",6.500E-01,3.489E+02,3.201E-01,3.492E+02,1.283E-03,1.263E-03,0.9844
276,"Water, Liquid",7.000E-01,3.322E+02,2.996E-01,3.325E+02,1.430E-03,1.410E-03,0.9857
276,"Water, Liquid",7.500E-01,3.172E+02,2.817E-01,3.175E+02,1.584E-03,1.563E-03,0.9868
276,"Water, Liquid",8.000E-01,3.037E+02,2.658E-01,3.039E+02,1.745E-03,1.724E-03,0.9877
276,"Water, Liquid",8.500E-01,2.914E+02,2.516E-01,2.917E+02,1.913E-03,1.891E-03,0.9886
276,"Water, Liquid",9.000E-01,2.803E+02,2.390E-01,2.805E+02,2.088E-03,2.066E-03,0.9893
276,"Water, Liquid",9.500E-01,2.700E+02,2.276E-01,2.702E+02,2.270E-03,2.247E-03,0.9899
276,"Water, Liquid",1.000E+00,2.606E+02,2.173E-01,2.608E+02,2.458E-03,2.435E-03,0.9905
276,"Water, Liquid",1.250E+00,2.228E+02,1.775E-01,2.229E+02,3.499E-03,3.472E-03,0.9925
276,"Water, Liquid",1.500E+00,1.955E+02,1.504E-01,1.957E+02,4.698E-03,4.669E-03,0.9938
276,"Water, Liquid",1.750E+00,1.748E+02,1.307E-01,1.749E+02,6.052E-03,6.020E-03,0.9946
276,"Water, Liquid",2.000E+00,1.585E+02,1.157E-01,1.586E+02,7.555E-03,7.519E-03,0.9952
276,"Water, Liquid",2.250E+00,1.453E+02,1.038E-01,1.454E+02,9.203E-03,9.164E-03,0.9957
276,"Water, Liquid",2.500E+00,1.343E+02,9.428E-02,1.344E+02,1.099E-02,1.095E-02,0.9960
276,"Water, Liquid",2.750E+00,1.250E+02,8.637E-02,1.251E+02,1.292E-02,1.288E-02,0.9963
276,"Water, Liquid",3.000E+00,1.171E+02,7.972E-02,1.172E+02,1.499E-02,1.494E-02,0.9965
276,"Water, Liquid",3.500E+00,1.041E+02,6.916E-02,1.042E+02,1.952E-02,1.946E-02,0.9968
276,"Water, Liquid",4.000E+00,9.398E+01,6.113E-02,9.404E+01,2.458E-02,2.451E-02,0.9971
276,"Water, Liquid",4.500E+00,8.580E+01,5.481E-02,8.586E+01,3.015E-02,3.007E-02,0.9973
276,"Water, Liquid",5.000E+00,7.906E+01,4.970E-02,7.911E+01,3.623E-02,3.613E-02,0.9974
276,"Water, Liquid",5.500E+00,7.339E+01,4.549E-02,7.343E+01,4.279E-02,4.268E-02,0.9975
276,"Water, Liquid",6.000E+00,6.854E+01,4.195E-02,6.858E+01,4.984E-02,4.972E-02,0.9976
276,"Water, Liquid",6.500E+00,6.434E+01,3.894E-02,6.438E+01,5.737E-02,5.724E-02,0.9977
276,"Water, Liquid",7.000E+00,6.068E+01,3.634E-02,6.071E+01,6.537E-02,6.522E-02,0.9977
276,"Water, Liquid",7.500E+00,5.744E+01,3.407E-02,5.747E+01,7.384E-02,7.368E-02,0.9978
276,"Water, Liquid",8.000E+00,5.456E+01,3.208E-02,5.460E+01,8.277E-02,8.259E-02,0.9978
276,"Water, Liquid",8.500E+00,5.199E+01,3.031E-02,5.202E+01,9.215E-02,9.196E-02,0.9979
276,"Water, Liquid",9.000E+00,4.966E+01,2.873E-02,4.969E+01,1.020E-01,1.018E-01,0.9979
276,"Water, Liquid",9.500E+00,4.756E+01,2.731E-02,4.759E+01,1.123E-01,1.120E-01,0.9979
276,"Water, Liquid",1.000E+01,4.564E+01,2.603E-02,4.567E+01,1.230E-01,1.228E-01,0.9980
276,"Water, Liquid",1.250E+01,3.813E+01,2.111E-02,3.815E+01,1.832E-01,1.828E-01,0.9981
276,"Water, Liquid",1.500E+01,3.290E+01,1.778E-02,3.292E+01,2.539E-01,2.535E-01,0.9982
276,"Water, Liquid",1.750E+01,2.904E+01,1.538E-02,2.905E+01,3.350E-01,3.344E-01,0.9982
276,"Water, Liquid",2.000E+01,2.605E+01,1.356E-02,2.607E+01,4.260E-01,4.252E-01,0.9983
276,"Water, Liquid",2.500E+01,2.174E+01,1.098E-02,2.175E+01,6.370E-01,6.359E-01,0.9983
276,"Water, Liquid",2.750E+01,2.012E+01,1.003E-02,2.013E+01,7.566E-01,7.553E-01,0.9984
276,"Water, Liquid",3.000E+01,1.875E+01,9.239E-03,1.876E+01,8.853E-01,8.839E-01,0.9984
276,"Water, Liquid",3.500E+01,1.656E+01,7.983E-03,1.656E+01,1.170E+00,1.168E+00,0.9984
276,"Water, Liquid",4.000E+01,1.487E+01,7.034E-03,1.488E+01,1.489E+00,1.486E+00,0.9985
276,"Water, Liquid",4.500E+01,1.353E+01,6.290E-03,1.354E+01,1.841E+00,1.839E+00,0.9985
276,"Water, Liquid",5.000E+01,1.244E+01,5.691E-03,1.245E+01,2.227E+00,2.224E+00,0.9985
276,"Water, Liquid",5.500E+01,1.154E+01,5.199E-03,1.154E+01,2.644E+00,2.641E+00,0.9985
276,"Water, Liquid",6.000E+01,1.078E+01,4.786E-03,1.078E+01,3.093E+00,3.089E+00,0.9986
276,"Water, Liquid",6.500E+01,1.012E+01,4.435E-03,1.013E+01,3.572E+00,3.567E+00,0.9986
276,"Water, Liquid",7.000E+01,9.555E+00,4.134E-03,9.559E+00,4.080E+00,4.075E+00,0.9986
276,"Water, Liquid",7.500E+01,9.059E+00,3.871E-03,9.063E+00,4.618E+00,4.611E+00,0.9986
276,"Water, Liquid",8.000E+01,8.622E+00,3.641E-03,8.625E+00,5.184E+00,5.176E+00,0.9986
276,"Water, Liquid",8.500E+01,8.233E+00,3.437E-03,8.236E+00,5.777E+00,5.769E+00,0.9986
276,"Water, Liquid",9.000E+01,7.884E+00,3.255E-03,7.888E+00,6.398E+00,6.389E+00,0.9986
276,"Water, Liquid",9.500E+01,7.570E+00,3.092E-03,7.573E+00,7.045E+00,7.035E+00,0.9986
276,"Water, Liquid",1.000E+02,7.286E+00,2.944E-03,7.289E+00,7.718E+00,7.707E+00,0.9987
276,"Water, Liquid",1.250E+02,6.190E+00,2.381E-03,6.192E+00,1.146E+01,1.144E+01,0.9987
276,"Water, Liquid",1.500E+02,5.443E+00,2.001E-03,5.445E+00,1.577E+01,1.576E+01,0.9987
276,"Water, Liquid",1.750E+02,4.901E+00,1.728E-03,4.903E+00,2.062E+01,2.060E+01,0.9988
276,"Water, Liquid",2.000E+02,4.491E+00,1.522E-03,4.492E+00,2.596E+01,2.593E+01,0.9988
276,"Water, Liquid",2.250E+02,4.169E+00,1.361E-03,4.170E+00,3.174E+01,3.171E+01,0.9988
276,"Water, Liquid",2.500E+02,3.910E+00,1.231E-03,3.911E+00,3.794E+01,3.790E+01,0.9989
276,"Water, Liquid",2.750E+02,3.697E+00,1.124E-03,3.698E+00,4.452E+01,4.447E+01,0.9989
276,"Water, Liquid",3.000E+02,3.519E+00,1.035E-03,3.520E+00,5.145E+01,5.139E+01,0.9989
276,"Water, Liquid",3.500E+02,3.240E+00,8.936E-04,3.241E+00,6.628E+01,6.621E+01,0.9989
276,"Water, Liquid",4.000E+02,3.031E+00,7.870E-04,3.032E+00,8.225E+01,8.217E+01,0.9990
276,"Water, Liquid",4.500E+02,2.870E+00,7.037E-04,2.871E+00,9.921E+01,9.912E+01,0.9990
276,"Water, Liquid",5.000E+02,2.743E+00,6.367E-04,2.743E+00,1.170E+02,1.169E+02,0.9990
276,"Water, Liquid",5.500E+02,2.640E+00,5.816E-04,2.640E+00,1.356E+02,1.355E+02,0.9991
276,"Water, Liquid",6.000E+02,2.555E+00,5.355E-04,2.556E+00,1.549E+02,1.547E+02,0.9991
276,"Water, Liquid",6.500E+02,2.485E+00,4.963E-04,2.485E+00,1.747E+02,1.746E+02,0.9991
276,"Water, Liquid",7.000E+02,2.426E+00,4.626E-04,2.426E+00,1.951E+02,1.949E+02,0.9991
276,"Water, Liquid",7.500E+02,2.375E+00,4.333E-04,2.376E+00,2.159E+02,2.158E+02,0.9991
276,"Water, Liquid",8.000E+02,2.333E+00,4.076E-04,2.333E+00,2.372E+02,2.370E+02,0.9992
276,"Water, Liquid",8.500E+02,2.296E+00,3.849E-04,2.296E+00,2.588E+02,2.586E+02,0.9992
276,"Water, Liquid",9.000E+02,2.264E+00,3.646E-04,2.264E+00,2.807E+02,2.805E+02,0.9992
276,"Water, Liquid",9.500E+02,2.236E+00,3.464E-04,2.236E+00,3.029E+02,3.027E+02,0.9992
276,"Water, Liquid",1.000E+03,2.211E+00,3.300E-04,2.211E+00,3.254E+02,3.252E+02,0.9992
276,"Water, Liquid",1.500E+03,2.070E+00,2.249E-04,2.070E+00,5.605E+02,5.601E+02,0.9993
276,"Water, Liquid",2.000E+03,2.021E+00,1.715E-04,2.021E+00,8.054E+02,8.049E+02,0.9994
276,"Water, Liquid",2.500E+03,2.004E+00,1.390E-04,2.004E+00,1.054E+03,1.053E+03,0.9995
276,"Water, Liquid",3.000E+03,2.001E+00,1.171E-04,2.001E+00,1.304E+03,1.303E+03,0.9995
276,"Water, Liquid",4.000E+03,2.012E+00,8.939E-05,2.012E+00,1.802E+03,1.802E+03,0.9996
276,"Water, Liquid",5.000E+03,2.031E+00,7.251E-05,2.031E+00,2.297E+03,2.296E+03,0.9996
276,"Water, Liquid",6.000E+03,2.052E+00,6.112E-05,2.052E+00,2.787E+03,2.786E+03,0.9997
276,"Water, Liquid",7.000E+03,2.072E+00,5.291E-05,2.072E+00,3.272E+03,3.271E+03,0.9997
276,"Water, Liquid",8.000E+03,2.091E+00,4.669E-05,2.091E+00,3.752E+03,3.751E+03,0.9997
276,"Water, Liquid",9.000E+03,2.109E+00,4.181E-05,2.109E+00,4.228E+03,4.227E+03,0.9997
276,"Water, Liquid",1.000E+04,2.126E+00,3.788E-05,2.126E+00,4.700E+03,4.699E+03,0.9998
277,Water Vapor,1.000E-03,1.522E+02,4.315E+01,1.954E+02,5.871E-06,2.755E-06,0.4692
277,Water Vapor,1.500E-03,1.865E+02,3.460E+01,2.211E+02,8.258E-06,4.174E-06,0.5054
277,Water Vapor,2.000E-03,2.153E+02,2.927E+01,2.446E+02,1.041E-05,5.568E-06,0.5350
277,Water Vapor,2.500E-03,2.407E+02,2.557E+01,2.663E+02,1.237E-05,6.918E-06,0.5595
277,Water Vapor,3.000E-03,2.637E+02,2.281E+01,2.865E+02,1.417E-05,8.225E-06,0.5803
277,Water Vapor,4.000E-03,3.045E+02,1.894E+01,3.234E+02,1.745E-05,1.072E-05,0.6139
277,Water Vapor,5.000E-03,3.404E+02,1.631E+01,3.567E+02,2.039E-05,1.306E-05,0.6404
277,Water Vapor,6.000E-03,3.729E+02,1.439E+01,3.873E+02,2.308E-05,1.528E-05,0.6619
277,Water Vapor,7.000E-03,4.028E+02,1.292E+01,4.157E+02,2.557E-05,1.738E-05,0.6798
277,Water Vapor,8.000E-03,4.306E+02,1.175E+01,4.424E+02,2.790E-05,1.940E-05,0.6951
277,Water Vapor,9.000E-03,4.567E+02,1.080E+01,4.675E+02,3.010E-05,2.132E-05,0.7084
277,Water Vapor,1.000E-02,4.814E+02,1.000E+01,4.914E+02,3.219E-05,2.318E-05,0.7201
277,Water Vapor,1.250E-02,5.305E+02,8.485E+00,5.390E+02,3.703E-05,2.756E-05,0.7441
277,Water Vapor,1.500E-02,5.732E+02,7.400E+00,5.806E+02,4.150E-05,3.167E-05,0.7630
277,Water Vapor,1.750E-02,6.113E+02,6.581E+00,6.178E+02,4.567E-05,3.555E-05,0.7785
277,Water Vapor,2.000E-02,6.454E+02,5.939E+00,6.514E+02,4.961E-05,3.926E-05,0.7914
277,Water Vapor,2.250E-02,6.764E+02,5.421E+00,6.818E+02,5.336E-05,4.281E-05,0.8024
277,Water Vapor,2.500E-02,7.044E+02,4.993E+00,7.094E+02,5.695E-05,4.624E-05,0.8119
277,Water Vapor,2.750E-02,7.300E+02,4.633E+00,7.346E+02,6.041E-05,4.955E-05,0.8203
277,Water Vapor,3.000E-02,7.533E+02,4.325E+00,7.576E+02,6.376E-05,5.278E-05,0.8277
277,Water Vapor,3.500E-02,7.938E+02,3.826E+00,7.977E+02,7.019E-05,5.899E-05,0.8404
277,Water Vapor,4.000E-02,8.274E+02,3.437E+00,8.309E+02,7.633E-05,6.494E-05,0.8509
277,Water Vapor,4.500E-02,8.550E+02,3.126E+00,8.581E+02,8.225E-05,7.071E-05,0.8598
277,Water Vapor,5.000E-02,8.772E+02,2.870E+00,8.801E+02,8.800E-05,7.633E-05,0.8675
277,Water Vapor,5.500E-02,8.948E+02,2.655E+00,8.974E+02,9.362E-05,8.184E-05,0.8742
277,Water Vapor,6.000E-02,9.082E+02,2.473E+00,9.107E+02,9.915E-05,8.727E-05,0.8802
277,Water Vapor,6.500E-02,9.181E+02,2.316E+00,9.204E+02,1.046E-04,9.264E-05,0.8856
277,Water Vapor,7.000E-02,9.247E+02,2.178E+00,9.269E+02,1.100E-04,9.796E-05,0.8904
277,Water Vapor,7.500E-02,9.285E+02,2.058E+00,9.306E+02,1.154E-04,1.033E-04,0.8949
277,Water Vapor,8.000E-02,9.299E+02,1.951E+00,9.318E+02,1.208E-04,1.086E-04,0.8989
277,Water Vapor,8.500E-02,9.291E+02,1.855E+00,9.310E+02,1.261E-04,1.139E-04,0.9027
277,Water Vapor,9.000E-02,9.265E+02,1.769E+00,9.283E+02,1.315E-04,1.192E-04,0.9062
277,Water Vapor,9.500E-02,9.223E+02,1.691E+00,9.240E+02,1.369E-04,1.245E-04,0.9094
277,Water Vapor,1.000E-01,9.169E+02,1.620E+00,9.185E+02,1.423E-04,1.299E-04,0.9125
277,Water Vapor,1.250E-01,8.763E+02,1.343E+00,8.776E+02,1.701E-04,1.574E-04,0.9253
277,Water Vapor,1.500E-01,8.259E+02,1.152E+00,8.270E+02,1.995E-04,1.865E-04,0.9351
277,Water Vapor,1.750E-01,7.753E+02,1.010E+00,7.763E+02,2.307E-04,2.175E-04,0.9430
277,Water Vapor,2.000E-01,7.285E+02,9.016E-01,7.294E+02,2.639E-04,2.506E-04,0.9494
277,Water Vapor,2.250E-01,6.868E+02,8.152E-01,6.876E+02,2.992E-04,2.857E-04,0.9547
277,Water Vapor,2.500E-01,6.501E+02,7.447E-01,6.509E+02,3.366E-04,3.229E-04,0.9592
277,Water Vapor,2.750E-01,6.180E+02,6.855E-01,6.187E+02,3.760E-04,3.621E-04,0.9630
277,Water Vapor,3.000E-01,5.899E+02,6.351E-01,5.905E+02,4.174E-04,4.033E-04,0.9662
277,Water Vapor,3.500E-01,5.361E+02,5.545E-01,5.366E+02,5.062E-04,4.918E-04,0.9714
277,Water Vapor,4.000E-01,4.892E+02,4.928E-01,4.896E+02,6.039E-04,5.891E-04,0.9754
277,Water Vapor,4.500E-01,4.508E+02,4.439E-01,4.513E+02,7.104E-04,6.952E-04,0.9786
277,Water Vapor,5.000E-01,4.202E+02,4.043E-01,4.206E+02,8.253E-04,8.097E-04,0.9811
277,Water Vapor,5.500E-01,3.955E+02,3.715E-01,3.959E+02,9.479E-04,9.319E-04,0.9831
277,Water Vapor,6.000E-01,3.738E+02,3.438E-01,3.742E+02,1.078E-03,1.061E-03,0.9848
277,Water Vapor,6.500E-01,3.546E+02,3.201E-01,3.549E+02,1.215E-03,1.198E-03,0.9861
277,Water Vapor,7.000E-01,3.375E+02,2.996E-01,3.378E+02,1.360E-03,1.342E-03,0.9873
277,Water Vapor,7.500E-01,3.222E+02,2.817E-01,3.225E+02,1.511E-03,1.493E-03,0.9883
277,Water Vapor,8.000E-01,3.083E+02,2.658E-01,3.086E+02,1.670E-03,1.651E-03,0.9891
277,Water Vapor,8.500E-01,2.958E+02,2.516E-01,2.961E+02,1.835E-03,1.817E-03,0.9898
277,Water Vapor,9.000E-01,2.844E+02,2.390E-01,2.846E+02,2.007E-03,1.988E-03,0.9905
277,Water Vapor,9.500E-01,2.739E+02,2.276E-01,2.742E+02,2.186E-03,2.167E-03,0.9910
277,Water Vapor,1.000E+00,2.643E+02,2.173E-01,2.645E+02,2.372E-03,2.352E-03,0.9915
277,Water Vapor,1.250E+00,2.257E+02,1.775E-01,2.259E+02,3.399E-03,3.376E-03,0.9933
277,Water Vapor,1.500E+00,1.980E+02,1.504E-01,1.982E+02,4.583E-03,4.558E-03,0.9944
277,Water Vapor,1.750E+00,1.769E+02,1.307E-01,1.771E+02,5.920E-03,5.892E-03,0.9951
277,Water Vapor,2.000E+00,1.604E+02,1.157E-01,1.605E+02,7.406E-03,7.373E-03,0.9957
277,Water Vapor,2.250E+00,1.469E+02,1.038E-01,1.470E+02,9.035E-03,8.999E-03,0.9960
277,Water Vapor,2.500E+00,1.358E+02,9.428E-02,1.359E+02,1.081E-02,1.077E-02,0.9963
277,Water Vapor,2.750E+00,1.264E+02,8.637E-02,1.265E+02,1.271E-02,1.267E-02,0.9966
277,Water Vapor,3.000E+00,1.183E+02,7.972E-02,1.184E+02,1.476E-02,1.471E-02,0.9968
277,Water Vapor,3.500E+00,1.052E+02,6.916E-02,1.053E+02,1.925E-02,1.919E-02,0.9970
277,Water Vapor,4.000E+00,9.491E+01,6.113E-02,9.497E+01,2.425E-02,2.419E-02,0.9972
277,Water Vapor,4.500E+00,8.663E+01,5.481E-02,8.669E+01,2.977E-02,2.969E-02,0.9974
277,Water Vapor,5.000E+00,7.980E+01,4.970E-02,7.985E+01,3.579E-02,3.570E-02,0.9975
277,Water Vapor,5.500E+00,7.407E+01,4.549E-02,7.411E+01,4.229E-02,4.219E-02,0.9976
277,Water Vapor,6.000E+00,6.916E+01,4.195E-02,6.921E+01,4.928E-02,4.916E-02,0.9977
277,Water Vapor,6.500E+00,6.492E+01,3.894E-02,6.496E+01,5.674E-02,5.661E-02,0.9977
277,Water Vapor,7.000E+00,6.121E+01,3.634E-02,6.125E+01,6.467E-02,6.453E-02,0.9978
277,Water Vapor,7.500E+00,5.794E+01,3.407E-02,5.797E+01,7.306E-02,7.291E-02,0.9978
277,Water Vapor,8.000E+00,5.503E+01,3.208E-02,5.507E+01,8.192E-02,8.174E-02,0.9979
277,Water Vapor,8.500E+00,5.243E+01,3.031E-02,5.246E+01,9.122E-02,9.103E-02,0.9979
277,Water Vapor,9.000E+00,5.008E+01,2.873E-02,5.011E+01,1.010E-01,1.008E-01,0.9980
277,Water Vapor,9.500E+00,4.795E+01,2.731E-02,4.798E+01,1.112E-01,1.110E-01,0.9980
277,Water Vapor,1.000E+01,4.602E+01,2.603E-02,4.604E+01,1.218E-01,1.216E-01,0.9980
277,Water Vapor,1.250E+01,3.843E+01,2.111E-02,3.846E+01,1.815E-01,1.812E-01,0.9981
277,Water Vapor,1.500E+01,3.315E+01,1.778E-02,3.317E+01,2.517E-01,2.513E-01,0.9982
277,Water Vapor,1.750E+01,2.925E+01,1.538E-02,2.927E+01,3.321E-01,3.315E-01,0.9982
277,Water Vapor,2.000E+01,2.624E+01,1.356E-02,2.626E+01,4.225E-01,4.217E-01,0.9983
277,Water Vapor,2.500E+01,2.189E+01,1.098E-02,2.190E+01,6.320E-01,6.309E-01,0.9984
277,Water Vapor,2.750E+01,2.026E+01,1.003E-02,2.027E+01,7.507E-01,7.495E-01,0.9984
277,Water Vapor,3.000E+01,1.888E+01,9.239E-03,1.889E+01,8.786E-01,8.772E-01,0.9984
277,Water Vapor,3.500E+01,1.667E+01,7.983E-03,1.668E+01,1.161E+00,1.159E+00,0.9984
277,Water Vapor,4.000E+01,1.497E+01,7.034E-03,1.498E+01,1.478E+00,1.476E+00,0.9985
277,Water Vapor,4.500E+01,1.362E+01,6.290E-03,1.363E+01,1.828E+00,1.826E+00,0.9985
277,Water Vapor,5.000E+01,1.252E+01,5.691E-03,1.253E+01,2.211E+00,2.208E+00,0.9985
277,Water Vapor,5.500E+01,1.161E+01,5.199E-03,1.162E+01,2.626E+00,2.622E+00,0.9985
277,Water Vapor,6.000E+01,1.084E+01,4.786E-03,1.085E+01,3.072E+00,3.068E+00,0.9986
277,Water Vapor,6.500E+01,1.018E+01,4.435E-03,1.019E+01,3.548E+00,3.543E+00,0.9986
277,Water Vapor,7.000E+01,9.614E+00,4.134E-03,9.618E+00,4.053E+00,4.048E+00,0.9986
277,Water Vapor,7.500E+01,9.115E+00,3.871E-03,9.119E+00,4.587E+00,4.581E+00,0.9986
277,Water Vapor,8.000E+01,8.674E+00,3.641E-03,8.678E+00,5.150E+00,5.143E+00,0.9986
277,Water Vapor,8.500E+01,8.282E+00,3.437E-03,8.286E+00,5.740E+00,5.732E+00,0.9986
277,Water Vapor,9.000E+01,7.932E+00,3.255E-03,7.935E+00,6.356E+00,6.348E+00,0.9986
277,Water Vapor,9.500E+01,7.615E+00,3.092E-03,7.619E+00,7.000E+00,6.990E+00,0.9987
277,Water Vapor,1.000E+02,7.329E+00,2.944E-03,7.332E+00,7.669E+00,7.659E+00,0.9987
277,Water Vapor,1.250E+02,6.225E+00,2.381E-03,6.228E+00,1.139E+01,1.137E+01,0.9987
277,Water Vapor,1.500E+02,5.474E+00,2.001E-03,5.476E+00,1.568E+01,1.566E+01,0.9988
277,Water Vapor,1.750E+02,4.929E+00,1.728E-03,4.930E+00,2.050E+01,2.048E+01,0.9988
277,Water Vapor,2.000E+02,4.515E+00,1.522E-03,4.517E+00,2.581E+01,2.578E+01,0.9988
277,Water Vapor,2.250E+02,4.191E+00,1.361E-03,4.193E+00,3.156E+01,3.152E+01,0.9988
277,Water Vapor,2.500E+02,3.931E+00,1.231E-03,3.932E+00,3.772E+01,3.768E+01,0.9989
277,Water Vapor,2.750E+02,3.717E+00,1.124E-03,3.718E+00,4.427E+01,4.422E+01,0.9989
277,Water Vapor,3.000E+02,3.538E+00,1.035E-03,3.539E+00,5.116E+01,5.111E+01,0.9989
277,Water Vapor,3.500E+02,3.257E+00,8.936E-04,3.258E+00,6.592E+01,6.585E+01,0.9989
277,Water Vapor,4.000E+02,3.047E+00,7.870E-04,3.048E+00,8.180E+01,8.172E+01,0.9990
277,Water Vapor,4.500E+02,2.885E+00,7.037E-04,2.886E+00,9.868E+01,9.858E+01,0.9990
277,Water Vapor,5.000E+02,2.756E+00,6.367E-04,2.757E+00,1.164E+02,1.163E+02,0.9990
277,Water Vapor,5.500E+02,2.653E+00,5.816E-04,2.653E+00,1.349E+02,1.348E+02,0.9991
277,Water Vapor,6.000E+02,2.568E+00,5.355E-04,2.568E+00,1.541E+02,1.539E+02,0.9991
277,Water Vapor,6.500E+02,2.497E+00,4.963E-04,2.497E+00,1.738E+02,1.737E+02,0.9991
277,Water Vapor,7.000E+02,2.437E+00,4.626E-04,2.438E+00,1.941E+02,1.939E+02,0.9991
277,Water Vapor,7.500E+02,2.387E+00,4.333E-04,2.387E+00,2.148E+02,2.146E+02,0.9991
277,Water Vapor,8.000E+02,2.344E+00,4.076E-04,2.344E+00,2.360E+02,2.358E+02,0.9992
277,Water Vapor,8.500E+02,2.307E+00,3.849E-04,2.307E+00,2.575E+02,2.573E+02,0.9992
277,Water Vapor,9.000E+02,2.275E+00,3.646E-04,2.275E+00,2.793E+02,2.791E+02,0.9992
277,Water Vapor,9.500E+02,2.247E+00,3.464E-04,2.247E+00,3.014E+02,3.012E+02,0.9992
277,Water Vapor,1.000E+03,2.222E+00,3.300E-04,2.223E+00,3.238E+02,3.236E+02,0.9992
277,Water Vapor,1.500E+03,2.093E+00,2.249E-04,2.093E+00,5.570E+02,5.566E+02,0.9993
277,Water Vapor,2.000E+03,2.058E+00,1.715E-04,2.058E+00,7.984E+02,7.979E+02,0.9994
277,Water Vapor,2.500E+03,2.055E+00,1.390E-04,2.055E+00,1.042E+03,1.041E+03,0.9995
277,Water Vapor,3.000E+03,2.066E+00,1.171E-04,2.066E+00,1.284E+03,1.284E+03,0.9995
277,Water Vapor,4.000E+03,2.101E+00,8.939E-05,2.101E+00,1.765E+03,1.764E+03,0.9996
277,Water Vapor,5.000E+03,2.142E+00,7.251E-05,2.142E+00,2.236E+03,2.235E+03,0.9996
277,Water Vapor,6.000E+03,2.181E+00,6.112E-05,2.181E+00,2.699E+03,2.698E+03,0.9997
277,Water Vapor,7.000E+03,2.218E+00,5.291E-05,2.218E+00,3.153E+03,3.152E+03,0.9997
277,Water Vapor,8.000E+03,2.252E+00,4.669E-05,2.252E+00,3.601E+03,3.599E+03,0.9997
277,Water Vapor,9.000E+03,2.284E+00,4.181E-05,2.284E+00,4.041E+03,4.040E+03,0.9997
277,Water Vapor,1.000E+04,2.313E+00,3.788E-05,2.313E+00,4.476E+03,4.475E+03,0.9998
