material_no,material,energy_mev,electronic_mev_cm2_g,nuclear_mev_cm2_g,total_mev_cm2_g,csda_range_g_cm2,projected_range_g_cm2,detour_factor
001,1: Hydrogen,1.000E-03,2.120E+02,1.052E+03,1.264E+03,7.480E-07,6.860E-07,0.9171
001,1: Hydrogen,1.500E-03,2.754E+02,9.262E+02,1.202E+03,1.154E-06,1.062E-06,0.9203
001,1: Hydrogen,2.000E-03,3.317E+02,8.312E+02,1.163E+03,1.577E-06,1.456E-06,0.9233
001,1: Hydrogen,2.500E-03,3.830E+02,7.568E+02,1.140E+03,2.012E-06,1.863E-06,0.9260
001,1: Hydrogen,3.000E-03,4.309E+02,6.965E+02,1.127E+03,2.453E-06,2.278E-06,0.9285
001,1: Hydrogen,4.000E-03,5.188E+02,6.044E+02,1.123E+03,3.344E-06,3.119E-06,0.9327
001,1: Hydrogen,5.000E-03,5.992E+02,5.367E+02,1.136E+03,4.230E-06,3.960E-06,0.9363
001,1: Hydrogen,6.000E-03,6.740E+02,4.843E+02,1.158E+03,5.102E-06,4.792E-06,0.9393
001,1: Hydrogen,7.000E-03,7.445E+02,4.425E+02,1.187E+03,5.955E-06,5.610E-06,0.9420
001,1: Hydrogen,8.000E-03,8.115E+02,4.082E+02,1.220E+03,6.786E-06,6.408E-06,0.9443
001,1: Hydrogen,9.000E-03,8.756E+02,3.794E+02,1.255E+03,7.595E-06,7.188E-06,0.9464
001,1: Hydrogen,1.000E-02,9.371E+02,3.549E+02,1.292E+03,8.380E-06,7.947E-06,0.9483
001,1: Hydrogen,1.250E-02,1.082E+03,3.068E+02,1.389E+03,1.025E-05,9.757E-06,0.9523
001,1: Hydrogen,1.500E-02,1.217E+03,2.713E+02,1.488E+03,1.198E-05,1.145E-05,0.9554
001,1: Hydrogen,1.750E-02,1.344E+03,2.439E+02,1.588E+03,1.361E-05,1.304E-05,0.9581
001,1: Hydrogen,2.000E-02,1.465E+03,2.220E+02,1.687E+03,1.514E-05,1.454E-05,0.9603
001,1: Hydrogen,2.250E-02,1.580E+03,2.041E+02,1.784E+03,1.658E-05,1.595E-05,0.9622
001,1: Hydrogen,2.500E-02,1.691E+03,1.891E+02,1.880E+03,1.794E-05,1.729E-05,0.9638
001,1: Hydrogen,2.750E-02,1.798E+03,1.764E+02,1.974E+03,1.924E-05,1.857E-05,0.9653
001,1: Hydrogen,3.000E-02,1.901E+03,1.654E+02,2.066E+03,2.048E-05,1.979E-05,0.9666
001,1: Hydrogen,3.500E-02,2.098E+03,1.475E+02,2.246E+03,2.280E-05,2.209E-05,0.9688
001,1: Hydrogen,4.000E-02,2.285E+03,1.333E+02,2.418E+03,2.494E-05,2.421E-05,0.9706
001,1: Hydrogen,4.500E-02,2.463E+03,1.219E+02,2.585E+03,2.694E-05,2.619E-05,0.9721
001,1: Hydrogen,5.000E-02,2.634E+03,1.124E+02,2.746E+03,2.882E-05,2.805E-05,0.9734
001,1: Hydrogen,5.500E-02,2.798E+03,1.044E+02,2.902E+03,3.059E-05,2.981E-05,0.9745
001,1: Hydrogen,6.000E-02,2.956E+03,9.752E+01,3.053E+03,3.227E-05,3.148E-05,0.9755
001,1: Hydrogen,6.500E-02,3.108E+03,9.159E+01,3.200E+03,3.387E-05,3.307E-05,0.9764
001,1: Hydrogen,7.000E-02,3.256E+03,8.639E+01,3.342E+03,3.540E-05,3.459E-05,0.9772
001,1: Hydrogen,7.500E-02,3.399E+03,8.180E+01,3.481E+03,3.686E-05,3.605E-05,0.9779
001,1: Hydrogen,8.000E-02,3.538E+03,7.771E+01,3.616E+03,3.827E-05,3.745E-05,0.9785
001,1: Hydrogen,8.500E-02,3.674E+03,7.405E+01,3.748E+03,3.963E-05,3.880E-05,0.9791
001,1: Hydrogen,9.000E-02,3.805E+03,7.074E+01,3.876E+03,4.094E-05,4.011E-05,0.9797
001,1: Hydrogen,9.500E-02,3.933E+03,6.773E+01,4.001E+03,4.221E-05,4.137E-05,0.9802
001,1: Hydrogen,1.000E-01,4.058E+03,6.500E+01,4.123E+03,4.344E-05,4.260E-05,0.9807
001,1: Hydrogen,1.250E-01,4.637E+03,5.425E+01,4.691E+03,4.912E-05,4.826E-05,0.9826
001,1: Hydrogen,1.500E-01,5.152E+03,4.674E+01,5.198E+03,5.417E-05,5.330E-05,0.9840
001,1: Hydrogen,1.750E-01,5.610E+03,4.117E+01,5.652E+03,5.878E-05,5.790E-05,0.9851
001,1: Hydrogen,2.000E-01,6.019E+03,3.686E+01,6.056E+03,6.305E-05,6.216E-05,0.9860
001,1: Hydrogen,2.250E-01,6.383E+03,3.342E+01,6.416E+03,6.705E-05,6.617E-05,0.9868
001,1: Hydrogen,2.500E-01,6.705E+03,3.061E+01,6.735E+03,7.086E-05,6.996E-05,0.9874
001,1: Hydrogen,2.750E-01,6.988E+03,2.826E+01,7.016E+03,7.449E-05,7.359E-05,0.9880
001,1: Hydrogen,3.000E-01,7.235E+03,2.626E+01,7.261E+03,7.799E-05,7.709E-05,0.9885
001,1: Hydrogen,3.500E-01,7.632E+03,2.306E+01,7.655E+03,8.469E-05,8.378E-05,0.9893
001,1: Hydrogen,4.000E-01,7.915E+03,2.059E+01,7.935E+03,9.110E-05,9.019E-05,0.9900
001,1: Hydrogen,4.500E-01,8.100E+03,1.863E+01,8.118E+03,9.732E-05,9.641E-05,0.9906
001,1: Hydrogen,5.000E-01,8.203E+03,1.703E+01,8.220E+03,1.034E-04,1.025E-04,0.9912
001,1: Hydrogen,5.500E-01,8.240E+03,1.570E+01,8.255E+03,1.095E-04,1.086E-04,0.9916
001,1: Hydrogen,6.000E-01,8.222E+03,1.457E+01,8.237E+03,1.156E-04,1.146E-04,0.9921
001,1: Hydrogen,6.500E-01,8.161E+03,1.360E+01,8.175E+03,1.217E-04,1.207E-04,0.9924
001,1: Hydrogen,7.000E-01,8.067E+03,1.276E+01,8.079E+03,1.278E-04,1.269E-04,0.9928
001,1: Hydrogen,7.500E-01,7.947E+03,1.202E+01,7.959E+03,1.340E-04,1.331E-04,0.9931
001,1: Hydrogen,8.000E-01,7.808E+03,1.137E+01,7.819E+03,1.404E-04,1.394E-04,0.9934
001,1: Hydrogen,8.500E-01,7.655E+03,1.079E+01,7.666E+03,1.468E-04,1.459E-04,0.9937
001,1: Hydrogen,9.000E-01,7.494E+03,1.027E+01,7.504E+03,1.534E-04,1.525E-04,0.9940
001,1: Hydrogen,9.500E-01,7.327E+03,9.801E+00,7.337E+03,1.602E-04,1.592E-04,0.9942
001,1: Hydrogen,1.000E+00,7.157E+03,9.374E+00,7.167E+03,1.671E-04,1.661E-04,0.9944
001,1: Hydrogen,1.250E+00,6.345E+03,7.719E+00,6.352E+03,2.041E-04,2.032E-04,0.9954
001,1: Hydrogen,1.500E+00,5.647E+03,6.582E+00,5.654E+03,2.459E-04,2.449E-04,0.9962
001,1: Hydrogen,1.750E+00,5.068E+03,5.750E+00,5.074E+03,2.926E-04,2.917E-04,0.9968
001,1: Hydrogen,2.000E+00,4.588E+03,5.113E+00,4.593E+03,3.445E-04,3.435E-04,0.9972
001,1: Hydrogen,2.250E+00,4.188E+03,4.609E+00,4.193E+03,4.015E-04,4.005E-04,0.9976
001,1: Hydrogen,2.500E+00,3.860E+03,4.199E+00,3.865E+03,4.637E-04,4.627E-04,0.9979
001,1: Hydrogen,2.750E+00,3.585E+03,3.859E+00,3.589E+03,5.309E-04,5.299E-04,0.9982
001,1: Hydrogen,3.000E+00,3.351E+03,3.573E+00,3.354E+03,6.030E-04,6.020E-04,0.9984
001,1: Hydrogen,3.500E+00,2.971E+03,3.115E+00,2.974E+03,7.616E-04,7.606E-04,0.9987
001,1: Hydrogen,4.000E+00,2.675E+03,2.766E+00,2.678E+03,9.391E-04,9.381E-04,0.9989
001,1: Hydrogen,4.500E+00,2.438E+03,2.490E+00,2.440E+03,1.135E-03,1.134E-03,0.9991
001,1: Hydrogen,5.000E+00,2.242E+03,2.266E+00,2.244E+03,1.349E-03,1.348E-03,0.9992
001,1: Hydrogen,5.500E+00,2.078E+03,2.080E+00,2.080E+03,1.580E-03,1.579E-03,0.9993
001,1: Hydrogen,6.000E+00,1.939E+03,1.924E+00,1.941E+03,1.829E-03,1.828E-03,0.9994
001,1: Hydrogen,6.500E+00,1.818E+03,1.790E+00,1.820E+03,2.096E-03,2.094E-03,0.9995
001,1: Hydrogen,7.000E+00,1.713E+03,1.674E+00,1.715E+03,2.379E-03,2.378E-03,0.9995
001,1: Hydrogen,7.500E+00,1.620E+03,1.573E+00,1.622E+03,2.679E-03,2.678E-03,0.9996
001,1: Hydrogen,8.000E+00,1.538E+03,1.484E+00,1.539E+03,2.995E-03,2.994E-03,0.9996
001,1: Hydrogen,8.500E+00,1.464E+03,1.405E+00,1.466E+03,3.328E-03,3.327E-03,0.9996
001,1: Hydrogen,9.000E+00,1.398E+03,1.334E+00,1.399E+03,3.678E-03,3.676E-03,0.9997
001,1: Hydrogen,9.500E+00,1.337E+03,1.270E+00,1.339E+03,4.043E-03,4.042E-03,0.9997
001,1: Hydrogen,1.000E+01,1.283E+03,1.213E+00,1.284E+03,4.424E-03,4.423E-03,0.9997
001,1: Hydrogen,1.250E+01,1.068E+03,9.895E-01,1.069E+03,6.568E-03,6.567E-03,0.9998
001,1: Hydrogen,1.500E+01,9.191E+02,8.373E-01,9.200E+02,9.097E-03,9.095E-03,0.9998
001,1: Hydrogen,1.750E+01,8.089E+02,7.267E-01,8.096E+02,1.200E-02,1.200E-02,0.9999
001,1: Hydrogen,2.000E+01,7.238E+02,6.425E-01,7.245E+02,1.527E-02,1.527E-02,0.9999
001,1: Hydrogen,2.500E+01,6.007E+02,5.225E-01,6.013E+02,2.288E-02,2.288E-02,0.9999
001,1: Hydrogen,2.750E+01,5.546E+02,4.781E-01,5.551E+02,2.721E-02,2.721E-02,0.9999
001,1: Hydrogen,3.000E+01,5.156E+02,4.407E-01,5.160E+02,3.189E-02,3.189E-02,0.9999
001,1: Hydrogen,3.500E+01,4.529E+02,3.814E-01,4.533E+02,4.225E-02,4.225E-02,0.9999
001,1: Hydrogen,4.000E+01,4.047E+02,3.364E-01,4.051E+02,5.394E-02,5.394E-02,0.9999
001,1: Hydrogen,4.500E+01,3.665E+02,3.011E-01,3.668E+02,6.693E-02,6.693E-02,0.9999
001,1: Hydrogen,5.000E+01,3.353E+02,2.725E-01,3.356E+02,8.120E-02,8.119E-02,0.9999
001,1: Hydrogen,5.500E+01,3.094E+02,2.489E-01,3.096E+02,9.672E-02,9.672E-02,0.9999
001,1: Hydrogen,6.000E+01,2.875E+02,2.290E-01,2.877E+02,1.135E-01,1.135E-01,0.9999
001,1: Hydrogen,6.500E+01,2.687E+02,2.121E-01,2.689E+02,1.315E-01,1.315E-01,0.9999
001,1: Hydrogen,7.000E+01,2.524E+02,1.975E-01,2.526E+02,1.507E-01,1.507E-01,0.9999
001,1: Hydrogen,7.500E+01,2.382E+02,1.848E-01,2.384E+02,1.710E-01,1.710E-01,0.9999
001,1: Hydrogen,8.000E+01,2.256E+02,1.737E-01,2.258E+02,1.926E-01,1.926E-01,0.9999
001,1: Hydrogen,8.500E+01,2.144E+02,1.639E-01,2.145E+02,2.153E-01,2.153E-01,0.9999
001,1: Hydrogen,9.000E+01,2.043E+02,1.551E-01,2.045E+02,2.392E-01,2.392E-01,0.9999
001,1: Hydrogen,9.500E+01,1.952E+02,1.472E-01,1.954E+02,2.642E-01,2.642E-01,0.9999
001,1: Hydrogen,1.000E+02,1.870E+02,1.401E-01,1.871E+02,2.904E-01,2.904E-01,0.9999
001,1: Hydrogen,1.250E+02,1.552E+02,1.129E-01,1.553E+02,4.378E-01,4.378E-01,0.9999
001,1: Hydrogen,1.500E+02,1.334E+02,9.448E-02,1.335E+02,6.120E-01,6.120E-01,0.9999
001,1: Hydrogen,1.750E+02,1.174E+02,8.119E-02,1.175E+02,8.121E-01,8.121E-01,0.9999
001,1: Hydrogen,2.000E+02,1.053E+02,7.121E-02,1.053E+02,1.037E+00,1.037E+00,0.9999
001,1: Hydrogen,2.250E+02,9.568E+01,6.344E-02,9.574E+01,1.287E+00,1.286E+00,1.0000
001,1: Hydrogen,2.500E+02,8.790E+01,5.720E-02,8.795E+01,1.559E+00,1.559E+00,1.0000
001,1: Hydrogen,2.750E+02,8.146E+01,5.205E-02,8.151E+01,1.855E+00,1.855E+00,1.0000
001,1: Hydrogen,3.000E+02,7.604E+01,4.772E-02,7.609E+01,2.172E+00,2.172E+00,1.0000
001,1: Hydrogen,3.500E+02,6.741E+01,4.094E-02,6.746E+01,2.872E+00,2.872E+00,1.0000
001,1: Hydrogen,4.000E+02,6.085E+01,3.587E-02,6.089E+01,3.654E+00,3.653E+00,1.0000
001,1: Hydrogen,4.500E+02,5.568E+01,3.192E-02,5.572E+01,4.513E+00,4.513E+00,1.0000
001,1: Hydrogen,5.000E+02,5.151E+01,2.874E-02,5.154E+01,5.447E+00,5.447E+00,1.0000
001,1: Hydrogen,5.500E+02,4.807E+01,2.614E-02,4.809E+01,6.452E+00,6.452E+00,1.0000
001,1: Hydrogen,6.000E+02,4.517E+01,2.398E-02,4.520E+01,7.526E+00,7.525E+00,1.0000
001,1: Hydrogen,6.500E+02,4.271E+01,2.214E-02,4.274E+01,8.664E+00,8.664E+00,1.0000
001,1: Hydrogen,7.000E+02,4.059E+01,2.057E-02,4.061E+01,9.865E+00,9.864E+00,1.0000
001,1: Hydrogen,7.500E+02,3.875E+01,1.920E-02,3.877E+01,1.113E+01,1.112E+01,1.0000
001,1: Hydrogen,8.000E+02,3.713E+01,1.801E-02,3.714E+01,1.244E+01,1.244E+01,1.0000
001,1: Hydrogen,8.500E+02,3.569E+01,1.695E-02,3.571E+01,1.382E+01,1.382E+01,1.0000
001,1: Hydrogen,9.000E+02,3.441E+01,1.601E-02,3.443E+01,1.524E+01,1.524E+01,1.0000
001,1: Hydrogen,9.500E+02,3.327E+01,1.517E-02,3.328E+01,1.672E+01,1.672E+01,1.0000
001,1: Hydrogen,1.000E+03,3.223E+01,1.441E-02,3.225E+01,1.825E+01,1.825E+01,1.0000
002,2: Helium,1.000E-03,8.726E+01,2.949E+02,3.822E+02,2.488E-06,1.700E-06,0.6832
002,2: Helium,1.500E-03,1.108E+02,2.570E+02,3.678E+02,3.822E-06,2.682E-06,0.7018
002,2: Helium,2.000E-03,1.313E+02,2.290E+02,3.603E+02,5.197E-06,3.725E-06,0.7168
002,2: Helium,2.500E-03,1.498E+02,2.074E+02,3.572E+02,6.592E-06,4.808E-06,0.7293
002,2: Helium,3.000E-03,1.668E+02,1.901E+02,3.569E+02,7.993E-06,5.916E-06,0.7401
002,2: Helium,4.000E-03,1.977E+02,1.639E+02,3.616E+02,1.078E-05,8.171E-06,0.7580
002,2: Helium,5.000E-03,2.255E+02,1.448E+02,3.703E+02,1.352E-05,1.044E-05,0.7724
002,2: Helium,6.000E-03,2.511E+02,1.302E+02,3.814E+02,1.618E-05,1.269E-05,0.7845
002,2: Helium,7.000E-03,2.750E+02,1.187E+02,3.937E+02,1.876E-05,1.491E-05,0.7948
002,2: Helium,8.000E-03,2.975E+02,1.092E+02,4.067E+02,2.126E-05,1.709E-05,0.8037
002,2: Helium,9.000E-03,3.189E+02,1.013E+02,4.202E+02,2.368E-05,1.922E-05,0.8116
002,2: Helium,1.000E-02,3.394E+02,9.458E+01,4.339E+02,2.602E-05,2.130E-05,0.8186
002,2: Helium,1.250E-02,3.870E+02,8.149E+01,4.685E+02,3.156E-05,2.630E-05,0.8332
002,2: Helium,1.500E-02,4.309E+02,7.189E+01,5.028E+02,3.671E-05,3.101E-05,0.8448
002,2: Helium,1.750E-02,4.718E+02,6.450E+01,5.363E+02,4.152E-05,3.547E-05,0.8543
002,2: Helium,2.000E-02,5.104E+02,5.862E+01,5.690E+02,4.605E-05,3.970E-05,0.8622
002,2: Helium,2.250E-02,5.470E+02,5.382E+01,6.008E+02,5.032E-05,4.373E-05,0.8690
002,2: Helium,2.500E-02,5.819E+02,4.982E+01,6.317E+02,5.438E-05,4.758E-05,0.8749
002,2: Helium,2.750E-02,6.153E+02,4.642E+01,6.618E+02,5.825E-05,5.126E-05,0.8800
002,2: Helium,3.000E-02,6.475E+02,4.350E+01,6.910E+02,6.194E-05,5.479E-05,0.8846
002,2: Helium,3.500E-02,7.087E+02,3.872E+01,7.474E+02,6.889E-05,6.148E-05,0.8924
002,2: Helium,4.000E-02,7.661E+02,3.496E+01,8.011E+02,7.535E-05,6.773E-05,0.8988
002,2: Helium,4.500E-02,8.205E+02,3.193E+01,8.525E+02,8.140E-05,7.360E-05,0.9041
002,2: Helium,5.000E-02,8.723E+02,2.942E+01,9.017E+02,8.710E-05,7.915E-05,0.9087
002,2: Helium,5.500E-02,9.218E+02,2.730E+01,9.491E+02,9.251E-05,8.443E-05,0.9127
002,2: Helium,6.000E-02,9.693E+02,2.549E+01,9.948E+02,9.765E-05,8.947E-05,0.9162
002,2: Helium,6.500E-02,1.015E+03,2.393E+01,1.039E+03,1.026E-04,9.429E-05,0.9193
002,2: Helium,7.000E-02,1.059E+03,2.256E+01,1.082E+03,1.073E-04,9.893E-05,0.9221
002,2: Helium,7.500E-02,1.102E+03,2.135E+01,1.123E+03,1.118E-04,1.034E-04,0.9246
002,2: Helium,8.000E-02,1.143E+03,2.028E+01,1.163E+03,1.162E-04,1.077E-04,0.9269
002,2: Helium,8.500E-02,1.183E+03,1.931E+01,1.202E+03,1.204E-04,1.119E-04,0.9290
002,2: Helium,9.000E-02,1.221E+03,1.844E+01,1.240E+03,1.245E-04,1.159E-04,0.9309
002,2: Helium,9.500E-02,1.259E+03,1.766E+01,1.277E+03,1.285E-04,1.198E-04,0.9327
002,2: Helium,1.000E-01,1.296E+03,1.694E+01,1.313E+03,1.324E-04,1.237E-04,0.9343
002,2: Helium,1.250E-01,1.465E+03,1.412E+01,1.479E+03,1.503E-04,1.414E-04,0.9410
002,2: Helium,1.500E-01,1.614E+03,1.215E+01,1.627E+03,1.664E-04,1.574E-04,0.9460
002,2: Helium,1.750E-01,1.748E+03,1.070E+01,1.759E+03,1.811E-04,1.721E-04,0.9499
002,2: Helium,2.000E-01,1.867E+03,9.573E+00,1.877E+03,1.949E-04,1.857E-04,0.9531
002,2: Helium,2.250E-01,1.975E+03,8.676E+00,1.983E+03,2.078E-04,1.986E-04,0.9558
002,2: Helium,2.500E-01,2.071E+03,7.942E+00,2.078E+03,2.201E-04,2.109E-04,0.9580
002,2: Helium,2.750E-01,2.156E+03,7.329E+00,2.164E+03,2.319E-04,2.226E-04,0.9600
002,2: Helium,3.000E-01,2.233E+03,6.810E+00,2.240E+03,2.433E-04,2.340E-04,0.9617
002,2: Helium,3.500E-01,2.361E+03,5.977E+00,2.367E+03,2.650E-04,2.556E-04,0.9647
002,2: Helium,4.000E-01,2.460E+03,5.335E+00,2.466E+03,2.856E-04,2.762E-04,0.9671
002,2: Helium,4.500E-01,2.535E+03,4.825E+00,2.540E+03,3.056E-04,2.962E-04,0.9691
002,2: Helium,5.000E-01,2.588E+03,4.409E+00,2.593E+03,3.251E-04,3.156E-04,0.9709
002,2: Helium,5.500E-01,2.624E+03,4.062E+00,2.628E+03,3.442E-04,3.347E-04,0.9724
002,2: Helium,6.000E-01,2.644E+03,3.769E+00,2.648E+03,3.632E-04,3.536E-04,0.9738
002,2: Helium,6.500E-01,2.652E+03,3.518E+00,2.656E+03,3.820E-04,3.725E-04,0.9750
002,2: Helium,7.000E-01,2.650E+03,3.300E+00,2.653E+03,4.008E-04,3.913E-04,0.9762
002,2: Helium,7.500E-01,2.639E+03,3.109E+00,2.642E+03,4.197E-04,4.102E-04,0.9772
002,2: Helium,8.000E-01,2.621E+03,2.940E+00,2.624E+03,4.387E-04,4.291E-04,0.9781
002,2: Helium,8.500E-01,2.598E+03,2.789E+00,2.601E+03,4.578E-04,4.482E-04,0.9790
002,2: Helium,9.000E-01,2.571E+03,2.654E+00,2.574E+03,4.772E-04,4.675E-04,0.9798
002,2: Helium,9.500E-01,2.540E+03,2.532E+00,2.543E+03,4.967E-04,4.871E-04,0.9806
002,2: Helium,1.000E+00,2.507E+03,2.422E+00,2.510E+03,5.165E-04,5.069E-04,0.9813
002,2: Helium,1.250E+00,2.323E+03,1.993E+00,2.325E+03,6.199E-04,6.102E-04,0.9843
002,2: Helium,1.500E+00,2.139E+03,1.699E+00,2.141E+03,7.320E-04,7.222E-04,0.9867
002,2: Helium,1.750E+00,1.976E+03,1.483E+00,1.977E+03,8.536E-04,8.438E-04,0.9885
002,2: Helium,2.000E+00,1.832E+03,1.319E+00,1.834E+03,9.850E-04,9.751E-04,0.9900
002,2: Helium,2.250E+00,1.706E+03,1.188E+00,1.707E+03,1.126E-03,1.116E-03,0.9912
002,2: Helium,2.500E+00,1.593E+03,1.082E+00,1.594E+03,1.278E-03,1.268E-03,0.9922
002,2: Helium,2.750E+00,1.493E+03,9.946E-01,1.493E+03,1.440E-03,1.430E-03,0.9931
002,2: Helium,3.000E+00,1.402E+03,9.206E-01,1.403E+03,1.613E-03,1.603E-03,0.9938
002,2: Helium,3.500E+00,1.249E+03,8.025E-01,1.250E+03,1.991E-03,1.981E-03,0.9949
002,2: Helium,4.000E+00,1.130E+03,7.123E-01,1.130E+03,2.412E-03,2.402E-03,0.9958
002,2: Helium,4.500E+00,1.033E+03,6.410E-01,1.034E+03,2.875E-03,2.865E-03,0.9964
002,2: Helium,5.000E+00,9.538E+02,5.831E-01,9.544E+02,3.379E-03,3.369E-03,0.9969
002,2: Helium,5.500E+00,8.868E+02,5.352E-01,8.873E+02,3.923E-03,3.912E-03,0.9973
002,2: Helium,6.000E+00,8.295E+02,4.948E-01,8.300E+02,4.506E-03,4.495E-03,0.9976
002,2: Helium,6.500E+00,7.798E+02,4.604E-01,7.803E+02,5.128E-03,5.117E-03,0.9979
002,2: Helium,7.000E+00,7.364E+02,4.306E-01,7.368E+02,5.787E-03,5.776E-03,0.9981
002,2: Helium,7.500E+00,6.979E+02,4.045E-01,6.983E+02,6.485E-03,6.474E-03,0.9983
002,2: Helium,8.000E+00,6.637E+02,3.815E-01,6.640E+02,7.219E-03,7.208E-03,0.9985
002,2: Helium,8.500E+00,6.329E+02,3.611E-01,6.333E+02,7.990E-03,7.979E-03,0.9986
002,2: Helium,9.000E+00,6.052E+02,3.429E-01,6.055E+02,8.798E-03,8.787E-03,0.9987
002,2: Helium,9.500E+00,5.800E+02,3.264E-01,5.803E+02,9.642E-03,9.630E-03,0.9988
002,2: Helium,1.000E+01,5.570E+02,3.115E-01,5.573E+02,1.052E-02,1.051E-02,0.9989
002,2: Helium,1.250E+01,4.666E+02,2.540E-01,4.669E+02,1.544E-02,1.543E-02,0.9992
002,2: Helium,1.500E+01,4.033E+02,2.148E-01,4.035E+02,2.122E-02,2.121E-02,0.9994
002,2: Helium,1.750E+01,3.562E+02,1.864E-01,3.564E+02,2.783E-02,2.781E-02,0.9995
002,2: Helium,2.000E+01,3.197E+02,1.647E-01,3.199E+02,3.525E-02,3.523E-02,0.9996
002,2: Helium,2.500E+01,2.666E+02,1.338E-01,2.667E+02,5.244E-02,5.243E-02,0.9997
002,2: Helium,2.750E+01,2.466E+02,1.224E-01,2.467E+02,6.220E-02,6.218E-02,0.9997
002,2: Helium,3.000E+01,2.296E+02,1.128E-01,2.297E+02,7.271E-02,7.269E-02,0.9997
002,2: Helium,3.500E+01,2.023E+02,9.757E-02,2.024E+02,9.595E-02,9.592E-02,0.9997
002,2: Helium,4.000E+01,1.812E+02,8.603E-02,1.813E+02,1.221E-01,1.221E-01,0.9998
002,2: Helium,4.500E+01,1.644E+02,7.694E-02,1.645E+02,1.511E-01,1.511E-01,0.9998
002,2: Helium,5.000E+01,1.507E+02,6.958E-02,1.508E+02,1.829E-01,1.828E-01,0.9998
002,2: Helium,5.500E+01,1.393E+02,6.351E-02,1.393E+02,2.174E-01,2.174E-01,0.9998
002,2: Helium,6.000E+01,1.296E+02,5.842E-02,1.296E+02,2.546E-01,2.546E-01,0.9998
002,2: Helium,6.500E+01,1.213E+02,5.409E-02,1.213E+02,2.945E-01,2.945E-01,0.9998
002,2: Helium,7.000E+01,1.141E+02,5.037E-02,1.141E+02,3.370E-01,3.370E-01,0.9998
002,2: Helium,7.500E+01,1.077E+02,4.713E-02,1.078E+02,3.821E-01,3.821E-01,0.9998
002,2: Helium,8.000E+01,1.021E+02,4.429E-02,1.022E+02,4.298E-01,4.298E-01,0.9998
002,2: Helium,8.500E+01,9.712E+01,4.177E-02,9.716E+01,4.800E-01,4.799E-01,0.9998
002,2: Helium,9.000E+01,9.264E+01,3.953E-02,9.268E+01,5.327E-01,5.327E-01,0.9999
002,2: Helium,9.500E+01,8.859E+01,3.752E-02,8.863E+01,5.879E-01,5.878E-01,0.9999
002,2: Helium,1.000E+02,8.492E+01,3.571E-02,8.495E+01,6.456E-01,6.455E-01,0.9999
002,2: Helium,1.250E+02,7.066E+01,2.873E-02,7.069E+01,9.697E-01,9.696E-01,0.9999
002,2: Helium,1.500E+02,6.087E+01,2.402E-02,6.089E+01,1.352E+00,1.352E+00,0.9999
002,2: Helium,1.750E+02,5.370E+01,2.064E-02,5.372E+01,1.790E+00,1.790E+00,0.9999
002,2: Helium,2.000E+02,4.821E+01,1.811E-02,4.823E+01,2.282E+00,2.282E+00,0.9999
002,2: Helium,2.250E+02,4.387E+01,1.613E-02,4.388E+01,2.826E+00,2.826E+00,0.9999
002,2: Helium,2.500E+02,4.034E+01,1.452E-02,4.036E+01,3.421E+00,3.421E+00,0.9999
002,2: Helium,2.750E+02,3.743E+01,1.321E-02,3.744E+01,4.065E+00,4.064E+00,0.9999
002,2: Helium,3.000E+02,3.497E+01,1.211E-02,3.498E+01,4.756E+00,4.756E+00,0.9999
002,2: Helium,3.500E+02,3.105E+01,1.040E-02,3.106E+01,6.277E+00,6.276E+00,0.9999
002,2: Helium,4.000E+02,2.806E+01,9.109E-03,2.807E+01,7.973E+00,7.972E+00,0.9999
002,2: Helium,4.500E+02,2.570E+01,8.101E-03,2.571E+01,9.837E+00,9.836E+00,0.9999
002,2: Helium,5.000E+02,2.380E+01,7.296E-03,2.380E+01,1.186E+01,1.186E+01,0.9999
002,2: Helium,5.500E+02,2.222E+01,6.637E-03,2.223E+01,1.404E+01,1.403E+01,0.9999
002,2: Helium,6.000E+02,2.090E+01,6.087E-03,2.091E+01,1.636E+01,1.636E+01,0.9999
002,2: Helium,6.500E+02,1.977E+01,5.621E-03,1.978E+01,1.882E+01,1.882E+01,0.9999
002,2: Helium,7.000E+02,1.880E+01,5.220E-03,1.881E+01,2.141E+01,2.141E+01,0.9999
002,2: Helium,7.500E+02,1.796E+01,4.873E-03,1.796E+01,2.413E+01,2.413E+01,0.9999
002,2: Helium,8.000E+02,1.722E+01,4.569E-03,1.722E+01,2.698E+01,2.697E+01,0.9999
002,2: Helium,8.500E+02,1.656E+01,4.300E-03,1.656E+01,2.994E+01,2.993E+01,0.9999
002,2: Helium,9.000E+02,1.597E+01,4.060E-03,1.598E+01,3.301E+01,3.301E+01,0.9999
002,2: Helium,9.500E+02,1.545E+01,3.846E-03,1.545E+01,3.620E+01,3.619E+01,0.9999
002,2: Helium,1.000E+03,1.497E+01,3.653E-03,1.497E+01,3.948E+01,3.948E+01,0.9999
004,4: Beryllium,1.000E-03,1.463E+02,1.669E+02,3.132E+02,3.660E-06,1.881E-06,0.5138
004,4: Beryllium,1.500E-03,1.771E+02,1.503E+02,3.274E+02,5.214E-06,2.833E-06,0.5433
004,4: Beryllium,2.000E-03,2.029E+02,1.370E+02,3.399E+02,6.713E-06,3.807E-06,0.5671
004,4: Beryllium,2.500E-03,2.254E+02,1.263E+02,3.517E+02,8.159E-06,4.789E-06,0.5870
004,4: Beryllium,3.000E-03,2.456E+02,1.174E+02,3.630E+02,9.558E-06,5.773E-06,0.6040
004,4: Beryllium,4.000E-03,2.813E+02,1.033E+02,3.847E+02,1.223E-05,7.731E-06,0.6320
004,4: Beryllium,5.000E-03,3.125E+02,9.275E+01,4.053E+02,1.477E-05,9.662E-06,0.6544
004,4: Beryllium,6.000E-03,3.406E+02,8.441E+01,4.250E+02,1.717E-05,1.156E-05,0.6730
004,4: Beryllium,7.000E-03,3.662E+02,7.764E+01,4.439E+02,1.948E-05,1.342E-05,0.6888
004,4: Beryllium,8.000E-03,3.900E+02,7.202E+01,4.620E+02,2.168E-05,1.523E-05,0.7025
004,4: Beryllium,9.000E-03,4.122E+02,6.726E+01,4.795E+02,2.381E-05,1.701E-05,0.7145
004,4: Beryllium,1.000E-02,4.332E+02,6.317E+01,4.964E+02,2.586E-05,1.875E-05,0.7252
004,4: Beryllium,1.250E-02,4.811E+02,5.505E+01,5.361E+02,3.070E-05,2.294E-05,0.7473
004,4: Beryllium,1.500E-02,5.241E+02,4.898E+01,5.731E+02,3.521E-05,2.693E-05,0.7649
004,4: Beryllium,1.750E-02,5.633E+02,4.425E+01,6.076E+02,3.944E-05,3.074E-05,0.7794
004,4: Beryllium,2.000E-02,5.997E+02,4.044E+01,6.401E+02,4.345E-05,3.439E-05,0.7915
004,4: Beryllium,2.250E-02,6.336E+02,3.730E+01,6.709E+02,4.726E-05,3.790E-05,0.8018
004,4: Beryllium,2.500E-02,6.654E+02,3.466E+01,7.001E+02,5.091E-05,4.128E-05,0.8109
004,4: Beryllium,2.750E-02,6.956E+02,3.240E+01,7.280E+02,5.441E-05,4.455E-05,0.8188
004,4: Beryllium,3.000E-02,7.242E+02,3.045E+01,7.547E+02,5.778E-05,4.772E-05,0.8258
004,4: Beryllium,3.500E-02,7.777E+02,2.724E+01,8.050E+02,6.420E-05,5.378E-05,0.8378
004,4: Beryllium,4.000E-02,8.270E+02,2.469E+01,8.517E+02,7.023E-05,5.953E-05,0.8477
004,4: Beryllium,4.500E-02,8.727E+02,2.262E+01,8.953E+02,7.595E-05,6.502E-05,0.8560
004,4: Beryllium,5.000E-02,9.155E+02,2.090E+01,9.364E+02,8.141E-05,7.028E-05,0.8632
004,4: Beryllium,5.500E-02,9.557E+02,1.945E+01,9.752E+02,8.665E-05,7.533E-05,0.8694
004,4: Beryllium,6.000E-02,9.937E+02,1.820E+01,1.012E+03,9.168E-05,8.021E-05,0.8749
004,4: Beryllium,6.500E-02,1.030E+03,1.711E+01,1.047E+03,9.653E-05,8.493E-05,0.8798
004,4: Beryllium,7.000E-02,1.064E+03,1.616E+01,1.080E+03,1.012E-04,8.951E-05,0.8842
004,4: Beryllium,7.500E-02,1.096E+03,1.532E+01,1.112E+03,1.058E-04,9.397E-05,0.8882
004,4: Beryllium,8.000E-02,1.128E+03,1.457E+01,1.142E+03,1.102E-04,9.831E-05,0.8918
004,4: Beryllium,8.500E-02,1.157E+03,1.389E+01,1.171E+03,1.146E-04,1.025E-04,0.8951
004,4: Beryllium,9.000E-02,1.186E+03,1.328E+01,1.199E+03,1.188E-04,1.067E-04,0.8981
004,4: Beryllium,9.500E-02,1.213E+03,1.273E+01,1.226E+03,1.229E-04,1.107E-04,0.9009
004,4: Beryllium,1.000E-01,1.239E+03,1.222E+01,1.252E+03,1.269E-04,1.147E-04,0.9036
004,4: Beryllium,1.250E-01,1.356E+03,1.023E+01,1.366E+03,1.460E-04,1.335E-04,0.9142
004,4: Beryllium,1.500E-01,1.453E+03,8.834E+00,1.462E+03,1.637E-04,1.510E-04,0.9222
004,4: Beryllium,1.750E-01,1.534E+03,7.794E+00,1.542E+03,1.803E-04,1.674E-04,0.9285
004,4: Beryllium,2.000E-01,1.602E+03,6.988E+00,1.609E+03,1.962E-04,1.832E-04,0.9336
004,4: Beryllium,2.250E-01,1.659E+03,6.343E+00,1.665E+03,2.114E-04,1.983E-04,0.9379
004,4: Beryllium,2.500E-01,1.706E+03,5.815E+00,1.712E+03,2.262E-04,2.130E-04,0.9416
004,4: Beryllium,2.750E-01,1.745E+03,5.373E+00,1.750E+03,2.407E-04,2.274E-04,0.9448
004,4: Beryllium,3.000E-01,1.776E+03,4.998E+00,1.781E+03,2.548E-04,2.415E-04,0.9475
004,4: Beryllium,3.500E-01,1.821E+03,4.394E+00,1.825E+03,2.825E-04,2.690E-04,0.9523
004,4: Beryllium,4.000E-01,1.846E+03,3.928E+00,1.850E+03,3.097E-04,2.961E-04,0.9561
004,4: Beryllium,4.500E-01,1.856E+03,3.557E+00,1.860E+03,3.367E-04,3.230E-04,0.9594
004,4: Beryllium,5.000E-01,1.855E+03,3.254E+00,1.858E+03,3.636E-04,3.498E-04,0.9622
004,4: Beryllium,5.500E-01,1.845E+03,3.002E+00,1.848E+03,3.905E-04,3.767E-04,0.9646
004,4: Beryllium,6.000E-01,1.829E+03,2.788E+00,1.832E+03,4.177E-04,4.038E-04,0.9668
004,4: Beryllium,6.500E-01,1.809E+03,2.604E+00,1.812E+03,4.451E-04,4.312E-04,0.9687
004,4: Beryllium,7.000E-01,1.785E+03,2.444E+00,1.788E+03,4.729E-04,4.589E-04,0.9704
004,4: Beryllium,7.500E-01,1.759E+03,2.304E+00,1.762E+03,5.011E-04,4.870E-04,0.9720
004,4: Beryllium,8.000E-01,1.732E+03,2.180E+00,1.734E+03,5.297E-04,5.156E-04,0.9734
004,4: Beryllium,8.500E-01,1.703E+03,2.070E+00,1.705E+03,5.588E-04,5.446E-04,0.9747
004,4: Beryllium,9.000E-01,1.674E+03,1.970E+00,1.676E+03,5.883E-04,5.742E-04,0.9759
004,4: Beryllium,9.500E-01,1.645E+03,1.881E+00,1.647E+03,6.184E-04,6.042E-04,0.9770
004,4: Beryllium,1.000E+00,1.617E+03,1.799E+00,1.618E+03,6.490E-04,6.348E-04,0.9780
004,4: Beryllium,1.250E+00,1.499E+03,1.484E+00,1.500E+03,8.098E-04,7.953E-04,0.9821
004,4: Beryllium,1.500E+00,1.406E+03,1.266E+00,1.407E+03,9.819E-04,9.673E-04,0.9851
004,4: Beryllium,1.750E+00,1.326E+03,1.107E+00,1.327E+03,1.165E-03,1.150E-03,0.9873
004,4: Beryllium,2.000E+00,1.254E+03,9.853E-01,1.255E+03,1.359E-03,1.344E-03,0.9890
004,4: Beryllium,2.250E+00,1.189E+03,8.887E-01,1.190E+03,1.563E-03,1.548E-03,0.9903
004,4: Beryllium,2.500E+00,1.129E+03,8.102E-01,1.130E+03,1.779E-03,1.764E-03,0.9914
004,4: Beryllium,2.750E+00,1.075E+03,7.450E-01,1.075E+03,2.006E-03,1.991E-03,0.9923
004,4: Beryllium,3.000E+00,1.024E+03,6.900E-01,1.025E+03,2.244E-03,2.229E-03,0.9931
004,4: Beryllium,3.500E+00,9.353E+02,6.021E-01,9.359E+02,2.755E-03,2.739E-03,0.9943
004,4: Beryllium,4.000E+00,8.587E+02,5.350E-01,8.592E+02,3.313E-03,3.297E-03,0.9951
004,4: Beryllium,4.500E+00,7.929E+02,4.818E-01,7.934E+02,3.919E-03,3.903E-03,0.9958
004,4: Beryllium,5.000E+00,7.376E+02,4.387E-01,7.380E+02,4.573E-03,4.556E-03,0.9963
004,4: Beryllium,5.500E+00,6.900E+02,4.030E-01,6.904E+02,5.274E-03,5.257E-03,0.9968
004,4: Beryllium,6.000E+00,6.487E+02,3.729E-01,6.491E+02,6.021E-03,6.004E-03,0.9971
004,4: Beryllium,6.500E+00,6.125E+02,3.471E-01,6.128E+02,6.814E-03,6.797E-03,0.9974
004,4: Beryllium,7.000E+00,5.804E+02,3.248E-01,5.808E+02,7.653E-03,7.635E-03,0.9976
004,4: Beryllium,7.500E+00,5.520E+02,3.053E-01,5.523E+02,8.536E-03,8.518E-03,0.9978
004,4: Beryllium,8.000E+00,5.264E+02,2.881E-01,5.267E+02,9.463E-03,9.445E-03,0.9980
004,4: Beryllium,8.500E+00,5.033E+02,2.728E-01,5.036E+02,1.043E-02,1.042E-02,0.9982
004,4: Beryllium,9.000E+00,4.824E+02,2.591E-01,4.826E+02,1.145E-02,1.143E-02,0.9983
004,4: Beryllium,9.500E+00,4.633E+02,2.468E-01,4.636E+02,1.251E-02,1.249E-02,0.9984
004,4: Beryllium,1.000E+01,4.458E+02,2.357E-01,4.461E+02,1.361E-02,1.359E-02,0.9985
004,4: Beryllium,1.250E+01,3.763E+02,1.926E-01,3.765E+02,1.973E-02,1.971E-02,0.9989
004,4: Beryllium,1.500E+01,3.270E+02,1.632E-01,3.272E+02,2.687E-02,2.685E-02,0.9991
004,4: Beryllium,1.750E+01,2.900E+02,1.418E-01,2.901E+02,3.501E-02,3.498E-02,0.9992
004,4: Beryllium,2.000E+01,2.610E+02,1.255E-01,2.612E+02,4.410E-02,4.407E-02,0.9993
004,4: Beryllium,2.500E+01,2.187E+02,1.022E-01,2.188E+02,6.511E-02,6.508E-02,0.9994
004,4: Beryllium,2.750E+01,2.026E+02,9.359E-02,2.027E+02,7.700E-02,7.695E-02,0.9995
004,4: Beryllium,3.000E+01,1.889E+02,8.635E-02,1.890E+02,8.978E-02,8.973E-02,0.9995
004,4: Beryllium,3.500E+01,1.669E+02,7.483E-02,1.670E+02,1.180E-01,1.179E-01,0.9995
004,4: Beryllium,4.000E+01,1.498E+02,6.605E-02,1.498E+02,1.496E-01,1.496E-01,0.9996
004,4: Beryllium,4.500E+01,1.361E+02,5.915E-02,1.362E+02,1.847E-01,1.846E-01,0.9996
004,4: Beryllium,5.000E+01,1.249E+02,5.358E-02,1.250E+02,2.231E-01,2.230E-01,0.9996
004,4: Beryllium,5.500E+01,1.156E+02,4.900E-02,1.156E+02,2.647E-01,2.646E-01,0.9996
004,4: Beryllium,6.000E+01,1.077E+02,4.514E-02,1.077E+02,3.095E-01,3.094E-01,0.9997
004,4: Beryllium,6.500E+01,1.009E+02,4.185E-02,1.009E+02,3.575E-01,3.574E-01,0.9997
004,4: Beryllium,7.000E+01,9.493E+01,3.901E-02,9.496E+01,4.086E-01,4.085E-01,0.9997
004,4: Beryllium,7.500E+01,8.972E+01,3.653E-02,8.976E+01,4.628E-01,4.627E-01,0.9997
004,4: Beryllium,8.000E+01,8.511E+01,3.434E-02,8.514E+01,5.200E-01,5.199E-01,0.9997
004,4: Beryllium,8.500E+01,8.099E+01,3.240E-02,8.103E+01,5.802E-01,5.801E-01,0.9997
004,4: Beryllium,9.000E+01,7.730E+01,3.068E-02,7.733E+01,6.434E-01,6.432E-01,0.9997
004,4: Beryllium,9.500E+01,7.396E+01,2.912E-02,7.399E+01,7.095E-01,7.093E-01,0.9997
004,4: Beryllium,1.000E+02,7.092E+01,2.772E-02,7.095E+01,7.786E-01,7.783E-01,0.9997
004,4: Beryllium,1.250E+02,5.914E+01,2.236E-02,5.916E+01,1.166E+00,1.166E+00,0.9997
004,4: Beryllium,1.500E+02,5.101E+01,1.875E-02,5.103E+01,1.623E+00,1.622E+00,0.9997
004,4: Beryllium,1.750E+02,4.505E+01,1.615E-02,4.507E+01,2.145E+00,2.145E+00,0.9997
004,4: Beryllium,2.000E+02,4.049E+01,1.418E-02,4.050E+01,2.731E+00,2.731E+00,0.9998
004,4: Beryllium,2.250E+02,3.687E+01,1.263E-02,3.688E+01,3.379E+00,3.378E+00,0.9998
004,4: Beryllium,2.500E+02,3.393E+01,1.138E-02,3.394E+01,4.086E+00,4.085E+00,0.9998
004,4: Beryllium,2.750E+02,3.150E+01,1.037E-02,3.151E+01,4.852E+00,4.850E+00,0.9998
004,4: Beryllium,3.000E+02,2.944E+01,9.519E-03,2.945E+01,5.673E+00,5.672E+00,0.9998
004,4: Beryllium,3.500E+02,2.616E+01,8.180E-03,2.617E+01,7.478E+00,7.476E+00,0.9998
004,4: Beryllium,4.000E+02,2.366E+01,7.163E-03,2.366E+01,9.491E+00,9.489E+00,0.9998
004,4: Beryllium,4.500E+02,2.168E+01,6.369E-03,2.169E+01,1.170E+01,1.170E+01,0.9998
004,4: Beryllium,5.000E+02,2.008E+01,5.738E-03,2.009E+01,1.410E+01,1.410E+01,0.9998
004,4: Beryllium,5.500E+02,1.876E+01,5.222E-03,1.877E+01,1.668E+01,1.667E+01,0.9998
004,4: Beryllium,6.000E+02,1.765E+01,4.790E-03,1.766E+01,1.942E+01,1.942E+01,0.9998
004,4: Beryllium,6.500E+02,1.670E+01,4.423E-03,1.671E+01,2.234E+01,2.233E+01,0.9998
004,4: Beryllium,7.000E+02,1.589E+01,4.109E-03,1.589E+01,2.541E+01,2.540E+01,0.9998
004,4: Beryllium,7.500E+02,1.517E+01,3.836E-03,1.518E+01,2.863E+01,2.862E+01,0.9998
004,4: Beryllium,8.000E+02,1.455E+01,3.598E-03,1.455E+01,3.199E+01,3.199E+01,0.9998
004,4: Beryllium,8.500E+02,1.399E+01,3.388E-03,1.400E+01,3.550E+01,3.549E+01,0.9998
004,4: Beryllium,9.000E+02,1.350E+01,3.201E-03,1.350E+01,3.914E+01,3.913E+01,0.9998
004,4: Beryllium,9.500E+02,1.305E+01,3.033E-03,1.306E+01,4.290E+01,4.290E+01,0.9998
004,4: Beryllium,1.000E+03,1.265E+01,2.882E-03,1.266E+01,4.679E+01,4.678E+01,0.9998
006,"6: Carbon, Amorphous (density2.0g/cm3)",1.000E-03,1.906E+02,1.557E+02,3.463E+02,3.644E-06,1.689E-06,0.4636
006,"6: Carbon, Amorphous (density2.0g/cm3)",1.500E-03,2.256E+02,1.441E+02,3.697E+02,5.033E-06,2.483E-06,0.4934
006,"6: Carbon, Amorphous (density2.0g/cm3)",2.000E-03,2.543E+02,1.340E+02,3.882E+02,6.352E-06,3.289E-06,0.5177
006,"6: Carbon, Amorphous (density2.0g/cm3)",2.500E-03,2.790E+02,1.253E+02,4.043E+02,7.614E-06,4.097E-06,0.5381
006,"6: Carbon, Amorphous (density2.0g/cm3)",3.000E-03,3.009E+02,1.179E+02,4.188E+02,8.828E-06,4.905E-06,0.5556
006,"6: Carbon, Amorphous (density2.0g/cm3)",4.000E-03,3.392E+02,1.058E+02,4.449E+02,1.114E-05,6.515E-06,0.5847
006,"6: Carbon, Amorphous (density2.0g/cm3)",5.000E-03,3.721E+02,9.627E+01,4.684E+02,1.333E-05,8.108E-06,0.6082
006,"6: Carbon, Amorphous (density2.0g/cm3)",6.000E-03,4.014E+02,8.860E+01,4.900E+02,1.542E-05,9.680E-06,0.6278
006,"6: Carbon, Amorphous (density2.0g/cm3)",7.000E-03,4.279E+02,8.223E+01,5.102E+02,1.742E-05,1.123E-05,0.6445
006,"6: Carbon, Amorphous (density2.0g/cm3)",8.000E-03,4.523E+02,7.685E+01,5.292E+02,1.934E-05,1.275E-05,0.6591
006,"6: Carbon, Amorphous (density2.0g/cm3)",9.000E-03,4.750E+02,7.224E+01,5.472E+02,2.120E-05,1.425E-05,0.6720
006,"6: Carbon, Amorphous (density2.0g/cm3)",1.000E-02,4.962E+02,6.822E+01,5.644E+02,2.300E-05,1.572E-05,0.6835
006,"6: Carbon, Amorphous (density2.0g/cm3)",1.250E-02,5.443E+02,6.012E+01,6.044E+02,2.728E-05,1.930E-05,0.7077
006,"6: Carbon, Amorphous (density2.0g/cm3)",1.500E-02,5.869E+02,5.395E+01,6.409E+02,3.129E-05,2.275E-05,0.7270
006,"6: Carbon, Amorphous (density2.0g/cm3)",1.750E-02,6.255E+02,4.907E+01,6.746E+02,3.509E-05,2.608E-05,0.7431
006,"6: Carbon, Amorphous (density2.0g/cm3)",2.000E-02,6.610E+02,4.509E+01,7.061E+02,3.871E-05,2.929E-05,0.7566
006,"6: Carbon, Amorphous (density2.0g/cm3)",2.250E-02,6.938E+02,4.178E+01,7.356E+02,4.218E-05,3.241E-05,0.7683
006,"6: Carbon, Amorphous (density2.0g/cm3)",2.500E-02,7.246E+02,3.897E+01,7.635E+02,4.552E-05,3.543E-05,0.7785
006,"6: Carbon, Amorphous (density2.0g/cm3)",2.750E-02,7.535E+02,3.656E+01,7.900E+02,4.874E-05,3.838E-05,0.7875
006,"6: Carbon, Amorphous (density2.0g/cm3)",3.000E-02,7.808E+02,3.446E+01,8.153E+02,5.185E-05,4.125E-05,0.7955
006,"6: Carbon, Amorphous (density2.0g/cm3)",3.500E-02,8.315E+02,3.098E+01,8.625E+02,5.781E-05,4.679E-05,0.8093
006,"6: Carbon, Amorphous (density2.0g/cm3)",4.000E-02,8.779E+02,2.820E+01,9.061E+02,6.346E-05,5.209E-05,0.8208
006,"6: Carbon, Amorphous (density2.0g/cm3)",4.500E-02,9.208E+02,2.592E+01,9.467E+02,6.886E-05,5.719E-05,0.8305
006,"6: Carbon, Amorphous (density2.0g/cm3)",5.000E-02,9.606E+02,2.402E+01,9.847E+02,7.404E-05,6.210E-05,0.8388
006,"6: Carbon, Amorphous (density2.0g/cm3)",5.500E-02,9.980E+02,2.240E+01,1.020E+03,7.902E-05,6.687E-05,0.8462
006,"6: Carbon, Amorphous (density2.0g/cm3)",6.000E-02,1.033E+03,2.101E+01,1.054E+03,8.384E-05,7.149E-05,0.8526
006,"6: Carbon, Amorphous (density2.0g/cm3)",6.500E-02,1.066E+03,1.979E+01,1.086E+03,8.852E-05,7.598E-05,0.8584
006,"6: Carbon, Amorphous (density2.0g/cm3)",7.000E-02,1.098E+03,1.872E+01,1.117E+03,9.306E-05,8.036E-05,0.8636
006,"6: Carbon, Amorphous (density2.0g/cm3)",7.500E-02,1.128E+03,1.778E+01,1.146E+03,9.748E-05,8.464E-05,0.8683
006,"6: Carbon, Amorphous (density2.0g/cm3)",8.000E-02,1.156E+03,1.693E+01,1.173E+03,1.018E-04,8.881E-05,0.8725
006,"6: Carbon, Amorphous (density2.0g/cm3)",8.500E-02,1.184E+03,1.616E+01,1.200E+03,1.060E-04,9.291E-05,0.8765
006,"6: Carbon, Amorphous (density2.0g/cm3)",9.000E-02,1.210E+03,1.547E+01,1.225E+03,1.101E-04,9.692E-05,0.8801
006,"6: Carbon, Amorphous (density2.0g/cm3)",9.500E-02,1.235E+03,1.484E+01,1.250E+03,1.142E-04,1.009E-04,0.8834
006,"6: Carbon, Amorphous (density2.0g/cm3)",1.000E-01,1.259E+03,1.427E+01,1.273E+03,1.181E-04,1.047E-04,0.8865
006,"6: Carbon, Amorphous (density2.0g/cm3)",1.250E-01,1.366E+03,1.199E+01,1.378E+03,1.370E-04,1.232E-04,0.8993
006,"6: Carbon, Amorphous (density2.0g/cm3)",1.500E-01,1.455E+03,1.038E+01,1.466E+03,1.546E-04,1.405E-04,0.9088
006,"6: Carbon, Amorphous (density2.0g/cm3)",1.750E-01,1.531E+03,9.183E+00,1.540E+03,1.712E-04,1.569E-04,0.9163
006,"6: Carbon, Amorphous (density2.0g/cm3)",2.000E-01,1.595E+03,8.249E+00,1.604E+03,1.871E-04,1.726E-04,0.9224
006,"6: Carbon, Amorphous (density2.0g/cm3)",2.250E-01,1.650E+03,7.500E+00,1.658E+03,2.024E-04,1.877E-04,0.9275
006,"6: Carbon, Amorphous (density2.0g/cm3)",2.500E-01,1.698E+03,6.885E+00,1.704E+03,2.173E-04,2.025E-04,0.9318
006,"6: Carbon, Amorphous (density2.0g/cm3)",2.750E-01,1.738E+03,6.370E+00,1.744E+03,2.318E-04,2.168E-04,0.9356
006,"6: Carbon, Amorphous (density2.0g/cm3)",3.000E-01,1.772E+03,5.931E+00,1.778E+03,2.460E-04,2.309E-04,0.9388
006,"6: Carbon, Amorphous (density2.0g/cm3)",3.500E-01,1.825E+03,5.224E+00,1.831E+03,2.737E-04,2.584E-04,0.9444
006,"6: Carbon, Amorphous (density2.0g/cm3)",4.000E-01,1.862E+03,4.677E+00,1.867E+03,3.007E-04,2.853E-04,0.9489
006,"6: Carbon, Amorphous (density2.0g/cm3)",4.500E-01,1.886E+03,4.241E+00,1.891E+03,3.273E-04,3.118E-04,0.9526
006,"6: Carbon, Amorphous (density2.0g/cm3)",5.000E-01,1.900E+03,3.884E+00,1.904E+03,3.536E-04,3.380E-04,0.9558
006,"6: Carbon, Amorphous (density2.0g/cm3)",5.500E-01,1.906E+03,3.585E+00,1.910E+03,3.798E-04,3.641E-04,0.9586
006,"6: Carbon, Amorphous (density2.0g/cm3)",6.000E-01,1.906E+03,3.333E+00,1.910E+03,4.060E-04,3.902E-04,0.9611
006,"6: Carbon, Amorphous (density2.0g/cm3)",6.500E-01,1.901E+03,3.115E+00,1.904E+03,4.322E-04,4.163E-04,0.9632
006,"6: Carbon, Amorphous (density2.0g/cm3)",7.000E-01,1.892E+03,2.926E+00,1.895E+03,4.585E-04,4.426E-04,0.9652
006,"6: Carbon, Amorphous (density2.0g/cm3)",7.500E-01,1.880E+03,2.760E+00,1.883E+03,4.850E-04,4.690E-04,0.9669
006,"6: Carbon, Amorphous (density2.0g/cm3)",8.000E-01,1.866E+03,2.613E+00,1.869E+03,5.117E-04,4.955E-04,0.9685
006,"6: Carbon, Amorphous (density2.0g/cm3)",8.500E-01,1.850E+03,2.482E+00,1.853E+03,5.385E-04,5.223E-04,0.9699
006,"6: Carbon, Amorphous (density2.0g/cm3)",9.000E-01,1.833E+03,2.364E+00,1.835E+03,5.656E-04,5.494E-04,0.9713
006,"6: Carbon, Amorphous (density2.0g/cm3)",9.500E-01,1.814E+03,2.258E+00,1.816E+03,5.930E-04,5.767E-04,0.9725
006,"6: Carbon, Amorphous (density2.0g/cm3)",1.000E+00,1.795E+03,2.161E+00,1.797E+03,6.207E-04,6.043E-04,0.9736
006,"6: Carbon, Amorphous (density2.0g/cm3)",1.250E+00,1.684E+03,1.785E+00,1.686E+03,7.642E-04,7.476E-04,0.9782
006,"6: Carbon, Amorphous (density2.0g/cm3)",1.500E+00,1.571E+03,1.526E+00,1.573E+03,9.177E-04,9.009E-04,0.9816
006,"6: Carbon, Amorphous (density2.0g/cm3)",1.750E+00,1.466E+03,1.335E+00,1.468E+03,1.082E-03,1.065E-03,0.9842
006,"6: Carbon, Amorphous (density2.0g/cm3)",2.000E+00,1.372E+03,1.189E+00,1.373E+03,1.259E-03,1.241E-03,0.9863
006,"6: Carbon, Amorphous (density2.0g/cm3)",2.250E+00,1.288E+03,1.073E+00,1.289E+03,1.447E-03,1.429E-03,0.9879
006,"6: Carbon, Amorphous (density2.0g/cm3)",2.500E+00,1.213E+03,9.793E-01,1.214E+03,1.647E-03,1.629E-03,0.9893
006,"6: Carbon, Amorphous (density2.0g/cm3)",2.750E+00,1.145E+03,9.011E-01,1.146E+03,1.859E-03,1.841E-03,0.9904
006,"6: Carbon, Amorphous (density2.0g/cm3)",3.000E+00,1.085E+03,8.350E-01,1.086E+03,2.083E-03,2.065E-03,0.9913
006,"6: Carbon, Amorphous (density2.0g/cm3)",3.500E+00,9.819E+02,7.294E-01,9.826E+02,2.567E-03,2.549E-03,0.9928
006,"6: Carbon, Amorphous (density2.0g/cm3)",4.000E+00,8.982E+02,6.486E-01,8.989E+02,3.100E-03,3.081E-03,0.9939
006,"6: Carbon, Amorphous (density2.0g/cm3)",4.500E+00,8.296E+02,5.846E-01,8.302E+02,3.679E-03,3.660E-03,0.9947
006,"6: Carbon, Amorphous (density2.0g/cm3)",5.000E+00,7.720E+02,5.327E-01,7.726E+02,4.304E-03,4.284E-03,0.9954
006,"6: Carbon, Amorphous (density2.0g/cm3)",5.500E+00,7.229E+02,4.896E-01,7.234E+02,4.973E-03,4.953E-03,0.9959
006,"6: Carbon, Amorphous (density2.0g/cm3)",6.000E+00,6.804E+02,4.532E-01,6.809E+02,5.686E-03,5.666E-03,0.9963
006,"6: Carbon, Amorphous (density2.0g/cm3)",6.500E+00,6.431E+02,4.221E-01,6.435E+02,6.442E-03,6.421E-03,0.9967
006,"6: Carbon, Amorphous (density2.0g/cm3)",7.000E+00,6.102E+02,3.952E-01,6.106E+02,7.240E-03,7.218E-03,0.9970
006,"6: Carbon, Amorphous (density2.0g/cm3)",7.500E+00,5.808E+02,3.716E-01,5.812E+02,8.080E-03,8.057E-03,0.9972
006,"6: Carbon, Amorphous (density2.0g/cm3)",8.000E+00,5.544E+02,3.509E-01,5.548E+02,8.960E-03,8.938E-03,0.9975
006,"6: Carbon, Amorphous (density2.0g/cm3)",8.500E+00,5.306E+02,3.324E-01,5.309E+02,9.882E-03,9.859E-03,0.9976
006,"6: Carbon, Amorphous (density2.0g/cm3)",9.000E+00,5.090E+02,3.158E-01,5.093E+02,1.084E-02,1.082E-02,0.9978
006,"6: Carbon, Amorphous (density2.0g/cm3)",9.500E+00,4.892E+02,3.009E-01,4.895E+02,1.185E-02,1.182E-02,0.9979
006,"6: Carbon, Amorphous (density2.0g/cm3)",1.000E+01,4.712E+02,2.874E-01,4.715E+02,1.289E-02,1.286E-02,0.9981
006,"6: Carbon, Amorphous (density2.0g/cm3)",1.250E+01,3.992E+02,2.352E-01,3.994E+02,1.867E-02,1.864E-02,0.9985
006,"6: Carbon, Amorphous (density2.0g/cm3)",1.500E+01,3.478E+02,1.996E-01,3.480E+02,2.539E-02,2.536E-02,0.9987
006,"6: Carbon, Amorphous (density2.0g/cm3)",1.750E+01,3.091E+02,1.736E-01,3.092E+02,3.303E-02,3.299E-02,0.9989
006,"6: Carbon, Amorphous (density2.0g/cm3)",2.000E+01,2.788E+02,1.538E-01,2.789E+02,4.155E-02,4.151E-02,0.9990
006,"6: Carbon, Amorphous (density2.0g/cm3)",2.500E+01,2.342E+02,1.255E-01,2.343E+02,6.120E-02,6.115E-02,0.9992
006,"6: Carbon, Amorphous (density2.0g/cm3)",2.750E+01,2.172E+02,1.150E-01,2.173E+02,7.229E-02,7.223E-02,0.9992
006,"6: Carbon, Amorphous (density2.0g/cm3)",3.000E+01,2.028E+02,1.062E-01,2.029E+02,8.420E-02,8.414E-02,0.9993
006,"6: Carbon, Amorphous (density2.0g/cm3)",3.500E+01,1.794E+02,9.217E-02,1.795E+02,1.105E-01,1.104E-01,0.9993
006,"6: Carbon, Amorphous (density2.0g/cm3)",4.000E+01,1.612E+02,8.149E-02,1.613E+02,1.399E-01,1.398E-01,0.9994
006,"6: Carbon, Amorphous (density2.0g/cm3)",4.500E+01,1.467E+02,7.307E-02,1.468E+02,1.724E-01,1.723E-01,0.9994
006,"6: Carbon, Amorphous (density2.0g/cm3)",5.000E+01,1.348E+02,6.626E-02,1.348E+02,2.080E-01,2.079E-01,0.9995
006,"6: Carbon, Amorphous (density2.0g/cm3)",5.500E+01,1.248E+02,6.062E-02,1.249E+02,2.466E-01,2.464E-01,0.9995
006,"6: Carbon, Amorphous (density2.0g/cm3)",6.000E+01,1.163E+02,5.588E-02,1.164E+02,2.881E-01,2.879E-01,0.9995
006,"6: Carbon, Amorphous (density2.0g/cm3)",6.500E+01,1.090E+02,5.184E-02,1.091E+02,3.325E-01,3.323E-01,0.9995
006,"6: Carbon, Amorphous (density2.0g/cm3)",7.000E+01,1.027E+02,4.836E-02,1.027E+02,3.797E-01,3.796E-01,0.9995
006,"6: Carbon, Amorphous (density2.0g/cm3)",7.500E+01,9.709E+01,4.533E-02,9.714E+01,4.298E-01,4.296E-01,0.9995
006,"6: Carbon, Amorphous (density2.0g/cm3)",8.000E+01,9.214E+01,4.266E-02,9.218E+01,4.827E-01,4.825E-01,0.9995
006,"6: Carbon, Amorphous (density2.0g/cm3)",8.500E+01,8.772E+01,4.030E-02,8.776E+01,5.383E-01,5.380E-01,0.9995
006,"6: Carbon, Amorphous (density2.0g/cm3)",9.000E+01,8.375E+01,3.818E-02,8.379E+01,5.966E-01,5.963E-01,0.9995
006,"6: Carbon, Amorphous (density2.0g/cm3)",9.500E+01,8.016E+01,3.628E-02,8.019E+01,6.576E-01,6.573E-01,0.9996
006,"6: Carbon, Amorphous (density2.0g/cm3)",1.000E+02,7.690E+01,3.455E-02,7.693E+01,7.213E-01,7.210E-01,0.9996
006,"6: Carbon, Amorphous (density2.0g/cm3)",1.250E+02,6.420E+01,2.792E-02,6.423E+01,1.079E+00,1.078E+00,0.9996
006,"6: Carbon, Amorphous (density2.0g/cm3)",1.500E+02,5.543E+01,2.344E-02,5.545E+01,1.499E+00,1.498E+00,0.9996
006,"6: Carbon, Amorphous (density2.0g/cm3)",1.750E+02,4.899E+01,2.020E-02,4.901E+01,1.980E+00,1.979E+00,0.9996
006,"6: Carbon, Amorphous (density2.0g/cm3)",2.000E+02,4.406E+01,1.776E-02,4.407E+01,2.518E+00,2.517E+00,0.9996
006,"6: Carbon, Amorphous (density2.0g/cm3)",2.250E+02,4.014E+01,1.585E-02,4.016E+01,3.113E+00,3.112E+00,0.9996
006,"6: Carbon, Amorphous (density2.0g/cm3)",2.500E+02,3.696E+01,1.431E-02,3.697E+01,3.763E+00,3.762E+00,0.9996
006,"6: Carbon, Amorphous (density2.0g/cm3)",2.750E+02,3.432E+01,1.304E-02,3.433E+01,4.465E+00,4.464E+00,0.9996
006,"6: Carbon, Amorphous (density2.0g/cm3)",3.000E+02,3.209E+01,1.198E-02,3.210E+01,5.219E+00,5.217E+00,0.9996
006,"6: Carbon, Amorphous (density2.0g/cm3)",3.500E+02,2.853E+01,1.029E-02,2.854E+01,6.875E+00,6.872E+00,0.9997
006,"6: Carbon, Amorphous (density2.0g/cm3)",4.000E+02,2.581E+01,9.027E-03,2.582E+01,8.720E+00,8.717E+00,0.9997
006,"6: Carbon, Amorphous (density2.0g/cm3)",4.500E+02,2.367E+01,8.043E-03,2.367E+01,1.074E+01,1.074E+01,0.9997
006,"6: Carbon, Amorphous (density2.0g/cm3)",5.000E+02,2.193E+01,7.251E-03,2.193E+01,1.294E+01,1.294E+01,0.9997
006,"6: Carbon, Amorphous (density2.0g/cm3)",5.500E+02,2.049E+01,6.598E-03,2.050E+01,1.530E+01,1.530E+01,0.9997
006,"6: Carbon, Amorphous (density2.0g/cm3)",6.000E+02,1.928E+01,6.049E-03,1.929E+01,1.782E+01,1.781E+01,0.9997
006,"6: Carbon, Amorphous (density2.0g/cm3)",6.500E+02,1.825E+01,5.585E-03,1.826E+01,2.048E+01,2.048E+01,0.9997
006,"6: Carbon, Amorphous (density2.0g/cm3)",7.000E+02,1.736E+01,5.189E-03,1.737E+01,2.329E+01,2.329E+01,0.9997
006,"6: Carbon, Amorphous (density2.0g/cm3)",7.500E+02,1.659E+01,4.847E-03,1.659E+01,2.624E+01,2.623E+01,0.9997
006,"6: Carbon, Amorphous (density2.0g/cm3)",8.000E+02,1.590E+01,4.548E-03,1.591E+01,2.932E+01,2.931E+01,0.9997
006,"6: Carbon, Amorphous (density2.0g/cm3)",8.500E+02,1.530E+01,4.282E-03,1.530E+01,3.252E+01,3.251E+01,0.9997
006,"6: Carbon, Amorphous (density2.0g/cm3)",9.000E+02,1.476E+01,4.046E-03,1.477E+01,3.585E+01,3.584E+01,0.9997
006,"6: Carbon, Amorphous (density2.0g/cm3)",9.500E+02,1.428E+01,3.834E-03,1.428E+01,3.929E+01,3.928E+01,0.9997
006,"6: Carbon, Amorphous (density2.0g/cm3)",1.000E+03,1.384E+01,3.643E-03,1.384E+01,4.285E+01,4.284E+01,0.9997
906,6: Graphite (density 1.7 g/cm3),1.000E-03,1.923E+02,1.557E+02,3.480E+02,3.630E-06,1.686E-06,0.4644
906,6: Graphite (density 1.7 g/cm3),1.500E-03,2.289E+02,1.441E+02,3.730E+02,5.010E-06,2.476E-06,0.4941
906,6: Graphite (density 1.7 g/cm3),2.000E-03,2.590E+02,1.340E+02,3.930E+02,6.315E-06,3.274E-06,0.5185
906,6: Graphite (density 1.7 g/cm3),2.500E-03,2.851E+02,1.253E+02,4.104E+02,7.560E-06,4.074E-06,0.5389
906,6: Graphite (density 1.7 g/cm3),3.000E-03,3.083E+02,1.179E+02,4.262E+02,8.755E-06,4.872E-06,0.5565
906,6: Graphite (density 1.7 g/cm3),4.000E-03,3.489E+02,1.058E+02,4.547E+02,1.102E-05,6.456E-06,0.5856
906,6: Graphite (density 1.7 g/cm3),5.000E-03,3.840E+02,9.627E+01,4.803E+02,1.316E-05,8.018E-06,0.6091
906,6: Graphite (density 1.7 g/cm3),6.000E-03,4.153E+02,8.860E+01,5.039E+02,1.520E-05,9.554E-06,0.6288
906,6: Graphite (density 1.7 g/cm3),7.000E-03,4.437E+02,8.223E+01,5.259E+02,1.714E-05,1.106E-05,0.6455
906,6: Graphite (density 1.7 g/cm3),8.000E-03,4.699E+02,7.685E+01,5.467E+02,1.900E-05,1.254E-05,0.6602
906,6: Graphite (density 1.7 g/cm3),9.000E-03,4.942E+02,7.224E+01,5.664E+02,2.080E-05,1.400E-05,0.6731
906,6: Graphite (density 1.7 g/cm3),1.000E-02,5.170E+02,6.822E+01,5.853E+02,2.253E-05,1.543E-05,0.6846
906,6: Graphite (density 1.7 g/cm3),1.250E-02,5.689E+02,6.012E+01,6.290E+02,2.665E-05,1.889E-05,0.7087
906,6: Graphite (density 1.7 g/cm3),1.500E-02,6.151E+02,5.395E+01,6.690E+02,3.050E-05,2.221E-05,0.7280
906,6: Graphite (density 1.7 g/cm3),1.750E-02,6.570E+02,4.907E+01,7.060E+02,3.414E-05,2.540E-05,0.7440
906,6: Graphite (density 1.7 g/cm3),2.000E-02,6.955E+02,4.509E+01,7.406E+02,3.760E-05,2.848E-05,0.7575
906,6: Graphite (density 1.7 g/cm3),2.250E-02,7.313E+02,4.178E+01,7.730E+02,4.090E-05,3.146E-05,0.7692
906,6: Graphite (density 1.7 g/cm3),2.500E-02,7.648E+02,3.897E+01,8.037E+02,4.407E-05,3.434E-05,0.7793
906,6: Graphite (density 1.7 g/cm3),2.750E-02,7.963E+02,3.656E+01,8.329E+02,4.712E-05,3.715E-05,0.7883
906,6: Graphite (density 1.7 g/cm3),3.000E-02,8.262E+02,3.446E+01,8.607E+02,5.008E-05,3.987E-05,0.7963
906,6: Graphite (density 1.7 g/cm3),3.500E-02,8.818E+02,3.098E+01,9.128E+02,5.571E-05,4.513E-05,0.8100
906,6: Graphite (density 1.7 g/cm3),4.000E-02,9.327E+02,2.820E+01,9.609E+02,6.105E-05,5.014E-05,0.8213
906,6: Graphite (density 1.7 g/cm3),4.500E-02,9.798E+02,2.592E+01,1.006E+03,6.613E-05,5.496E-05,0.8310
906,6: Graphite (density 1.7 g/cm3),5.000E-02,1.024E+03,2.402E+01,1.048E+03,7.100E-05,5.959E-05,0.8393
906,6: Graphite (density 1.7 g/cm3),5.500E-02,1.065E+03,2.240E+01,1.087E+03,7.569E-05,6.407E-05,0.8465
906,6: Graphite (density 1.7 g/cm3),6.000E-02,1.104E+03,2.101E+01,1.125E+03,8.021E-05,6.841E-05,0.8530
906,6: Graphite (density 1.7 g/cm3),6.500E-02,1.141E+03,1.979E+01,1.160E+03,8.458E-05,7.263E-05,0.8587
906,6: Graphite (density 1.7 g/cm3),7.000E-02,1.175E+03,1.872E+01,1.194E+03,8.883E-05,7.673E-05,0.8638
906,6: Graphite (density 1.7 g/cm3),7.500E-02,1.209E+03,1.778E+01,1.226E+03,9.296E-05,8.074E-05,0.8685
906,6: Graphite (density 1.7 g/cm3),8.000E-02,1.240E+03,1.693E+01,1.257E+03,9.699E-05,8.464E-05,0.8727
906,6: Graphite (density 1.7 g/cm3),8.500E-02,1.271E+03,1.616E+01,1.287E+03,1.009E-04,8.847E-05,0.8766
906,6: Graphite (density 1.7 g/cm3),9.000E-02,1.300E+03,1.547E+01,1.315E+03,1.048E-04,9.221E-05,0.8802
906,6: Graphite (density 1.7 g/cm3),9.500E-02,1.327E+03,1.484E+01,1.342E+03,1.085E-04,9.588E-05,0.8835
906,6: Graphite (density 1.7 g/cm3),1.000E-01,1.354E+03,1.427E+01,1.368E+03,1.122E-04,9.949E-05,0.8866
906,6: Graphite (density 1.7 g/cm3),1.250E-01,1.473E+03,1.199E+01,1.485E+03,1.297E-04,1.167E-04,0.8992
906,6: Graphite (density 1.7 g/cm3),1.500E-01,1.574E+03,1.038E+01,1.584E+03,1.460E-04,1.327E-04,0.9087
906,6: Graphite (density 1.7 g/cm3),1.750E-01,1.658E+03,9.183E+00,1.668E+03,1.614E-04,1.478E-04,0.9161
906,6: Graphite (density 1.7 g/cm3),2.000E-01,1.731E+03,8.249E+00,1.739E+03,1.760E-04,1.623E-04,0.9222
906,6: Graphite (density 1.7 g/cm3),2.250E-01,1.793E+03,7.500E+00,1.800E+03,1.902E-04,1.763E-04,0.9272
906,6: Graphite (density 1.7 g/cm3),2.500E-01,1.845E+03,6.885E+00,1.852E+03,2.039E-04,1.899E-04,0.9315
906,6: Graphite (density 1.7 g/cm3),2.750E-01,1.890E+03,6.370E+00,1.897E+03,2.172E-04,2.031E-04,0.9352
906,6: Graphite (density 1.7 g/cm3),3.000E-01,1.929E+03,5.931E+00,1.934E+03,2.302E-04,2.161E-04,0.9385
906,6: Graphite (density 1.7 g/cm3),3.500E-01,1.987E+03,5.224E+00,1.992E+03,2.557E-04,2.414E-04,0.9440
906,6: Graphite (density 1.7 g/cm3),4.000E-01,2.027E+03,4.677E+00,2.031E+03,2.805E-04,2.661E-04,0.9485
906,6: Graphite (density 1.7 g/cm3),4.500E-01,2.051E+03,4.241E+00,2.055E+03,3.050E-04,2.904E-04,0.9523
906,6: Graphite (density 1.7 g/cm3),5.000E-01,2.063E+03,3.884E+00,2.067E+03,3.292E-04,3.146E-04,0.9555
906,6: Graphite (density 1.7 g/cm3),5.500E-01,2.065E+03,3.585E+00,2.069E+03,3.534E-04,3.387E-04,0.9583
906,6: Graphite (density 1.7 g/cm3),6.000E-01,2.060E+03,3.333E+00,2.064E+03,3.776E-04,3.628E-04,0.9608
906,6: Graphite (density 1.7 g/cm3),6.500E-01,2.049E+03,3.115E+00,2.052E+03,4.019E-04,3.870E-04,0.9630
906,6: Graphite (density 1.7 g/cm3),7.000E-01,2.034E+03,2.926E+00,2.037E+03,4.263E-04,4.114E-04,0.9649
906,6: Graphite (density 1.7 g/cm3),7.500E-01,2.015E+03,2.760E+00,2.017E+03,4.510E-04,4.360E-04,0.9667
906,6: Graphite (density 1.7 g/cm3),8.000E-01,1.993E+03,2.613E+00,1.995E+03,4.759E-04,4.608E-04,0.9683
906,6: Graphite (density 1.7 g/cm3),8.500E-01,1.969E+03,2.482E+00,1.971E+03,5.011E-04,4.860E-04,0.9698
906,6: Graphite (density 1.7 g/cm3),9.000E-01,1.944E+03,2.364E+00,1.946E+03,5.267E-04,5.115E-04,0.9712
906,6: Graphite (density 1.7 g/cm3),9.500E-01,1.917E+03,2.258E+00,1.920E+03,5.525E-04,5.373E-04,0.9724
906,6: Graphite (density 1.7 g/cm3),1.000E+00,1.891E+03,2.161E+00,1.893E+03,5.788E-04,5.635E-04,0.9736
906,6: Graphite (density 1.7 g/cm3),1.250E+00,1.751E+03,1.785E+00,1.753E+03,7.160E-04,7.004E-04,0.9783
906,6: Graphite (density 1.7 g/cm3),1.500E+00,1.620E+03,1.526E+00,1.621E+03,8.643E-04,8.486E-04,0.9818
906,6: Graphite (density 1.7 g/cm3),1.750E+00,1.502E+03,1.335E+00,1.504E+03,1.025E-03,1.009E-03,0.9844
906,6: Graphite (density 1.7 g/cm3),2.000E+00,1.400E+03,1.189E+00,1.401E+03,1.197E-03,1.181E-03,0.9865
906,6: Graphite (density 1.7 g/cm3),2.250E+00,1.310E+03,1.073E+00,1.311E+03,1.381E-03,1.365E-03,0.9882
906,6: Graphite (density 1.7 g/cm3),2.500E+00,1.231E+03,9.793E-01,1.232E+03,1.578E-03,1.562E-03,0.9895
906,6: Graphite (density 1.7 g/cm3),2.750E+00,1.161E+03,9.011E-01,1.162E+03,1.787E-03,1.770E-03,0.9906
906,6: Graphite (density 1.7 g/cm3),3.000E+00,1.099E+03,8.350E-01,1.100E+03,2.008E-03,1.991E-03,0.9916
906,6: Graphite (density 1.7 g/cm3),3.500E+00,9.943E+02,7.294E-01,9.950E+02,2.487E-03,2.470E-03,0.9930
906,6: Graphite (density 1.7 g/cm3),4.000E+00,9.090E+02,6.486E-01,9.097E+02,3.013E-03,2.995E-03,0.9941
906,6: Graphite (density 1.7 g/cm3),4.500E+00,8.392E+02,5.846E-01,8.398E+02,3.586E-03,3.568E-03,0.9949
906,6: Graphite (density 1.7 g/cm3),5.000E+00,7.807E+02,5.327E-01,7.812E+02,4.203E-03,4.185E-03,0.9956
906,6: Graphite (density 1.7 g/cm3),5.500E+00,7.308E+02,4.896E-01,7.313E+02,4.865E-03,4.846E-03,0.9961
906,6: Graphite (density 1.7 g/cm3),6.000E+00,6.876E+02,4.532E-01,6.881E+02,5.571E-03,5.551E-03,0.9965
906,6: Graphite (density 1.7 g/cm3),6.500E+00,6.498E+02,4.221E-01,6.502E+02,6.319E-03,6.299E-03,0.9968
906,6: Graphite (density 1.7 g/cm3),7.000E+00,6.164E+02,3.952E-01,6.168E+02,7.108E-03,7.088E-03,0.9971
906,6: Graphite (density 1.7 g/cm3),7.500E+00,5.866E+02,3.716E-01,5.870E+02,7.940E-03,7.919E-03,0.9974
906,6: Graphite (density 1.7 g/cm3),8.000E+00,5.598E+02,3.509E-01,5.602E+02,8.812E-03,8.790E-03,0.9976
906,6: Graphite (density 1.7 g/cm3),8.500E+00,5.357E+02,3.324E-01,5.360E+02,9.725E-03,9.703E-03,0.9977
906,6: Graphite (density 1.7 g/cm3),9.000E+00,5.138E+02,3.158E-01,5.141E+02,1.068E-02,1.065E-02,0.9979
906,6: Graphite (density 1.7 g/cm3),9.500E+00,4.938E+02,3.009E-01,4.941E+02,1.167E-02,1.165E-02,0.9980
906,6: Graphite (density 1.7 g/cm3),1.000E+01,4.755E+02,2.874E-01,4.758E+02,1.270E-02,1.268E-02,0.9981
906,6: Graphite (density 1.7 g/cm3),1.250E+01,4.027E+02,2.352E-01,4.029E+02,1.843E-02,1.841E-02,0.9985
906,6: Graphite (density 1.7 g/cm3),1.500E+01,3.507E+02,1.996E-01,3.509E+02,2.510E-02,2.507E-02,0.9988
906,6: Graphite (density 1.7 g/cm3),1.750E+01,3.116E+02,1.736E-01,3.117E+02,3.267E-02,3.264E-02,0.9990
906,6: Graphite (density 1.7 g/cm3),2.000E+01,2.809E+02,1.538E-01,2.811E+02,4.113E-02,4.109E-02,0.9991
906,6: Graphite (density 1.7 g/cm3),2.500E+01,2.359E+02,1.255E-01,2.360E+02,6.063E-02,6.058E-02,0.9992
906,6: Graphite (density 1.7 g/cm3),2.750E+01,2.188E+02,1.150E-01,2.189E+02,7.163E-02,7.158E-02,0.9993
906,6: Graphite (density 1.7 g/cm3),3.000E+01,2.042E+02,1.062E-01,2.043E+02,8.346E-02,8.340E-02,0.9993
906,6: Graphite (density 1.7 g/cm3),3.500E+01,1.807E+02,9.217E-02,1.808E+02,1.095E-01,1.095E-01,0.9994
906,6: Graphite (density 1.7 g/cm3),4.000E+01,1.623E+02,8.149E-02,1.624E+02,1.388E-01,1.387E-01,0.9994
906,6: Graphite (density 1.7 g/cm3),4.500E+01,1.477E+02,7.307E-02,1.477E+02,1.711E-01,1.710E-01,0.9994
906,6: Graphite (density 1.7 g/cm3),5.000E+01,1.357E+02,6.626E-02,1.357E+02,2.064E-01,2.063E-01,0.9995
906,6: Graphite (density 1.7 g/cm3),5.500E+01,1.256E+02,6.062E-02,1.257E+02,2.447E-01,2.446E-01,0.9995
906,6: Graphite (density 1.7 g/cm3),6.000E+01,1.171E+02,5.588E-02,1.171E+02,2.860E-01,2.858E-01,0.9995
906,6: Graphite (density 1.7 g/cm3),6.500E+01,1.097E+02,5.184E-02,1.098E+02,3.301E-01,3.300E-01,0.9995
906,6: Graphite (density 1.7 g/cm3),7.000E+01,1.033E+02,4.836E-02,1.034E+02,3.771E-01,3.769E-01,0.9995
906,6: Graphite (density 1.7 g/cm3),7.500E+01,9.768E+01,4.533E-02,9.773E+01,4.269E-01,4.267E-01,0.9995
906,6: Graphite (density 1.7 g/cm3),8.000E+01,9.270E+01,4.266E-02,9.274E+01,4.794E-01,4.792E-01,0.9995
906,6: Graphite (density 1.7 g/cm3),8.500E+01,8.825E+01,4.030E-02,8.829E+01,5.347E-01,5.344E-01,0.9995
906,6: Graphite (density 1.7 g/cm3),9.000E+01,8.425E+01,3.818E-02,8.429E+01,5.927E-01,5.924E-01,0.9996
906,6: Graphite (density 1.7 g/cm3),9.500E+01,8.063E+01,3.628E-02,8.067E+01,6.533E-01,6.530E-01,0.9996
906,6: Graphite (density 1.7 g/cm3),1.000E+02,7.735E+01,3.455E-02,7.738E+01,7.166E-01,7.163E-01,0.9996
906,6: Graphite (density 1.7 g/cm3),1.250E+02,6.456E+01,2.792E-02,6.459E+01,1.072E+00,1.071E+00,0.9996
906,6: Graphite (density 1.7 g/cm3),1.500E+02,5.574E+01,2.344E-02,5.576E+01,1.490E+00,1.489E+00,0.9996
906,6: Graphite (density 1.7 g/cm3),1.750E+02,4.926E+01,2.020E-02,4.928E+01,1.968E+00,1.967E+00,0.9996
906,6: Graphite (density 1.7 g/cm3),2.000E+02,4.429E+01,1.776E-02,4.431E+01,2.504E+00,2.503E+00,0.9996
906,6: Graphite (density 1.7 g/cm3),2.250E+02,4.035E+01,1.585E-02,4.037E+01,3.096E+00,3.095E+00,0.9996
906,6: Graphite (density 1.7 g/cm3),2.500E+02,3.715E+01,1.431E-02,3.716E+01,3.742E+00,3.740E+00,0.9996
906,6: Graphite (density 1.7 g/cm3),2.750E+02,3.449E+01,1.304E-02,3.451E+01,4.441E+00,4.439E+00,0.9996
906,6: Graphite (density 1.7 g/cm3),3.000E+02,3.225E+01,1.198E-02,3.226E+01,5.190E+00,5.189E+00,0.9996
906,6: Graphite (density 1.7 g/cm3),3.500E+02,2.867E+01,1.029E-02,2.868E+01,6.838E+00,6.835E+00,0.9997
906,6: Graphite (density 1.7 g/cm3),4.000E+02,2.594E+01,9.027E-03,2.595E+01,8.674E+00,8.671E+00,0.9997
906,6: Graphite (density 1.7 g/cm3),4.500E+02,2.378E+01,8.043E-03,2.379E+01,1.069E+01,1.069E+01,0.9997
906,6: Graphite (density 1.7 g/cm3),5.000E+02,2.203E+01,7.251E-03,2.204E+01,1.287E+01,1.287E+01,0.9997
906,6: Graphite (density 1.7 g/cm3),5.500E+02,2.059E+01,6.598E-03,2.060E+01,1.522E+01,1.522E+01,0.9997
906,6: Graphite (density 1.7 g/cm3),6.000E+02,1.937E+01,6.049E-03,1.938E+01,1.773E+01,1.772E+01,0.9997
906,6: Graphite (density 1.7 g/cm3),6.500E+02,1.834E+01,5.585E-03,1.834E+01,2.038E+01,2.037E+01,0.9997
906,6: Graphite (density 1.7 g/cm3),7.000E+02,1.744E+01,5.189E-03,1.745E+01,2.318E+01,2.317E+01,0.9997
906,6: Graphite (density 1.7 g/cm3),7.500E+02,1.666E+01,4.847E-03,1.667E+01,2.611E+01,2.610E+01,0.9997
906,6: Graphite (density 1.7 g/cm3),8.000E+02,1.598E+01,4.548E-03,1.598E+01,2.917E+01,2.917E+01,0.9997
906,6: Graphite (density 1.7 g/cm3),8.500E+02,1.537E+01,4.282E-03,1.538E+01,3.236E+01,3.236E+01,0.9997
906,6: Graphite (density 1.7 g/cm3),9.000E+02,1.483E+01,4.046E-03,1.483E+01,3.568E+01,3.567E+01,0.9997
906,6: Graphite (density 1.7 g/cm3),9.500E+02,1.434E+01,3.834E-03,1.435E+01,3.910E+01,3.909E+01,0.9997
906,6: Graphite (density 1.7 g/cm3),1.000E+03,1.391E+01,3.643E-03,1.391E+01,4.264E+01,4.263E+01,0.9997
007,7: Nitrogen,1.000E-03,8.280E+01,1.384E+02,2.212E+02,5.310E-06,2.021E-06,0.3806
007,7: Nitrogen,1.500E-03,1.037E+02,1.294E+02,2.331E+02,7.502E-06,3.038E-06,0.4050
007,7: Nitrogen,2.000E-03,1.216E+02,1.212E+02,2.428E+02,9.603E-06,4.087E-06,0.4256
007,7: Nitrogen,2.500E-03,1.377E+02,1.140E+02,2.517E+02,1.162E-05,5.156E-06,0.4435
007,7: Nitrogen,3.000E-03,1.523E+02,1.077E+02,2.601E+02,1.358E-05,6.237E-06,0.4594
007,7: Nitrogen,4.000E-03,1.787E+02,9.732E+01,2.760E+02,1.731E-05,8.421E-06,0.4865
007,7: Nitrogen,5.000E-03,2.023E+02,8.905E+01,2.913E+02,2.084E-05,1.061E-05,0.5093
007,7: Nitrogen,6.000E-03,2.238E+02,8.230E+01,3.061E+02,2.418E-05,1.279E-05,0.5289
007,7: Nitrogen,7.000E-03,2.438E+02,7.666E+01,3.204E+02,2.738E-05,1.495E-05,0.5461
007,7: Nitrogen,8.000E-03,2.625E+02,7.185E+01,3.344E+02,3.043E-05,1.708E-05,0.5613
007,7: Nitrogen,9.000E-03,2.802E+02,6.771E+01,3.479E+02,3.336E-05,1.918E-05,0.5750
007,7: Nitrogen,1.000E-02,2.971E+02,6.408E+01,3.612E+02,3.618E-05,2.126E-05,0.5875
007,7: Nitrogen,1.250E-02,3.362E+02,5.673E+01,3.929E+02,4.281E-05,2.629E-05,0.6140
007,7: Nitrogen,1.500E-02,3.720E+02,5.108E+01,4.230E+02,4.894E-05,3.112E-05,0.6358
007,7: Nitrogen,1.750E-02,4.051E+02,4.658E+01,4.517E+02,5.466E-05,3.576E-05,0.6542
007,7: Nitrogen,2.000E-02,4.362E+02,4.290E+01,4.791E+02,6.003E-05,4.022E-05,0.6700
007,7: Nitrogen,2.250E-02,4.655E+02,3.982E+01,5.054E+02,6.511E-05,4.452E-05,0.6837
007,7: Nitrogen,2.500E-02,4.934E+02,3.721E+01,5.306E+02,6.994E-05,4.866E-05,0.6958
007,7: Nitrogen,2.750E-02,5.201E+02,3.495E+01,5.551E+02,7.454E-05,5.267E-05,0.7066
007,7: Nitrogen,3.000E-02,5.457E+02,3.299E+01,5.787E+02,7.895E-05,5.655E-05,0.7163
007,7: Nitrogen,3.500E-02,5.941E+02,2.971E+01,6.238E+02,8.727E-05,6.397E-05,0.7330
007,7: Nitrogen,4.000E-02,6.393E+02,2.709E+01,6.664E+02,9.502E-05,7.099E-05,0.7471
007,7: Nitrogen,4.500E-02,6.820E+02,2.494E+01,7.069E+02,1.023E-04,7.766E-05,0.7591
007,7: Nitrogen,5.000E-02,7.225E+02,2.314E+01,7.456E+02,1.092E-04,8.402E-05,0.7695
007,7: Nitrogen,5.500E-02,7.610E+02,2.160E+01,7.826E+02,1.157E-04,9.012E-05,0.7787
007,7: Nitrogen,6.000E-02,7.979E+02,2.027E+01,8.182E+02,1.220E-04,9.598E-05,0.7868
007,7: Nitrogen,6.500E-02,8.334E+02,1.912E+01,8.525E+02,1.280E-04,1.016E-04,0.7941
007,7: Nitrogen,7.000E-02,8.674E+02,1.810E+01,8.855E+02,1.337E-04,1.071E-04,0.8007
007,7: Nitrogen,7.500E-02,9.003E+02,1.719E+01,9.175E+02,1.393E-04,1.123E-04,0.8067
007,7: Nitrogen,8.000E-02,9.320E+02,1.638E+01,9.484E+02,1.446E-04,1.175E-04,0.8121
007,7: Nitrogen,8.500E-02,9.628E+02,1.565E+01,9.784E+02,1.498E-04,1.224E-04,0.8172
007,7: Nitrogen,9.000E-02,9.925E+02,1.499E+01,1.008E+03,1.548E-04,1.273E-04,0.8218
007,7: Nitrogen,9.500E-02,1.021E+03,1.438E+01,1.036E+03,1.597E-04,1.320E-04,0.8261
007,7: Nitrogen,1.000E-01,1.049E+03,1.383E+01,1.063E+03,1.645E-04,1.366E-04,0.8301
007,7: Nitrogen,1.250E-01,1.179E+03,1.164E+01,1.190E+03,1.867E-04,1.581E-04,0.8467
007,7: Nitrogen,1.500E-01,1.293E+03,1.010E+01,1.303E+03,2.067E-04,1.776E-04,0.8592
007,7: Nitrogen,1.750E-01,1.395E+03,8.937E+00,1.404E+03,2.252E-04,1.957E-04,0.8691
007,7: Nitrogen,2.000E-01,1.486E+03,8.035E+00,1.494E+03,2.425E-04,2.127E-04,0.8772
007,7: Nitrogen,2.250E-01,1.567E+03,7.310E+00,1.574E+03,2.588E-04,2.287E-04,0.8840
007,7: Nitrogen,2.500E-01,1.640E+03,6.714E+00,1.647E+03,2.743E-04,2.441E-04,0.8899
007,7: Nitrogen,2.750E-01,1.706E+03,6.215E+00,1.712E+03,2.892E-04,2.588E-04,0.8950
007,7: Nitrogen,3.000E-01,1.765E+03,5.790E+00,1.771E+03,3.035E-04,2.730E-04,0.8995
007,7: Nitrogen,3.500E-01,1.864E+03,5.103E+00,1.869E+03,3.310E-04,3.002E-04,0.9071
007,7: Nitrogen,4.000E-01,1.940E+03,4.572E+00,1.945E+03,3.572E-04,3.262E-04,0.9134
007,7: Nitrogen,4.500E-01,1.999E+03,4.147E+00,2.003E+03,3.825E-04,3.514E-04,0.9187
007,7: Nitrogen,5.000E-01,2.041E+03,3.799E+00,2.045E+03,4.072E-04,3.759E-04,0.9233
007,7: Nitrogen,5.500E-01,2.069E+03,3.509E+00,2.073E+03,4.314E-04,4.001E-04,0.9273
007,7: Nitrogen,6.000E-01,2.086E+03,3.263E+00,2.089E+03,4.555E-04,4.240E-04,0.9309
007,7: Nitrogen,6.500E-01,2.093E+03,3.051E+00,2.096E+03,4.794E-04,4.478E-04,0.9342
007,7: Nitrogen,7.000E-01,2.091E+03,2.866E+00,2.094E+03,5.032E-04,4.716E-04,0.9371
007,7: Nitrogen,7.500E-01,2.083E+03,2.704E+00,2.086E+03,5.271E-04,4.954E-04,0.9398
007,7: Nitrogen,8.000E-01,2.069E+03,2.561E+00,2.072E+03,5.512E-04,5.194E-04,0.9423
007,7: Nitrogen,8.500E-01,2.051E+03,2.433E+00,2.054E+03,5.754E-04,5.435E-04,0.9446
007,7: Nitrogen,9.000E-01,2.030E+03,2.318E+00,2.032E+03,5.999E-04,5.679E-04,0.9468
007,7: Nitrogen,9.500E-01,2.005E+03,2.214E+00,2.007E+03,6.246E-04,5.926E-04,0.9488
007,7: Nitrogen,1.000E+00,1.978E+03,2.119E+00,1.980E+03,6.497E-04,6.176E-04,0.9506
007,7: Nitrogen,1.250E+00,1.819E+03,1.752E+00,1.820E+03,7.812E-04,7.489E-04,0.9586
007,7: Nitrogen,1.500E+00,1.660E+03,1.498E+00,1.662E+03,9.250E-04,8.924E-04,0.9648
007,7: Nitrogen,1.750E+00,1.522E+03,1.312E+00,1.524E+03,1.082E-03,1.049E-03,0.9697
007,7: Nitrogen,2.000E+00,1.406E+03,1.169E+00,1.407E+03,1.253E-03,1.220E-03,0.9736
007,7: Nitrogen,2.250E+00,1.308E+03,1.055E+00,1.309E+03,1.437E-03,1.404E-03,0.9768
007,7: Nitrogen,2.500E+00,1.224E+03,9.629E-01,1.225E+03,1.635E-03,1.601E-03,0.9795
007,7: Nitrogen,2.750E+00,1.151E+03,8.862E-01,1.151E+03,1.846E-03,1.812E-03,0.9817
007,7: Nitrogen,3.000E+00,1.088E+03,8.214E-01,1.089E+03,2.069E-03,2.035E-03,0.9836
007,7: Nitrogen,3.500E+00,9.829E+02,7.178E-01,9.836E+02,2.553E-03,2.518E-03,0.9865
007,7: Nitrogen,4.000E+00,8.985E+02,6.385E-01,8.992E+02,3.085E-03,3.050E-03,0.9887
007,7: Nitrogen,4.500E+00,8.295E+02,5.757E-01,8.301E+02,3.665E-03,3.629E-03,0.9903
007,7: Nitrogen,5.000E+00,7.711E+02,5.246E-01,7.716E+02,4.290E-03,4.254E-03,0.9916
007,7: Nitrogen,5.500E+00,7.213E+02,4.823E-01,7.218E+02,4.960E-03,4.924E-03,0.9927
007,7: Nitrogen,6.000E+00,6.785E+02,4.466E-01,6.789E+02,5.675E-03,5.638E-03,0.9935
007,7: Nitrogen,6.500E+00,6.410E+02,4.160E-01,6.414E+02,6.433E-03,6.395E-03,0.9942
007,7: Nitrogen,7.000E+00,6.080E+02,3.895E-01,6.084E+02,7.234E-03,7.196E-03,0.9947
007,7: Nitrogen,7.500E+00,5.786E+02,3.664E-01,5.790E+02,8.077E-03,8.038E-03,0.9952
007,7: Nitrogen,8.000E+00,5.523E+02,3.459E-01,5.526E+02,8.961E-03,8.921E-03,0.9956
007,7: Nitrogen,8.500E+00,5.285E+02,3.277E-01,5.288E+02,9.886E-03,9.846E-03,0.9960
007,7: Nitrogen,9.000E+00,5.069E+02,3.115E-01,5.072E+02,1.085E-02,1.081E-02,0.9963
007,7: Nitrogen,9.500E+00,4.872E+02,2.968E-01,4.875E+02,1.186E-02,1.182E-02,0.9965
007,7: Nitrogen,1.000E+01,4.691E+02,2.835E-01,4.694E+02,1.290E-02,1.286E-02,0.9967
007,7: Nitrogen,1.250E+01,3.973E+02,2.322E-01,3.975E+02,1.871E-02,1.867E-02,0.9976
007,7: Nitrogen,1.500E+01,3.462E+02,1.970E-01,3.464E+02,2.547E-02,2.542E-02,0.9980
007,7: Nitrogen,1.750E+01,3.078E+02,1.715E-01,3.080E+02,3.314E-02,3.308E-02,0.9984
007,7: Nitrogen,2.000E+01,2.777E+02,1.520E-01,2.778E+02,4.170E-02,4.164E-02,0.9986
007,7: Nitrogen,2.500E+01,2.333E+02,1.241E-01,2.335E+02,6.141E-02,6.134E-02,0.9989
007,7: Nitrogen,2.750E+01,2.165E+02,1.138E-01,2.166E+02,7.254E-02,7.246E-02,0.9990
007,7: Nitrogen,3.000E+01,2.021E+02,1.051E-01,2.022E+02,8.449E-02,8.441E-02,0.9990
007,7: Nitrogen,3.500E+01,1.789E+02,9.123E-02,1.789E+02,1.108E-01,1.107E-01,0.9991
007,7: Nitrogen,4.000E+01,1.608E+02,8.069E-02,1.609E+02,1.403E-01,1.402E-01,0.9992
007,7: Nitrogen,4.500E+01,1.463E+02,7.238E-02,1.464E+02,1.730E-01,1.728E-01,0.9993
007,7: Nitrogen,5.000E+01,1.344E+02,6.567E-02,1.345E+02,2.086E-01,2.085E-01,0.9993
007,7: Nitrogen,5.500E+01,1.245E+02,6.011E-02,1.246E+02,2.473E-01,2.471E-01,0.9993
007,7: Nitrogen,6.000E+01,1.161E+02,5.543E-02,1.161E+02,2.889E-01,2.887E-01,0.9994
007,7: Nitrogen,6.500E+01,1.088E+02,5.144E-02,1.088E+02,3.334E-01,3.332E-01,0.9994
007,7: Nitrogen,7.000E+01,1.025E+02,4.799E-02,1.025E+02,3.808E-01,3.806E-01,0.9994
007,7: Nitrogen,7.500E+01,9.690E+01,4.498E-02,9.694E+01,4.310E-01,4.307E-01,0.9994
007,7: Nitrogen,8.000E+01,9.197E+01,4.234E-02,9.201E+01,4.839E-01,4.836E-01,0.9994
007,7: Nitrogen,8.500E+01,8.756E+01,4.000E-02,8.760E+01,5.396E-01,5.393E-01,0.9994
007,7: Nitrogen,9.000E+01,8.360E+01,3.791E-02,8.364E+01,5.981E-01,5.977E-01,0.9995
007,7: Nitrogen,9.500E+01,8.002E+01,3.603E-02,8.006E+01,6.592E-01,6.588E-01,0.9995
007,7: Nitrogen,1.000E+02,7.677E+01,3.433E-02,7.680E+01,7.230E-01,7.226E-01,0.9995
007,7: Nitrogen,1.250E+02,6.410E+01,2.778E-02,6.413E+01,1.081E+00,1.080E+00,0.9995
007,7: Nitrogen,1.500E+02,5.536E+01,2.333E-02,5.538E+01,1.502E+00,1.501E+00,0.9995
007,7: Nitrogen,1.750E+02,4.894E+01,2.012E-02,4.896E+01,1.983E+00,1.982E+00,0.9995
007,7: Nitrogen,2.000E+02,4.401E+01,1.769E-02,4.403E+01,2.522E+00,2.521E+00,0.9996
007,7: Nitrogen,2.250E+02,4.011E+01,1.579E-02,4.012E+01,3.118E+00,3.117E+00,0.9996
007,7: Nitrogen,2.500E+02,3.693E+01,1.426E-02,3.694E+01,3.768E+00,3.766E+00,0.9996
007,7: Nitrogen,2.750E+02,3.429E+01,1.301E-02,3.431E+01,4.471E+00,4.469E+00,0.9996
007,7: Nitrogen,3.000E+02,3.207E+01,1.195E-02,3.208E+01,5.225E+00,5.223E+00,0.9996
007,7: Nitrogen,3.500E+02,2.852E+01,1.028E-02,2.853E+01,6.881E+00,6.879E+00,0.9996
007,7: Nitrogen,4.000E+02,2.581E+01,9.014E-03,2.582E+01,8.727E+00,8.723E+00,0.9996
007,7: Nitrogen,4.500E+02,2.367E+01,8.028E-03,2.368E+01,1.075E+01,1.075E+01,0.9996
007,7: Nitrogen,5.000E+02,2.193E+01,7.240E-03,2.194E+01,1.295E+01,1.294E+01,0.9996
007,7: Nitrogen,5.500E+02,2.050E+01,6.594E-03,2.051E+01,1.531E+01,1.530E+01,0.9996
007,7: Nitrogen,6.000E+02,1.930E+01,6.051E-03,1.930E+01,1.782E+01,1.782E+01,0.9996
007,7: Nitrogen,6.500E+02,1.827E+01,5.588E-03,1.827E+01,2.049E+01,2.048E+01,0.9996
007,7: Nitrogen,7.000E+02,1.738E+01,5.190E-03,1.739E+01,2.329E+01,2.328E+01,0.9996
007,7: Nitrogen,7.500E+02,1.661E+01,4.845E-03,1.661E+01,2.623E+01,2.623E+01,0.9997
007,7: Nitrogen,8.000E+02,1.593E+01,4.544E-03,1.594E+01,2.931E+01,2.930E+01,0.9997
007,7: Nitrogen,8.500E+02,1.533E+01,4.280E-03,1.533E+01,3.251E+01,3.250E+01,0.9997
007,7: Nitrogen,9.000E+02,1.479E+01,4.045E-03,1.480E+01,3.583E+01,3.582E+01,0.9997
007,7: Nitrogen,9.500E+02,1.431E+01,3.834E-03,1.432E+01,3.926E+01,3.925E+01,0.9997
007,7: Nitrogen,1.000E+03,1.388E+01,3.644E-03,1.388E+01,4.281E+01,4.280E+01,0.9997
008,8: Oxygen,1.000E-03,1.058E+02,1.243E+02,2.301E+02,5.405E-06,2.001E-06,0.3702
008,8: Oxygen,1.500E-03,1.283E+02,1.173E+02,2.456E+02,7.497E-06,2.967E-06,0.3957
008,8: Oxygen,2.000E-03,1.471E+02,1.105E+02,2.576E+02,9.484E-06,3.957E-06,0.4172
008,8: Oxygen,2.500E-03,1.636E+02,1.045E+02,2.681E+02,1.139E-05,4.961E-06,0.4357
008,8: Oxygen,3.000E-03,1.784E+02,9.912E+01,2.775E+02,1.322E-05,5.976E-06,0.4521
008,8: Oxygen,4.000E-03,2.046E+02,9.012E+01,2.947E+02,1.671E-05,8.020E-06,0.4799
008,8: Oxygen,5.000E-03,2.275E+02,8.286E+01,3.104E+02,2.002E-05,1.007E-05,0.5031
008,8: Oxygen,6.000E-03,2.481E+02,7.687E+01,3.250E+02,2.317E-05,1.211E-05,0.5230
008,8: Oxygen,7.000E-03,2.670E+02,7.183E+01,3.388E+02,2.618E-05,1.415E-05,0.5404
008,8: Oxygen,8.000E-03,2.845E+02,6.751E+01,3.520E+02,2.907E-05,1.616E-05,0.5558
008,8: Oxygen,9.000E-03,3.009E+02,6.376E+01,3.647E+02,3.186E-05,1.815E-05,0.5697
008,8: Oxygen,1.000E-02,3.163E+02,6.047E+01,3.768E+02,3.456E-05,2.012E-05,0.5822
008,8: Oxygen,1.250E-02,3.518E+02,5.375E+01,4.055E+02,4.095E-05,2.494E-05,0.6091
008,8: Oxygen,1.500E-02,3.836E+02,4.855E+01,4.321E+02,4.692E-05,2.962E-05,0.6312
008,8: Oxygen,1.750E-02,4.127E+02,4.439E+01,4.571E+02,5.254E-05,3.415E-05,0.6498
008,8: Oxygen,2.000E-02,4.398E+02,4.096E+01,4.807E+02,5.788E-05,3.854E-05,0.6659
008,8: Oxygen,2.250E-02,4.650E+02,3.809E+01,5.031E+02,6.296E-05,4.280E-05,0.6799
008,8: Oxygen,2.500E-02,4.889E+02,3.565E+01,5.245E+02,6.782E-05,4.695E-05,0.6922
008,8: Oxygen,2.750E-02,5.115E+02,3.353E+01,5.450E+02,7.250E-05,5.098E-05,0.7032
008,8: Oxygen,3.000E-02,5.330E+02,3.168E+01,5.647E+02,7.700E-05,5.492E-05,0.7132
008,8: Oxygen,3.500E-02,5.733E+02,2.859E+01,6.019E+02,8.558E-05,6.250E-05,0.7304
008,8: Oxygen,4.000E-02,6.106E+02,2.611E+01,6.367E+02,9.365E-05,6.976E-05,0.7449
008,8: Oxygen,4.500E-02,6.455E+02,2.407E+01,6.696E+02,1.013E-04,7.671E-05,0.7573
008,8: Oxygen,5.000E-02,6.783E+02,2.235E+01,7.007E+02,1.086E-04,8.341E-05,0.7680
008,8: Oxygen,5.500E-02,7.094E+02,2.089E+01,7.303E+02,1.156E-04,8.987E-05,0.7775
008,8: Oxygen,6.000E-02,7.389E+02,1.962E+01,7.586E+02,1.223E-04,9.613E-05,0.7860
008,8: Oxygen,6.500E-02,7.671E+02,1.852E+01,7.857E+02,1.288E-04,1.022E-04,0.7935
008,8: Oxygen,7.000E-02,7.941E+02,1.754E+01,8.117E+02,1.350E-04,1.081E-04,0.8004
008,8: Oxygen,7.500E-02,8.200E+02,1.667E+01,8.367E+02,1.411E-04,1.138E-04,0.8066
008,8: Oxygen,8.000E-02,8.450E+02,1.589E+01,8.609E+02,1.470E-04,1.194E-04,0.8123
008,8: Oxygen,8.500E-02,8.690E+02,1.519E+01,8.842E+02,1.527E-04,1.249E-04,0.8175
008,8: Oxygen,9.000E-02,8.923E+02,1.456E+01,9.068E+02,1.583E-04,1.302E-04,0.8224
008,8: Oxygen,9.500E-02,9.147E+02,1.398E+01,9.287E+02,1.638E-04,1.354E-04,0.8269
008,8: Oxygen,1.000E-01,9.365E+02,1.344E+01,9.500E+02,1.691E-04,1.405E-04,0.8310
008,8: Oxygen,1.250E-01,1.036E+03,1.134E+01,1.048E+03,1.941E-04,1.647E-04,0.8483
008,8: Oxygen,1.500E-01,1.124E+03,9.840E+00,1.134E+03,2.170E-04,1.869E-04,0.8613
008,8: Oxygen,1.750E-01,1.202E+03,8.719E+00,1.211E+03,2.383E-04,2.078E-04,0.8717
008,8: Oxygen,2.000E-01,1.272E+03,7.845E+00,1.280E+03,2.584E-04,2.274E-04,0.8801
008,8: Oxygen,2.250E-01,1.335E+03,7.142E+00,1.342E+03,2.775E-04,2.462E-04,0.8871
008,8: Oxygen,2.500E-01,1.392E+03,6.563E+00,1.399E+03,2.957E-04,2.641E-04,0.8931
008,8: Oxygen,2.750E-01,1.444E+03,6.078E+00,1.450E+03,3.133E-04,2.814E-04,0.8984
008,8: Oxygen,3.000E-01,1.491E+03,5.664E+00,1.497E+03,3.302E-04,2.982E-04,0.9030
008,8: Oxygen,3.500E-01,1.573E+03,4.996E+00,1.578E+03,3.627E-04,3.303E-04,0.9107
008,8: Oxygen,4.000E-01,1.639E+03,4.478E+00,1.644E+03,3.938E-04,3.611E-04,0.9170
008,8: Oxygen,4.500E-01,1.693E+03,4.064E+00,1.697E+03,4.237E-04,3.908E-04,0.9223
008,8: Oxygen,5.000E-01,1.735E+03,3.725E+00,1.739E+03,4.528E-04,4.197E-04,0.9269
008,8: Oxygen,5.500E-01,1.768E+03,3.441E+00,1.771E+03,4.812E-04,4.480E-04,0.9309
008,8: Oxygen,6.000E-01,1.792E+03,3.201E+00,1.795E+03,5.093E-04,4.758E-04,0.9344
008,8: Oxygen,6.500E-01,1.808E+03,2.994E+00,1.811E+03,5.370E-04,5.034E-04,0.9375
008,8: Oxygen,7.000E-01,1.818E+03,2.813E+00,1.820E+03,5.645E-04,5.308E-04,0.9403
008,8: Oxygen,7.500E-01,1.821E+03,2.655E+00,1.824E+03,5.920E-04,5.581E-04,0.9429
008,8: Oxygen,8.000E-01,1.820E+03,2.515E+00,1.822E+03,6.194E-04,5.855E-04,0.9452
008,8: Oxygen,8.500E-01,1.814E+03,2.389E+00,1.817E+03,6.468E-04,6.128E-04,0.9474
008,8: Oxygen,9.000E-01,1.805E+03,2.277E+00,1.807E+03,6.744E-04,6.403E-04,0.9494
008,8: Oxygen,9.500E-01,1.792E+03,2.175E+00,1.794E+03,7.022E-04,6.680E-04,0.9513
008,8: Oxygen,1.000E+00,1.777E+03,2.082E+00,1.779E+03,7.302E-04,6.959E-04,0.9530
008,8: Oxygen,1.250E+00,1.667E+03,1.722E+00,1.669E+03,8.750E-04,8.403E-04,0.9604
008,8: Oxygen,1.500E+00,1.544E+03,1.474E+00,1.545E+03,1.031E-03,9.957E-04,0.9660
008,8: Oxygen,1.750E+00,1.430E+03,1.291E+00,1.431E+03,1.199E-03,1.164E-03,0.9705
008,8: Oxygen,2.000E+00,1.329E+03,1.151E+00,1.330E+03,1.380E-03,1.345E-03,0.9742
008,8: Oxygen,2.250E+00,1.241E+03,1.039E+00,1.242E+03,1.575E-03,1.539E-03,0.9772
008,8: Oxygen,2.500E+00,1.164E+03,9.484E-01,1.165E+03,1.783E-03,1.747E-03,0.9797
008,8: Oxygen,2.750E+00,1.097E+03,8.731E-01,1.098E+03,2.004E-03,1.968E-03,0.9818
008,8: Oxygen,3.000E+00,1.038E+03,8.094E-01,1.039E+03,2.238E-03,2.201E-03,0.9836
008,8: Oxygen,3.500E+00,9.395E+02,7.076E-01,9.402E+02,2.745E-03,2.708E-03,0.9864
008,8: Oxygen,4.000E+00,8.602E+02,6.295E-01,8.609E+02,3.301E-03,3.263E-03,0.9885
008,8: Oxygen,4.500E+00,7.947E+02,5.677E-01,7.952E+02,3.906E-03,3.868E-03,0.9901
008,8: Oxygen,5.000E+00,7.395E+02,5.175E-01,7.401E+02,4.558E-03,4.519E-03,0.9914
008,8: Oxygen,5.500E+00,6.924E+02,4.759E-01,6.929E+02,5.257E-03,5.217E-03,0.9924
008,8: Oxygen,6.000E+00,6.519E+02,4.407E-01,6.523E+02,6.001E-03,5.961E-03,0.9932
008,8: Oxygen,6.500E+00,6.161E+02,4.106E-01,6.165E+02,6.790E-03,6.749E-03,0.9939
008,8: Oxygen,7.000E+00,5.845E+02,3.845E-01,5.849E+02,7.623E-03,7.581E-03,0.9945
008,8: Oxygen,7.500E+00,5.564E+02,3.617E-01,5.568E+02,8.500E-03,8.457E-03,0.9950
008,8: Oxygen,8.000E+00,5.313E+02,3.416E-01,5.317E+02,9.419E-03,9.375E-03,0.9954
008,8: Oxygen,8.500E+00,5.086E+02,3.237E-01,5.089E+02,1.038E-02,1.034E-02,0.9957
008,8: Oxygen,9.000E+00,4.880E+02,3.076E-01,4.883E+02,1.138E-02,1.134E-02,0.9960
008,8: Oxygen,9.500E+00,4.692E+02,2.932E-01,4.695E+02,1.243E-02,1.238E-02,0.9963
008,8: Oxygen,1.000E+01,4.520E+02,2.801E-01,4.523E+02,1.351E-02,1.347E-02,0.9965
008,8: Oxygen,1.250E+01,3.834E+02,2.295E-01,3.837E+02,1.954E-02,1.949E-02,0.9974
008,8: Oxygen,1.500E+01,3.345E+02,1.948E-01,3.347E+02,2.653E-02,2.648E-02,0.9979
008,8: Oxygen,1.750E+01,2.977E+02,1.696E-01,2.978E+02,3.447E-02,3.441E-02,0.9982
008,8: Oxygen,2.000E+01,2.688E+02,1.503E-01,2.690E+02,4.331E-02,4.325E-02,0.9984
008,8: Oxygen,2.500E+01,2.263E+02,1.228E-01,2.265E+02,6.366E-02,6.358E-02,0.9987
008,8: Oxygen,2.750E+01,2.101E+02,1.126E-01,2.102E+02,7.512E-02,7.503E-02,0.9988
008,8: Oxygen,3.000E+01,1.963E+02,1.041E-01,1.964E+02,8.743E-02,8.734E-02,0.9989
008,8: Oxygen,3.500E+01,1.739E+02,9.039E-02,1.739E+02,1.145E-01,1.144E-01,0.9990
008,8: Oxygen,4.000E+01,1.564E+02,7.997E-02,1.565E+02,1.449E-01,1.448E-01,0.9991
008,8: Oxygen,4.500E+01,1.424E+02,7.177E-02,1.425E+02,1.784E-01,1.783E-01,0.9992
008,8: Oxygen,5.000E+01,1.309E+02,6.512E-02,1.310E+02,2.151E-01,2.149E-01,0.9992
008,8: Oxygen,5.500E+01,1.213E+02,5.963E-02,1.214E+02,2.547E-01,2.545E-01,0.9992
008,8: Oxygen,6.000E+01,1.131E+02,5.502E-02,1.132E+02,2.974E-01,2.972E-01,0.9993
008,8: Oxygen,6.500E+01,1.061E+02,5.107E-02,1.062E+02,3.431E-01,3.428E-01,0.9993
008,8: Oxygen,7.000E+01,9.997E+01,4.766E-02,1.000E+02,3.916E-01,3.913E-01,0.9993
008,8: Oxygen,7.500E+01,9.457E+01,4.468E-02,9.462E+01,4.430E-01,4.427E-01,0.9993
008,8: Oxygen,8.000E+01,8.979E+01,4.206E-02,8.983E+01,4.973E-01,4.970E-01,0.9993
008,8: Oxygen,8.500E+01,8.551E+01,3.974E-02,8.555E+01,5.543E-01,5.540E-01,0.9994
008,8: Oxygen,9.000E+01,8.166E+01,3.766E-02,8.170E+01,6.142E-01,6.138E-01,0.9994
008,8: Oxygen,9.500E+01,7.818E+01,3.580E-02,7.822E+01,6.767E-01,6.763E-01,0.9994
008,8: Oxygen,1.000E+02,7.502E+01,3.412E-02,7.505E+01,7.420E-01,7.416E-01,0.9994
008,8: Oxygen,1.250E+02,6.270E+01,2.764E-02,6.273E+01,1.108E+00,1.107E+00,0.9994
008,8: Oxygen,1.500E+02,5.418E+01,2.324E-02,5.420E+01,1.538E+00,1.537E+00,0.9994
008,8: Oxygen,1.750E+02,4.792E+01,2.004E-02,4.794E+01,2.030E+00,2.029E+00,0.9995
008,8: Oxygen,2.000E+02,4.311E+01,1.763E-02,4.313E+01,2.580E+00,2.579E+00,0.9995
008,8: Oxygen,2.250E+02,3.930E+01,1.574E-02,3.932E+01,3.188E+00,3.187E+00,0.9995
008,8: Oxygen,2.500E+02,3.620E+01,1.422E-02,3.621E+01,3.852E+00,3.850E+00,0.9995
008,8: Oxygen,2.750E+02,3.363E+01,1.297E-02,3.364E+01,4.568E+00,4.566E+00,0.9995
008,8: Oxygen,3.000E+02,3.145E+01,1.192E-02,3.146E+01,5.337E+00,5.335E+00,0.9995
008,8: Oxygen,3.500E+02,2.798E+01,1.026E-02,2.799E+01,7.026E+00,7.023E+00,0.9995
008,8: Oxygen,4.000E+02,2.533E+01,9.005E-03,2.534E+01,8.907E+00,8.903E+00,0.9995
008,8: Oxygen,4.500E+02,2.323E+01,8.020E-03,2.324E+01,1.097E+01,1.096E+01,0.9996
008,8: Oxygen,5.000E+02,2.154E+01,7.231E-03,2.155E+01,1.321E+01,1.320E+01,0.9996
008,8: Oxygen,5.500E+02,2.013E+01,6.585E-03,2.014E+01,1.561E+01,1.560E+01,0.9996
008,8: Oxygen,6.000E+02,1.895E+01,6.047E-03,1.896E+01,1.817E+01,1.816E+01,0.9996
008,8: Oxygen,6.500E+02,1.795E+01,5.589E-03,1.795E+01,2.088E+01,2.087E+01,0.9996
008,8: Oxygen,7.000E+02,1.708E+01,5.193E-03,1.709E+01,2.374E+01,2.373E+01,0.9996
008,8: Oxygen,7.500E+02,1.632E+01,4.848E-03,1.633E+01,2.673E+01,2.672E+01,0.9996
008,8: Oxygen,8.000E+02,1.566E+01,4.546E-03,1.566E+01,2.986E+01,2.985E+01,0.9996
008,8: Oxygen,8.500E+02,1.507E+01,4.279E-03,1.507E+01,3.311E+01,3.310E+01,0.9996
008,8: Oxygen,9.000E+02,1.454E+01,4.043E-03,1.455E+01,3.649E+01,3.648E+01,0.9996
008,8: Oxygen,9.500E+02,1.407E+01,3.833E-03,1.407E+01,3.999E+01,3.997E+01,0.9996
008,8: Oxygen,1.000E+03,1.365E+01,3.644E-03,1.365E+01,4.360E+01,4.358E+01,0.9996
010,10: Neon,1.000E-03,6.873E+01,1.008E+02,1.695E+02,7.354E-06,2.253E-06,0.3064
010,10: Neon,1.500E-03,8.370E+01,9.653E+01,1.802E+02,1.020E-05,3.346E-06,0.3281
010,10: Neon,2.000E-03,9.626E+01,9.197E+01,1.882E+02,1.291E-05,4.477E-06,0.3467
010,10: Neon,2.500E-03,1.073E+02,8.767E+01,1.950E+02,1.552E-05,5.634E-06,0.3629
010,10: Neon,3.000E-03,1.172E+02,8.375E+01,2.010E+02,1.805E-05,6.813E-06,0.3775
010,10: Neon,4.000E-03,1.348E+02,7.698E+01,2.118E+02,2.289E-05,9.219E-06,0.4027
010,10: Neon,5.000E-03,1.503E+02,7.137E+01,2.216E+02,2.751E-05,1.167E-05,0.4242
010,10: Neon,6.000E-03,1.642E+02,6.666E+01,2.308E+02,3.192E-05,1.414E-05,0.4430
010,10: Neon,7.000E-03,1.770E+02,6.263E+01,2.396E+02,3.618E-05,1.663E-05,0.4598
010,10: Neon,8.000E-03,1.888E+02,5.915E+01,2.480E+02,4.028E-05,1.912E-05,0.4748
010,10: Neon,9.000E-03,1.999E+02,5.609E+01,2.560E+02,4.425E-05,2.161E-05,0.4885
010,10: Neon,1.000E-02,2.104E+02,5.339E+01,2.638E+02,4.809E-05,2.410E-05,0.5010
010,10: Neon,1.250E-02,2.345E+02,4.780E+01,2.823E+02,5.725E-05,3.025E-05,0.5284
010,10: Neon,1.500E-02,2.562E+02,4.342E+01,2.997E+02,6.584E-05,3.630E-05,0.5513
010,10: Neon,1.750E-02,2.761E+02,3.988E+01,3.160E+02,7.396E-05,4.224E-05,0.5711
010,10: Neon,2.000E-02,2.946E+02,3.695E+01,3.316E+02,8.168E-05,4.805E-05,0.5883
010,10: Neon,2.250E-02,3.119E+02,3.447E+01,3.464E+02,8.906E-05,5.375E-05,0.6035
010,10: Neon,2.500E-02,3.283E+02,3.234E+01,3.606E+02,9.613E-05,5.933E-05,0.6172
010,10: Neon,2.750E-02,3.438E+02,3.050E+01,3.743E+02,1.029E-04,6.479E-05,0.6294
010,10: Neon,3.000E-02,3.586E+02,2.887E+01,3.874E+02,1.095E-04,7.014E-05,0.6406
010,10: Neon,3.500E-02,3.863E+02,2.615E+01,4.125E+02,1.220E-04,8.053E-05,0.6601
010,10: Neon,4.000E-02,4.120E+02,2.395E+01,4.360E+02,1.338E-04,9.054E-05,0.6767
010,10: Neon,4.500E-02,4.361E+02,2.213E+01,4.582E+02,1.450E-04,1.002E-04,0.6911
010,10: Neon,5.000E-02,4.588E+02,2.060E+01,4.794E+02,1.556E-04,1.095E-04,0.7038
010,10: Neon,5.500E-02,4.803E+02,1.928E+01,4.996E+02,1.658E-04,1.186E-04,0.7150
010,10: Neon,6.000E-02,5.008E+02,1.814E+01,5.189E+02,1.757E-04,1.274E-04,0.7250
010,10: Neon,6.500E-02,5.203E+02,1.714E+01,5.375E+02,1.851E-04,1.359E-04,0.7341
010,10: Neon,7.000E-02,5.391E+02,1.626E+01,5.554E+02,1.943E-04,1.442E-04,0.7423
010,10: Neon,7.500E-02,5.571E+02,1.547E+01,5.726E+02,2.031E-04,1.523E-04,0.7499
010,10: Neon,8.000E-02,5.745E+02,1.476E+01,5.892E+02,2.118E-04,1.603E-04,0.7568
010,10: Neon,8.500E-02,5.912E+02,1.412E+01,6.054E+02,2.201E-04,1.680E-04,0.7632
010,10: Neon,9.000E-02,6.075E+02,1.354E+01,6.210E+02,2.283E-04,1.756E-04,0.7691
010,10: Neon,9.500E-02,6.232E+02,1.301E+01,6.362E+02,2.362E-04,1.830E-04,0.7746
010,10: Neon,1.000E-01,6.384E+02,1.253E+01,6.509E+02,2.440E-04,1.903E-04,0.7797
010,10: Neon,1.250E-01,7.084E+02,1.059E+01,7.190E+02,2.805E-04,2.247E-04,0.8011
010,10: Neon,1.500E-01,7.703E+02,9.217E+00,7.795E+02,3.139E-04,2.566E-04,0.8174
010,10: Neon,1.750E-01,8.256E+02,8.181E+00,8.338E+02,3.448E-04,2.864E-04,0.8304
010,10: Neon,2.000E-01,8.757E+02,7.371E+00,8.831E+02,3.740E-04,3.145E-04,0.8411
010,10: Neon,2.250E-01,9.212E+02,6.718E+00,9.279E+02,4.016E-04,3.414E-04,0.8501
010,10: Neon,2.500E-01,9.628E+02,6.180E+00,9.690E+02,4.279E-04,3.671E-04,0.8578
010,10: Neon,2.750E-01,1.001E+03,5.728E+00,1.007E+03,4.532E-04,3.918E-04,0.8645
010,10: Neon,3.000E-01,1.036E+03,5.342E+00,1.041E+03,4.776E-04,4.157E-04,0.8704
010,10: Neon,3.500E-01,1.098E+03,4.718E+00,1.102E+03,5.243E-04,4.615E-04,0.8803
010,10: Neon,4.000E-01,1.150E+03,4.233E+00,1.154E+03,5.685E-04,5.051E-04,0.8885
010,10: Neon,4.500E-01,1.194E+03,3.845E+00,1.197E+03,6.111E-04,5.471E-04,0.8953
010,10: Neon,5.000E-01,1.230E+03,3.527E+00,1.234E+03,6.522E-04,5.877E-04,0.9012
010,10: Neon,5.500E-01,1.260E+03,3.260E+00,1.264E+03,6.922E-04,6.274E-04,0.9063
010,10: Neon,6.000E-01,1.285E+03,3.034E+00,1.288E+03,7.314E-04,6.662E-04,0.9109
010,10: Neon,6.500E-01,1.304E+03,2.839E+00,1.307E+03,7.699E-04,7.044E-04,0.9149
010,10: Neon,7.000E-01,1.319E+03,2.669E+00,1.322E+03,8.079E-04,7.421E-04,0.9186
010,10: Neon,7.500E-01,1.330E+03,2.520E+00,1.333E+03,8.456E-04,7.795E-04,0.9219
010,10: Neon,8.000E-01,1.338E+03,2.388E+00,1.340E+03,8.830E-04,8.167E-04,0.9249
010,10: Neon,8.500E-01,1.343E+03,2.270E+00,1.345E+03,9.202E-04,8.537E-04,0.9277
010,10: Neon,9.000E-01,1.344E+03,2.163E+00,1.346E+03,9.574E-04,8.906E-04,0.9303
010,10: Neon,9.500E-01,1.344E+03,2.067E+00,1.346E+03,9.945E-04,9.276E-04,0.9327
010,10: Neon,1.000E+00,1.341E+03,1.980E+00,1.343E+03,1.032E-03,9.646E-04,0.9349
010,10: Neon,1.250E+00,1.296E+03,1.639E+00,1.297E+03,1.221E-03,1.153E-03,0.9443
010,10: Neon,1.500E+00,1.229E+03,1.404E+00,1.230E+03,1.418E-03,1.350E-03,0.9516
010,10: Neon,1.750E+00,1.160E+03,1.231E+00,1.161E+03,1.628E-03,1.558E-03,0.9574
010,10: Neon,2.000E+00,1.095E+03,1.097E+00,1.096E+03,1.849E-03,1.779E-03,0.9622
010,10: Neon,2.250E+00,1.035E+03,9.917E-01,1.036E+03,2.084E-03,2.014E-03,0.9662
010,10: Neon,2.500E+00,9.814E+02,9.055E-01,9.824E+02,2.332E-03,2.261E-03,0.9696
010,10: Neon,2.750E+00,9.326E+02,8.339E-01,9.335E+02,2.593E-03,2.522E-03,0.9724
010,10: Neon,3.000E+00,8.885E+02,7.734E-01,8.892E+02,2.868E-03,2.795E-03,0.9749
010,10: Neon,3.500E+00,8.121E+02,6.765E-01,8.127E+02,3.456E-03,3.383E-03,0.9789
010,10: Neon,4.000E+00,7.483E+02,6.022E-01,7.489E+02,4.098E-03,4.024E-03,0.9819
010,10: Neon,4.500E+00,6.956E+02,5.433E-01,6.961E+02,4.791E-03,4.716E-03,0.9843
010,10: Neon,5.000E+00,6.504E+02,4.954E-01,6.509E+02,5.534E-03,5.458E-03,0.9862
010,10: Neon,5.500E+00,6.113E+02,4.557E-01,6.117E+02,6.327E-03,6.250E-03,0.9878
010,10: Neon,6.000E+00,5.770E+02,4.221E-01,5.774E+02,7.169E-03,7.090E-03,0.9891
010,10: Neon,6.500E+00,5.468E+02,3.934E-01,5.472E+02,8.059E-03,7.979E-03,0.9901
010,10: Neon,7.000E+00,5.200E+02,3.685E-01,5.203E+02,8.996E-03,8.915E-03,0.9910
010,10: Neon,7.500E+00,4.960E+02,3.468E-01,4.963E+02,9.980E-03,9.898E-03,0.9918
010,10: Neon,8.000E+00,4.744E+02,3.275E-01,4.747E+02,1.101E-02,1.093E-02,0.9925
010,10: Neon,8.500E+00,4.548E+02,3.104E-01,4.551E+02,1.209E-02,1.200E-02,0.9930
010,10: Neon,9.000E+00,4.370E+02,2.951E-01,4.373E+02,1.321E-02,1.312E-02,0.9935
010,10: Neon,9.500E+00,4.207E+02,2.813E-01,4.210E+02,1.437E-02,1.429E-02,0.9940
010,10: Neon,1.000E+01,4.057E+02,2.688E-01,4.060E+02,1.558E-02,1.549E-02,0.9943
010,10: Neon,1.250E+01,3.458E+02,2.204E-01,3.460E+02,2.228E-02,2.218E-02,0.9957
010,10: Neon,1.500E+01,3.028E+02,1.873E-01,3.030E+02,3.002E-02,2.992E-02,0.9966
010,10: Neon,1.750E+01,2.703E+02,1.631E-01,2.704E+02,3.877E-02,3.866E-02,0.9971
010,10: Neon,2.000E+01,2.447E+02,1.446E-01,2.448E+02,4.850E-02,4.838E-02,0.9975
010,10: Neon,2.500E+01,2.068E+02,1.183E-01,2.069E+02,7.081E-02,7.067E-02,0.9980
010,10: Neon,2.750E+01,1.923E+02,1.085E-01,1.925E+02,8.334E-02,8.319E-02,0.9982
010,10: Neon,3.000E+01,1.800E+02,1.003E-01,1.801E+02,9.678E-02,9.662E-02,0.9983
010,10: Neon,3.500E+01,1.598E+02,8.717E-02,1.599E+02,1.263E-01,1.261E-01,0.9985
010,10: Neon,4.000E+01,1.441E+02,7.717E-02,1.442E+02,1.593E-01,1.591E-01,0.9987
010,10: Neon,4.500E+01,1.315E+02,6.929E-02,1.315E+02,1.956E-01,1.954E-01,0.9988
010,10: Neon,5.000E+01,1.210E+02,6.290E-02,1.211E+02,2.353E-01,2.350E-01,0.9989
010,10: Neon,5.500E+01,1.123E+02,5.763E-02,1.124E+02,2.782E-01,2.779E-01,0.9989
010,10: Neon,6.000E+01,1.049E+02,5.319E-02,1.049E+02,3.243E-01,3.239E-01,0.9990
010,10: Neon,6.500E+01,9.843E+01,4.940E-02,9.848E+01,3.735E-01,3.731E-01,0.9990
010,10: Neon,7.000E+01,9.283E+01,4.613E-02,9.287E+01,4.258E-01,4.254E-01,0.9990
010,10: Neon,7.500E+01,8.789E+01,4.327E-02,8.793E+01,4.811E-01,4.807E-01,0.9991
010,10: Neon,8.000E+01,8.350E+01,4.075E-02,8.354E+01,5.395E-01,5.390E-01,0.9991
010,10: Neon,8.500E+01,7.958E+01,3.851E-02,7.962E+01,6.008E-01,6.003E-01,0.9991
010,10: Neon,9.000E+01,7.605E+01,3.651E-02,7.609E+01,6.651E-01,6.645E-01,0.9991
010,10: Neon,9.500E+01,7.285E+01,3.470E-02,7.289E+01,7.322E-01,7.316E-01,0.9991
010,10: Neon,1.000E+02,6.995E+01,3.308E-02,6.998E+01,8.023E-01,8.016E-01,0.9992
010,10: Neon,1.250E+02,5.859E+01,2.683E-02,5.862E+01,1.194E+00,1.193E+00,0.9992
010,10: Neon,1.500E+02,5.072E+01,2.259E-02,5.074E+01,1.654E+00,1.653E+00,0.9993
010,10: Neon,1.750E+02,4.492E+01,1.951E-02,4.494E+01,2.179E+00,2.177E+00,0.9993
010,10: Neon,2.000E+02,4.046E+01,1.717E-02,4.048E+01,2.766E+00,2.764E+00,0.9993
010,10: Neon,2.250E+02,3.692E+01,1.534E-02,3.693E+01,3.413E+00,3.411E+00,0.9993
010,10: Neon,2.500E+02,3.403E+01,1.386E-02,3.405E+01,4.119E+00,4.116E+00,0.9993
010,10: Neon,2.750E+02,3.163E+01,1.264E-02,3.165E+01,4.881E+00,4.878E+00,0.9994
010,10: Neon,3.000E+02,2.961E+01,1.163E-02,2.962E+01,5.699E+00,5.695E+00,0.9994
010,10: Neon,3.500E+02,2.637E+01,1.002E-02,2.638E+01,7.492E+00,7.487E+00,0.9994
010,10: Neon,4.000E+02,2.389E+01,8.803E-03,2.390E+01,9.486E+00,9.481E+00,0.9994
010,10: Neon,4.500E+02,2.193E+01,7.848E-03,2.194E+01,1.167E+01,1.167E+01,0.9994
010,10: Neon,5.000E+02,2.034E+01,7.077E-03,2.035E+01,1.404E+01,1.403E+01,0.9994
010,10: Neon,5.500E+02,1.902E+01,6.444E-03,1.903E+01,1.658E+01,1.658E+01,0.9994
010,10: Neon,6.000E+02,1.792E+01,5.915E-03,1.792E+01,1.929E+01,1.928E+01,0.9994
010,10: Neon,6.500E+02,1.697E+01,5.468E-03,1.698E+01,2.216E+01,2.215E+01,0.9995
010,10: Neon,7.000E+02,1.616E+01,5.085E-03,1.616E+01,2.518E+01,2.517E+01,0.9995
010,10: Neon,7.500E+02,1.545E+01,4.752E-03,1.545E+01,2.835E+01,2.833E+01,0.9995
010,10: Neon,8.000E+02,1.482E+01,4.460E-03,1.483E+01,3.165E+01,3.163E+01,0.9995
010,10: Neon,8.500E+02,1.427E+01,4.200E-03,1.427E+01,3.509E+01,3.507E+01,0.9995
010,10: Neon,9.000E+02,1.378E+01,3.968E-03,1.378E+01,3.865E+01,3.863E+01,0.9995
010,10: Neon,9.500E+02,1.333E+01,3.760E-03,1.334E+01,4.234E+01,4.232E+01,0.9995
010,10: Neon,1.000E+03,1.293E+01,3.572E-03,1.294E+01,4.615E+01,4.613E+01,0.9995
013,13: Aluminum,1.000E-03,5.580E+01,7.469E+01,1.305E+02,9.964E-06,2.529E-06,0.2538
013,13: Aluminum,1.500E-03,7.189E+01,7.285E+01,1.447E+02,1.358E-05,3.704E-06,0.2728
013,13: Aluminum,2.000E-03,8.605E+01,7.032E+01,1.564E+02,1.690E-05,4.895E-06,0.2896
013,13: Aluminum,2.500E-03,9.892E+01,6.773E+01,1.667E+02,1.999E-05,6.094E-06,0.3048
013,13: Aluminum,3.000E-03,1.109E+02,6.525E+01,1.761E+02,2.291E-05,7.300E-06,0.3186
013,13: Aluminum,4.000E-03,1.327E+02,6.078E+01,1.935E+02,2.832E-05,9.717E-06,0.3431
013,13: Aluminum,5.000E-03,1.525E+02,5.693E+01,2.095E+02,3.329E-05,1.213E-05,0.3644
013,13: Aluminum,6.000E-03,1.709E+02,5.361E+01,2.245E+02,3.790E-05,1.452E-05,0.3832
013,13: Aluminum,7.000E-03,1.882E+02,5.072E+01,2.389E+02,4.221E-05,1.689E-05,0.4001
013,13: Aluminum,8.000E-03,2.045E+02,4.818E+01,2.527E+02,4.628E-05,1.922E-05,0.4154
013,13: Aluminum,9.000E-03,2.201E+02,4.593E+01,2.661E+02,5.014E-05,2.153E-05,0.4294
013,13: Aluminum,1.000E-02,2.351E+02,4.391E+01,2.790E+02,5.381E-05,2.379E-05,0.4422
013,13: Aluminum,1.250E-02,2.701E+02,3.969E+01,3.098E+02,6.230E-05,2.931E-05,0.4704
013,13: Aluminum,1.500E-02,3.025E+02,3.632E+01,3.388E+02,7.001E-05,3.460E-05,0.4942
013,13: Aluminum,1.750E-02,3.328E+02,3.355E+01,3.664E+02,7.710E-05,3.969E-05,0.5147
013,13: Aluminum,2.000E-02,3.615E+02,3.124E+01,3.927E+02,8.369E-05,4.458E-05,0.5327
013,13: Aluminum,2.250E-02,3.886E+02,2.927E+01,4.179E+02,8.986E-05,4.929E-05,0.5485
013,13: Aluminum,2.500E-02,4.146E+02,2.756E+01,4.421E+02,9.567E-05,5.384E-05,0.5627
013,13: Aluminum,2.750E-02,4.394E+02,2.607E+01,4.655E+02,1.012E-04,5.824E-05,0.5756
013,13: Aluminum,3.000E-02,4.633E+02,2.475E+01,4.880E+02,1.064E-04,6.250E-05,0.5872
013,13: Aluminum,3.500E-02,5.084E+02,2.253E+01,5.309E+02,1.162E-04,7.064E-05,0.6077
013,13: Aluminum,4.000E-02,5.504E+02,2.071E+01,5.711E+02,1.253E-04,7.835E-05,0.6252
013,13: Aluminum,4.500E-02,5.896E+02,1.920E+01,6.088E+02,1.338E-04,8.568E-05,0.6404
013,13: Aluminum,5.000E-02,6.265E+02,1.792E+01,6.444E+02,1.418E-04,9.269E-05,0.6538
013,13: Aluminum,5.500E-02,6.611E+02,1.681E+01,6.779E+02,1.493E-04,9.941E-05,0.6657
013,13: Aluminum,6.000E-02,6.937E+02,1.585E+01,7.095E+02,1.565E-04,1.059E-04,0.6764
013,13: Aluminum,6.500E-02,7.243E+02,1.501E+01,7.393E+02,1.634E-04,1.121E-04,0.6861
013,13: Aluminum,7.000E-02,7.532E+02,1.426E+01,7.674E+02,1.701E-04,1.182E-04,0.6949
013,13: Aluminum,7.500E-02,7.803E+02,1.359E+01,7.939E+02,1.765E-04,1.241E-04,0.7030
013,13: Aluminum,8.000E-02,8.059E+02,1.298E+01,8.189E+02,1.827E-04,1.298E-04,0.7105
013,13: Aluminum,8.500E-02,8.301E+02,1.244E+01,8.425E+02,1.887E-04,1.354E-04,0.7175
013,13: Aluminum,9.000E-02,8.528E+02,1.194E+01,8.648E+02,1.946E-04,1.409E-04,0.7240
013,13: Aluminum,9.500E-02,8.743E+02,1.148E+01,8.858E+02,2.003E-04,1.462E-04,0.7301
013,13: Aluminum,1.000E-01,8.945E+02,1.107E+01,9.056E+02,2.059E-04,1.515E-04,0.7358
013,13: Aluminum,1.250E-01,9.800E+02,9.395E+00,9.894E+02,2.322E-04,1.764E-04,0.7599
013,13: Aluminum,1.500E-01,1.045E+03,8.198E+00,1.053E+03,2.567E-04,1.999E-04,0.7788
013,13: Aluminum,1.750E-01,1.096E+03,7.293E+00,1.103E+03,2.798E-04,2.222E-04,0.7942
013,13: Aluminum,2.000E-01,1.136E+03,6.583E+00,1.142E+03,3.021E-04,2.438E-04,0.8071
013,13: Aluminum,2.250E-01,1.168E+03,6.009E+00,1.174E+03,3.237E-04,2.648E-04,0.8183
013,13: Aluminum,2.500E-01,1.195E+03,5.535E+00,1.200E+03,3.447E-04,2.854E-04,0.8280
013,13: Aluminum,2.750E-01,1.216E+03,5.136E+00,1.222E+03,3.654E-04,3.056E-04,0.8365
013,13: Aluminum,3.000E-01,1.234E+03,4.795E+00,1.239E+03,3.857E-04,3.256E-04,0.8441
013,13: Aluminum,3.500E-01,1.262E+03,4.242E+00,1.266E+03,4.256E-04,3.648E-04,0.8572
013,13: Aluminum,4.000E-01,1.280E+03,3.811E+00,1.284E+03,4.648E-04,4.034E-04,0.8680
013,13: Aluminum,4.500E-01,1.291E+03,3.466E+00,1.294E+03,5.035E-04,4.417E-04,0.8772
013,13: Aluminum,5.000E-01,1.297E+03,3.182E+00,1.300E+03,5.421E-04,4.798E-04,0.8852
013,13: Aluminum,5.500E-01,1.298E+03,2.944E+00,1.301E+03,5.805E-04,5.179E-04,0.8921
013,13: Aluminum,6.000E-01,1.297E+03,2.742E+00,1.300E+03,6.189E-04,5.560E-04,0.8982
013,13: Aluminum,6.500E-01,1.293E+03,2.567E+00,1.295E+03,6.575E-04,5.942E-04,0.9037
013,13: Aluminum,7.000E-01,1.286E+03,2.415E+00,1.289E+03,6.962E-04,6.326E-04,0.9086
013,13: Aluminum,7.500E-01,1.279E+03,2.282E+00,1.281E+03,7.351E-04,6.712E-04,0.9131
013,13: Aluminum,8.000E-01,1.269E+03,2.163E+00,1.271E+03,7.743E-04,7.101E-04,0.9171
013,13: Aluminum,8.500E-01,1.259E+03,2.057E+00,1.261E+03,8.137E-04,7.493E-04,0.9208
013,13: Aluminum,9.000E-01,1.248E+03,1.961E+00,1.250E+03,8.536E-04,7.889E-04,0.9242
013,13: Aluminum,9.500E-01,1.237E+03,1.875E+00,1.238E+03,8.937E-04,8.289E-04,0.9274
013,13: Aluminum,1.000E+00,1.225E+03,1.796E+00,1.226E+03,9.343E-04,8.692E-04,0.9303
013,13: Aluminum,1.250E+00,1.161E+03,1.490E+00,1.163E+03,1.144E-03,1.077E-03,0.9422
013,13: Aluminum,1.500E+00,1.098E+03,1.277E+00,1.100E+03,1.365E-03,1.298E-03,0.9509
013,13: Aluminum,1.750E+00,1.039E+03,1.120E+00,1.040E+03,1.598E-03,1.531E-03,0.9575
013,13: Aluminum,2.000E+00,9.849E+02,1.000E+00,9.859E+02,1.845E-03,1.777E-03,0.9628
013,13: Aluminum,2.250E+00,9.376E+02,9.042E-01,9.385E+02,2.105E-03,2.036E-03,0.9670
013,13: Aluminum,2.500E+00,8.954E+02,8.261E-01,8.962E+02,2.378E-03,2.308E-03,0.9705
013,13: Aluminum,2.750E+00,8.568E+02,7.612E-01,8.576E+02,2.663E-03,2.592E-03,0.9734
013,13: Aluminum,3.000E+00,8.210E+02,7.062E-01,8.217E+02,2.961E-03,2.890E-03,0.9758
013,13: Aluminum,3.500E+00,7.561E+02,6.182E-01,7.568E+02,3.596E-03,3.523E-03,0.9797
013,13: Aluminum,4.000E+00,6.986E+02,5.506E-01,6.991E+02,4.283E-03,4.209E-03,0.9826
013,13: Aluminum,4.500E+00,6.478E+02,4.971E-01,6.483E+02,5.027E-03,4.951E-03,0.9849
013,13: Aluminum,5.000E+00,6.048E+02,4.535E-01,6.053E+02,5.825E-03,5.748E-03,0.9867
013,13: Aluminum,5.500E+00,5.678E+02,4.173E-01,5.683E+02,6.678E-03,6.600E-03,0.9882
013,13: Aluminum,6.000E+00,5.357E+02,3.867E-01,5.361E+02,7.585E-03,7.504E-03,0.9894
013,13: Aluminum,6.500E+00,5.074E+02,3.605E-01,5.078E+02,8.544E-03,8.462E-03,0.9904
013,13: Aluminum,7.000E+00,4.824E+02,3.379E-01,4.827E+02,9.554E-03,9.470E-03,0.9913
013,13: Aluminum,7.500E+00,4.600E+02,3.180E-01,4.603E+02,1.061E-02,1.053E-02,0.9920
013,13: Aluminum,8.000E+00,4.398E+02,3.004E-01,4.401E+02,1.173E-02,1.164E-02,0.9926
013,13: Aluminum,8.500E+00,4.216E+02,2.848E-01,4.219E+02,1.289E-02,1.280E-02,0.9931
013,13: Aluminum,9.000E+00,4.051E+02,2.708E-01,4.053E+02,1.410E-02,1.401E-02,0.9936
013,13: Aluminum,9.500E+00,3.899E+02,2.582E-01,3.902E+02,1.535E-02,1.526E-02,0.9940
013,13: Aluminum,1.000E+01,3.760E+02,2.468E-01,3.762E+02,1.666E-02,1.656E-02,0.9944
013,13: Aluminum,1.250E+01,3.205E+02,2.025E-01,3.207E+02,2.388E-02,2.378E-02,0.9957
013,13: Aluminum,1.500E+01,2.807E+02,1.722E-01,2.809E+02,3.224E-02,3.212E-02,0.9964
013,13: Aluminum,1.750E+01,2.507E+02,1.501E-01,2.509E+02,4.167E-02,4.155E-02,0.9970
013,13: Aluminum,2.000E+01,2.271E+02,1.332E-01,2.272E+02,5.216E-02,5.202E-02,0.9973
013,13: Aluminum,2.500E+01,1.922E+02,1.090E-01,1.923E+02,7.617E-02,7.601E-02,0.9978
013,13: Aluminum,2.750E+01,1.789E+02,1.001E-01,1.790E+02,8.966E-02,8.948E-02,0.9980
013,13: Aluminum,3.000E+01,1.675E+02,9.251E-02,1.676E+02,1.041E-01,1.039E-01,0.9981
013,13: Aluminum,3.500E+01,1.489E+02,8.048E-02,1.490E+02,1.358E-01,1.356E-01,0.9983
013,13: Aluminum,4.000E+01,1.344E+02,7.131E-02,1.345E+02,1.712E-01,1.709E-01,0.9984
013,13: Aluminum,4.500E+01,1.227E+02,6.407E-02,1.228E+02,2.102E-01,2.098E-01,0.9985
013,13: Aluminum,5.000E+01,1.131E+02,5.820E-02,1.132E+02,2.526E-01,2.523E-01,0.9986
013,13: Aluminum,5.500E+01,1.050E+02,5.334E-02,1.051E+02,2.985E-01,2.981E-01,0.9987
013,13: Aluminum,6.000E+01,9.812E+01,4.925E-02,9.817E+01,3.478E-01,3.473E-01,0.9987
013,13: Aluminum,6.500E+01,9.217E+01,4.577E-02,9.222E+01,4.003E-01,3.999E-01,0.9988
013,13: Aluminum,7.000E+01,8.697E+01,4.275E-02,8.701E+01,4.562E-01,4.556E-01,0.9988
013,13: Aluminum,7.500E+01,8.239E+01,4.012E-02,8.243E+01,5.153E-01,5.147E-01,0.9988
013,13: Aluminum,8.000E+01,7.831E+01,3.780E-02,7.835E+01,5.775E-01,5.768E-01,0.9988
013,13: Aluminum,8.500E+01,7.467E+01,3.574E-02,7.470E+01,6.429E-01,6.422E-01,0.9989
013,13: Aluminum,9.000E+01,7.138E+01,3.390E-02,7.142E+01,7.114E-01,7.106E-01,0.9989
013,13: Aluminum,9.500E+01,6.841E+01,3.225E-02,6.844E+01,7.829E-01,7.820E-01,0.9989
013,13: Aluminum,1.000E+02,6.570E+01,3.075E-02,6.573E+01,8.575E-01,8.565E-01,0.9989
013,13: Aluminum,1.250E+02,5.511E+01,2.496E-02,5.514E+01,1.275E+00,1.273E+00,0.9990
013,13: Aluminum,1.500E+02,4.776E+01,2.104E-02,4.778E+01,1.763E+00,1.761E+00,0.9990
013,13: Aluminum,1.750E+02,4.233E+01,1.820E-02,4.235E+01,2.320E+00,2.318E+00,0.9991
013,13: Aluminum,2.000E+02,3.816E+01,1.604E-02,3.817E+01,2.943E+00,2.940E+00,0.9991
013,13: Aluminum,2.250E+02,3.483E+01,1.434E-02,3.485E+01,3.629E+00,3.626E+00,0.9991
013,13: Aluminum,2.500E+02,3.213E+01,1.297E-02,3.214E+01,4.377E+00,4.373E+00,0.9991
013,13: Aluminum,2.750E+02,2.987E+01,1.184E-02,2.989E+01,5.184E+00,5.180E+00,0.9991
013,13: Aluminum,3.000E+02,2.797E+01,1.089E-02,2.798E+01,6.050E+00,6.044E+00,0.9992
013,13: Aluminum,3.500E+02,2.492E+01,9.385E-03,2.493E+01,7.947E+00,7.940E+00,0.9992
013,13: Aluminum,4.000E+02,2.259E+01,8.252E-03,2.260E+01,1.006E+01,1.005E+01,0.9992
013,13: Aluminum,4.500E+02,2.075E+01,7.365E-03,2.075E+01,1.237E+01,1.236E+01,0.9992
013,13: Aluminum,5.000E+02,1.925E+01,6.651E-03,1.925E+01,1.487E+01,1.486E+01,0.9992
013,13: Aluminum,5.500E+02,1.801E+01,6.062E-03,1.801E+01,1.756E+01,1.755E+01,0.9993
013,13: Aluminum,6.000E+02,1.696E+01,5.568E-03,1.697E+01,2.042E+01,2.041E+01,0.9993
013,13: Aluminum,6.500E+02,1.607E+01,5.147E-03,1.608E+01,2.345E+01,2.343E+01,0.9993
013,13: Aluminum,7.000E+02,1.530E+01,4.785E-03,1.531E+01,2.664E+01,2.662E+01,0.9993
013,13: Aluminum,7.500E+02,1.463E+01,4.471E-03,1.464E+01,2.998E+01,2.996E+01,0.9993
013,13: Aluminum,8.000E+02,1.404E+01,4.196E-03,1.405E+01,3.347E+01,3.345E+01,0.9993
013,13: Aluminum,8.500E+02,1.352E+01,3.954E-03,1.352E+01,3.710E+01,3.707E+01,0.9993
013,13: Aluminum,9.000E+02,1.305E+01,3.738E-03,1.305E+01,4.086E+01,4.084E+01,0.9993
013,13: Aluminum,9.500E+02,1.263E+01,3.545E-03,1.263E+01,4.476E+01,4.473E+01,0.9993
013,13: Aluminum,1.000E+03,1.225E+01,3.371E-03,1.225E+01,4.878E+01,4.874E+01,0.9993
014,14: Silicon,1.000E-03,4.732E+01,7.396E+01,1.213E+02,1.066E-05,2.534E-06,0.2377
014,14: Silicon,1.500E-03,6.163E+01,7.254E+01,1.342E+02,1.455E-05,3.711E-06,0.2550
014,14: Silicon,2.000E-03,7.434E+01,7.031E+01,1.447E+02,1.814E-05,4.907E-06,0.2705
014,14: Silicon,2.500E-03,8.598E+01,6.794E+01,1.539E+02,2.149E-05,6.114E-06,0.2845
014,14: Silicon,3.000E-03,9.682E+01,6.562E+01,1.624E+02,2.465E-05,7.332E-06,0.2974
014,14: Silicon,4.000E-03,1.168E+02,6.137E+01,1.782E+02,3.052E-05,9.782E-06,0.3205
014,14: Silicon,5.000E-03,1.351E+02,5.767E+01,1.927E+02,3.592E-05,1.224E-05,0.3407
014,14: Silicon,6.000E-03,1.521E+02,5.445E+01,2.066E+02,4.092E-05,1.468E-05,0.3587
014,14: Silicon,7.000E-03,1.682E+02,5.163E+01,2.198E+02,4.562E-05,1.711E-05,0.3750
014,14: Silicon,8.000E-03,1.834E+02,4.913E+01,2.326E+02,5.004E-05,1.950E-05,0.3898
014,14: Silicon,9.000E-03,1.981E+02,4.691E+01,2.450E+02,5.423E-05,2.188E-05,0.4034
014,14: Silicon,1.000E-02,2.121E+02,4.492E+01,2.570E+02,5.821E-05,2.421E-05,0.4160
014,14: Silicon,1.250E-02,2.453E+02,4.072E+01,2.860E+02,6.742E-05,2.991E-05,0.4437
014,14: Silicon,1.500E-02,2.761E+02,3.735E+01,3.135E+02,7.577E-05,3.540E-05,0.4672
014,14: Silicon,1.750E-02,3.052E+02,3.457E+01,3.397E+02,8.342E-05,4.068E-05,0.4877
014,14: Silicon,2.000E-02,3.327E+02,3.224E+01,3.650E+02,9.052E-05,4.577E-05,0.5056
014,14: Silicon,2.250E-02,3.591E+02,3.024E+01,3.893E+02,9.715E-05,5.067E-05,0.5216
014,14: Silicon,2.500E-02,3.844E+02,2.851E+01,4.129E+02,1.034E-04,5.541E-05,0.5359
014,14: Silicon,2.750E-02,4.087E+02,2.700E+01,4.357E+02,1.093E-04,5.998E-05,0.5489
014,14: Silicon,3.000E-02,4.322E+02,2.566E+01,4.579E+02,1.149E-04,6.441E-05,0.5607
014,14: Silicon,3.500E-02,4.770E+02,2.339E+01,5.004E+02,1.253E-04,7.287E-05,0.5815
014,14: Silicon,4.000E-02,5.193E+02,2.153E+01,5.408E+02,1.349E-04,8.086E-05,0.5993
014,14: Silicon,4.500E-02,5.594E+02,1.998E+01,5.793E+02,1.438E-04,8.844E-05,0.6148
014,14: Silicon,5.000E-02,5.975E+02,1.866E+01,6.162E+02,1.522E-04,9.567E-05,0.6285
014,14: Silicon,5.500E-02,6.339E+02,1.753E+01,6.514E+02,1.601E-04,1.026E-04,0.6407
014,14: Silicon,6.000E-02,6.686E+02,1.654E+01,6.852E+02,1.676E-04,1.092E-04,0.6516
014,14: Silicon,6.500E-02,7.019E+02,1.567E+01,7.176E+02,1.747E-04,1.156E-04,0.6616
014,14: Silicon,7.000E-02,7.337E+02,1.489E+01,7.486E+02,1.815E-04,1.217E-04,0.6706
014,14: Silicon,7.500E-02,7.643E+02,1.420E+01,7.785E+02,1.881E-04,1.277E-04,0.6789
014,14: Silicon,8.000E-02,7.935E+02,1.357E+01,8.071E+02,1.944E-04,1.335E-04,0.6866
014,14: Silicon,8.500E-02,8.216E+02,1.301E+01,8.346E+02,2.005E-04,1.391E-04,0.6937
014,14: Silicon,9.000E-02,8.485E+02,1.249E+01,8.610E+02,2.064E-04,1.445E-04,0.7003
014,14: Silicon,9.500E-02,8.744E+02,1.202E+01,8.864E+02,2.121E-04,1.498E-04,0.7065
014,14: Silicon,1.000E-01,8.991E+02,1.159E+01,9.107E+02,2.177E-04,1.550E-04,0.7123
014,14: Silicon,1.250E-01,1.008E+03,9.850E+00,1.018E+03,2.436E-04,1.794E-04,0.7367
014,14: Silicon,1.500E-01,1.097E+03,8.603E+00,1.105E+03,2.671E-04,2.019E-04,0.7558
014,14: Silicon,1.750E-01,1.168E+03,7.660E+00,1.175E+03,2.890E-04,2.229E-04,0.7714
014,14: Silicon,2.000E-01,1.225E+03,6.918E+00,1.232E+03,3.097E-04,2.430E-04,0.7846
014,14: Silicon,2.250E-01,1.270E+03,6.318E+00,1.277E+03,3.297E-04,2.624E-04,0.7959
014,14: Silicon,2.500E-01,1.307E+03,5.822E+00,1.312E+03,3.490E-04,2.812E-04,0.8058
014,14: Silicon,2.750E-01,1.336E+03,5.405E+00,1.341E+03,3.678E-04,2.996E-04,0.8146
014,14: Silicon,3.000E-01,1.359E+03,5.047E+00,1.364E+03,3.863E-04,3.177E-04,0.8225
014,14: Silicon,3.500E-01,1.390E+03,4.468E+00,1.395E+03,4.225E-04,3.533E-04,0.8362
014,14: Silicon,4.000E-01,1.408E+03,4.016E+00,1.412E+03,4.581E-04,3.884E-04,0.8478
014,14: Silicon,4.500E-01,1.416E+03,3.653E+00,1.420E+03,4.934E-04,4.232E-04,0.8577
014,14: Silicon,5.000E-01,1.417E+03,3.355E+00,1.420E+03,5.286E-04,4.580E-04,0.8664
014,14: Silicon,5.500E-01,1.413E+03,3.105E+00,1.416E+03,5.639E-04,4.929E-04,0.8741
014,14: Silicon,6.000E-01,1.405E+03,2.893E+00,1.408E+03,5.993E-04,5.279E-04,0.8810
014,14: Silicon,6.500E-01,1.395E+03,2.709E+00,1.398E+03,6.349E-04,5.632E-04,0.8872
014,14: Silicon,7.000E-01,1.383E+03,2.549E+00,1.386E+03,6.708E-04,5.989E-04,0.8928
014,14: Silicon,7.500E-01,1.370E+03,2.409E+00,1.372E+03,7.071E-04,6.348E-04,0.8979
014,14: Silicon,8.000E-01,1.356E+03,2.284E+00,1.358E+03,7.437E-04,6.712E-04,0.9026
014,14: Silicon,8.500E-01,1.341E+03,2.172E+00,1.343E+03,7.807E-04,7.080E-04,0.9069
014,14: Silicon,9.000E-01,1.326E+03,2.071E+00,1.328E+03,8.181E-04,7.452E-04,0.9108
014,14: Silicon,9.500E-01,1.310E+03,1.980E+00,1.312E+03,8.560E-04,7.829E-04,0.9145
014,14: Silicon,1.000E+00,1.295E+03,1.897E+00,1.296E+03,8.944E-04,8.210E-04,0.9179
014,14: Silicon,1.250E+00,1.218E+03,1.574E+00,1.219E+03,1.093E-03,1.019E-03,0.9319
014,14: Silicon,1.500E+00,1.146E+03,1.350E+00,1.148E+03,1.305E-03,1.229E-03,0.9423
014,14: Silicon,1.750E+00,1.081E+03,1.185E+00,1.082E+03,1.529E-03,1.453E-03,0.9502
014,14: Silicon,2.000E+00,1.023E+03,1.058E+00,1.024E+03,1.767E-03,1.690E-03,0.9565
014,14: Silicon,2.250E+00,9.706E+02,9.568E-01,9.715E+02,2.017E-03,1.940E-03,0.9615
014,14: Silicon,2.500E+00,9.239E+02,8.743E-01,9.248E+02,2.281E-03,2.203E-03,0.9656
014,14: Silicon,2.750E+00,8.814E+02,8.057E-01,8.822E+02,2.558E-03,2.479E-03,0.9690
014,14: Silicon,3.000E+00,8.424E+02,7.476E-01,8.432E+02,2.848E-03,2.768E-03,0.9719
014,14: Silicon,3.500E+00,7.731E+02,6.546E-01,7.738E+02,3.468E-03,3.386E-03,0.9765
014,14: Silicon,4.000E+00,7.131E+02,5.832E-01,7.137E+02,4.141E-03,4.058E-03,0.9800
014,14: Silicon,4.500E+00,6.612E+02,5.266E-01,6.618E+02,4.869E-03,4.785E-03,0.9827
014,14: Silicon,5.000E+00,6.174E+02,4.805E-01,6.179E+02,5.651E-03,5.566E-03,0.9848
014,14: Silicon,5.500E+00,5.797E+02,4.422E-01,5.802E+02,6.487E-03,6.400E-03,0.9865
014,14: Silicon,6.000E+00,5.470E+02,4.098E-01,5.474E+02,7.375E-03,7.286E-03,0.9879
014,14: Silicon,6.500E+00,5.182E+02,3.821E-01,5.186E+02,8.314E-03,8.223E-03,0.9891
014,14: Silicon,7.000E+00,4.927E+02,3.581E-01,4.931E+02,9.303E-03,9.210E-03,0.9901
014,14: Silicon,7.500E+00,4.700E+02,3.371E-01,4.703E+02,1.034E-02,1.025E-02,0.9909
014,14: Silicon,8.000E+00,4.495E+02,3.185E-01,4.498E+02,1.143E-02,1.133E-02,0.9916
014,14: Silicon,8.500E+00,4.309E+02,3.020E-01,4.312E+02,1.256E-02,1.247E-02,0.9922
014,14: Silicon,9.000E+00,4.140E+02,2.872E-01,4.143E+02,1.375E-02,1.365E-02,0.9928
014,14: Silicon,9.500E+00,3.986E+02,2.738E-01,3.989E+02,1.498E-02,1.488E-02,0.9932
014,14: Silicon,1.000E+01,3.844E+02,2.617E-01,3.847E+02,1.625E-02,1.615E-02,0.9936
014,14: Silicon,1.250E+01,3.278E+02,2.148E-01,3.280E+02,2.332E-02,2.321E-02,0.9951
014,14: Silicon,1.500E+01,2.872E+02,1.827E-01,2.874E+02,3.148E-02,3.136E-02,0.9960
014,14: Silicon,1.750E+01,2.565E+02,1.593E-01,2.567E+02,4.070E-02,4.057E-02,0.9966
014,14: Silicon,2.000E+01,2.325E+02,1.414E-01,2.326E+02,5.095E-02,5.080E-02,0.9970
014,14: Silicon,2.500E+01,1.968E+02,1.158E-01,1.969E+02,7.440E-02,7.422E-02,0.9976
014,14: Silicon,2.750E+01,1.832E+02,1.063E-01,1.833E+02,8.757E-02,8.738E-02,0.9978
014,14: Silicon,3.000E+01,1.715E+02,9.825E-02,1.716E+02,1.017E-01,1.015E-01,0.9979
014,14: Silicon,3.500E+01,1.526E+02,8.549E-02,1.526E+02,1.326E-01,1.324E-01,0.9981
014,14: Silicon,4.000E+01,1.377E+02,7.576E-02,1.378E+02,1.672E-01,1.669E-01,0.9983
014,14: Silicon,4.500E+01,1.258E+02,6.809E-02,1.259E+02,2.052E-01,2.048E-01,0.9984
014,14: Silicon,5.000E+01,1.159E+02,6.186E-02,1.160E+02,2.466E-01,2.462E-01,0.9985
014,14: Silicon,5.500E+01,1.077E+02,5.671E-02,1.077E+02,2.914E-01,2.909E-01,0.9985
014,14: Silicon,6.000E+01,1.006E+02,5.237E-02,1.007E+02,3.394E-01,3.389E-01,0.9986
014,14: Silicon,6.500E+01,9.454E+01,4.867E-02,9.458E+01,3.907E-01,3.901E-01,0.9986
014,14: Silicon,7.000E+01,8.922E+01,4.547E-02,8.926E+01,4.451E-01,4.445E-01,0.9987
014,14: Silicon,7.500E+01,8.453E+01,4.267E-02,8.457E+01,5.027E-01,5.020E-01,0.9987
014,14: Silicon,8.000E+01,8.036E+01,4.021E-02,8.040E+01,5.633E-01,5.626E-01,0.9988
014,14: Silicon,8.500E+01,7.662E+01,3.803E-02,7.666E+01,6.270E-01,6.263E-01,0.9988
014,14: Silicon,9.000E+01,7.326E+01,3.607E-02,7.330E+01,6.938E-01,6.929E-01,0.9988
014,14: Silicon,9.500E+01,7.021E+01,3.431E-02,7.025E+01,7.635E-01,7.626E-01,0.9988
014,14: Silicon,1.000E+02,6.744E+01,3.272E-02,6.747E+01,8.361E-01,8.351E-01,0.9988
014,14: Silicon,1.250E+02,5.659E+01,2.658E-02,5.662E+01,1.242E+00,1.241E+00,0.9989
014,14: Silicon,1.500E+02,4.905E+01,2.241E-02,4.908E+01,1.718E+00,1.716E+00,0.9990
014,14: Silicon,1.750E+02,4.349E+01,1.939E-02,4.351E+01,2.260E+00,2.258E+00,0.9990
014,14: Silicon,2.000E+02,3.920E+01,1.710E-02,3.922E+01,2.867E+00,2.864E+00,0.9990
014,14: Silicon,2.250E+02,3.580E+01,1.529E-02,3.581E+01,3.535E+00,3.531E+00,0.9990
014,14: Silicon,2.500E+02,3.302E+01,1.383E-02,3.303E+01,4.262E+00,4.258E+00,0.9991
014,14: Silicon,2.750E+02,3.070E+01,1.263E-02,3.072E+01,5.048E+00,5.043E+00,0.9991
014,14: Silicon,3.000E+02,2.875E+01,1.162E-02,2.876E+01,5.889E+00,5.884E+00,0.9991
014,14: Silicon,3.500E+02,2.562E+01,1.002E-02,2.563E+01,7.735E+00,7.728E+00,0.9991
014,14: Silicon,4.000E+02,2.323E+01,8.807E-03,2.324E+01,9.787E+00,9.779E+00,0.9991
014,14: Silicon,4.500E+02,2.133E+01,7.862E-03,2.134E+01,1.204E+01,1.203E+01,0.9992
014,14: Silicon,5.000E+02,1.979E+01,7.101E-03,1.980E+01,1.447E+01,1.446E+01,0.9992
014,14: Silicon,5.500E+02,1.852E+01,6.475E-03,1.853E+01,1.708E+01,1.707E+01,0.9992
014,14: Silicon,6.000E+02,1.745E+01,5.949E-03,1.745E+01,1.987E+01,1.985E+01,0.9992
014,14: Silicon,6.500E+02,1.653E+01,5.501E-03,1.654E+01,2.281E+01,2.279E+01,0.9992
014,14: Silicon,7.000E+02,1.574E+01,5.115E-03,1.575E+01,2.591E+01,2.589E+01,0.9992
014,14: Silicon,7.500E+02,1.505E+01,4.780E-03,1.506E+01,2.916E+01,2.914E+01,0.9992
014,14: Silicon,8.000E+02,1.444E+01,4.485E-03,1.445E+01,3.255E+01,3.253E+01,0.9993
014,14: Silicon,8.500E+02,1.391E+01,4.226E-03,1.391E+01,3.608E+01,3.605E+01,0.9993
014,14: Silicon,9.000E+02,1.343E+01,3.995E-03,1.343E+01,3.974E+01,3.971E+01,0.9993
014,14: Silicon,9.500E+02,1.299E+01,3.789E-03,1.300E+01,4.352E+01,4.349E+01,0.9993
014,14: Silicon,1.000E+03,1.260E+01,3.603E-03,1.261E+01,4.743E+01,4.740E+01,0.9993
018,18: Argon,1.000E-03,3.454E+01,4.702E+01,8.155E+01,1.655E-05,3.089E-06,0.1867
018,18: Argon,1.500E-03,4.456E+01,4.691E+01,9.147E+01,2.230E-05,4.483E-06,0.2011
018,18: Argon,2.000E-03,5.339E+01,4.604E+01,9.943E+01,2.753E-05,5.896E-06,0.2142
018,18: Argon,2.500E-03,6.142E+01,4.493E+01,1.064E+02,3.239E-05,7.325E-06,0.2261
018,18: Argon,3.000E-03,6.888E+01,4.375E+01,1.126E+02,3.696E-05,8.768E-06,0.2373
018,18: Argon,4.000E-03,8.253E+01,4.145E+01,1.240E+02,4.541E-05,1.169E-05,0.2574
018,18: Argon,5.000E-03,9.495E+01,3.934E+01,1.343E+02,5.315E-05,1.463E-05,0.2753
018,18: Argon,6.000E-03,1.065E+02,3.745E+01,1.439E+02,6.034E-05,1.759E-05,0.2915
018,18: Argon,7.000E-03,1.173E+02,3.576E+01,1.531E+02,6.708E-05,2.054E-05,0.3062
018,18: Argon,8.000E-03,1.276E+02,3.423E+01,1.618E+02,7.343E-05,2.349E-05,0.3199
018,18: Argon,9.000E-03,1.374E+02,3.285E+01,1.702E+02,7.945E-05,2.642E-05,0.3325
018,18: Argon,1.000E-02,1.468E+02,3.160E+01,1.784E+02,8.519E-05,2.933E-05,0.3443
018,18: Argon,1.250E-02,1.688E+02,2.892E+01,1.977E+02,9.849E-05,3.650E-05,0.3706
018,18: Argon,1.500E-02,1.893E+02,2.673E+01,2.160E+02,1.106E-04,4.351E-05,0.3935
018,18: Argon,1.750E-02,2.085E+02,2.490E+01,2.334E+02,1.217E-04,5.034E-05,0.4136
018,18: Argon,2.000E-02,2.267E+02,2.334E+01,2.501E+02,1.320E-04,5.698E-05,0.4315
018,18: Argon,2.250E-02,2.441E+02,2.199E+01,2.661E+02,1.417E-04,6.345E-05,0.4477
018,18: Argon,2.500E-02,2.608E+02,2.082E+01,2.816E+02,1.509E-04,6.975E-05,0.4623
018,18: Argon,2.750E-02,2.768E+02,1.978E+01,2.966E+02,1.595E-04,7.588E-05,0.4757
018,18: Argon,3.000E-02,2.923E+02,1.885E+01,3.111E+02,1.677E-04,8.186E-05,0.4880
018,18: Argon,3.500E-02,3.219E+02,1.727E+01,3.391E+02,1.831E-04,9.338E-05,0.5099
018,18: Argon,4.000E-02,3.498E+02,1.597E+01,3.658E+02,1.973E-04,1.044E-04,0.5289
018,18: Argon,4.500E-02,3.765E+02,1.487E+01,3.913E+02,2.105E-04,1.149E-04,0.5456
018,18: Argon,5.000E-02,4.019E+02,1.394E+01,4.159E+02,2.229E-04,1.249E-04,0.5605
018,18: Argon,5.500E-02,4.264E+02,1.312E+01,4.395E+02,2.346E-04,1.346E-04,0.5738
018,18: Argon,6.000E-02,4.500E+02,1.241E+01,4.624E+02,2.457E-04,1.440E-04,0.5859
018,18: Argon,6.500E-02,4.728E+02,1.178E+01,4.846E+02,2.563E-04,1.530E-04,0.5969
018,18: Argon,7.000E-02,4.949E+02,1.122E+01,5.061E+02,2.663E-04,1.617E-04,0.6070
018,18: Argon,7.500E-02,5.163E+02,1.072E+01,5.270E+02,2.760E-04,1.701E-04,0.6162
018,18: Argon,8.000E-02,5.371E+02,1.026E+01,5.473E+02,2.853E-04,1.783E-04,0.6248
018,18: Argon,8.500E-02,5.573E+02,9.848E+00,5.671E+02,2.943E-04,1.862E-04,0.6328
018,18: Argon,9.000E-02,5.770E+02,9.470E+00,5.864E+02,3.030E-04,1.940E-04,0.6402
018,18: Argon,9.500E-02,5.961E+02,9.123E+00,6.053E+02,3.114E-04,2.015E-04,0.6472
018,18: Argon,1.000E-01,6.148E+02,8.803E+00,6.236E+02,3.195E-04,2.089E-04,0.6537
018,18: Argon,1.250E-01,7.021E+02,7.518E+00,7.096E+02,3.570E-04,2.432E-04,0.6813
018,18: Argon,1.500E-01,7.803E+02,6.588E+00,7.869E+02,3.904E-04,2.744E-04,0.7027
018,18: Argon,1.750E-01,8.508E+02,5.881E+00,8.566E+02,4.209E-04,3.031E-04,0.7201
018,18: Argon,2.000E-01,9.144E+02,5.323E+00,9.197E+02,4.490E-04,3.299E-04,0.7347
018,18: Argon,2.250E-01,9.719E+02,4.870E+00,9.767E+02,4.754E-04,3.551E-04,0.7470
018,18: Argon,2.500E-01,1.024E+03,4.495E+00,1.028E+03,5.003E-04,3.791E-04,0.7578
018,18: Argon,2.750E-01,1.070E+03,4.177E+00,1.074E+03,5.241E-04,4.021E-04,0.7673
018,18: Argon,3.000E-01,1.111E+03,3.906E+00,1.115E+03,5.469E-04,4.243E-04,0.7758
018,18: Argon,3.500E-01,1.181E+03,3.464E+00,1.184E+03,5.903E-04,4.666E-04,0.7904
018,18: Argon,4.000E-01,1.233E+03,3.118E+00,1.237E+03,6.316E-04,5.070E-04,0.8027
018,18: Argon,4.500E-01,1.272E+03,2.840E+00,1.275E+03,6.714E-04,5.460E-04,0.8133
018,18: Argon,5.000E-01,1.298E+03,2.611E+00,1.301E+03,7.102E-04,5.842E-04,0.8226
018,18: Argon,5.500E-01,1.314E+03,2.419E+00,1.316E+03,7.484E-04,6.218E-04,0.8309
018,18: Argon,6.000E-01,1.321E+03,2.255E+00,1.323E+03,7.863E-04,6.592E-04,0.8384
018,18: Argon,6.500E-01,1.321E+03,2.114E+00,1.323E+03,8.240E-04,6.965E-04,0.8452
018,18: Argon,7.000E-01,1.315E+03,1.991E+00,1.317E+03,8.619E-04,7.339E-04,0.8515
018,18: Argon,7.500E-01,1.305E+03,1.882E+00,1.307E+03,9.000E-04,7.716E-04,0.8574
018,18: Argon,8.000E-01,1.291E+03,1.785E+00,1.293E+03,9.384E-04,8.097E-04,0.8629
018,18: Argon,8.500E-01,1.276E+03,1.699E+00,1.277E+03,9.773E-04,8.483E-04,0.8680
018,18: Argon,9.000E-01,1.258E+03,1.621E+00,1.260E+03,1.017E-03,8.874E-04,0.8728
018,18: Argon,9.500E-01,1.240E+03,1.550E+00,1.242E+03,1.057E-03,9.270E-04,0.8773
018,18: Argon,1.000E+00,1.222E+03,1.486E+00,1.223E+03,1.097E-03,9.673E-04,0.8815
018,18: Argon,1.250E+00,1.130E+03,1.235E+00,1.131E+03,1.310E-03,1.178E-03,0.8997
018,18: Argon,1.500E+00,1.047E+03,1.060E+00,1.048E+03,1.540E-03,1.407E-03,0.9139
018,18: Argon,1.750E+00,9.740E+02,9.317E-01,9.749E+02,1.787E-03,1.653E-03,0.9251
018,18: Argon,2.000E+00,9.112E+02,8.324E-01,9.120E+02,2.052E-03,1.918E-03,0.9343
018,18: Argon,2.250E+00,8.567E+02,7.533E-01,8.575E+02,2.335E-03,2.199E-03,0.9418
018,18: Argon,2.500E+00,8.090E+02,6.888E-01,8.097E+02,2.635E-03,2.498E-03,0.9480
018,18: Argon,2.750E+00,7.670E+02,6.351E-01,7.677E+02,2.953E-03,2.815E-03,0.9532
018,18: Argon,3.000E+00,7.298E+02,5.896E-01,7.304E+02,3.287E-03,3.147E-03,0.9576
018,18: Argon,3.500E+00,6.661E+02,5.167E-01,6.666E+02,4.004E-03,3.863E-03,0.9647
018,18: Argon,4.000E+00,6.132E+02,4.606E-01,6.137E+02,4.787E-03,4.643E-03,0.9700
018,18: Argon,4.500E+00,5.697E+02,4.161E-01,5.701E+02,5.633E-03,5.487E-03,0.9741
018,18: Argon,5.000E+00,5.327E+02,3.799E-01,5.331E+02,6.540E-03,6.392E-03,0.9774
018,18: Argon,5.500E+00,5.010E+02,3.498E-01,5.013E+02,7.508E-03,7.358E-03,0.9800
018,18: Argon,6.000E+00,4.734E+02,3.243E-01,4.737E+02,8.535E-03,8.382E-03,0.9821
018,18: Argon,6.500E+00,4.491E+02,3.025E-01,4.494E+02,9.619E-03,9.464E-03,0.9839
018,18: Argon,7.000E+00,4.274E+02,2.836E-01,4.276E+02,1.076E-02,1.060E-02,0.9853
018,18: Argon,7.500E+00,4.083E+02,2.670E-01,4.085E+02,1.196E-02,1.180E-02,0.9866
018,18: Argon,8.000E+00,3.910E+02,2.524E-01,3.913E+02,1.321E-02,1.304E-02,0.9877
018,18: Argon,8.500E+00,3.754E+02,2.393E-01,3.756E+02,1.451E-02,1.435E-02,0.9886
018,18: Argon,9.000E+00,3.611E+02,2.276E-01,3.614E+02,1.587E-02,1.570E-02,0.9894
018,18: Argon,9.500E+00,3.481E+02,2.171E-01,3.483E+02,1.728E-02,1.711E-02,0.9901
018,18: Argon,1.000E+01,3.360E+02,2.075E-01,3.362E+02,1.874E-02,1.857E-02,0.9907
018,18: Argon,1.250E+01,2.876E+02,1.705E-01,2.878E+02,2.681E-02,2.662E-02,0.9929
018,18: Argon,1.500E+01,2.526E+02,1.452E-01,2.527E+02,3.610E-02,3.589E-02,0.9943
018,18: Argon,1.750E+01,2.260E+02,1.266E-01,2.261E+02,4.658E-02,4.635E-02,0.9952
018,18: Argon,2.000E+01,2.050E+02,1.125E-01,2.051E+02,5.820E-02,5.796E-02,0.9958
018,18: Argon,2.500E+01,1.738E+02,9.217E-02,1.739E+02,8.479E-02,8.450E-02,0.9966
018,18: Argon,2.750E+01,1.618E+02,8.464E-02,1.619E+02,9.970E-02,9.939E-02,0.9969
018,18: Argon,3.000E+01,1.516E+02,7.829E-02,1.517E+02,1.157E-01,1.153E-01,0.9971
018,18: Argon,3.500E+01,1.349E+02,6.816E-02,1.350E+02,1.507E-01,1.503E-01,0.9974
018,18: Argon,4.000E+01,1.219E+02,6.044E-02,1.219E+02,1.897E-01,1.893E-01,0.9977
018,18: Argon,4.500E+01,1.114E+02,5.434E-02,1.114E+02,2.327E-01,2.322E-01,0.9978
018,18: Argon,5.000E+01,1.027E+02,4.940E-02,1.028E+02,2.794E-01,2.789E-01,0.9980
018,18: Argon,5.500E+01,9.543E+01,4.531E-02,9.547E+01,3.300E-01,3.293E-01,0.9981
018,18: Argon,6.000E+01,8.922E+01,4.187E-02,8.926E+01,3.842E-01,3.834E-01,0.9981
018,18: Argon,6.500E+01,8.385E+01,3.893E-02,8.389E+01,4.420E-01,4.412E-01,0.9982
018,18: Argon,7.000E+01,7.916E+01,3.638E-02,7.919E+01,5.033E-01,5.025E-01,0.9983
018,18: Argon,7.500E+01,7.502E+01,3.416E-02,7.505E+01,5.682E-01,5.673E-01,0.9983
018,18: Argon,8.000E+01,7.134E+01,3.220E-02,7.137E+01,6.366E-01,6.355E-01,0.9984
018,18: Argon,8.500E+01,6.804E+01,3.046E-02,6.807E+01,7.083E-01,7.072E-01,0.9984
018,18: Argon,9.000E+01,6.507E+01,2.890E-02,6.510E+01,7.835E-01,7.822E-01,0.9984
018,18: Argon,9.500E+01,6.238E+01,2.750E-02,6.241E+01,8.619E-01,8.606E-01,0.9985
018,18: Argon,1.000E+02,5.993E+01,2.623E-02,5.996E+01,9.437E-01,9.422E-01,0.9985
018,18: Argon,1.250E+02,5.034E+01,2.135E-02,5.036E+01,1.401E+00,1.399E+00,0.9986
018,18: Argon,1.500E+02,4.367E+01,1.802E-02,4.369E+01,1.935E+00,1.933E+00,0.9986
018,18: Argon,1.750E+02,3.874E+01,1.560E-02,3.875E+01,2.544E+00,2.541E+00,0.9987
018,18: Argon,2.000E+02,3.494E+01,1.377E-02,3.495E+01,3.225E+00,3.220E+00,0.9987
018,18: Argon,2.250E+02,3.191E+01,1.233E-02,3.192E+01,3.974E+00,3.969E+00,0.9988
018,18: Argon,2.500E+02,2.944E+01,1.116E-02,2.946E+01,4.790E+00,4.784E+00,0.9988
018,18: Argon,2.750E+02,2.739E+01,1.020E-02,2.740E+01,5.671E+00,5.664E+00,0.9988
018,18: Argon,3.000E+02,2.565E+01,9.390E-03,2.566E+01,6.614E+00,6.606E+00,0.9988
018,18: Argon,3.500E+02,2.287E+01,8.104E-03,2.288E+01,8.682E+00,8.672E+00,0.9989
018,18: Argon,4.000E+02,2.074E+01,7.130E-03,2.075E+01,1.098E+01,1.097E+01,0.9989
018,18: Argon,4.500E+02,1.906E+01,6.366E-03,1.906E+01,1.350E+01,1.348E+01,0.9989
018,18: Argon,5.000E+02,1.769E+01,5.752E-03,1.769E+01,1.622E+01,1.621E+01,0.9989
018,18: Argon,5.500E+02,1.655E+01,5.247E-03,1.656E+01,1.915E+01,1.913E+01,0.9990
018,18: Argon,6.000E+02,1.560E+01,4.824E-03,1.560E+01,2.226E+01,2.224E+01,0.9990
018,18: Argon,6.500E+02,1.478E+01,4.465E-03,1.479E+01,2.555E+01,2.553E+01,0.9990
018,18: Argon,7.000E+02,1.408E+01,4.156E-03,1.408E+01,2.902E+01,2.899E+01,0.9990
018,18: Argon,7.500E+02,1.347E+01,3.886E-03,1.347E+01,3.265E+01,3.262E+01,0.9990
018,18: Argon,8.000E+02,1.293E+01,3.649E-03,1.293E+01,3.644E+01,3.640E+01,0.9990
018,18: Argon,8.500E+02,1.245E+01,3.438E-03,1.245E+01,4.038E+01,4.034E+01,0.9991
018,18: Argon,9.000E+02,1.202E+01,3.251E-03,1.202E+01,4.447E+01,4.443E+01,0.9991
018,18: Argon,9.500E+02,1.164E+01,3.082E-03,1.164E+01,4.870E+01,4.865E+01,0.9991
018,18: Argon,1.000E+03,1.129E+01,2.931E-03,1.129E+01,5.306E+01,5.301E+01,0.9991
022,22: Titanium,1.000E-03,5.924E+01,3.907E+01,9.831E+01,1.506E-05,3.027E-06,0.2009
022,22: Titanium,1.500E-03,7.281E+01,3.954E+01,1.124E+02,1.978E-05,4.298E-06,0.2173
022,22: Titanium,2.000E-03,8.428E+01,3.923E+01,1.235E+02,2.402E-05,5.567E-06,0.2318
022,22: Titanium,2.500E-03,9.441E+01,3.860E+01,1.330E+02,2.791E-05,6.834E-06,0.2448
022,22: Titanium,3.000E-03,1.036E+02,3.786E+01,1.414E+02,3.156E-05,8.102E-06,0.2567
022,22: Titanium,4.000E-03,1.199E+02,3.626E+01,1.562E+02,3.827E-05,1.064E-05,0.2780
022,22: Titanium,5.000E-03,1.343E+02,3.472E+01,1.690E+02,4.442E-05,1.318E-05,0.2966
022,22: Titanium,6.000E-03,1.474E+02,3.328E+01,1.806E+02,5.014E-05,1.571E-05,0.3133
022,22: Titanium,7.000E-03,1.594E+02,3.196E+01,1.913E+02,5.552E-05,1.823E-05,0.3283
022,22: Titanium,8.000E-03,1.706E+02,3.076E+01,2.013E+02,6.061E-05,2.074E-05,0.3421
022,22: Titanium,9.000E-03,1.811E+02,2.965E+01,2.108E+02,6.546E-05,2.323E-05,0.3549
022,22: Titanium,1.000E-02,1.911E+02,2.864E+01,2.197E+02,7.011E-05,2.571E-05,0.3667
022,22: Titanium,1.250E-02,2.140E+02,2.643E+01,2.404E+02,8.098E-05,3.183E-05,0.3930
022,22: Titanium,1.500E-02,2.347E+02,2.459E+01,2.593E+02,9.098E-05,3.782E-05,0.4157
022,22: Titanium,1.750E-02,2.538E+02,2.304E+01,2.769E+02,1.003E-04,4.370E-05,0.4357
022,22: Titanium,2.000E-02,2.716E+02,2.170E+01,2.933E+02,1.091E-04,4.946E-05,0.4534
022,22: Titanium,2.250E-02,2.883E+02,2.053E+01,3.089E+02,1.174E-04,5.510E-05,0.4694
022,22: Titanium,2.500E-02,3.041E+02,1.950E+01,3.236E+02,1.253E-04,6.062E-05,0.4839
022,22: Titanium,2.750E-02,3.191E+02,1.859E+01,3.377E+02,1.328E-04,6.604E-05,0.4971
022,22: Titanium,3.000E-02,3.335E+02,1.777E+01,3.513E+02,1.401E-04,7.136E-05,0.5093
022,22: Titanium,3.500E-02,3.605E+02,1.636E+01,3.768E+02,1.538E-04,8.169E-05,0.5310
022,22: Titanium,4.000E-02,3.855E+02,1.518E+01,4.007E+02,1.667E-04,9.167E-05,0.5499
022,22: Titanium,4.500E-02,4.090E+02,1.419E+01,4.232E+02,1.788E-04,1.013E-04,0.5666
022,22: Titanium,5.000E-02,4.312E+02,1.333E+01,4.445E+02,1.904E-04,1.107E-04,0.5814
022,22: Titanium,5.500E-02,4.522E+02,1.259E+01,4.648E+02,2.014E-04,1.197E-04,0.5947
022,22: Titanium,6.000E-02,4.722E+02,1.193E+01,4.842E+02,2.119E-04,1.286E-04,0.6068
022,22: Titanium,6.500E-02,4.914E+02,1.135E+01,5.027E+02,2.220E-04,1.372E-04,0.6178
022,22: Titanium,7.000E-02,5.097E+02,1.083E+01,5.205E+02,2.318E-04,1.455E-04,0.6279
022,22: Titanium,7.500E-02,5.273E+02,1.036E+01,5.377E+02,2.412E-04,1.537E-04,0.6372
022,22: Titanium,8.000E-02,5.443E+02,9.932E+00,5.542E+02,2.504E-04,1.617E-04,0.6459
022,22: Titanium,8.500E-02,5.606E+02,9.544E+00,5.702E+02,2.593E-04,1.696E-04,0.6539
022,22: Titanium,9.000E-02,5.764E+02,9.189E+00,5.856E+02,2.680E-04,1.772E-04,0.6614
022,22: Titanium,9.500E-02,5.917E+02,8.862E+00,6.005E+02,2.764E-04,1.848E-04,0.6685
022,22: Titanium,1.000E-01,6.065E+02,8.561E+00,6.150E+02,2.846E-04,1.921E-04,0.6751
022,22: Titanium,1.250E-01,6.742E+02,7.343E+00,6.815E+02,3.232E-04,2.272E-04,0.7030
022,22: Titanium,1.500E-01,7.331E+02,6.455E+00,7.396E+02,3.583E-04,2.597E-04,0.7249
022,22: Titanium,1.750E-01,7.850E+02,5.777E+00,7.908E+02,3.910E-04,2.903E-04,0.7426
022,22: Titanium,2.000E-01,8.310E+02,5.239E+00,8.362E+02,4.217E-04,3.194E-04,0.7573
022,22: Titanium,2.250E-01,8.717E+02,4.802E+00,8.765E+02,4.509E-04,3.472E-04,0.7699
022,22: Titanium,2.500E-01,9.079E+02,4.438E+00,9.123E+02,4.788E-04,3.739E-04,0.7809
022,22: Titanium,2.750E-01,9.400E+02,4.130E+00,9.441E+02,5.058E-04,3.998E-04,0.7905
022,22: Titanium,3.000E-01,9.683E+02,3.865E+00,9.722E+02,5.319E-04,4.250E-04,0.7991
022,22: Titanium,3.500E-01,1.015E+03,3.434E+00,1.019E+03,5.820E-04,4.736E-04,0.8137
022,22: Titanium,4.000E-01,1.051E+03,3.096E+00,1.054E+03,6.303E-04,5.206E-04,0.8260
022,22: Titanium,4.500E-01,1.077E+03,2.824E+00,1.080E+03,6.771E-04,5.664E-04,0.8364
022,22: Titanium,5.000E-01,1.095E+03,2.599E+00,1.097E+03,7.230E-04,6.113E-04,0.8455
022,22: Titanium,5.500E-01,1.106E+03,2.410E+00,1.109E+03,7.683E-04,6.558E-04,0.8535
022,22: Titanium,6.000E-01,1.112E+03,2.248E+00,1.115E+03,8.133E-04,7.000E-04,0.8607
022,22: Titanium,6.500E-01,1.114E+03,2.109E+00,1.116E+03,8.581E-04,7.441E-04,0.8672
022,22: Titanium,7.000E-01,1.112E+03,1.987E+00,1.114E+03,9.029E-04,7.883E-04,0.8731
022,22: Titanium,7.500E-01,1.107E+03,1.879E+00,1.109E+03,9.479E-04,8.327E-04,0.8785
022,22: Titanium,8.000E-01,1.100E+03,1.784E+00,1.102E+03,9.931E-04,8.774E-04,0.8835
022,22: Titanium,8.500E-01,1.092E+03,1.698E+00,1.093E+03,1.039E-03,9.224E-04,0.8881
022,22: Titanium,9.000E-01,1.082E+03,1.621E+00,1.083E+03,1.085E-03,9.678E-04,0.8923
022,22: Titanium,9.500E-01,1.071E+03,1.551E+00,1.072E+03,1.131E-03,1.014E-03,0.8963
022,22: Titanium,1.000E+00,1.059E+03,1.487E+00,1.060E+03,1.178E-03,1.060E-03,0.9001
022,22: Titanium,1.250E+00,9.956E+02,1.238E+00,9.968E+02,1.421E-03,1.301E-03,0.9157
022,22: Titanium,1.500E+00,9.337E+02,1.064E+00,9.347E+02,1.680E-03,1.558E-03,0.9276
022,22: Titanium,1.750E+00,8.776E+02,9.360E-01,8.786E+02,1.956E-03,1.833E-03,0.9369
022,22: Titanium,2.000E+00,8.279E+02,8.369E-01,8.288E+02,2.249E-03,2.124E-03,0.9444
022,22: Titanium,2.250E+00,7.852E+02,7.579E-01,7.860E+02,2.559E-03,2.432E-03,0.9505
022,22: Titanium,2.500E+00,7.478E+02,6.934E-01,7.485E+02,2.885E-03,2.757E-03,0.9556
022,22: Titanium,2.750E+00,7.145E+02,6.396E-01,7.152E+02,3.227E-03,3.097E-03,0.9598
022,22: Titanium,3.000E+00,6.844E+02,5.941E-01,6.850E+02,3.584E-03,3.453E-03,0.9634
022,22: Titanium,3.500E+00,6.319E+02,5.209E-01,6.324E+02,4.345E-03,4.210E-03,0.9691
022,22: Titanium,4.000E+00,5.871E+02,4.647E-01,5.876E+02,5.165E-03,5.028E-03,0.9734
022,22: Titanium,4.500E+00,5.483E+02,4.200E-01,5.487E+02,6.046E-03,5.906E-03,0.9768
022,22: Titanium,5.000E+00,5.143E+02,3.836E-01,5.147E+02,6.988E-03,6.844E-03,0.9795
022,22: Titanium,5.500E+00,4.842E+02,3.534E-01,4.846E+02,7.989E-03,7.843E-03,0.9817
022,22: Titanium,6.000E+00,4.573E+02,3.278E-01,4.576E+02,9.052E-03,8.902E-03,0.9835
022,22: Titanium,6.500E+00,4.334E+02,3.058E-01,4.337E+02,1.017E-02,1.002E-02,0.9850
022,22: Titanium,7.000E+00,4.125E+02,2.868E-01,4.128E+02,1.136E-02,1.120E-02,0.9862
022,22: Titanium,7.500E+00,3.937E+02,2.701E-01,3.939E+02,1.260E-02,1.244E-02,0.9873
022,22: Titanium,8.000E+00,3.767E+02,2.554E-01,3.770E+02,1.389E-02,1.373E-02,0.9883
022,22: Titanium,8.500E+00,3.615E+02,2.422E-01,3.617E+02,1.525E-02,1.508E-02,0.9891
022,22: Titanium,9.000E+00,3.476E+02,2.304E-01,3.478E+02,1.666E-02,1.649E-02,0.9898
022,22: Titanium,9.500E+00,3.349E+02,2.198E-01,3.351E+02,1.812E-02,1.795E-02,0.9904
022,22: Titanium,1.000E+01,3.232E+02,2.102E-01,3.235E+02,1.964E-02,1.947E-02,0.9910
022,22: Titanium,1.250E+01,2.767E+02,1.728E-01,2.768E+02,2.803E-02,2.783E-02,0.9929
022,22: Titanium,1.500E+01,2.432E+02,1.472E-01,2.433E+02,3.768E-02,3.746E-02,0.9942
022,22: Titanium,1.750E+01,2.178E+02,1.285E-01,2.179E+02,4.856E-02,4.832E-02,0.9950
022,22: Titanium,2.000E+01,1.978E+02,1.142E-01,1.979E+02,6.062E-02,6.035E-02,0.9956
022,22: Titanium,2.500E+01,1.680E+02,9.364E-02,1.681E+02,8.814E-02,8.782E-02,0.9963
022,22: Titanium,2.750E+01,1.566E+02,8.602E-02,1.567E+02,1.036E-01,1.032E-01,0.9966
022,22: Titanium,3.000E+01,1.468E+02,7.959E-02,1.469E+02,1.201E-01,1.197E-01,0.9968
022,22: Titanium,3.500E+01,1.308E+02,6.935E-02,1.309E+02,1.562E-01,1.557E-01,0.9971
022,22: Titanium,4.000E+01,1.183E+02,6.152E-02,1.184E+02,1.964E-01,1.959E-01,0.9973
022,22: Titanium,4.500E+01,1.082E+02,5.533E-02,1.083E+02,2.406E-01,2.400E-01,0.9975
022,22: Titanium,5.000E+01,9.992E+01,5.032E-02,9.997E+01,2.887E-01,2.880E-01,0.9976
022,22: Titanium,5.500E+01,9.291E+01,4.617E-02,9.295E+01,3.406E-01,3.398E-01,0.9977
022,22: Titanium,6.000E+01,8.692E+01,4.268E-02,8.696E+01,3.963E-01,3.954E-01,0.9978
022,22: Titanium,6.500E+01,8.174E+01,3.970E-02,8.178E+01,4.556E-01,4.546E-01,0.9979
022,22: Titanium,7.000E+01,7.722E+01,3.711E-02,7.725E+01,5.185E-01,5.174E-01,0.9979
022,22: Titanium,7.500E+01,7.322E+01,3.486E-02,7.326E+01,5.850E-01,5.838E-01,0.9980
022,22: Titanium,8.000E+01,6.967E+01,3.287E-02,6.970E+01,6.550E-01,6.537E-01,0.9980
022,22: Titanium,8.500E+01,6.648E+01,3.110E-02,6.651E+01,7.285E-01,7.271E-01,0.9980
022,22: Titanium,9.000E+01,6.361E+01,2.952E-02,6.364E+01,8.054E-01,8.038E-01,0.9981
022,22: Titanium,9.500E+01,6.100E+01,2.809E-02,6.103E+01,8.856E-01,8.839E-01,0.9981
022,22: Titanium,1.000E+02,5.863E+01,2.680E-02,5.866E+01,9.692E-01,9.674E-01,0.9981
022,22: Titanium,1.250E+02,4.933E+01,2.184E-02,4.935E+01,1.436E+00,1.433E+00,0.9982
022,22: Titanium,1.500E+02,4.285E+01,1.846E-02,4.286E+01,1.981E+00,1.978E+00,0.9983
022,22: Titanium,1.750E+02,3.805E+01,1.600E-02,3.806E+01,2.601E+00,2.597E+00,0.9984
022,22: Titanium,2.000E+02,3.434E+01,1.412E-02,3.436E+01,3.294E+00,3.289E+00,0.9984
022,22: Titanium,2.250E+02,3.139E+01,1.265E-02,3.140E+01,4.056E+00,4.050E+00,0.9985
022,22: Titanium,2.500E+02,2.898E+01,1.146E-02,2.899E+01,4.885E+00,4.878E+00,0.9985
022,22: Titanium,2.750E+02,2.697E+01,1.048E-02,2.698E+01,5.780E+00,5.771E+00,0.9985
022,22: Titanium,3.000E+02,2.527E+01,9.654E-03,2.528E+01,6.738E+00,6.728E+00,0.9985
022,22: Titanium,3.500E+02,2.255E+01,8.345E-03,2.256E+01,8.836E+00,8.824E+00,0.9986
022,22: Titanium,4.000E+02,2.046E+01,7.348E-03,2.047E+01,1.117E+01,1.115E+01,0.9986
022,22: Titanium,4.500E+02,1.880E+01,6.565E-03,1.881E+01,1.372E+01,1.370E+01,0.9986
022,22: Titanium,5.000E+02,1.746E+01,5.933E-03,1.746E+01,1.648E+01,1.646E+01,0.9987
022,22: Titanium,5.500E+02,1.634E+01,5.413E-03,1.635E+01,1.944E+01,1.942E+01,0.9987
022,22: Titanium,6.000E+02,1.540E+01,4.978E-03,1.541E+01,2.259E+01,2.257E+01,0.9987
022,22: Titanium,6.500E+02,1.460E+01,4.609E-03,1.461E+01,2.593E+01,2.590E+01,0.9987
022,22: Titanium,7.000E+02,1.391E+01,4.291E-03,1.391E+01,2.944E+01,2.940E+01,0.9988
022,22: Titanium,7.500E+02,1.330E+01,4.014E-03,1.331E+01,3.311E+01,3.307E+01,0.9988
022,22: Titanium,8.000E+02,1.277E+01,3.772E-03,1.277E+01,3.695E+01,3.691E+01,0.9988
022,22: Titanium,8.500E+02,1.230E+01,3.557E-03,1.230E+01,4.094E+01,4.089E+01,0.9988
022,22: Titanium,9.000E+02,1.188E+01,3.365E-03,1.188E+01,4.508E+01,4.502E+01,0.9988
022,22: Titanium,9.500E+02,1.150E+01,3.192E-03,1.150E+01,4.936E+01,4.930E+01,0.9988
022,22: Titanium,1.000E+03,1.115E+01,3.036E-03,1.116E+01,5.377E+01,5.371E+01,0.9989
026,26: Iron,1.000E-03,5.406E+01,3.304E+01,8.709E+01,1.738E-05,3.181E-06,0.1830
026,26: Iron,1.500E-03,6.542E+01,3.382E+01,9.924E+01,2.272E-05,4.489E-06,0.1976
026,26: Iron,2.000E-03,7.491E+01,3.384E+01,1.088E+02,2.752E-05,5.797E-06,0.2106
026,26: Iron,2.500E-03,8.320E+01,3.354E+01,1.167E+02,3.195E-05,7.104E-06,0.2223
026,26: Iron,3.000E-03,9.066E+01,3.308E+01,1.237E+02,3.611E-05,8.414E-06,0.2330
026,26: Iron,4.000E-03,1.038E+02,3.198E+01,1.358E+02,4.381E-05,1.105E-05,0.2521
026,26: Iron,5.000E-03,1.153E+02,3.084E+01,1.461E+02,5.090E-05,1.369E-05,0.2689
026,26: Iron,6.000E-03,1.256E+02,2.974E+01,1.554E+02,5.754E-05,1.634E-05,0.2841
026,26: Iron,7.000E-03,1.351E+02,2.871E+01,1.638E+02,6.380E-05,1.900E-05,0.2979
026,26: Iron,8.000E-03,1.438E+02,2.775E+01,1.716E+02,6.977E-05,2.167E-05,0.3106
026,26: Iron,9.000E-03,1.520E+02,2.685E+01,1.789E+02,7.547E-05,2.433E-05,0.3223
026,26: Iron,1.000E-02,1.598E+02,2.602E+01,1.858E+02,8.096E-05,2.698E-05,0.3333
026,26: Iron,1.250E-02,1.774E+02,2.419E+01,2.016E+02,9.386E-05,3.360E-05,0.3579
026,26: Iron,1.500E-02,1.933E+02,2.264E+01,2.159E+02,1.058E-04,4.015E-05,0.3794
026,26: Iron,1.750E-02,2.078E+02,2.131E+01,2.291E+02,1.171E-04,4.665E-05,0.3984
026,26: Iron,2.000E-02,2.213E+02,2.015E+01,2.414E+02,1.277E-04,5.306E-05,0.4155
026,26: Iron,2.250E-02,2.339E+02,1.913E+01,2.530E+02,1.378E-04,5.940E-05,0.4310
026,26: Iron,2.500E-02,2.457E+02,1.823E+01,2.639E+02,1.475E-04,6.566E-05,0.4452
026,26: Iron,2.750E-02,2.569E+02,1.742E+01,2.744E+02,1.568E-04,7.184E-05,0.4582
026,26: Iron,3.000E-02,2.676E+02,1.670E+01,2.843E+02,1.657E-04,7.793E-05,0.4703
026,26: Iron,3.500E-02,2.877E+02,1.544E+01,3.031E+02,1.827E-04,8.990E-05,0.4919
026,26: Iron,4.000E-02,3.062E+02,1.438E+01,3.206E+02,1.988E-04,1.016E-04,0.5110
026,26: Iron,4.500E-02,3.235E+02,1.348E+01,3.370E+02,2.140E-04,1.129E-04,0.5278
026,26: Iron,5.000E-02,3.398E+02,1.270E+01,3.525E+02,2.285E-04,1.241E-04,0.5430
026,26: Iron,5.500E-02,3.552E+02,1.202E+01,3.672E+02,2.424E-04,1.349E-04,0.5567
026,26: Iron,6.000E-02,3.698E+02,1.141E+01,3.812E+02,2.557E-04,1.456E-04,0.5692
026,26: Iron,6.500E-02,3.838E+02,1.088E+01,3.946E+02,2.686E-04,1.560E-04,0.5807
026,26: Iron,7.000E-02,3.971E+02,1.039E+01,4.075E+02,2.811E-04,1.662E-04,0.5913
026,26: Iron,7.500E-02,4.100E+02,9.958E+00,4.199E+02,2.932E-04,1.762E-04,0.6010
026,26: Iron,8.000E-02,4.223E+02,9.561E+00,4.319E+02,3.049E-04,1.860E-04,0.6101
026,26: Iron,8.500E-02,4.342E+02,9.199E+00,4.434E+02,3.163E-04,1.957E-04,0.6186
026,26: Iron,9.000E-02,4.457E+02,8.867E+00,4.546E+02,3.275E-04,2.052E-04,0.6266
026,26: Iron,9.500E-02,4.569E+02,8.561E+00,4.654E+02,3.384E-04,2.145E-04,0.6341
026,26: Iron,1.000E-01,4.676E+02,8.277E+00,4.759E+02,3.490E-04,2.237E-04,0.6411
026,26: Iron,1.250E-01,5.171E+02,7.128E+00,5.243E+02,3.990E-04,2.677E-04,0.6711
026,26: Iron,1.500E-01,5.606E+02,6.285E+00,5.669E+02,4.448E-04,3.090E-04,0.6947
026,26: Iron,1.750E-01,5.994E+02,5.638E+00,6.050E+02,4.874E-04,3.480E-04,0.7139
026,26: Iron,2.000E-01,6.343E+02,5.123E+00,6.394E+02,5.276E-04,3.851E-04,0.7300
026,26: Iron,2.250E-01,6.659E+02,4.702E+00,6.706E+02,5.658E-04,4.208E-04,0.7437
026,26: Iron,2.500E-01,6.946E+02,4.351E+00,6.990E+02,6.023E-04,4.551E-04,0.7557
026,26: Iron,2.750E-01,7.208E+02,4.054E+00,7.249E+02,6.374E-04,4.884E-04,0.7662
026,26: Iron,3.000E-01,7.448E+02,3.798E+00,7.486E+02,6.713E-04,5.206E-04,0.7755
026,26: Iron,3.500E-01,7.866E+02,3.380E+00,7.900E+02,7.363E-04,5.828E-04,0.7915
026,26: Iron,4.000E-01,8.215E+02,3.052E+00,8.246E+02,7.982E-04,6.424E-04,0.8048
026,26: Iron,4.500E-01,8.504E+02,2.786E+00,8.532E+02,8.577E-04,7.000E-04,0.8161
026,26: Iron,5.000E-01,8.741E+02,2.567E+00,8.766E+02,9.155E-04,7.561E-04,0.8259
026,26: Iron,5.500E-01,8.931E+02,2.382E+00,8.955E+02,9.719E-04,8.111E-04,0.8345
026,26: Iron,6.000E-01,9.081E+02,2.224E+00,9.104E+02,1.027E-03,8.651E-04,0.8421
026,26: Iron,6.500E-01,9.196E+02,2.088E+00,9.217E+02,1.082E-03,9.185E-04,0.8490
026,26: Iron,7.000E-01,9.280E+02,1.968E+00,9.300E+02,1.136E-03,9.714E-04,0.8552
026,26: Iron,7.500E-01,9.336E+02,1.862E+00,9.355E+02,1.189E-03,1.024E-03,0.8609
026,26: Iron,8.000E-01,9.368E+02,1.769E+00,9.386E+02,1.243E-03,1.076E-03,0.8661
026,26: Iron,8.500E-01,9.380E+02,1.684E+00,9.397E+02,1.296E-03,1.129E-03,0.8710
026,26: Iron,9.000E-01,9.373E+02,1.608E+00,9.389E+02,1.349E-03,1.181E-03,0.8754
026,26: Iron,9.500E-01,9.351E+02,1.540E+00,9.366E+02,1.403E-03,1.234E-03,0.8796
026,26: Iron,1.000E+00,9.315E+02,1.477E+00,9.330E+02,1.456E-03,1.286E-03,0.8835
026,26: Iron,1.250E+00,8.999E+02,1.231E+00,9.012E+02,1.728E-03,1.555E-03,0.9000
026,26: Iron,1.500E+00,8.567E+02,1.059E+00,8.577E+02,2.012E-03,1.837E-03,0.9127
026,26: Iron,1.750E+00,8.109E+02,9.325E-01,8.118E+02,2.312E-03,2.134E-03,0.9229
026,26: Iron,2.000E+00,7.669E+02,8.343E-01,7.677E+02,2.629E-03,2.448E-03,0.9313
026,26: Iron,2.250E+00,7.273E+02,7.560E-01,7.281E+02,2.963E-03,2.780E-03,0.9383
026,26: Iron,2.500E+00,6.919E+02,6.920E-01,6.926E+02,3.315E-03,3.130E-03,0.9442
026,26: Iron,2.750E+00,6.602E+02,6.386E-01,6.608E+02,3.685E-03,3.498E-03,0.9492
026,26: Iron,3.000E+00,6.315E+02,5.934E-01,6.321E+02,4.072E-03,3.882E-03,0.9535
026,26: Iron,3.500E+00,5.818E+02,5.207E-01,5.823E+02,4.897E-03,4.703E-03,0.9604
026,26: Iron,4.000E+00,5.401E+02,4.647E-01,5.405E+02,5.789E-03,5.591E-03,0.9658
026,26: Iron,4.500E+00,5.046E+02,4.203E-01,5.050E+02,6.747E-03,6.544E-03,0.9700
026,26: Iron,5.000E+00,4.739E+02,3.840E-01,4.743E+02,7.769E-03,7.562E-03,0.9734
026,26: Iron,5.500E+00,4.472E+02,3.538E-01,4.476E+02,8.854E-03,8.644E-03,0.9762
026,26: Iron,6.000E+00,4.236E+02,3.283E-01,4.239E+02,1.000E-02,9.788E-03,0.9785
026,26: Iron,6.500E+00,4.026E+02,3.064E-01,4.029E+02,1.121E-02,1.099E-02,0.9804
026,26: Iron,7.000E+00,3.835E+02,2.874E-01,3.838E+02,1.249E-02,1.226E-02,0.9820
026,26: Iron,7.500E+00,3.669E+02,2.707E-01,3.672E+02,1.382E-02,1.359E-02,0.9834
026,26: Iron,8.000E+00,3.520E+02,2.560E-01,3.522E+02,1.521E-02,1.497E-02,0.9846
026,26: Iron,8.500E+00,3.383E+02,2.429E-01,3.385E+02,1.666E-02,1.642E-02,0.9857
026,26: Iron,9.000E+00,3.257E+02,2.311E-01,3.259E+02,1.816E-02,1.792E-02,0.9866
026,26: Iron,9.500E+00,3.141E+02,2.205E-01,3.143E+02,1.972E-02,1.948E-02,0.9874
026,26: Iron,1.000E+01,3.036E+02,2.109E-01,3.038E+02,2.134E-02,2.109E-02,0.9881
026,26: Iron,1.250E+01,2.611E+02,1.735E-01,2.613E+02,3.025E-02,2.996E-02,0.9907
026,26: Iron,1.500E+01,2.304E+02,1.479E-01,2.305E+02,4.046E-02,4.015E-02,0.9923
026,26: Iron,1.750E+01,2.069E+02,1.291E-01,2.070E+02,5.192E-02,5.158E-02,0.9934
026,26: Iron,2.000E+01,1.883E+02,1.148E-01,1.884E+02,6.459E-02,6.422E-02,0.9942
026,26: Iron,2.500E+01,1.606E+02,9.422E-02,1.607E+02,9.343E-02,9.299E-02,0.9952
026,26: Iron,2.750E+01,1.499E+02,8.657E-02,1.500E+02,1.095E-01,1.091E-01,0.9956
026,26: Iron,3.000E+01,1.407E+02,8.012E-02,1.408E+02,1.268E-01,1.262E-01,0.9958
026,26: Iron,3.500E+01,1.257E+02,6.984E-02,1.258E+02,1.644E-01,1.638E-01,0.9963
026,26: Iron,4.000E+01,1.139E+02,6.199E-02,1.140E+02,2.062E-01,2.055E-01,0.9966
026,26: Iron,4.500E+01,1.044E+02,5.578E-02,1.044E+02,2.521E-01,2.513E-01,0.9968
026,26: Iron,5.000E+01,9.645E+01,5.074E-02,9.650E+01,3.020E-01,3.010E-01,0.9970
026,26: Iron,5.500E+01,8.978E+01,4.657E-02,8.983E+01,3.557E-01,3.547E-01,0.9971
026,26: Iron,6.000E+01,8.408E+01,4.306E-02,8.412E+01,4.133E-01,4.121E-01,0.9972
026,26: Iron,6.500E+01,7.913E+01,4.006E-02,7.917E+01,4.746E-01,4.733E-01,0.9973
026,26: Iron,7.000E+01,7.481E+01,3.746E-02,7.485E+01,5.396E-01,5.381E-01,0.9974
026,26: Iron,7.500E+01,7.098E+01,3.519E-02,7.102E+01,6.082E-01,6.066E-01,0.9974
026,26: Iron,8.000E+01,6.758E+01,3.320E-02,6.761E+01,6.803E-01,6.786E-01,0.9975
026,26: Iron,8.500E+01,6.452E+01,3.142E-02,6.456E+01,7.560E-01,7.542E-01,0.9976
026,26: Iron,9.000E+01,6.177E+01,2.983E-02,6.180E+01,8.352E-01,8.332E-01,0.9976
026,26: Iron,9.500E+01,5.927E+01,2.839E-02,5.929E+01,9.179E-01,9.157E-01,0.9976
026,26: Iron,1.000E+02,5.699E+01,2.710E-02,5.701E+01,1.004E+00,1.002E+00,0.9977
026,26: Iron,1.250E+02,4.803E+01,2.209E-02,4.806E+01,1.484E+00,1.480E+00,0.9978
026,26: Iron,1.500E+02,4.178E+01,1.868E-02,4.180E+01,2.043E+00,2.039E+00,0.9979
026,26: Iron,1.750E+02,3.714E+01,1.621E-02,3.715E+01,2.679E+00,2.673E+00,0.9980
026,26: Iron,2.000E+02,3.355E+01,1.432E-02,3.357E+01,3.388E+00,3.381E+00,0.9981
026,26: Iron,2.250E+02,3.069E+01,1.284E-02,3.071E+01,4.167E+00,4.160E+00,0.9981
026,26: Iron,2.500E+02,2.835E+01,1.163E-02,2.837E+01,5.015E+00,5.006E+00,0.9981
026,26: Iron,2.750E+02,2.640E+01,1.064E-02,2.641E+01,5.929E+00,5.919E+00,0.9982
026,26: Iron,3.000E+02,2.475E+01,9.803E-03,2.476E+01,6.908E+00,6.895E+00,0.9982
026,26: Iron,3.500E+02,2.210E+01,8.482E-03,2.211E+01,9.049E+00,9.033E+00,0.9983
026,26: Iron,4.000E+02,2.007E+01,7.478E-03,2.007E+01,1.143E+01,1.141E+01,0.9983
026,26: Iron,4.500E+02,1.845E+01,6.686E-03,1.846E+01,1.403E+01,1.400E+01,0.9984
026,26: Iron,5.000E+02,1.714E+01,6.047E-03,1.715E+01,1.684E+01,1.681E+01,0.9984
026,26: Iron,5.500E+02,1.605E+01,5.519E-03,1.606E+01,1.986E+01,1.982E+01,0.9984
026,26: Iron,6.000E+02,1.513E+01,5.076E-03,1.514E+01,2.307E+01,2.303E+01,0.9984
026,26: Iron,6.500E+02,1.435E+01,4.700E-03,1.435E+01,2.646E+01,2.642E+01,0.9985
026,26: Iron,7.000E+02,1.367E+01,4.376E-03,1.367E+01,3.003E+01,2.999E+01,0.9985
026,26: Iron,7.500E+02,1.308E+01,4.095E-03,1.308E+01,3.377E+01,3.372E+01,0.9985
026,26: Iron,8.000E+02,1.255E+01,3.848E-03,1.256E+01,3.767E+01,3.762E+01,0.9985
026,26: Iron,8.500E+02,1.209E+01,3.629E-03,1.209E+01,4.173E+01,4.167E+01,0.9986
026,26: Iron,9.000E+02,1.168E+01,3.435E-03,1.168E+01,4.594E+01,4.588E+01,0.9986
026,26: Iron,9.500E+02,1.130E+01,3.260E-03,1.131E+01,5.029E+01,5.022E+01,0.9986
026,26: Iron,1.000E+03,1.097E+01,3.102E-03,1.097E+01,5.478E+01,5.471E+01,0.9986
029,29: Copper,1.000E-03,2.951E+01,2.791E+01,5.742E+01,2.560E-05,3.573E-06,0.1396
029,29: Copper,1.500E-03,3.649E+01,2.878E+01,6.527E+01,3.370E-05,5.065E-06,0.1503
029,29: Copper,2.000E-03,4.242E+01,2.896E+01,7.138E+01,4.102E-05,6.563E-06,0.1600
029,29: Copper,2.500E-03,4.768E+01,2.883E+01,7.651E+01,4.778E-05,8.070E-06,0.1689
029,29: Copper,3.000E-03,5.245E+01,2.854E+01,8.099E+01,5.412E-05,9.590E-06,0.1772
029,29: Copper,4.000E-03,6.098E+01,2.776E+01,8.874E+01,6.590E-05,1.267E-05,0.1923
029,29: Copper,5.000E-03,6.854E+01,2.690E+01,9.543E+01,7.676E-05,1.580E-05,0.2059
029,29: Copper,6.000E-03,7.540E+01,2.604E+01,1.014E+02,8.691E-05,1.898E-05,0.2183
029,29: Copper,7.000E-03,8.174E+01,2.521E+01,1.069E+02,9.651E-05,2.218E-05,0.2298
029,29: Copper,8.000E-03,8.765E+01,2.444E+01,1.121E+02,1.056E-04,2.541E-05,0.2405
029,29: Copper,9.000E-03,9.323E+01,2.371E+01,1.169E+02,1.144E-04,2.866E-05,0.2506
029,29: Copper,1.000E-02,9.851E+01,2.303E+01,1.215E+02,1.228E-04,3.193E-05,0.2601
029,29: Copper,1.250E-02,1.107E+02,2.150E+01,1.322E+02,1.425E-04,4.014E-05,0.2818
029,29: Copper,1.500E-02,1.218E+02,2.020E+01,1.420E+02,1.607E-04,4.838E-05,0.3010
029,29: Copper,1.750E-02,1.320E+02,1.907E+01,1.511E+02,1.778E-04,5.660E-05,0.3184
029,29: Copper,2.000E-02,1.415E+02,1.809E+01,1.596E+02,1.938E-04,6.480E-05,0.3343
029,29: Copper,2.250E-02,1.505E+02,1.721E+01,1.677E+02,2.091E-04,7.295E-05,0.3488
029,29: Copper,2.500E-02,1.590E+02,1.644E+01,1.755E+02,2.237E-04,8.105E-05,0.3623
029,29: Copper,2.750E-02,1.672E+02,1.574E+01,1.829E+02,2.376E-04,8.908E-05,0.3748
029,29: Copper,3.000E-02,1.749E+02,1.511E+01,1.900E+02,2.510E-04,9.704E-05,0.3865
029,29: Copper,3.500E-02,1.895E+02,1.401E+01,2.036E+02,2.765E-04,1.127E-04,0.4078
029,29: Copper,4.000E-02,2.032E+02,1.308E+01,2.163E+02,3.003E-04,1.281E-04,0.4267
029,29: Copper,4.500E-02,2.160E+02,1.229E+01,2.283E+02,3.228E-04,1.432E-04,0.4438
029,29: Copper,5.000E-02,2.281E+02,1.160E+01,2.397E+02,3.441E-04,1.580E-04,0.4592
029,29: Copper,5.500E-02,2.397E+02,1.099E+01,2.507E+02,3.645E-04,1.726E-04,0.4734
029,29: Copper,6.000E-02,2.507E+02,1.045E+01,2.612E+02,3.841E-04,1.868E-04,0.4863
029,29: Copper,6.500E-02,2.613E+02,9.973E+00,2.712E+02,4.029E-04,2.007E-04,0.4983
029,29: Copper,7.000E-02,2.714E+02,9.541E+00,2.810E+02,4.210E-04,2.145E-04,0.5094
029,29: Copper,7.500E-02,2.812E+02,9.150E+00,2.904E+02,4.385E-04,2.279E-04,0.5198
029,29: Copper,8.000E-02,2.907E+02,8.793E+00,2.995E+02,4.554E-04,2.411E-04,0.5295
029,29: Copper,8.500E-02,2.998E+02,8.468E+00,3.083E+02,4.719E-04,2.542E-04,0.5386
029,29: Copper,9.000E-02,3.087E+02,8.168E+00,3.168E+02,4.879E-04,2.669E-04,0.5472
029,29: Copper,9.500E-02,3.173E+02,7.892E+00,3.251E+02,5.034E-04,2.795E-04,0.5552
029,29: Copper,1.000E-01,3.256E+02,7.636E+00,3.332E+02,5.186E-04,2.919E-04,0.5629
029,29: Copper,1.250E-01,3.642E+02,6.593E+00,3.708E+02,5.897E-04,3.513E-04,0.5957
029,29: Copper,1.500E-01,3.984E+02,5.826E+00,4.042E+02,6.542E-04,4.069E-04,0.6220
029,29: Copper,1.750E-01,4.291E+02,5.234E+00,4.343E+02,7.138E-04,4.594E-04,0.6436
029,29: Copper,2.000E-01,4.568E+02,4.762E+00,4.616E+02,7.696E-04,5.094E-04,0.6619
029,29: Copper,2.250E-01,4.821E+02,4.376E+00,4.865E+02,8.223E-04,5.572E-04,0.6776
029,29: Copper,2.500E-01,5.051E+02,4.053E+00,5.092E+02,8.725E-04,6.033E-04,0.6914
029,29: Copper,2.750E-01,5.262E+02,3.779E+00,5.300E+02,9.206E-04,6.478E-04,0.7036
029,29: Copper,3.000E-01,5.454E+02,3.543E+00,5.489E+02,9.670E-04,6.909E-04,0.7145
029,29: Copper,3.500E-01,5.790E+02,3.157E+00,5.822E+02,1.055E-03,7.739E-04,0.7333
029,29: Copper,4.000E-01,6.070E+02,2.853E+00,6.098E+02,1.139E-03,8.534E-04,0.7491
029,29: Copper,4.500E-01,6.301E+02,2.607E+00,6.327E+02,1.220E-03,9.301E-04,0.7626
029,29: Copper,5.000E-01,6.491E+02,2.403E+00,6.515E+02,1.297E-03,1.005E-03,0.7744
029,29: Copper,5.500E-01,6.644E+02,2.231E+00,6.666E+02,1.373E-03,1.078E-03,0.7848
029,29: Copper,6.000E-01,6.766E+02,2.085E+00,6.787E+02,1.448E-03,1.150E-03,0.7941
029,29: Copper,6.500E-01,6.862E+02,1.957E+00,6.881E+02,1.521E-03,1.220E-03,0.8026
029,29: Copper,7.000E-01,6.934E+02,1.846E+00,6.953E+02,1.593E-03,1.291E-03,0.8102
029,29: Copper,7.500E-01,6.988E+02,1.748E+00,7.005E+02,1.665E-03,1.360E-03,0.8173
029,29: Copper,8.000E-01,7.024E+02,1.660E+00,7.041E+02,1.736E-03,1.430E-03,0.8237
029,29: Copper,8.500E-01,7.046E+02,1.582E+00,7.062E+02,1.807E-03,1.499E-03,0.8298
029,29: Copper,9.000E-01,7.057E+02,1.511E+00,7.072E+02,1.877E-03,1.568E-03,0.8353
029,29: Copper,9.500E-01,7.057E+02,1.446E+00,7.072E+02,1.948E-03,1.638E-03,0.8406
029,29: Copper,1.000E+00,7.049E+02,1.388E+00,7.063E+02,2.019E-03,1.707E-03,0.8455
029,29: Copper,1.250E+00,6.925E+02,1.158E+00,6.936E+02,2.376E-03,2.058E-03,0.8661
029,29: Copper,1.500E+00,6.726E+02,9.973E-01,6.736E+02,2.741E-03,2.418E-03,0.8821
029,29: Copper,1.750E+00,6.503E+02,8.782E-01,6.512E+02,3.118E-03,2.791E-03,0.8949
029,29: Copper,2.000E+00,6.276E+02,7.861E-01,6.283E+02,3.509E-03,3.178E-03,0.9054
029,29: Copper,2.250E+00,6.060E+02,7.127E-01,6.067E+02,3.914E-03,3.579E-03,0.9142
029,29: Copper,2.500E+00,5.856E+02,6.525E-01,5.863E+02,4.334E-03,3.994E-03,0.9217
029,29: Copper,2.750E+00,5.663E+02,6.024E-01,5.669E+02,4.767E-03,4.424E-03,0.9281
029,29: Copper,3.000E+00,5.480E+02,5.598E-01,5.485E+02,5.216E-03,4.869E-03,0.9336
029,29: Copper,3.500E+00,5.140E+02,4.915E-01,5.145E+02,6.157E-03,5.804E-03,0.9427
029,29: Copper,4.000E+00,4.834E+02,4.388E-01,4.838E+02,7.160E-03,6.801E-03,0.9499
029,29: Copper,4.500E+00,4.558E+02,3.970E-01,4.562E+02,8.224E-03,7.859E-03,0.9556
029,29: Copper,5.000E+00,4.310E+02,3.628E-01,4.313E+02,9.352E-03,8.981E-03,0.9603
029,29: Copper,5.500E+00,4.084E+02,3.344E-01,4.088E+02,1.054E-02,1.017E-02,0.9642
029,29: Copper,6.000E+00,3.880E+02,3.103E-01,3.883E+02,1.180E-02,1.142E-02,0.9675
029,29: Copper,6.500E+00,3.696E+02,2.897E-01,3.699E+02,1.312E-02,1.273E-02,0.9703
029,29: Copper,7.000E+00,3.537E+02,2.718E-01,3.539E+02,1.450E-02,1.411E-02,0.9727
029,29: Copper,7.500E+00,3.391E+02,2.561E-01,3.394E+02,1.594E-02,1.554E-02,0.9748
029,29: Copper,8.000E+00,3.257E+02,2.422E-01,3.260E+02,1.745E-02,1.704E-02,0.9766
029,29: Copper,8.500E+00,3.134E+02,2.298E-01,3.136E+02,1.901E-02,1.860E-02,0.9782
029,29: Copper,9.000E+00,3.020E+02,2.187E-01,3.022E+02,2.064E-02,2.022E-02,0.9796
029,29: Copper,9.500E+00,2.917E+02,2.087E-01,2.919E+02,2.232E-02,2.189E-02,0.9809
029,29: Copper,1.000E+01,2.823E+02,1.996E-01,2.825E+02,2.406E-02,2.363E-02,0.9820
029,29: Copper,1.250E+01,2.439E+02,1.643E-01,2.441E+02,3.361E-02,3.314E-02,0.9861
029,29: Copper,1.500E+01,2.159E+02,1.401E-01,2.160E+02,4.452E-02,4.402E-02,0.9886
029,29: Copper,1.750E+01,1.944E+02,1.224E-01,1.945E+02,5.674E-02,5.620E-02,0.9904
029,29: Copper,2.000E+01,1.773E+02,1.088E-01,1.774E+02,7.022E-02,6.963E-02,0.9917
029,29: Copper,2.500E+01,1.516E+02,8.933E-02,1.517E+02,1.008E-01,1.001E-01,0.9933
029,29: Copper,2.750E+01,1.417E+02,8.210E-02,1.418E+02,1.179E-01,1.171E-01,0.9939
029,29: Copper,3.000E+01,1.332E+02,7.600E-02,1.332E+02,1.361E-01,1.353E-01,0.9943
029,29: Copper,3.500E+01,1.191E+02,6.626E-02,1.192E+02,1.758E-01,1.749E-01,0.9950
029,29: Copper,4.000E+01,1.081E+02,5.882E-02,1.082E+02,2.199E-01,2.189E-01,0.9955
029,29: Copper,4.500E+01,9.916E+01,5.295E-02,9.921E+01,2.682E-01,2.671E-01,0.9958
029,29: Copper,5.000E+01,9.173E+01,4.818E-02,9.178E+01,3.207E-01,3.194E-01,0.9961
029,29: Copper,5.500E+01,8.546E+01,4.423E-02,8.551E+01,3.771E-01,3.758E-01,0.9963
029,29: Copper,6.000E+01,8.009E+01,4.090E-02,8.013E+01,4.376E-01,4.361E-01,0.9965
029,29: Copper,6.500E+01,7.543E+01,3.805E-02,7.546E+01,5.019E-01,5.002E-01,0.9966
029,29: Copper,7.000E+01,7.134E+01,3.559E-02,7.138E+01,5.701E-01,5.682E-01,0.9968
029,29: Copper,7.500E+01,6.773E+01,3.344E-02,6.776E+01,6.420E-01,6.400E-01,0.9969
029,29: Copper,8.000E+01,6.451E+01,3.155E-02,6.454E+01,7.176E-01,7.155E-01,0.9970
029,29: Copper,8.500E+01,6.162E+01,2.986E-02,6.165E+01,7.969E-01,7.946E-01,0.9970
029,29: Copper,9.000E+01,5.900E+01,2.835E-02,5.903E+01,8.798E-01,8.773E-01,0.9971
029,29: Copper,9.500E+01,5.663E+01,2.700E-02,5.666E+01,9.663E-01,9.636E-01,0.9972
029,29: Copper,1.000E+02,5.447E+01,2.577E-02,5.450E+01,1.056E+00,1.053E+00,0.9972
029,29: Copper,1.250E+02,4.597E+01,2.102E-02,4.599E+01,1.558E+00,1.554E+00,0.9974
029,29: Copper,1.500E+02,4.002E+01,1.779E-02,4.004E+01,2.142E+00,2.137E+00,0.9976
029,29: Copper,1.750E+02,3.561E+01,1.543E-02,3.562E+01,2.805E+00,2.799E+00,0.9977
029,29: Copper,2.000E+02,3.219E+01,1.364E-02,3.220E+01,3.545E+00,3.537E+00,0.9978
029,29: Copper,2.250E+02,2.946E+01,1.223E-02,2.947E+01,4.357E+00,4.348E+00,0.9978
029,29: Copper,2.500E+02,2.723E+01,1.109E-02,2.724E+01,5.240E+00,5.229E+00,0.9979
029,29: Copper,2.750E+02,2.537E+01,1.015E-02,2.538E+01,6.192E+00,6.179E+00,0.9979
029,29: Copper,3.000E+02,2.379E+01,9.351E-03,2.380E+01,7.210E+00,7.195E+00,0.9980
029,29: Copper,3.500E+02,2.126E+01,8.093E-03,2.126E+01,9.437E+00,9.419E+00,0.9980
029,29: Copper,4.000E+02,1.931E+01,7.138E-03,1.932E+01,1.191E+01,1.189E+01,0.9981
029,29: Copper,4.500E+02,1.776E+01,6.387E-03,1.777E+01,1.461E+01,1.458E+01,0.9981
029,29: Copper,5.000E+02,1.651E+01,5.779E-03,1.651E+01,1.753E+01,1.750E+01,0.9982
029,29: Copper,5.500E+02,1.546E+01,5.277E-03,1.547E+01,2.066E+01,2.063E+01,0.9982
029,29: Copper,6.000E+02,1.458E+01,4.855E-03,1.459E+01,2.399E+01,2.395E+01,0.9982
029,29: Copper,6.500E+02,1.383E+01,4.496E-03,1.384E+01,2.751E+01,2.747E+01,0.9983
029,29: Copper,7.000E+02,1.318E+01,4.187E-03,1.319E+01,3.122E+01,3.116E+01,0.9983
029,29: Copper,7.500E+02,1.261E+01,3.918E-03,1.262E+01,3.510E+01,3.504E+01,0.9983
029,29: Copper,8.000E+02,1.211E+01,3.682E-03,1.212E+01,3.914E+01,3.908E+01,0.9983
029,29: Copper,8.500E+02,1.167E+01,3.473E-03,1.167E+01,4.335E+01,4.328E+01,0.9984
029,29: Copper,9.000E+02,1.127E+01,3.287E-03,1.127E+01,4.771E+01,4.763E+01,0.9984
029,29: Copper,9.500E+02,1.091E+01,3.120E-03,1.092E+01,5.221E+01,5.213E+01,0.9984
029,29: Copper,1.000E+03,1.059E+01,2.969E-03,1.060E+01,5.686E+01,5.677E+01,0.9984
032,32: Germanium,1.000E-03,4.766E+01,2.314E+01,7.079E+01,2.217E-05,3.632E-06,0.1638
032,32: Germanium,1.500E-03,5.757E+01,2.401E+01,8.158E+01,2.869E-05,5.075E-06,0.1769
032,32: Germanium,2.000E-03,6.583E+01,2.428E+01,9.011E+01,3.451E-05,6.507E-06,0.1885
032,32: Germanium,2.500E-03,7.305E+01,2.426E+01,9.731E+01,3.985E-05,7.930E-06,0.1990
032,32: Germanium,3.000E-03,7.953E+01,2.410E+01,1.036E+02,4.482E-05,9.351E-06,0.2086
032,32: Germanium,4.000E-03,9.094E+01,2.357E+01,1.145E+02,5.398E-05,1.220E-05,0.2259
032,32: Germanium,5.000E-03,1.009E+02,2.293E+01,1.238E+02,6.237E-05,1.505E-05,0.2413
032,32: Germanium,6.000E-03,1.099E+02,2.228E+01,1.321E+02,7.018E-05,1.791E-05,0.2552
032,32: Germanium,7.000E-03,1.180E+02,2.163E+01,1.397E+02,7.754E-05,2.077E-05,0.2679
032,32: Germanium,8.000E-03,1.256E+02,2.102E+01,1.466E+02,8.453E-05,2.364E-05,0.2796
032,32: Germanium,9.000E-03,1.327E+02,2.044E+01,1.531E+02,9.120E-05,2.650E-05,0.2906
032,32: Germanium,1.000E-02,1.394E+02,1.989E+01,1.592E+02,9.760E-05,2.936E-05,0.3008
032,32: Germanium,1.250E-02,1.546E+02,1.866E+01,1.733E+02,1.126E-04,3.649E-05,0.3239
032,32: Germanium,1.500E-02,1.683E+02,1.759E+01,1.859E+02,1.266E-04,4.357E-05,0.3443
032,32: Germanium,1.750E-02,1.808E+02,1.665E+01,1.974E+02,1.396E-04,5.059E-05,0.3624
032,32: Germanium,2.000E-02,1.923E+02,1.583E+01,2.082E+02,1.519E-04,5.755E-05,0.3788
032,32: Germanium,2.250E-02,2.031E+02,1.510E+01,2.182E+02,1.637E-04,6.444E-05,0.3938
032,32: Germanium,2.500E-02,2.133E+02,1.444E+01,2.277E+02,1.749E-04,7.126E-05,0.4075
032,32: Germanium,2.750E-02,2.229E+02,1.385E+01,2.367E+02,1.856E-04,7.801E-05,0.4202
032,32: Germanium,3.000E-02,2.320E+02,1.332E+01,2.453E+02,1.960E-04,8.468E-05,0.4320
032,32: Germanium,3.500E-02,2.491E+02,1.238E+01,2.615E+02,2.157E-04,9.781E-05,0.4534
032,32: Germanium,4.000E-02,2.648E+02,1.159E+01,2.764E+02,2.343E-04,1.107E-04,0.4723
032,32: Germanium,4.500E-02,2.795E+02,1.091E+01,2.904E+02,2.520E-04,1.232E-04,0.4891
032,32: Germanium,5.000E-02,2.932E+02,1.031E+01,3.035E+02,2.688E-04,1.356E-04,0.5044
032,32: Germanium,5.500E-02,3.061E+02,9.786E+00,3.159E+02,2.849E-04,1.477E-04,0.5183
032,32: Germanium,6.000E-02,3.184E+02,9.319E+00,3.277E+02,3.005E-04,1.596E-04,0.5310
032,32: Germanium,6.500E-02,3.300E+02,8.902E+00,3.389E+02,3.155E-04,1.712E-04,0.5427
032,32: Germanium,7.000E-02,3.411E+02,8.525E+00,3.496E+02,3.300E-04,1.827E-04,0.5535
032,32: Germanium,7.500E-02,3.517E+02,8.183E+00,3.598E+02,3.441E-04,1.939E-04,0.5636
032,32: Germanium,8.000E-02,3.618E+02,7.871E+00,3.697E+02,3.578E-04,2.050E-04,0.5730
032,32: Germanium,8.500E-02,3.715E+02,7.586E+00,3.791E+02,3.712E-04,2.160E-04,0.5818
032,32: Germanium,9.000E-02,3.808E+02,7.323E+00,3.881E+02,3.842E-04,2.267E-04,0.5901
032,32: Germanium,9.500E-02,3.898E+02,7.080E+00,3.969E+02,3.969E-04,2.373E-04,0.5979
032,32: Germanium,1.000E-01,3.984E+02,6.855E+00,4.053E+02,4.094E-04,2.478E-04,0.6053
032,32: Germanium,1.250E-01,4.372E+02,5.934E+00,4.431E+02,4.683E-04,2.983E-04,0.6370
032,32: Germanium,1.500E-01,4.699E+02,5.254E+00,4.751E+02,5.227E-04,3.461E-04,0.6622
032,32: Germanium,1.750E-01,4.978E+02,4.727E+00,5.025E+02,5.739E-04,3.919E-04,0.6830
032,32: Germanium,2.000E-01,5.217E+02,4.306E+00,5.260E+02,6.224E-04,4.361E-04,0.7006
032,32: Germanium,2.250E-01,5.423E+02,3.961E+00,5.463E+02,6.691E-04,4.789E-04,0.7157
032,32: Germanium,2.500E-01,5.601E+02,3.672E+00,5.638E+02,7.141E-04,5.206E-04,0.7290
032,32: Germanium,2.750E-01,5.755E+02,3.427E+00,5.790E+02,7.578E-04,5.614E-04,0.7408
032,32: Germanium,3.000E-01,5.889E+02,3.215E+00,5.921E+02,8.005E-04,6.014E-04,0.7513
032,32: Germanium,3.500E-01,6.107E+02,2.867E+00,6.136E+02,8.834E-04,6.797E-04,0.7695
032,32: Germanium,4.000E-01,6.274E+02,2.594E+00,6.300E+02,9.638E-04,7.563E-04,0.7847
032,32: Germanium,4.500E-01,6.401E+02,2.372E+00,6.425E+02,1.042E-03,8.315E-04,0.7977
032,32: Germanium,5.000E-01,6.499E+02,2.188E+00,6.521E+02,1.120E-03,9.057E-04,0.8090
032,32: Germanium,5.500E-01,6.573E+02,2.033E+00,6.593E+02,1.196E-03,9.793E-04,0.8190
032,32: Germanium,6.000E-01,6.628E+02,1.900E+00,6.647E+02,1.271E-03,1.052E-03,0.8278
032,32: Germanium,6.500E-01,6.668E+02,1.785E+00,6.686E+02,1.346E-03,1.125E-03,0.8358
032,32: Germanium,7.000E-01,6.696E+02,1.684E+00,6.713E+02,1.421E-03,1.198E-03,0.8430
032,32: Germanium,7.500E-01,6.714E+02,1.595E+00,6.730E+02,1.495E-03,1.270E-03,0.8495
032,32: Germanium,8.000E-01,6.723E+02,1.515E+00,6.738E+02,1.570E-03,1.343E-03,0.8555
032,32: Germanium,8.500E-01,6.724E+02,1.444E+00,6.738E+02,1.644E-03,1.415E-03,0.8610
032,32: Germanium,9.000E-01,6.719E+02,1.379E+00,6.733E+02,1.718E-03,1.488E-03,0.8661
032,32: Germanium,9.500E-01,6.709E+02,1.321E+00,6.722E+02,1.792E-03,1.561E-03,0.8708
032,32: Germanium,1.000E+00,6.694E+02,1.268E+00,6.707E+02,1.867E-03,1.634E-03,0.8752
032,32: Germanium,1.250E+00,6.569E+02,1.059E+00,6.580E+02,2.243E-03,2.003E-03,0.8932
032,32: Germanium,1.500E+00,6.395E+02,9.125E-01,6.404E+02,2.628E-03,2.383E-03,0.9068
032,32: Germanium,1.750E+00,6.198E+02,8.040E-01,6.206E+02,3.024E-03,2.774E-03,0.9174
032,32: Germanium,2.000E+00,5.994E+02,7.201E-01,6.001E+02,3.434E-03,3.179E-03,0.9259
032,32: Germanium,2.250E+00,5.784E+02,6.530E-01,5.791E+02,3.858E-03,3.599E-03,0.9330
032,32: Germanium,2.500E+00,5.576E+02,5.981E-01,5.582E+02,4.298E-03,4.035E-03,0.9389
032,32: Germanium,2.750E+00,5.375E+02,5.523E-01,5.381E+02,4.754E-03,4.487E-03,0.9439
032,32: Germanium,3.000E+00,5.185E+02,5.134E-01,5.190E+02,5.227E-03,4.957E-03,0.9483
032,32: Germanium,3.500E+00,4.836E+02,4.509E-01,4.840E+02,6.225E-03,5.947E-03,0.9554
032,32: Germanium,4.000E+00,4.529E+02,4.028E-01,4.533E+02,7.293E-03,7.008E-03,0.9609
032,32: Germanium,4.500E+00,4.258E+02,3.644E-01,4.261E+02,8.431E-03,8.139E-03,0.9654
032,32: Germanium,5.000E+00,4.018E+02,3.332E-01,4.022E+02,9.640E-03,9.341E-03,0.9690
032,32: Germanium,5.500E+00,3.805E+02,3.071E-01,3.808E+02,1.092E-02,1.061E-02,0.9720
032,32: Germanium,6.000E+00,3.615E+02,2.851E-01,3.618E+02,1.227E-02,1.195E-02,0.9745
032,32: Germanium,6.500E+00,3.443E+02,2.662E-01,3.445E+02,1.368E-02,1.336E-02,0.9766
032,32: Germanium,7.000E+00,3.286E+02,2.498E-01,3.288E+02,1.517E-02,1.484E-02,0.9784
032,32: Germanium,7.500E+00,3.151E+02,2.354E-01,3.154E+02,1.672E-02,1.639E-02,0.9800
032,32: Germanium,8.000E+00,3.031E+02,2.226E-01,3.033E+02,1.834E-02,1.800E-02,0.9813
032,32: Germanium,8.500E+00,2.921E+02,2.113E-01,2.923E+02,2.002E-02,1.967E-02,0.9825
032,32: Germanium,9.000E+00,2.820E+02,2.011E-01,2.822E+02,2.176E-02,2.140E-02,0.9835
032,32: Germanium,9.500E+00,2.726E+02,1.919E-01,2.728E+02,2.356E-02,2.320E-02,0.9845
032,32: Germanium,1.000E+01,2.638E+02,1.835E-01,2.640E+02,2.543E-02,2.505E-02,0.9853
032,32: Germanium,1.250E+01,2.282E+02,1.512E-01,2.283E+02,3.564E-02,3.523E-02,0.9884
032,32: Germanium,1.500E+01,2.022E+02,1.289E-01,2.024E+02,4.730E-02,4.684E-02,0.9903
032,32: Germanium,1.750E+01,1.823E+02,1.126E-01,1.824E+02,6.033E-02,5.982E-02,0.9916
032,32: Germanium,2.000E+01,1.664E+02,1.002E-01,1.665E+02,7.469E-02,7.413E-02,0.9926
032,32: Germanium,2.500E+01,1.426E+02,8.229E-02,1.427E+02,1.072E-01,1.066E-01,0.9938
032,32: Germanium,2.750E+01,1.334E+02,7.564E-02,1.334E+02,1.254E-01,1.247E-01,0.9943
032,32: Germanium,3.000E+01,1.254E+02,7.003E-02,1.255E+02,1.447E-01,1.439E-01,0.9946
032,32: Germanium,3.500E+01,1.123E+02,6.108E-02,1.124E+02,1.869E-01,1.860E-01,0.9951
032,32: Germanium,4.000E+01,1.020E+02,5.423E-02,1.021E+02,2.336E-01,2.326E-01,0.9955
032,32: Germanium,4.500E+01,9.363E+01,4.882E-02,9.368E+01,2.848E-01,2.836E-01,0.9958
032,32: Germanium,5.000E+01,8.667E+01,4.444E-02,8.672E+01,3.404E-01,3.390E-01,0.9961
032,32: Germanium,5.500E+01,8.079E+01,4.080E-02,8.083E+01,4.001E-01,3.986E-01,0.9962
032,32: Germanium,6.000E+01,7.575E+01,3.774E-02,7.579E+01,4.640E-01,4.624E-01,0.9964
032,32: Germanium,6.500E+01,7.137E+01,3.512E-02,7.141E+01,5.320E-01,5.302E-01,0.9965
032,32: Germanium,7.000E+01,6.753E+01,3.285E-02,6.757E+01,6.041E-01,6.020E-01,0.9966
032,32: Germanium,7.500E+01,6.414E+01,3.087E-02,6.417E+01,6.800E-01,6.778E-01,0.9967
032,32: Germanium,8.000E+01,6.110E+01,2.912E-02,6.113E+01,7.599E-01,7.574E-01,0.9968
032,32: Germanium,8.500E+01,5.838E+01,2.757E-02,5.841E+01,8.436E-01,8.409E-01,0.9969
032,32: Germanium,9.000E+01,5.592E+01,2.618E-02,5.595E+01,9.311E-01,9.282E-01,0.9969
032,32: Germanium,9.500E+01,5.369E+01,2.493E-02,5.372E+01,1.022E+00,1.019E+00,0.9970
032,32: Germanium,1.000E+02,5.165E+01,2.380E-02,5.168E+01,1.117E+00,1.114E+00,0.9970
032,32: Germanium,1.250E+02,4.363E+01,1.942E-02,4.365E+01,1.646E+00,1.641E+00,0.9972
032,32: Germanium,1.500E+02,3.801E+01,1.644E-02,3.803E+01,2.261E+00,2.255E+00,0.9974
032,32: Germanium,1.750E+02,3.384E+01,1.427E-02,3.385E+01,2.959E+00,2.952E+00,0.9975
032,32: Germanium,2.000E+02,3.060E+01,1.262E-02,3.062E+01,3.737E+00,3.728E+00,0.9975
032,32: Germanium,2.250E+02,2.802E+01,1.132E-02,2.803E+01,4.592E+00,4.581E+00,0.9976
032,32: Germanium,2.500E+02,2.591E+01,1.027E-02,2.592E+01,5.520E+00,5.507E+00,0.9977
032,32: Germanium,2.750E+02,2.414E+01,9.396E-03,2.415E+01,6.520E+00,6.505E+00,0.9977
032,32: Germanium,3.000E+02,2.265E+01,8.663E-03,2.265E+01,7.590E+00,7.573E+00,0.9977
032,32: Germanium,3.500E+02,2.024E+01,7.498E-03,2.025E+01,9.929E+00,9.907E+00,0.9978
032,32: Germanium,4.000E+02,1.840E+01,6.615E-03,1.840E+01,1.252E+01,1.250E+01,0.9979
032,32: Germanium,4.500E+02,1.693E+01,5.921E-03,1.694E+01,1.536E+01,1.533E+01,0.9979
032,32: Germanium,5.000E+02,1.574E+01,5.361E-03,1.574E+01,1.842E+01,1.839E+01,0.9980
032,32: Germanium,5.500E+02,1.475E+01,4.897E-03,1.475E+01,2.171E+01,2.166E+01,0.9980
032,32: Germanium,6.000E+02,1.391E+01,4.507E-03,1.392E+01,2.520E+01,2.515E+01,0.9980
032,32: Germanium,6.500E+02,1.320E+01,4.175E-03,1.320E+01,2.889E+01,2.883E+01,0.9981
032,32: Germanium,7.000E+02,1.258E+01,3.888E-03,1.259E+01,3.277E+01,3.271E+01,0.9981
032,32: Germanium,7.500E+02,1.204E+01,3.639E-03,1.205E+01,3.683E+01,3.676E+01,0.9981
032,32: Germanium,8.000E+02,1.157E+01,3.420E-03,1.157E+01,4.107E+01,4.099E+01,0.9982
032,32: Germanium,8.500E+02,1.115E+01,3.226E-03,1.115E+01,4.547E+01,4.539E+01,0.9982
032,32: Germanium,9.000E+02,1.077E+01,3.053E-03,1.077E+01,5.003E+01,4.995E+01,0.9982
032,32: Germanium,9.500E+02,1.043E+01,2.898E-03,1.043E+01,5.475E+01,5.465E+01,0.9982
032,32: Germanium,1.000E+03,1.013E+01,2.759E-03,1.013E+01,5.962E+01,5.951E+01,0.9982
036,36: Krypton,1.000E-03,1.015E+01,1.901E+01,2.917E+01,4.890E-05,4.339E-06,0.0887
036,36: Krypton,1.500E-03,1.369E+01,1.988E+01,3.357E+01,6.476E-05,6.131E-06,0.0947
036,36: Krypton,2.000E-03,1.693E+01,2.022E+01,3.715E+01,7.890E-05,7.925E-06,0.1005
036,36: Krypton,2.500E-03,1.996E+01,2.030E+01,4.026E+01,9.181E-05,9.732E-06,0.1060
036,36: Krypton,3.000E-03,2.284E+01,2.025E+01,4.308E+01,1.038E-04,1.156E-05,0.1113
036,36: Krypton,4.000E-03,2.823E+01,1.993E+01,4.816E+01,1.257E-04,1.526E-05,0.1214
036,36: Krypton,5.000E-03,3.329E+01,1.949E+01,5.277E+01,1.455E-04,1.904E-05,0.1308
036,36: Krypton,6.000E-03,3.808E+01,1.901E+01,5.709E+01,1.638E-04,2.287E-05,0.1397
036,36: Krypton,7.000E-03,4.266E+01,1.853E+01,6.119E+01,1.807E-04,2.675E-05,0.1481
036,36: Krypton,8.000E-03,4.708E+01,1.806E+01,6.514E+01,1.965E-04,3.067E-05,0.1561
036,36: Krypton,9.000E-03,5.135E+01,1.761E+01,6.896E+01,2.114E-04,3.461E-05,0.1637
036,36: Krypton,1.000E-02,5.550E+01,1.718E+01,7.268E+01,2.255E-04,3.857E-05,0.1710
036,36: Krypton,1.250E-02,6.543E+01,1.619E+01,8.162E+01,2.580E-04,4.853E-05,0.1881
036,36: Krypton,1.500E-02,7.484E+01,1.533E+01,9.017E+01,2.871E-04,5.851E-05,0.2038
036,36: Krypton,1.750E-02,8.385E+01,1.457E+01,9.841E+01,3.136E-04,6.845E-05,0.2182
036,36: Krypton,2.000E-02,9.252E+01,1.389E+01,1.064E+02,3.380E-04,7.831E-05,0.2317
036,36: Krypton,2.250E-02,1.009E+02,1.328E+01,1.142E+02,3.607E-04,8.808E-05,0.2442
036,36: Krypton,2.500E-02,1.091E+02,1.274E+01,1.218E+02,3.819E-04,9.774E-05,0.2559
036,36: Krypton,2.750E-02,1.170E+02,1.224E+01,1.292E+02,4.018E-04,1.073E-04,0.2670
036,36: Krypton,3.000E-02,1.247E+02,1.179E+01,1.365E+02,4.206E-04,1.167E-04,0.2774
036,36: Krypton,3.500E-02,1.397E+02,1.100E+01,1.507E+02,4.555E-04,1.351E-04,0.2966
036,36: Krypton,4.000E-02,1.541E+02,1.032E+01,1.644E+02,4.872E-04,1.530E-04,0.3140
036,36: Krypton,4.500E-02,1.680E+02,9.736E+00,1.777E+02,5.165E-04,1.703E-04,0.3298
036,36: Krypton,5.000E-02,1.815E+02,9.223E+00,1.907E+02,5.436E-04,1.871E-04,0.3443
036,36: Krypton,5.500E-02,1.946E+02,8.770E+00,2.034E+02,5.690E-04,2.035E-04,0.3576
036,36: Krypton,6.000E-02,2.074E+02,8.366E+00,2.158E+02,5.928E-04,2.193E-04,0.3699
036,36: Krypton,6.500E-02,2.199E+02,8.003E+00,2.279E+02,6.154E-04,2.347E-04,0.3814
036,36: Krypton,7.000E-02,2.321E+02,7.674E+00,2.397E+02,6.368E-04,2.497E-04,0.3922
036,36: Krypton,7.500E-02,2.440E+02,7.375E+00,2.514E+02,6.571E-04,2.643E-04,0.4022
036,36: Krypton,8.000E-02,2.557E+02,7.102E+00,2.628E+02,6.766E-04,2.785E-04,0.4116
036,36: Krypton,8.500E-02,2.672E+02,6.851E+00,2.740E+02,6.952E-04,2.923E-04,0.4205
036,36: Krypton,9.000E-02,2.784E+02,6.620E+00,2.850E+02,7.131E-04,3.059E-04,0.4289
036,36: Krypton,9.500E-02,2.895E+02,6.406E+00,2.959E+02,7.303E-04,3.190E-04,0.4369
036,36: Krypton,1.000E-01,3.003E+02,6.207E+00,3.065E+02,7.469E-04,3.319E-04,0.4444
036,36: Krypton,1.250E-01,3.519E+02,5.391E+00,3.573E+02,8.223E-04,3.923E-04,0.4771
036,36: Krypton,1.500E-01,3.996E+02,4.785E+00,4.043E+02,8.880E-04,4.472E-04,0.5036
036,36: Krypton,1.750E-01,4.437E+02,4.314E+00,4.480E+02,9.467E-04,4.976E-04,0.5256
036,36: Krypton,2.000E-01,4.844E+02,3.936E+00,4.884E+02,1.000E-03,5.445E-04,0.5445
036,36: Krypton,2.250E-01,5.221E+02,3.626E+00,5.257E+02,1.049E-03,5.886E-04,0.5609
036,36: Krypton,2.500E-01,5.567E+02,3.365E+00,5.601E+02,1.095E-03,6.302E-04,0.5753
036,36: Krypton,2.750E-01,5.884E+02,3.143E+00,5.915E+02,1.139E-03,6.699E-04,0.5882
036,36: Krypton,3.000E-01,6.172E+02,2.951E+00,6.201E+02,1.180E-03,7.080E-04,0.5999
036,36: Krypton,3.500E-01,6.666E+02,2.636E+00,6.692E+02,1.258E-03,7.802E-04,0.6204
036,36: Krypton,4.000E-01,7.057E+02,2.387E+00,7.081E+02,1.330E-03,8.486E-04,0.6380
036,36: Krypton,4.500E-01,7.355E+02,2.185E+00,7.377E+02,1.399E-03,9.142E-04,0.6534
036,36: Krypton,5.000E-01,7.570E+02,2.017E+00,7.590E+02,1.466E-03,9.780E-04,0.6671
036,36: Krypton,5.500E-01,7.714E+02,1.875E+00,7.733E+02,1.531E-03,1.041E-03,0.6796
036,36: Krypton,6.000E-01,7.799E+02,1.754E+00,7.816E+02,1.596E-03,1.103E-03,0.6911
036,36: Krypton,6.500E-01,7.834E+02,1.648E+00,7.850E+02,1.659E-03,1.164E-03,0.7017
036,36: Krypton,7.000E-01,7.830E+02,1.556E+00,7.845E+02,1.723E-03,1.226E-03,0.7116
036,36: Krypton,7.500E-01,7.794E+02,1.474E+00,7.809E+02,1.787E-03,1.288E-03,0.7210
036,36: Krypton,8.000E-01,7.736E+02,1.401E+00,7.750E+02,1.851E-03,1.351E-03,0.7297
036,36: Krypton,8.500E-01,7.659E+02,1.336E+00,7.672E+02,1.916E-03,1.414E-03,0.7381
036,36: Krypton,9.000E-01,7.570E+02,1.277E+00,7.583E+02,1.981E-03,1.478E-03,0.7460
036,36: Krypton,9.500E-01,7.472E+02,1.223E+00,7.484E+02,2.048E-03,1.543E-03,0.7535
036,36: Krypton,1.000E+00,7.369E+02,1.174E+00,7.381E+02,2.115E-03,1.609E-03,0.7607
036,36: Krypton,1.250E+00,6.837E+02,9.817E-01,6.846E+02,2.467E-03,1.954E-03,0.7923
036,36: Krypton,1.500E+00,6.356E+02,8.468E-01,6.365E+02,2.846E-03,2.328E-03,0.8179
036,36: Krypton,1.750E+00,5.952E+02,7.467E-01,5.960E+02,3.252E-03,2.729E-03,0.8391
036,36: Krypton,2.000E+00,5.615E+02,6.691E-01,5.622E+02,3.684E-03,3.156E-03,0.8566
036,36: Krypton,2.250E+00,5.330E+02,6.070E-01,5.336E+02,4.141E-03,3.608E-03,0.8712
036,36: Krypton,2.500E+00,5.086E+02,5.562E-01,5.092E+02,4.621E-03,4.083E-03,0.8836
036,36: Krypton,2.750E+00,4.873E+02,5.138E-01,4.878E+02,5.123E-03,4.580E-03,0.8940
036,36: Krypton,3.000E+00,4.685E+02,4.778E-01,4.689E+02,5.646E-03,5.098E-03,0.9030
036,36: Krypton,3.500E+00,4.399E+02,4.199E-01,4.403E+02,6.748E-03,6.191E-03,0.9176
036,36: Krypton,4.000E+00,4.179E+02,3.752E-01,4.182E+02,7.914E-03,7.349E-03,0.9286
036,36: Krypton,4.500E+00,3.988E+02,3.396E-01,3.992E+02,9.138E-03,8.564E-03,0.9372
036,36: Krypton,5.000E+00,3.814E+02,3.106E-01,3.817E+02,1.042E-02,9.837E-03,0.9441
036,36: Krypton,5.500E+00,3.649E+02,2.864E-01,3.652E+02,1.176E-02,1.117E-02,0.9498
036,36: Krypton,6.000E+00,3.492E+02,2.659E-01,3.495E+02,1.316E-02,1.256E-02,0.9545
036,36: Krypton,6.500E+00,3.342E+02,2.483E-01,3.344E+02,1.462E-02,1.401E-02,0.9585
036,36: Krypton,7.000E+00,3.198E+02,2.330E-01,3.201E+02,1.615E-02,1.553E-02,0.9619
036,36: Krypton,7.500E+00,3.062E+02,2.196E-01,3.064E+02,1.775E-02,1.712E-02,0.9648
036,36: Krypton,8.000E+00,2.937E+02,2.078E-01,2.939E+02,1.941E-02,1.878E-02,0.9674
036,36: Krypton,8.500E+00,2.828E+02,1.972E-01,2.830E+02,2.115E-02,2.050E-02,0.9696
036,36: Krypton,9.000E+00,2.728E+02,1.877E-01,2.730E+02,2.295E-02,2.229E-02,0.9716
036,36: Krypton,9.500E+00,2.636E+02,1.792E-01,2.638E+02,2.481E-02,2.415E-02,0.9734
036,36: Krypton,1.000E+01,2.552E+02,1.714E-01,2.553E+02,2.674E-02,2.607E-02,0.9750
036,36: Krypton,1.250E+01,2.212E+02,1.413E-01,2.213E+02,3.729E-02,3.657E-02,0.9808
036,36: Krypton,1.500E+01,1.958E+02,1.205E-01,1.959E+02,4.932E-02,4.855E-02,0.9844
036,36: Krypton,1.750E+01,1.766E+02,1.053E-01,1.767E+02,6.278E-02,6.196E-02,0.9869
036,36: Krypton,2.000E+01,1.612E+02,9.371E-02,1.613E+02,7.761E-02,7.673E-02,0.9887
036,36: Krypton,2.500E+01,1.381E+02,7.702E-02,1.382E+02,1.112E-01,1.102E-01,0.9910
036,36: Krypton,2.750E+01,1.292E+02,7.081E-02,1.293E+02,1.299E-01,1.289E-01,0.9918
036,36: Krypton,3.000E+01,1.215E+02,6.557E-02,1.216E+02,1.499E-01,1.487E-01,0.9924
036,36: Krypton,3.500E+01,1.089E+02,5.720E-02,1.089E+02,1.934E-01,1.921E-01,0.9934
036,36: Krypton,4.000E+01,9.891E+01,5.081E-02,9.896E+01,2.416E-01,2.402E-01,0.9940
036,36: Krypton,4.500E+01,9.081E+01,4.575E-02,9.086E+01,2.944E-01,2.928E-01,0.9945
036,36: Krypton,5.000E+01,8.409E+01,4.165E-02,8.413E+01,3.517E-01,3.499E-01,0.9949
036,36: Krypton,5.500E+01,7.840E+01,3.825E-02,7.844E+01,4.132E-01,4.113E-01,0.9952
036,36: Krypton,6.000E+01,7.353E+01,3.539E-02,7.356E+01,4.791E-01,4.769E-01,0.9955
036,36: Krypton,6.500E+01,6.929E+01,3.294E-02,6.932E+01,5.492E-01,5.468E-01,0.9957
036,36: Krypton,7.000E+01,6.557E+01,3.081E-02,6.560E+01,6.233E-01,6.208E-01,0.9958
036,36: Krypton,7.500E+01,6.228E+01,2.896E-02,6.231E+01,7.016E-01,6.988E-01,0.9960
036,36: Krypton,8.000E+01,5.934E+01,2.732E-02,5.937E+01,7.838E-01,7.808E-01,0.9961
036,36: Krypton,8.500E+01,5.671E+01,2.587E-02,5.673E+01,8.700E-01,8.667E-01,0.9962
036,36: Krypton,9.000E+01,5.432E+01,2.457E-02,5.435E+01,9.601E-01,9.565E-01,0.9963
036,36: Krypton,9.500E+01,5.216E+01,2.340E-02,5.218E+01,1.054E+00,1.050E+00,0.9964
036,36: Krypton,1.000E+02,5.018E+01,2.234E-02,5.021E+01,1.152E+00,1.148E+00,0.9965
036,36: Krypton,1.250E+02,4.241E+01,1.825E-02,4.243E+01,1.696E+00,1.690E+00,0.9968
036,36: Krypton,1.500E+02,3.695E+01,1.545E-02,3.697E+01,2.329E+00,2.322E+00,0.9969
036,36: Krypton,1.750E+02,3.290E+01,1.342E-02,3.291E+01,3.047E+00,3.038E+00,0.9971
036,36: Krypton,2.000E+02,2.976E+01,1.187E-02,2.977E+01,3.847E+00,3.836E+00,0.9972
036,36: Krypton,2.250E+02,2.725E+01,1.065E-02,2.726E+01,4.725E+00,4.713E+00,0.9973
036,36: Krypton,2.500E+02,2.520E+01,9.664E-03,2.521E+01,5.680E+00,5.665E+00,0.9973
036,36: Krypton,2.750E+02,2.349E+01,8.848E-03,2.349E+01,6.708E+00,6.691E+00,0.9974
036,36: Krypton,3.000E+02,2.203E+01,8.161E-03,2.204E+01,7.807E+00,7.787E+00,0.9974
036,36: Krypton,3.500E+02,1.970E+01,7.067E-03,1.971E+01,1.021E+01,1.019E+01,0.9975
036,36: Krypton,4.000E+02,1.790E+01,6.236E-03,1.791E+01,1.288E+01,1.285E+01,0.9976
036,36: Krypton,4.500E+02,1.648E+01,5.583E-03,1.649E+01,1.579E+01,1.575E+01,0.9977
036,36: Krypton,5.000E+02,1.532E+01,5.057E-03,1.533E+01,1.894E+01,1.890E+01,0.9977
036,36: Krypton,5.500E+02,1.436E+01,4.622E-03,1.436E+01,2.231E+01,2.226E+01,0.9978
036,36: Krypton,6.000E+02,1.355E+01,4.257E-03,1.355E+01,2.590E+01,2.584E+01,0.9978
036,36: Krypton,6.500E+02,1.285E+01,3.945E-03,1.286E+01,2.969E+01,2.962E+01,0.9978
036,36: Krypton,7.000E+02,1.225E+01,3.675E-03,1.226E+01,3.367E+01,3.360E+01,0.9979
036,36: Krypton,7.500E+02,1.173E+01,3.440E-03,1.173E+01,3.784E+01,3.776E+01,0.9979
036,36: Krypton,8.000E+02,1.127E+01,3.234E-03,1.127E+01,4.219E+01,4.210E+01,0.9979
036,36: Krypton,8.500E+02,1.086E+01,3.051E-03,1.086E+01,4.671E+01,4.662E+01,0.9980
036,36: Krypton,9.000E+02,1.049E+01,2.887E-03,1.050E+01,5.140E+01,5.129E+01,0.9980
036,36: Krypton,9.500E+02,1.016E+01,2.741E-03,1.017E+01,5.624E+01,5.613E+01,0.9980
036,36: Krypton,1.000E+03,9.868E+00,2.609E-03,9.870E+00,6.123E+01,6.111E+01,0.9980
042,42: Molybdenum,1.000E-03,5.822E+01,1.620E+01,7.443E+01,2.229E-05,3.893E-06,0.1746
042,42: Molybdenum,1.500E-03,6.898E+01,1.711E+01,8.608E+01,2.848E-05,5.343E-06,0.1876
042,42: Molybdenum,2.000E-03,7.779E+01,1.753E+01,9.532E+01,3.399E-05,6.765E-06,0.1990
042,42: Molybdenum,2.500E-03,8.540E+01,1.771E+01,1.031E+02,3.903E-05,8.164E-06,0.2092
042,42: Molybdenum,3.000E-03,9.216E+01,1.775E+01,1.099E+02,4.372E-05,9.550E-06,0.2184
042,42: Molybdenum,4.000E-03,1.039E+02,1.762E+01,1.216E+02,5.236E-05,1.230E-05,0.2349
042,42: Molybdenum,5.000E-03,1.141E+02,1.735E+01,1.314E+02,6.026E-05,1.503E-05,0.2495
042,42: Molybdenum,6.000E-03,1.231E+02,1.702E+01,1.401E+02,6.762E-05,1.776E-05,0.2626
042,42: Molybdenum,7.000E-03,1.313E+02,1.667E+01,1.480E+02,7.456E-05,2.047E-05,0.2746
042,42: Molybdenum,8.000E-03,1.388E+02,1.631E+01,1.552E+02,8.116E-05,2.318E-05,0.2857
042,42: Molybdenum,9.000E-03,1.458E+02,1.596E+01,1.618E+02,8.747E-05,2.589E-05,0.2959
042,42: Molybdenum,1.000E-02,1.524E+02,1.562E+01,1.680E+02,9.353E-05,2.858E-05,0.3056
042,42: Molybdenum,1.250E-02,1.673E+02,1.483E+01,1.821E+02,1.078E-04,3.529E-05,0.3274
042,42: Molybdenum,1.500E-02,1.805E+02,1.412E+01,1.946E+02,1.211E-04,4.195E-05,0.3465
042,42: Molybdenum,1.750E-02,1.925E+02,1.348E+01,2.060E+02,1.336E-04,4.856E-05,0.3636
042,42: Molybdenum,2.000E-02,2.035E+02,1.290E+01,2.164E+02,1.454E-04,5.512E-05,0.3791
042,42: Molybdenum,2.250E-02,2.138E+02,1.239E+01,2.262E+02,1.567E-04,6.162E-05,0.3933
042,42: Molybdenum,2.500E-02,2.234E+02,1.191E+01,2.353E+02,1.675E-04,6.806E-05,0.4063
042,42: Molybdenum,2.750E-02,2.324E+02,1.148E+01,2.439E+02,1.780E-04,7.445E-05,0.4184
042,42: Molybdenum,3.000E-02,2.410E+02,1.109E+01,2.521E+02,1.880E-04,8.078E-05,0.4296
042,42: Molybdenum,3.500E-02,2.569E+02,1.039E+01,2.673E+02,2.073E-04,9.327E-05,0.4500
042,42: Molybdenum,4.000E-02,2.716E+02,9.789E+00,2.813E+02,2.255E-04,1.056E-04,0.4681
042,42: Molybdenum,4.500E-02,2.851E+02,9.264E+00,2.944E+02,2.429E-04,1.176E-04,0.4843
042,42: Molybdenum,5.000E-02,2.978E+02,8.801E+00,3.066E+02,2.595E-04,1.295E-04,0.4990
042,42: Molybdenum,5.500E-02,3.098E+02,8.390E+00,3.182E+02,2.755E-04,1.412E-04,0.5124
042,42: Molybdenum,6.000E-02,3.211E+02,8.021E+00,3.291E+02,2.910E-04,1.527E-04,0.5248
042,42: Molybdenum,6.500E-02,3.318E+02,7.689E+00,3.395E+02,3.059E-04,1.640E-04,0.5361
042,42: Molybdenum,7.000E-02,3.421E+02,7.387E+00,3.495E+02,3.204E-04,1.752E-04,0.5467
042,42: Molybdenum,7.500E-02,3.519E+02,7.111E+00,3.590E+02,3.345E-04,1.862E-04,0.5566
042,42: Molybdenum,8.000E-02,3.613E+02,6.858E+00,3.681E+02,3.483E-04,1.971E-04,0.5658
042,42: Molybdenum,8.500E-02,3.703E+02,6.626E+00,3.769E+02,3.617E-04,2.078E-04,0.5744
042,42: Molybdenum,9.000E-02,3.790E+02,6.410E+00,3.854E+02,3.748E-04,2.184E-04,0.5826
042,42: Molybdenum,9.500E-02,3.874E+02,6.211E+00,3.936E+02,3.877E-04,2.288E-04,0.5903
042,42: Molybdenum,1.000E-01,3.955E+02,6.025E+00,4.015E+02,4.003E-04,2.392E-04,0.5975
042,42: Molybdenum,1.250E-01,4.324E+02,5.258E+00,4.377E+02,4.598E-04,2.891E-04,0.6288
042,42: Molybdenum,1.500E-01,4.645E+02,4.683E+00,4.692E+02,5.149E-04,3.367E-04,0.6539
042,42: Molybdenum,1.750E-01,4.929E+02,4.234E+00,4.971E+02,5.667E-04,3.822E-04,0.6745
042,42: Molybdenum,2.000E-01,5.182E+02,3.872E+00,5.221E+02,6.157E-04,4.261E-04,0.6920
042,42: Molybdenum,2.250E-01,5.410E+02,3.573E+00,5.446E+02,6.626E-04,4.685E-04,0.7071
042,42: Molybdenum,2.500E-01,5.616E+02,3.322E+00,5.650E+02,7.076E-04,5.097E-04,0.7203
042,42: Molybdenum,2.750E-01,5.804E+02,3.107E+00,5.835E+02,7.512E-04,5.498E-04,0.7319
042,42: Molybdenum,3.000E-01,5.974E+02,2.921E+00,6.003E+02,7.934E-04,5.890E-04,0.7423
042,42: Molybdenum,3.500E-01,6.269E+02,2.614E+00,6.295E+02,8.747E-04,6.650E-04,0.7603
042,42: Molybdenum,4.000E-01,6.512E+02,2.371E+00,6.536E+02,9.526E-04,7.385E-04,0.7753
042,42: Molybdenum,4.500E-01,6.712E+02,2.173E+00,6.733E+02,1.028E-03,8.100E-04,0.7881
042,42: Molybdenum,5.000E-01,6.873E+02,2.009E+00,6.893E+02,1.101E-03,8.801E-04,0.7992
042,42: Molybdenum,5.500E-01,7.001E+02,1.869E+00,7.020E+02,1.173E-03,9.490E-04,0.8090
042,42: Molybdenum,6.000E-01,7.100E+02,1.750E+00,7.117E+02,1.244E-03,1.017E-03,0.8177
042,42: Molybdenum,6.500E-01,7.173E+02,1.646E+00,7.189E+02,1.314E-03,1.085E-03,0.8256
042,42: Molybdenum,7.000E-01,7.223E+02,1.555E+00,7.239E+02,1.383E-03,1.152E-03,0.8327
042,42: Molybdenum,7.500E-01,7.254E+02,1.474E+00,7.268E+02,1.452E-03,1.218E-03,0.8392
042,42: Molybdenum,8.000E-01,7.267E+02,1.402E+00,7.281E+02,1.521E-03,1.285E-03,0.8452
042,42: Molybdenum,8.500E-01,7.265E+02,1.337E+00,7.278E+02,1.589E-03,1.352E-03,0.8508
042,42: Molybdenum,9.000E-01,7.250E+02,1.279E+00,7.263E+02,1.658E-03,1.419E-03,0.8559
042,42: Molybdenum,9.500E-01,7.223E+02,1.225E+00,7.236E+02,1.727E-03,1.487E-03,0.8607
042,42: Molybdenum,1.000E+00,7.188E+02,1.177E+00,7.199E+02,1.796E-03,1.554E-03,0.8652
042,42: Molybdenum,1.250E+00,6.909E+02,9.856E-01,6.919E+02,2.150E-03,1.901E-03,0.8841
042,42: Molybdenum,1.500E+00,6.550E+02,8.512E-01,6.558E+02,2.521E-03,2.266E-03,0.8987
042,42: Molybdenum,1.750E+00,6.178E+02,7.513E-01,6.186E+02,2.913E-03,2.652E-03,0.9104
042,42: Molybdenum,2.000E+00,5.826E+02,6.737E-01,5.833E+02,3.330E-03,3.063E-03,0.9200
042,42: Molybdenum,2.250E+00,5.521E+02,6.117E-01,5.528E+02,3.770E-03,3.498E-03,0.9279
042,42: Molybdenum,2.500E+00,5.257E+02,5.608E-01,5.262E+02,4.234E-03,3.957E-03,0.9346
042,42: Molybdenum,2.750E+00,5.023E+02,5.183E-01,5.028E+02,4.720E-03,4.438E-03,0.9403
042,42: Molybdenum,3.000E+00,4.815E+02,4.822E-01,4.819E+02,5.228E-03,4.941E-03,0.9451
042,42: Molybdenum,3.500E+00,4.455E+02,4.240E-01,4.460E+02,6.308E-03,6.011E-03,0.9529
042,42: Molybdenum,4.000E+00,4.155E+02,3.792E-01,4.159E+02,7.470E-03,7.163E-03,0.9589
042,42: Molybdenum,4.500E+00,3.899E+02,3.434E-01,3.902E+02,8.712E-03,8.395E-03,0.9637
042,42: Molybdenum,5.000E+00,3.677E+02,3.142E-01,3.680E+02,1.003E-02,9.705E-03,0.9675
042,42: Molybdenum,5.500E+00,3.481E+02,2.898E-01,3.484E+02,1.143E-02,1.109E-02,0.9706
042,42: Molybdenum,6.000E+00,3.306E+02,2.692E-01,3.309E+02,1.290E-02,1.255E-02,0.9731
042,42: Molybdenum,6.500E+00,3.148E+02,2.515E-01,3.151E+02,1.445E-02,1.409E-02,0.9753
042,42: Molybdenum,7.000E+00,3.009E+02,2.361E-01,3.012E+02,1.607E-02,1.571E-02,0.9771
042,42: Molybdenum,7.500E+00,2.886E+02,2.225E-01,2.888E+02,1.777E-02,1.739E-02,0.9787
042,42: Molybdenum,8.000E+00,2.773E+02,2.106E-01,2.775E+02,1.954E-02,1.915E-02,0.9801
042,42: Molybdenum,8.500E+00,2.669E+02,1.999E-01,2.671E+02,2.137E-02,2.097E-02,0.9813
042,42: Molybdenum,9.000E+00,2.576E+02,1.904E-01,2.578E+02,2.328E-02,2.287E-02,0.9823
042,42: Molybdenum,9.500E+00,2.490E+02,1.817E-01,2.491E+02,2.525E-02,2.483E-02,0.9833
042,42: Molybdenum,1.000E+01,2.412E+02,1.739E-01,2.413E+02,2.729E-02,2.686E-02,0.9841
042,42: Molybdenum,1.250E+01,2.096E+02,1.434E-01,2.097E+02,3.844E-02,3.794E-02,0.9871
042,42: Molybdenum,1.500E+01,1.865E+02,1.224E-01,1.866E+02,5.110E-02,5.054E-02,0.9891
042,42: Molybdenum,1.750E+01,1.687E+02,1.070E-01,1.688E+02,6.521E-02,6.458E-02,0.9904
042,42: Molybdenum,2.000E+01,1.543E+02,9.526E-02,1.544E+02,8.072E-02,8.002E-02,0.9913
042,42: Molybdenum,2.500E+01,1.327E+02,7.834E-02,1.327E+02,1.158E-01,1.149E-01,0.9926
042,42: Molybdenum,2.750E+01,1.243E+02,7.205E-02,1.243E+02,1.352E-01,1.343E-01,0.9930
042,42: Molybdenum,3.000E+01,1.170E+02,6.673E-02,1.171E+02,1.560E-01,1.550E-01,0.9934
042,42: Molybdenum,3.500E+01,1.051E+02,5.824E-02,1.051E+02,2.011E-01,1.999E-01,0.9940
042,42: Molybdenum,4.000E+01,9.562E+01,5.175E-02,9.567E+01,2.511E-01,2.496E-01,0.9944
042,42: Molybdenum,4.500E+01,8.792E+01,4.662E-02,8.797E+01,3.056E-01,3.040E-01,0.9947
042,42: Molybdenum,5.000E+01,8.152E+01,4.245E-02,8.157E+01,3.647E-01,3.629E-01,0.9950
042,42: Molybdenum,5.500E+01,7.611E+01,3.899E-02,7.615E+01,4.282E-01,4.261E-01,0.9952
042,42: Molybdenum,6.000E+01,7.145E+01,3.608E-02,7.149E+01,4.960E-01,4.937E-01,0.9953
042,42: Molybdenum,6.500E+01,6.740E+01,3.359E-02,6.744E+01,5.680E-01,5.655E-01,0.9955
042,42: Molybdenum,7.000E+01,6.384E+01,3.144E-02,6.387E+01,6.443E-01,6.414E-01,0.9956
042,42: Molybdenum,7.500E+01,6.069E+01,2.955E-02,6.072E+01,7.246E-01,7.215E-01,0.9957
042,42: Molybdenum,8.000E+01,5.787E+01,2.789E-02,5.790E+01,8.089E-01,8.055E-01,0.9958
042,42: Molybdenum,8.500E+01,5.533E+01,2.641E-02,5.536E+01,8.973E-01,8.936E-01,0.9959
042,42: Molybdenum,9.000E+01,5.304E+01,2.509E-02,5.306E+01,9.896E-01,9.856E-01,0.9960
042,42: Molybdenum,9.500E+01,5.095E+01,2.389E-02,5.098E+01,1.086E+00,1.081E+00,0.9960
042,42: Molybdenum,1.000E+02,4.905E+01,2.281E-02,4.907E+01,1.186E+00,1.181E+00,0.9961
042,42: Molybdenum,1.250E+02,4.153E+01,1.865E-02,4.155E+01,1.742E+00,1.735E+00,0.9963
042,42: Molybdenum,1.500E+02,3.625E+01,1.581E-02,3.626E+01,2.388E+00,2.379E+00,0.9965
042,42: Molybdenum,1.750E+02,3.231E+01,1.373E-02,3.232E+01,3.119E+00,3.109E+00,0.9966
042,42: Molybdenum,2.000E+02,2.925E+01,1.215E-02,2.927E+01,3.933E+00,3.920E+00,0.9967
042,42: Molybdenum,2.250E+02,2.681E+01,1.091E-02,2.682E+01,4.827E+00,4.811E+00,0.9968
042,42: Molybdenum,2.500E+02,2.481E+01,9.902E-03,2.482E+01,5.797E+00,5.779E+00,0.9969
042,42: Molybdenum,2.750E+02,2.313E+01,9.070E-03,2.314E+01,6.841E+00,6.820E+00,0.9969
042,42: Molybdenum,3.000E+02,2.171E+01,8.369E-03,2.172E+01,7.957E+00,7.933E+00,0.9970
042,42: Molybdenum,3.500E+02,1.943E+01,7.255E-03,1.943E+01,1.040E+01,1.036E+01,0.9971
042,42: Molybdenum,4.000E+02,1.767E+01,6.406E-03,1.768E+01,1.310E+01,1.306E+01,0.9972
042,42: Molybdenum,4.500E+02,1.627E+01,5.737E-03,1.628E+01,1.605E+01,1.600E+01,0.9972
042,42: Molybdenum,5.000E+02,1.513E+01,5.197E-03,1.514E+01,1.924E+01,1.918E+01,0.9973
042,42: Molybdenum,5.500E+02,1.419E+01,4.752E-03,1.419E+01,2.265E+01,2.259E+01,0.9973
042,42: Molybdenum,6.000E+02,1.339E+01,4.379E-03,1.340E+01,2.628E+01,2.621E+01,0.9974
042,42: Molybdenum,6.500E+02,1.271E+01,4.060E-03,1.271E+01,3.011E+01,3.003E+01,0.9974
042,42: Molybdenum,7.000E+02,1.212E+01,3.785E-03,1.212E+01,3.414E+01,3.405E+01,0.9975
042,42: Molybdenum,7.500E+02,1.160E+01,3.545E-03,1.161E+01,3.836E+01,3.826E+01,0.9975
042,42: Molybdenum,8.000E+02,1.115E+01,3.334E-03,1.115E+01,4.276E+01,4.265E+01,0.9975
042,42: Molybdenum,8.500E+02,1.074E+01,3.146E-03,1.075E+01,4.732E+01,4.721E+01,0.9976
042,42: Molybdenum,9.000E+02,1.038E+01,2.978E-03,1.039E+01,5.206E+01,5.193E+01,0.9976
042,42: Molybdenum,9.500E+02,1.006E+01,2.828E-03,1.006E+01,5.695E+01,5.681E+01,0.9976
042,42: Molybdenum,1.000E+03,9.766E+00,2.692E-03,9.769E+00,6.199E+01,6.185E+01,0.9977
047,47: Silver,1.000E-03,3.126E+01,1.386E+01,4.512E+01,3.592E-05,4.405E-06,0.1226
047,47: Silver,1.500E-03,3.813E+01,1.473E+01,5.287E+01,4.606E-05,6.070E-06,0.1318
047,47: Silver,2.000E-03,4.391E+01,1.518E+01,5.909E+01,5.499E-05,7.702E-06,0.1401
047,47: Silver,2.500E-03,4.898E+01,1.540E+01,6.438E+01,6.309E-05,9.313E-06,0.1476
047,47: Silver,3.000E-03,5.356E+01,1.550E+01,6.905E+01,7.058E-05,1.091E-05,0.1547
047,47: Silver,4.000E-03,6.166E+01,1.547E+01,7.714E+01,8.425E-05,1.411E-05,0.1675
047,47: Silver,5.000E-03,6.879E+01,1.531E+01,8.410E+01,9.665E-05,1.731E-05,0.1791
047,47: Silver,6.000E-03,7.521E+01,1.508E+01,9.029E+01,1.081E-04,2.051E-05,0.1897
047,47: Silver,7.000E-03,8.111E+01,1.482E+01,9.593E+01,1.189E-04,2.372E-05,0.1996
047,47: Silver,8.000E-03,8.660E+01,1.455E+01,1.011E+02,1.290E-04,2.693E-05,0.2088
047,47: Silver,9.000E-03,9.174E+01,1.427E+01,1.060E+02,1.387E-04,3.016E-05,0.2175
047,47: Silver,1.000E-02,9.660E+01,1.400E+01,1.106E+02,1.479E-04,3.338E-05,0.2257
047,47: Silver,1.250E-02,1.077E+02,1.336E+01,1.211E+02,1.695E-04,4.145E-05,0.2446
047,47: Silver,1.500E-02,1.178E+02,1.277E+01,1.306E+02,1.893E-04,4.952E-05,0.2615
047,47: Silver,1.750E-02,1.270E+02,1.223E+01,1.393E+02,2.079E-04,5.756E-05,0.2769
047,47: Silver,2.000E-02,1.356E+02,1.175E+01,1.474E+02,2.253E-04,6.557E-05,0.2910
047,47: Silver,2.250E-02,1.436E+02,1.131E+01,1.550E+02,2.418E-04,7.355E-05,0.3041
047,47: Silver,2.500E-02,1.512E+02,1.090E+01,1.621E+02,2.576E-04,8.148E-05,0.3163
047,47: Silver,2.750E-02,1.584E+02,1.053E+01,1.690E+02,2.727E-04,8.936E-05,0.3277
047,47: Silver,3.000E-02,1.653E+02,1.019E+01,1.755E+02,2.872E-04,9.719E-05,0.3384
047,47: Silver,3.500E-02,1.782E+02,9.577E+00,1.878E+02,3.147E-04,1.127E-04,0.3580
047,47: Silver,4.000E-02,1.902E+02,9.048E+00,1.993E+02,3.406E-04,1.279E-04,0.3757
047,47: Silver,4.500E-02,2.014E+02,8.584E+00,2.100E+02,3.650E-04,1.430E-04,0.3917
047,47: Silver,5.000E-02,2.120E+02,8.173E+00,2.202E+02,3.883E-04,1.578E-04,0.4064
047,47: Silver,5.500E-02,2.220E+02,7.806E+00,2.298E+02,4.105E-04,1.724E-04,0.4199
047,47: Silver,6.000E-02,2.316E+02,7.476E+00,2.391E+02,4.318E-04,1.867E-04,0.4325
047,47: Silver,6.500E-02,2.407E+02,7.177E+00,2.479E+02,4.523E-04,2.009E-04,0.4441
047,47: Silver,7.000E-02,2.495E+02,6.905E+00,2.564E+02,4.722E-04,2.149E-04,0.4550
047,47: Silver,7.500E-02,2.579E+02,6.656E+00,2.646E+02,4.914E-04,2.286E-04,0.4653
047,47: Silver,8.000E-02,2.660E+02,6.427E+00,2.724E+02,5.100E-04,2.422E-04,0.4749
047,47: Silver,8.500E-02,2.739E+02,6.215E+00,2.801E+02,5.281E-04,2.556E-04,0.4839
047,47: Silver,9.000E-02,2.814E+02,6.019E+00,2.875E+02,5.457E-04,2.688E-04,0.4925
047,47: Silver,9.500E-02,2.888E+02,5.837E+00,2.946E+02,5.629E-04,2.818E-04,0.5007
047,47: Silver,1.000E-01,2.959E+02,5.667E+00,3.016E+02,5.797E-04,2.947E-04,0.5084
047,47: Silver,1.250E-01,3.288E+02,4.964E+00,3.337E+02,6.583E-04,3.569E-04,0.5420
047,47: Silver,1.500E-01,3.578E+02,4.433E+00,3.622E+02,7.302E-04,4.158E-04,0.5694
047,47: Silver,1.750E-01,3.838E+02,4.017E+00,3.878E+02,7.968E-04,4.719E-04,0.5923
047,47: Silver,2.000E-01,4.074E+02,3.680E+00,4.111E+02,8.594E-04,5.258E-04,0.6118
047,47: Silver,2.250E-01,4.288E+02,3.401E+00,4.322E+02,9.187E-04,5.776E-04,0.6288
047,47: Silver,2.500E-01,4.484E+02,3.166E+00,4.516E+02,9.752E-04,6.278E-04,0.6437
047,47: Silver,2.750E-01,4.663E+02,2.964E+00,4.693E+02,1.030E-03,6.764E-04,0.6570
047,47: Silver,3.000E-01,4.828E+02,2.789E+00,4.856E+02,1.082E-03,7.238E-04,0.6690
047,47: Silver,3.500E-01,5.118E+02,2.500E+00,5.143E+02,1.182E-03,8.152E-04,0.6898
047,47: Silver,4.000E-01,5.362E+02,2.271E+00,5.385E+02,1.277E-03,9.031E-04,0.7073
047,47: Silver,4.500E-01,5.566E+02,2.084E+00,5.587E+02,1.368E-03,9.882E-04,0.7225
047,47: Silver,5.000E-01,5.735E+02,1.928E+00,5.754E+02,1.456E-03,1.071E-03,0.7357
047,47: Silver,5.500E-01,5.873E+02,1.795E+00,5.891E+02,1.542E-03,1.152E-03,0.7474
047,47: Silver,6.000E-01,5.984E+02,1.682E+00,6.001E+02,1.626E-03,1.232E-03,0.7579
047,47: Silver,6.500E-01,6.072E+02,1.583E+00,6.087E+02,1.709E-03,1.311E-03,0.7675
047,47: Silver,7.000E-01,6.138E+02,1.496E+00,6.153E+02,1.790E-03,1.390E-03,0.7762
047,47: Silver,7.500E-01,6.185E+02,1.419E+00,6.199E+02,1.871E-03,1.467E-03,0.7842
047,47: Silver,8.000E-01,6.216E+02,1.350E+00,6.230E+02,1.952E-03,1.545E-03,0.7916
047,47: Silver,8.500E-01,6.234E+02,1.288E+00,6.246E+02,2.032E-03,1.622E-03,0.7984
047,47: Silver,9.000E-01,6.238E+02,1.232E+00,6.251E+02,2.112E-03,1.700E-03,0.8048
047,47: Silver,9.500E-01,6.233E+02,1.181E+00,6.245E+02,2.192E-03,1.777E-03,0.8108
047,47: Silver,1.000E+00,6.218E+02,1.135E+00,6.230E+02,2.272E-03,1.855E-03,0.8165
047,47: Silver,1.250E+00,6.044E+02,9.518E-01,6.054E+02,2.678E-03,2.251E-03,0.8404
047,47: Silver,1.500E+00,5.787E+02,8.229E-01,5.795E+02,3.100E-03,2.664E-03,0.8592
047,47: Silver,1.750E+00,5.508E+02,7.268E-01,5.515E+02,3.542E-03,3.098E-03,0.8745
047,47: Silver,2.000E+00,5.233E+02,6.522E-01,5.240E+02,4.007E-03,3.555E-03,0.8871
047,47: Silver,2.250E+00,4.976E+02,5.924E-01,4.982E+02,4.497E-03,4.037E-03,0.8978
047,47: Silver,2.500E+00,4.744E+02,5.434E-01,4.749E+02,5.011E-03,4.544E-03,0.9068
047,47: Silver,2.750E+00,4.536E+02,5.024E-01,4.541E+02,5.550E-03,5.076E-03,0.9146
047,47: Silver,3.000E+00,4.350E+02,4.676E-01,4.354E+02,6.112E-03,5.631E-03,0.9213
047,47: Silver,3.500E+00,4.027E+02,4.114E-01,4.031E+02,7.307E-03,6.812E-03,0.9324
047,47: Silver,4.000E+00,3.759E+02,3.681E-01,3.763E+02,8.591E-03,8.084E-03,0.9409
047,47: Silver,4.500E+00,3.532E+02,3.335E-01,3.535E+02,9.963E-03,9.442E-03,0.9477
047,47: Silver,5.000E+00,3.336E+02,3.052E-01,3.339E+02,1.142E-02,1.088E-02,0.9532
047,47: Silver,5.500E+00,3.169E+02,2.816E-01,3.172E+02,1.296E-02,1.241E-02,0.9577
047,47: Silver,6.000E+00,3.020E+02,2.616E-01,3.023E+02,1.457E-02,1.401E-02,0.9615
047,47: Silver,6.500E+00,2.888E+02,2.445E-01,2.890E+02,1.626E-02,1.569E-02,0.9646
047,47: Silver,7.000E+00,2.769E+02,2.295E-01,2.771E+02,1.803E-02,1.744E-02,0.9673
047,47: Silver,7.500E+00,2.662E+02,2.165E-01,2.664E+02,1.987E-02,1.927E-02,0.9696
047,47: Silver,8.000E+00,2.565E+02,2.049E-01,2.567E+02,2.178E-02,2.117E-02,0.9716
047,47: Silver,8.500E+00,2.477E+02,1.945E-01,2.478E+02,2.377E-02,2.313E-02,0.9734
047,47: Silver,9.000E+00,2.395E+02,1.852E-01,2.397E+02,2.582E-02,2.517E-02,0.9750
047,47: Silver,9.500E+00,2.320E+02,1.768E-01,2.322E+02,2.794E-02,2.728E-02,0.9763
047,47: Silver,1.000E+01,2.251E+02,1.692E-01,2.253E+02,3.012E-02,2.945E-02,0.9776
047,47: Silver,1.250E+01,1.969E+02,1.397E-01,1.970E+02,4.203E-02,4.127E-02,0.9821
047,47: Silver,1.500E+01,1.760E+02,1.193E-01,1.761E+02,5.547E-02,5.464E-02,0.9850
047,47: Silver,1.750E+01,1.598E+02,1.043E-01,1.599E+02,7.039E-02,6.947E-02,0.9869
047,47: Silver,2.000E+01,1.467E+02,9.288E-02,1.468E+02,8.673E-02,8.572E-02,0.9884
047,47: Silver,2.500E+01,1.268E+02,7.642E-02,1.269E+02,1.235E-01,1.223E-01,0.9903
047,47: Silver,2.750E+01,1.190E+02,7.029E-02,1.191E+02,1.438E-01,1.425E-01,0.9909
047,47: Silver,3.000E+01,1.122E+02,6.512E-02,1.123E+02,1.655E-01,1.641E-01,0.9915
047,47: Silver,3.500E+01,1.010E+02,5.686E-02,1.011E+02,2.125E-01,2.109E-01,0.9923
047,47: Silver,4.000E+01,9.209E+01,5.053E-02,9.214E+01,2.644E-01,2.625E-01,0.9929
047,47: Silver,4.500E+01,8.478E+01,4.553E-02,8.483E+01,3.210E-01,3.189E-01,0.9934
047,47: Silver,5.000E+01,7.872E+01,4.147E-02,7.876E+01,3.822E-01,3.798E-01,0.9938
047,47: Silver,5.500E+01,7.355E+01,3.810E-02,7.359E+01,4.479E-01,4.453E-01,0.9941
047,47: Silver,6.000E+01,6.909E+01,3.526E-02,6.913E+01,5.181E-01,5.151E-01,0.9943
047,47: Silver,6.500E+01,6.522E+01,3.283E-02,6.525E+01,5.926E-01,5.893E-01,0.9945
047,47: Silver,7.000E+01,6.180E+01,3.073E-02,6.183E+01,6.713E-01,6.677E-01,0.9947
047,47: Silver,7.500E+01,5.877E+01,2.890E-02,5.880E+01,7.543E-01,7.504E-01,0.9948
047,47: Silver,8.000E+01,5.607E+01,2.727E-02,5.609E+01,8.413E-01,8.371E-01,0.9950
047,47: Silver,8.500E+01,5.363E+01,2.583E-02,5.365E+01,9.325E-01,9.279E-01,0.9951
047,47: Silver,9.000E+01,5.142E+01,2.454E-02,5.145E+01,1.028E+00,1.023E+00,0.9952
047,47: Silver,9.500E+01,4.941E+01,2.338E-02,4.944E+01,1.127E+00,1.122E+00,0.9953
047,47: Silver,1.000E+02,4.758E+01,2.232E-02,4.760E+01,1.230E+00,1.224E+00,0.9954
047,47: Silver,1.250E+02,4.033E+01,1.825E-02,4.035E+01,1.803E+00,1.795E+00,0.9957
047,47: Silver,1.500E+02,3.523E+01,1.548E-02,3.524E+01,2.468E+00,2.458E+00,0.9959
047,47: Silver,1.750E+02,3.143E+01,1.346E-02,3.144E+01,3.220E+00,3.208E+00,0.9961
047,47: Silver,2.000E+02,2.848E+01,1.191E-02,2.849E+01,4.057E+00,4.041E+00,0.9962
047,47: Silver,2.250E+02,2.611E+01,1.070E-02,2.613E+01,4.974E+00,4.956E+00,0.9963
047,47: Silver,2.500E+02,2.418E+01,9.711E-03,2.419E+01,5.970E+00,5.948E+00,0.9964
047,47: Silver,2.750E+02,2.256E+01,8.896E-03,2.257E+01,7.041E+00,7.016E+00,0.9965
047,47: Silver,3.000E+02,2.118E+01,8.211E-03,2.119E+01,8.184E+00,8.156E+00,0.9965
047,47: Silver,3.500E+02,1.897E+01,7.122E-03,1.898E+01,1.068E+01,1.065E+01,0.9967
047,47: Silver,4.000E+02,1.726E+01,6.292E-03,1.727E+01,1.345E+01,1.340E+01,0.9968
047,47: Silver,4.500E+02,1.590E+01,5.638E-03,1.591E+01,1.647E+01,1.642E+01,0.9968
047,47: Silver,5.000E+02,1.479E+01,5.108E-03,1.480E+01,1.973E+01,1.967E+01,0.9969
047,47: Silver,5.500E+02,1.387E+01,4.671E-03,1.388E+01,2.322E+01,2.315E+01,0.9970
047,47: Silver,6.000E+02,1.309E+01,4.305E-03,1.310E+01,2.693E+01,2.685E+01,0.9970
047,47: Silver,6.500E+02,1.243E+01,3.993E-03,1.243E+01,3.085E+01,3.076E+01,0.9971
047,47: Silver,7.000E+02,1.185E+01,3.724E-03,1.185E+01,3.497E+01,3.487E+01,0.9971
047,47: Silver,7.500E+02,1.135E+01,3.489E-03,1.135E+01,3.929E+01,3.918E+01,0.9972
047,47: Silver,8.000E+02,1.090E+01,3.282E-03,1.090E+01,4.378E+01,4.366E+01,0.9972
047,47: Silver,8.500E+02,1.051E+01,3.099E-03,1.051E+01,4.846E+01,4.832E+01,0.9972
047,47: Silver,9.000E+02,1.015E+01,2.934E-03,1.015E+01,5.330E+01,5.315E+01,0.9973
047,47: Silver,9.500E+02,9.834E+00,2.787E-03,9.837E+00,5.830E+01,5.814E+01,0.9973
047,47: Silver,1.000E+03,9.547E+00,2.653E-03,9.549E+00,6.346E+01,6.329E+01,0.9973
050,50: Tin,1.000E-03,2.739E+01,1.195E+01,3.934E+01,4.139E-05,4.715E-06,0.1139
050,50: Tin,1.500E-03,3.396E+01,1.275E+01,4.671E+01,5.294E-05,6.479E-06,0.1224
050,50: Tin,2.000E-03,3.955E+01,1.317E+01,5.272E+01,6.300E-05,8.200E-06,0.1302
050,50: Tin,2.500E-03,4.452E+01,1.339E+01,5.791E+01,7.203E-05,9.893E-06,0.1373
050,50: Tin,3.000E-03,4.904E+01,1.350E+01,6.254E+01,8.033E-05,1.157E-05,0.1440
050,50: Tin,4.000E-03,5.711E+01,1.353E+01,7.064E+01,9.535E-05,1.491E-05,0.1564
050,50: Tin,5.000E-03,6.428E+01,1.342E+01,7.770E+01,1.088E-04,1.824E-05,0.1676
050,50: Tin,6.000E-03,7.080E+01,1.324E+01,8.404E+01,1.212E-04,2.156E-05,0.1779
050,50: Tin,7.000E-03,7.682E+01,1.304E+01,8.986E+01,1.327E-04,2.488E-05,0.1875
050,50: Tin,8.000E-03,8.245E+01,1.282E+01,9.527E+01,1.435E-04,2.820E-05,0.1965
050,50: Tin,9.000E-03,8.776E+01,1.260E+01,1.004E+02,1.537E-04,3.152E-05,0.2050
050,50: Tin,1.000E-02,9.279E+01,1.238E+01,1.052E+02,1.634E-04,3.483E-05,0.2131
050,50: Tin,1.250E-02,1.044E+02,1.184E+01,1.163E+02,1.860E-04,4.309E-05,0.2316
050,50: Tin,1.500E-02,1.150E+02,1.134E+01,1.263E+02,2.066E-04,5.131E-05,0.2483
050,50: Tin,1.750E-02,1.248E+02,1.089E+01,1.357E+02,2.257E-04,5.948E-05,0.2635
050,50: Tin,2.000E-02,1.339E+02,1.047E+01,1.444E+02,2.436E-04,6.758E-05,0.2775
050,50: Tin,2.250E-02,1.425E+02,1.009E+01,1.526E+02,2.604E-04,7.562E-05,0.2904
050,50: Tin,2.500E-02,1.506E+02,9.744E+00,1.604E+02,2.764E-04,8.359E-05,0.3024
050,50: Tin,2.750E-02,1.584E+02,9.423E+00,1.678E+02,2.916E-04,9.148E-05,0.3137
050,50: Tin,3.000E-02,1.658E+02,9.126E+00,1.750E+02,3.062E-04,9.931E-05,0.3243
050,50: Tin,3.500E-02,1.798E+02,8.595E+00,1.884E+02,3.337E-04,1.147E-04,0.3438
050,50: Tin,4.000E-02,1.929E+02,8.133E+00,2.010E+02,3.594E-04,1.299E-04,0.3613
050,50: Tin,4.500E-02,2.052E+02,7.726E+00,2.129E+02,3.836E-04,1.447E-04,0.3773
050,50: Tin,5.000E-02,2.168E+02,7.365E+00,2.242E+02,4.064E-04,1.593E-04,0.3919
050,50: Tin,5.500E-02,2.278E+02,7.042E+00,2.349E+02,4.282E-04,1.736E-04,0.4054
050,50: Tin,6.000E-02,2.384E+02,6.751E+00,2.451E+02,4.491E-04,1.876E-04,0.4178
050,50: Tin,6.500E-02,2.484E+02,6.486E+00,2.549E+02,4.691E-04,2.014E-04,0.4295
050,50: Tin,7.000E-02,2.581E+02,6.245E+00,2.644E+02,4.883E-04,2.150E-04,0.4403
050,50: Tin,7.500E-02,2.674E+02,6.024E+00,2.735E+02,5.069E-04,2.284E-04,0.4505
050,50: Tin,8.000E-02,2.764E+02,5.821E+00,2.823E+02,5.249E-04,2.415E-04,0.4601
050,50: Tin,8.500E-02,2.851E+02,5.633E+00,2.907E+02,5.423E-04,2.545E-04,0.4692
050,50: Tin,9.000E-02,2.935E+02,5.458E+00,2.990E+02,5.593E-04,2.672E-04,0.4777
050,50: Tin,9.500E-02,3.016E+02,5.296E+00,3.069E+02,5.758E-04,2.798E-04,0.4859
050,50: Tin,1.000E-01,3.095E+02,5.144E+00,3.147E+02,5.919E-04,2.922E-04,0.4936
050,50: Tin,1.250E-01,3.457E+02,4.515E+00,3.502E+02,6.671E-04,3.517E-04,0.5273
050,50: Tin,1.500E-01,3.773E+02,4.039E+00,3.813E+02,7.354E-04,4.080E-04,0.5548
050,50: Tin,1.750E-01,4.053E+02,3.664E+00,4.089E+02,7.987E-04,4.615E-04,0.5778
050,50: Tin,2.000E-01,4.301E+02,3.360E+00,4.334E+02,8.580E-04,5.127E-04,0.5975
050,50: Tin,2.250E-01,4.521E+02,3.108E+00,4.552E+02,9.143E-04,5.620E-04,0.6148
050,50: Tin,2.500E-01,4.718E+02,2.895E+00,4.747E+02,9.680E-04,6.098E-04,0.6300
050,50: Tin,2.750E-01,4.893E+02,2.712E+00,4.920E+02,1.020E-03,6.563E-04,0.6436
050,50: Tin,3.000E-01,5.048E+02,2.554E+00,5.073E+02,1.070E-03,7.017E-04,0.6559
050,50: Tin,3.500E-01,5.307E+02,2.291E+00,5.330E+02,1.166E-03,7.897E-04,0.6774
050,50: Tin,4.000E-01,5.509E+02,2.082E+00,5.530E+02,1.258E-03,8.751E-04,0.6957
050,50: Tin,4.500E-01,5.663E+02,1.912E+00,5.682E+02,1.347E-03,9.585E-04,0.7116
050,50: Tin,5.000E-01,5.779E+02,1.770E+00,5.796E+02,1.434E-03,1.041E-03,0.7256
050,50: Tin,5.500E-01,5.863E+02,1.649E+00,5.880E+02,1.520E-03,1.122E-03,0.7381
050,50: Tin,6.000E-01,5.922E+02,1.545E+00,5.938E+02,1.604E-03,1.202E-03,0.7494
050,50: Tin,6.500E-01,5.961E+02,1.455E+00,5.976E+02,1.688E-03,1.282E-03,0.7596
050,50: Tin,7.000E-01,5.984E+02,1.375E+00,5.997E+02,1.772E-03,1.362E-03,0.7690
050,50: Tin,7.500E-01,5.993E+02,1.305E+00,6.006E+02,1.855E-03,1.442E-03,0.7776
050,50: Tin,8.000E-01,5.991E+02,1.242E+00,6.004E+02,1.938E-03,1.523E-03,0.7856
050,50: Tin,8.500E-01,5.981E+02,1.185E+00,5.993E+02,2.022E-03,1.603E-03,0.7930
050,50: Tin,9.000E-01,5.964E+02,1.134E+00,5.976E+02,2.105E-03,1.684E-03,0.8000
050,50: Tin,9.500E-01,5.942E+02,1.088E+00,5.953E+02,2.189E-03,1.765E-03,0.8064
050,50: Tin,1.000E+00,5.915E+02,1.045E+00,5.925E+02,2.273E-03,1.847E-03,0.8125
050,50: Tin,1.250E+00,5.738E+02,8.769E-01,5.746E+02,2.701E-03,2.264E-03,0.8381
050,50: Tin,1.500E+00,5.528E+02,7.585E-01,5.536E+02,3.144E-03,2.697E-03,0.8578
050,50: Tin,1.750E+00,5.312E+02,6.703E-01,5.319E+02,3.605E-03,3.149E-03,0.8735
050,50: Tin,2.000E+00,5.101E+02,6.017E-01,5.107E+02,4.085E-03,3.621E-03,0.8864
050,50: Tin,2.250E+00,4.883E+02,5.467E-01,4.889E+02,4.585E-03,4.113E-03,0.8971
050,50: Tin,2.500E+00,4.670E+02,5.016E-01,4.675E+02,5.108E-03,4.629E-03,0.9062
050,50: Tin,2.750E+00,4.470E+02,4.639E-01,4.475E+02,5.655E-03,5.168E-03,0.9139
050,50: Tin,3.000E+00,4.286E+02,4.318E-01,4.290E+02,6.225E-03,5.731E-03,0.9207
050,50: Tin,3.500E+00,3.963E+02,3.801E-01,3.967E+02,7.439E-03,6.930E-03,0.9317
050,50: Tin,4.000E+00,3.694E+02,3.401E-01,3.697E+02,8.745E-03,8.223E-03,0.9403
050,50: Tin,4.500E+00,3.468E+02,3.082E-01,3.471E+02,1.014E-02,9.606E-03,0.9471
050,50: Tin,5.000E+00,3.277E+02,2.821E-01,3.280E+02,1.162E-02,1.107E-02,0.9526
050,50: Tin,5.500E+00,3.114E+02,2.604E-01,3.117E+02,1.319E-02,1.262E-02,0.9572
050,50: Tin,6.000E+00,2.971E+02,2.419E-01,2.973E+02,1.483E-02,1.425E-02,0.9610
050,50: Tin,6.500E+00,2.840E+02,2.261E-01,2.842E+02,1.655E-02,1.596E-02,0.9641
050,50: Tin,7.000E+00,2.719E+02,2.123E-01,2.721E+02,1.835E-02,1.774E-02,0.9669
050,50: Tin,7.500E+00,2.608E+02,2.002E-01,2.610E+02,2.023E-02,1.960E-02,0.9692
050,50: Tin,8.000E+00,2.506E+02,1.895E-01,2.508E+02,2.218E-02,2.154E-02,0.9712
050,50: Tin,8.500E+00,2.417E+02,1.800E-01,2.419E+02,2.421E-02,2.356E-02,0.9730
050,50: Tin,9.000E+00,2.336E+02,1.714E-01,2.337E+02,2.632E-02,2.565E-02,0.9746
050,50: Tin,9.500E+00,2.260E+02,1.636E-01,2.262E+02,2.849E-02,2.781E-02,0.9760
050,50: Tin,1.000E+01,2.189E+02,1.566E-01,2.191E+02,3.074E-02,3.004E-02,0.9772
050,50: Tin,1.250E+01,1.905E+02,1.293E-01,1.907E+02,4.301E-02,4.223E-02,0.9818
050,50: Tin,1.500E+01,1.698E+02,1.104E-01,1.699E+02,5.693E-02,5.606E-02,0.9847
050,50: Tin,1.750E+01,1.538E+02,9.663E-02,1.539E+02,7.241E-02,7.145E-02,0.9867
050,50: Tin,2.000E+01,1.410E+02,8.603E-02,1.411E+02,8.940E-02,8.834E-02,0.9881
050,50: Tin,2.500E+01,1.217E+02,7.081E-02,1.217E+02,1.277E-01,1.264E-01,0.9900
050,50: Tin,2.750E+01,1.141E+02,6.514E-02,1.141E+02,1.489E-01,1.475E-01,0.9907
050,50: Tin,3.000E+01,1.075E+02,6.035E-02,1.076E+02,1.715E-01,1.700E-01,0.9913
050,50: Tin,3.500E+01,9.669E+01,5.270E-02,9.674E+01,2.206E-01,2.188E-01,0.9921
050,50: Tin,4.000E+01,8.812E+01,4.685E-02,8.816E+01,2.748E-01,2.728E-01,0.9927
050,50: Tin,4.500E+01,8.113E+01,4.221E-02,8.117E+01,3.340E-01,3.317E-01,0.9932
050,50: Tin,5.000E+01,7.530E+01,3.845E-02,7.534E+01,3.980E-01,3.954E-01,0.9935
050,50: Tin,5.500E+01,7.036E+01,3.533E-02,7.040E+01,4.667E-01,4.638E-01,0.9938
050,50: Tin,6.000E+01,6.611E+01,3.270E-02,6.615E+01,5.400E-01,5.368E-01,0.9941
050,50: Tin,6.500E+01,6.242E+01,3.045E-02,6.245E+01,6.178E-01,6.143E-01,0.9943
050,50: Tin,7.000E+01,5.916E+01,2.851E-02,5.919E+01,7.001E-01,6.962E-01,0.9944
050,50: Tin,7.500E+01,5.628E+01,2.681E-02,5.631E+01,7.867E-01,7.825E-01,0.9946
050,50: Tin,8.000E+01,5.370E+01,2.530E-02,5.372E+01,8.777E-01,8.730E-01,0.9947
050,50: Tin,8.500E+01,5.138E+01,2.397E-02,5.140E+01,9.728E-01,9.678E-01,0.9948
050,50: Tin,9.000E+01,4.927E+01,2.277E-02,4.930E+01,1.072E+00,1.067E+00,0.9949
050,50: Tin,9.500E+01,4.736E+01,2.169E-02,4.738E+01,1.176E+00,1.170E+00,0.9950
050,50: Tin,1.000E+02,4.561E+01,2.072E-02,4.563E+01,1.283E+00,1.277E+00,0.9951
050,50: Tin,1.250E+02,3.870E+01,1.694E-02,3.871E+01,1.880E+00,1.872E+00,0.9954
050,50: Tin,1.500E+02,3.382E+01,1.437E-02,3.383E+01,2.573E+00,2.562E+00,0.9957
050,50: Tin,1.750E+02,3.018E+01,1.250E-02,3.019E+01,3.357E+00,3.343E+00,0.9958
050,50: Tin,2.000E+02,2.735E+01,1.107E-02,2.736E+01,4.228E+00,4.211E+00,0.9960
050,50: Tin,2.250E+02,2.508E+01,9.937E-03,2.509E+01,5.184E+00,5.163E+00,0.9961
050,50: Tin,2.500E+02,2.322E+01,9.023E-03,2.323E+01,6.220E+00,6.196E+00,0.9962
050,50: Tin,2.750E+02,2.166E+01,8.268E-03,2.167E+01,7.335E+00,7.308E+00,0.9963
050,50: Tin,3.000E+02,2.034E+01,7.632E-03,2.035E+01,8.526E+00,8.495E+00,0.9963
050,50: Tin,3.500E+02,1.822E+01,6.621E-03,1.822E+01,1.113E+01,1.109E+01,0.9964
050,50: Tin,4.000E+02,1.658E+01,5.851E-03,1.659E+01,1.401E+01,1.396E+01,0.9965
050,50: Tin,4.500E+02,1.528E+01,5.244E-03,1.528E+01,1.715E+01,1.709E+01,0.9966
050,50: Tin,5.000E+02,1.422E+01,4.753E-03,1.422E+01,2.055E+01,2.048E+01,0.9967
050,50: Tin,5.500E+02,1.333E+01,4.347E-03,1.334E+01,2.418E+01,2.410E+01,0.9968
050,50: Tin,6.000E+02,1.259E+01,4.006E-03,1.259E+01,2.804E+01,2.795E+01,0.9968
050,50: Tin,6.500E+02,1.195E+01,3.716E-03,1.196E+01,3.212E+01,3.202E+01,0.9969
050,50: Tin,7.000E+02,1.140E+01,3.466E-03,1.140E+01,3.640E+01,3.629E+01,0.9969
050,50: Tin,7.500E+02,1.092E+01,3.248E-03,1.092E+01,4.088E+01,4.076E+01,0.9970
050,50: Tin,8.000E+02,1.049E+01,3.056E-03,1.050E+01,4.556E+01,4.542E+01,0.9970
050,50: Tin,8.500E+02,1.012E+01,2.886E-03,1.012E+01,5.041E+01,5.026E+01,0.9971
050,50: Tin,9.000E+02,9.778E+00,2.733E-03,9.781E+00,5.544E+01,5.528E+01,0.9971
050,50: Tin,9.500E+02,9.475E+00,2.596E-03,9.477E+00,6.063E+01,6.046E+01,0.9971
050,50: Tin,1.000E+03,9.201E+00,2.472E-03,9.203E+00,6.599E+01,6.580E+01,0.9972
054,54: Xenon,1.000E-03,1.811E+01,1.029E+01,2.840E+01,5.664E-05,5.137E-06,0.0907
054,54: Xenon,1.500E-03,2.330E+01,1.102E+01,3.432E+01,7.249E-05,7.056E-06,0.0973
054,54: Xenon,2.000E-03,2.786E+01,1.143E+01,3.928E+01,8.608E-05,8.922E-06,0.1036
054,54: Xenon,2.500E-03,3.199E+01,1.166E+01,4.365E+01,9.814E-05,1.076E-05,0.1096
054,54: Xenon,3.000E-03,3.583E+01,1.178E+01,4.761E+01,1.091E-04,1.258E-05,0.1153
054,54: Xenon,4.000E-03,4.284E+01,1.185E+01,5.469E+01,1.287E-04,1.619E-05,0.1258
054,54: Xenon,5.000E-03,4.920E+01,1.179E+01,6.099E+01,1.459E-04,1.979E-05,0.1356
054,54: Xenon,6.000E-03,5.510E+01,1.167E+01,6.677E+01,1.616E-04,2.338E-05,0.1447
054,54: Xenon,7.000E-03,6.063E+01,1.152E+01,7.215E+01,1.760E-04,2.697E-05,0.1532
054,54: Xenon,8.000E-03,6.587E+01,1.135E+01,7.722E+01,1.894E-04,3.054E-05,0.1613
054,54: Xenon,9.000E-03,7.087E+01,1.117E+01,8.204E+01,2.019E-04,3.412E-05,0.1689
054,54: Xenon,1.000E-02,7.565E+01,1.099E+01,8.664E+01,2.138E-04,3.768E-05,0.1762
054,54: Xenon,1.250E-02,8.689E+01,1.055E+01,9.744E+01,2.410E-04,4.655E-05,0.1932
054,54: Xenon,1.500E-02,9.730E+01,1.014E+01,1.074E+02,2.654E-04,5.535E-05,0.2086
054,54: Xenon,1.750E-02,1.071E+02,9.754E+00,1.168E+02,2.877E-04,6.406E-05,0.2227
054,54: Xenon,2.000E-02,1.163E+02,9.401E+00,1.257E+02,3.083E-04,7.268E-05,0.2357
054,54: Xenon,2.250E-02,1.251E+02,9.076E+00,1.342E+02,3.276E-04,8.119E-05,0.2479
054,54: Xenon,2.500E-02,1.335E+02,8.777E+00,1.423E+02,3.456E-04,8.961E-05,0.2593
054,54: Xenon,2.750E-02,1.417E+02,8.500E+00,1.502E+02,3.627E-04,9.792E-05,0.2700
054,54: Xenon,3.000E-02,1.495E+02,8.243E+00,1.577E+02,3.790E-04,1.061E-04,0.2801
054,54: Xenon,3.500E-02,1.644E+02,7.781E+00,1.722E+02,4.093E-04,1.222E-04,0.2987
054,54: Xenon,4.000E-02,1.786E+02,7.378E+00,1.860E+02,4.372E-04,1.380E-04,0.3155
054,54: Xenon,4.500E-02,1.920E+02,7.021E+00,1.991E+02,4.632E-04,1.533E-04,0.3309
054,54: Xenon,5.000E-02,2.049E+02,6.703E+00,2.116E+02,4.875E-04,1.682E-04,0.3451
054,54: Xenon,5.500E-02,2.173E+02,6.417E+00,2.237E+02,5.105E-04,1.828E-04,0.3581
054,54: Xenon,6.000E-02,2.292E+02,6.159E+00,2.353E+02,5.323E-04,1.971E-04,0.3703
054,54: Xenon,6.500E-02,2.407E+02,5.925E+00,2.466E+02,5.530E-04,2.110E-04,0.3816
054,54: Xenon,7.000E-02,2.518E+02,5.710E+00,2.575E+02,5.729E-04,2.247E-04,0.3922
054,54: Xenon,7.500E-02,2.626E+02,5.513E+00,2.682E+02,5.919E-04,2.381E-04,0.4022
054,54: Xenon,8.000E-02,2.731E+02,5.331E+00,2.785E+02,6.102E-04,2.512E-04,0.4116
054,54: Xenon,8.500E-02,2.834E+02,5.163E+00,2.885E+02,6.278E-04,2.640E-04,0.4205
054,54: Xenon,9.000E-02,2.933E+02,5.007E+00,2.983E+02,6.449E-04,2.766E-04,0.4289
054,54: Xenon,9.500E-02,3.030E+02,4.861E+00,3.079E+02,6.614E-04,2.890E-04,0.4369
054,54: Xenon,1.000E-01,3.125E+02,4.725E+00,3.172E+02,6.774E-04,3.011E-04,0.4445
054,54: Xenon,1.250E-01,3.567E+02,4.158E+00,3.609E+02,7.511E-04,3.589E-04,0.4779
054,54: Xenon,1.500E-01,3.965E+02,3.727E+00,4.002E+02,8.168E-04,4.126E-04,0.5051
054,54: Xenon,1.750E-01,4.325E+02,3.386E+00,4.359E+02,8.766E-04,4.629E-04,0.5280
054,54: Xenon,2.000E-01,4.652E+02,3.109E+00,4.683E+02,9.319E-04,5.104E-04,0.5477
054,54: Xenon,2.250E-01,4.949E+02,2.879E+00,4.978E+02,9.836E-04,5.557E-04,0.5650
054,54: Xenon,2.500E-01,5.218E+02,2.684E+00,5.245E+02,1.033E-03,5.992E-04,0.5803
054,54: Xenon,2.750E-01,5.461E+02,2.517E+00,5.486E+02,1.079E-03,6.410E-04,0.5940
054,54: Xenon,3.000E-01,5.679E+02,2.372E+00,5.703E+02,1.124E-03,6.815E-04,0.6065
054,54: Xenon,3.500E-01,6.047E+02,2.130E+00,6.068E+02,1.209E-03,7.594E-04,0.6283
054,54: Xenon,4.000E-01,6.332E+02,1.938E+00,6.352E+02,1.289E-03,8.341E-04,0.6470
054,54: Xenon,4.500E-01,6.545E+02,1.781E+00,6.563E+02,1.367E-03,9.066E-04,0.6635
054,54: Xenon,5.000E-01,6.693E+02,1.649E+00,6.710E+02,1.442E-03,9.777E-04,0.6781
054,54: Xenon,5.500E-01,6.788E+02,1.538E+00,6.803E+02,1.516E-03,1.048E-03,0.6913
054,54: Xenon,6.000E-01,6.836E+02,1.442E+00,6.850E+02,1.589E-03,1.118E-03,0.7034
054,54: Xenon,6.500E-01,6.846E+02,1.358E+00,6.859E+02,1.662E-03,1.188E-03,0.7146
054,54: Xenon,7.000E-01,6.825E+02,1.284E+00,6.838E+02,1.735E-03,1.258E-03,0.7249
054,54: Xenon,7.500E-01,6.780E+02,1.219E+00,6.793E+02,1.808E-03,1.328E-03,0.7346
054,54: Xenon,8.000E-01,6.717E+02,1.161E+00,6.728E+02,1.882E-03,1.400E-03,0.7436
054,54: Xenon,8.500E-01,6.639E+02,1.108E+00,6.650E+02,1.957E-03,1.472E-03,0.7522
054,54: Xenon,9.000E-01,6.551E+02,1.061E+00,6.561E+02,2.033E-03,1.545E-03,0.7603
054,54: Xenon,9.500E-01,6.456E+02,1.017E+00,6.466E+02,2.109E-03,1.620E-03,0.7679
054,54: Xenon,1.000E+00,6.356E+02,9.776E-01,6.366E+02,2.187E-03,1.696E-03,0.7752
054,54: Xenon,1.250E+00,5.846E+02,8.212E-01,5.854E+02,2.597E-03,2.095E-03,0.8067
054,54: Xenon,1.500E+00,5.387E+02,7.109E-01,5.394E+02,3.042E-03,2.531E-03,0.8319
054,54: Xenon,1.750E+00,5.004E+02,6.285E-01,5.010E+02,3.523E-03,3.003E-03,0.8523
054,54: Xenon,2.000E+00,4.688E+02,5.644E-01,4.694E+02,4.040E-03,3.511E-03,0.8690
054,54: Xenon,2.250E+00,4.467E+02,5.131E-01,4.472E+02,4.586E-03,4.048E-03,0.8828
054,54: Xenon,2.500E+00,4.305E+02,4.709E-01,4.309E+02,5.156E-03,4.610E-03,0.8941
054,54: Xenon,2.750E+00,4.171E+02,4.356E-01,4.175E+02,5.745E-03,5.191E-03,0.9035
054,54: Xenon,3.000E+00,4.053E+02,4.056E-01,4.057E+02,6.353E-03,5.791E-03,0.9115
054,54: Xenon,3.500E+00,3.839E+02,3.571E-01,3.843E+02,7.620E-03,7.042E-03,0.9241
054,54: Xenon,4.000E+00,3.640E+02,3.197E-01,3.643E+02,8.956E-03,8.363E-03,0.9338
054,54: Xenon,4.500E+00,3.449E+02,2.898E-01,3.452E+02,1.037E-02,9.758E-03,0.9413
054,54: Xenon,5.000E+00,3.268E+02,2.653E-01,3.270E+02,1.185E-02,1.123E-02,0.9474
054,54: Xenon,5.500E+00,3.097E+02,2.449E-01,3.100E+02,1.343E-02,1.279E-02,0.9524
054,54: Xenon,6.000E+00,2.946E+02,2.276E-01,2.948E+02,1.508E-02,1.443E-02,0.9567
054,54: Xenon,6.500E+00,2.813E+02,2.128E-01,2.815E+02,1.682E-02,1.615E-02,0.9602
054,54: Xenon,7.000E+00,2.695E+02,1.998E-01,2.697E+02,1.863E-02,1.795E-02,0.9633
054,54: Xenon,7.500E+00,2.587E+02,1.885E-01,2.589E+02,2.052E-02,1.982E-02,0.9659
054,54: Xenon,8.000E+00,2.488E+02,1.784E-01,2.489E+02,2.249E-02,2.178E-02,0.9682
054,54: Xenon,8.500E+00,2.396E+02,1.695E-01,2.398E+02,2.454E-02,2.381E-02,0.9702
054,54: Xenon,9.000E+00,2.311E+02,1.614E-01,2.313E+02,2.666E-02,2.592E-02,0.9719
054,54: Xenon,9.500E+00,2.232E+02,1.541E-01,2.234E+02,2.887E-02,2.810E-02,0.9735
054,54: Xenon,1.000E+01,2.162E+02,1.475E-01,2.164E+02,3.114E-02,3.036E-02,0.9749
054,54: Xenon,1.250E+01,1.878E+02,1.218E-01,1.879E+02,4.358E-02,4.271E-02,0.9800
054,54: Xenon,1.500E+01,1.672E+02,1.041E-01,1.673E+02,5.771E-02,5.674E-02,0.9833
054,54: Xenon,1.750E+01,1.512E+02,9.110E-02,1.513E+02,7.344E-02,7.238E-02,0.9855
054,54: Xenon,2.000E+01,1.385E+02,8.113E-02,1.386E+02,9.073E-02,8.956E-02,0.9871
054,54: Xenon,2.500E+01,1.193E+02,6.680E-02,1.193E+02,1.297E-01,1.283E-01,0.9892
054,54: Xenon,2.750E+01,1.119E+02,6.146E-02,1.119E+02,1.514E-01,1.499E-01,0.9900
054,54: Xenon,3.000E+01,1.054E+02,5.695E-02,1.055E+02,1.744E-01,1.728E-01,0.9906
054,54: Xenon,3.500E+01,9.474E+01,4.974E-02,9.479E+01,2.245E-01,2.226E-01,0.9915
054,54: Xenon,4.000E+01,8.629E+01,4.422E-02,8.634E+01,2.799E-01,2.777E-01,0.9922
054,54: Xenon,4.500E+01,7.943E+01,3.986E-02,7.947E+01,3.403E-01,3.378E-01,0.9927
054,54: Xenon,5.000E+01,7.370E+01,3.631E-02,7.374E+01,4.056E-01,4.028E-01,0.9931
054,54: Xenon,5.500E+01,6.886E+01,3.337E-02,6.889E+01,4.758E-01,4.727E-01,0.9934
054,54: Xenon,6.000E+01,6.469E+01,3.089E-02,6.472E+01,5.508E-01,5.473E-01,0.9937
054,54: Xenon,6.500E+01,6.107E+01,2.877E-02,6.110E+01,6.303E-01,6.265E-01,0.9939
054,54: Xenon,7.000E+01,5.788E+01,2.693E-02,5.791E+01,7.144E-01,7.102E-01,0.9941
054,54: Xenon,7.500E+01,5.506E+01,2.533E-02,5.508E+01,8.030E-01,7.983E-01,0.9942
054,54: Xenon,8.000E+01,5.253E+01,2.391E-02,5.255E+01,8.959E-01,8.909E-01,0.9944
054,54: Xenon,8.500E+01,5.025E+01,2.265E-02,5.028E+01,9.932E-01,9.878E-01,0.9945
054,54: Xenon,9.000E+01,4.820E+01,2.152E-02,4.822E+01,1.095E+00,1.089E+00,0.9946
054,54: Xenon,9.500E+01,4.632E+01,2.050E-02,4.634E+01,1.201E+00,1.194E+00,0.9947
054,54: Xenon,1.000E+02,4.461E+01,1.958E-02,4.463E+01,1.311E+00,1.304E+00,0.9948
054,54: Xenon,1.250E+02,3.785E+01,1.602E-02,3.786E+01,1.921E+00,1.912E+00,0.9951
054,54: Xenon,1.500E+02,3.308E+01,1.359E-02,3.309E+01,2.630E+00,2.617E+00,0.9954
054,54: Xenon,1.750E+02,2.951E+01,1.182E-02,2.953E+01,3.431E+00,3.416E+00,0.9956
054,54: Xenon,2.000E+02,2.675E+01,1.047E-02,2.676E+01,4.322E+00,4.303E+00,0.9957
054,54: Xenon,2.250E+02,2.453E+01,9.406E-03,2.454E+01,5.298E+00,5.276E+00,0.9958
054,54: Xenon,2.500E+02,2.271E+01,8.542E-03,2.272E+01,6.358E+00,6.332E+00,0.9959
054,54: Xenon,2.750E+02,2.119E+01,7.828E-03,2.120E+01,7.498E+00,7.468E+00,0.9960
054,54: Xenon,3.000E+02,1.990E+01,7.228E-03,1.991E+01,8.716E+00,8.682E+00,0.9961
054,54: Xenon,3.500E+02,1.782E+01,6.272E-03,1.783E+01,1.138E+01,1.133E+01,0.9962
054,54: Xenon,4.000E+02,1.622E+01,5.544E-03,1.623E+01,1.432E+01,1.427E+01,0.9963
054,54: Xenon,4.500E+02,1.495E+01,4.971E-03,1.495E+01,1.753E+01,1.747E+01,0.9964
054,54: Xenon,5.000E+02,1.391E+01,4.507E-03,1.391E+01,2.100E+01,2.093E+01,0.9965
054,54: Xenon,5.500E+02,1.305E+01,4.123E-03,1.305E+01,2.472E+01,2.463E+01,0.9965
054,54: Xenon,6.000E+02,1.232E+01,3.800E-03,1.232E+01,2.866E+01,2.856E+01,0.9966
054,54: Xenon,6.500E+02,1.170E+01,3.525E-03,1.170E+01,3.283E+01,3.272E+01,0.9967
054,54: Xenon,7.000E+02,1.116E+01,3.288E-03,1.116E+01,3.721E+01,3.708E+01,0.9967
054,54: Xenon,7.500E+02,1.069E+01,3.082E-03,1.069E+01,4.179E+01,4.165E+01,0.9968
054,54: Xenon,8.000E+02,1.027E+01,2.900E-03,1.027E+01,4.656E+01,4.641E+01,0.9968
054,54: Xenon,8.500E+02,9.901E+00,2.739E-03,9.904E+00,5.152E+01,5.136E+01,0.9969
054,54: Xenon,9.000E+02,9.572E+00,2.595E-03,9.575E+00,5.665E+01,5.648E+01,0.9969
054,54: Xenon,9.500E+02,9.276E+00,2.465E-03,9.278E+00,6.196E+01,6.177E+01,0.9969
054,54: Xenon,1.000E+03,9.008E+00,2.348E-03,9.011E+00,6.743E+01,6.722E+01,0.9970
064,64: Gadolinium,1.000E-03,3.811E+01,7.993E+00,4.611E+01,3.711E-05,5.164E-06,0.1391
064,64: Gadolinium,1.500E-03,4.540E+01,8.647E+00,5.405E+01,4.703E-05,6.984E-06,0.1485
064,64: Gadolinium,2.000E-03,5.141E+01,9.030E+00,6.044E+01,5.576E-05,8.744E-06,0.1568
064,64: Gadolinium,2.500E-03,5.661E+01,9.267E+00,6.588E+01,6.368E-05,1.046E-05,0.1643
064,64: Gadolinium,3.000E-03,6.125E+01,9.415E+00,7.066E+01,7.100E-05,1.215E-05,0.1711
064,64: Gadolinium,4.000E-03,6.934E+01,9.555E+00,7.890E+01,8.436E-05,1.548E-05,0.1835
064,64: Gadolinium,5.000E-03,7.636E+01,9.576E+00,8.593E+01,9.649E-05,1.877E-05,0.1945
064,64: Gadolinium,6.000E-03,8.261E+01,9.535E+00,9.214E+01,1.077E-04,2.204E-05,0.2046
064,64: Gadolinium,7.000E-03,8.829E+01,9.458E+00,9.775E+01,1.183E-04,2.529E-05,0.2139
064,64: Gadolinium,8.000E-03,9.353E+01,9.361E+00,1.029E+02,1.282E-04,2.854E-05,0.2226
064,64: Gadolinium,9.000E-03,9.841E+01,9.251E+00,1.077E+02,1.377E-04,3.177E-05,0.2307
064,64: Gadolinium,1.000E-02,1.030E+02,9.136E+00,1.121E+02,1.468E-04,3.501E-05,0.2384
064,64: Gadolinium,1.250E-02,1.134E+02,8.838E+00,1.222E+02,1.681E-04,4.306E-05,0.2561
064,64: Gadolinium,1.500E-02,1.227E+02,8.545E+00,1.312E+02,1.879E-04,5.108E-05,0.2719
064,64: Gadolinium,1.750E-02,1.311E+02,8.266E+00,1.394E+02,2.063E-04,5.907E-05,0.2863
064,64: Gadolinium,2.000E-02,1.389E+02,8.004E+00,1.469E+02,2.238E-04,6.701E-05,0.2994
064,64: Gadolinium,2.250E-02,1.461E+02,7.759E+00,1.539E+02,2.404E-04,7.493E-05,0.3116
064,64: Gadolinium,2.500E-02,1.529E+02,7.530E+00,1.604E+02,2.563E-04,8.280E-05,0.3230
064,64: Gadolinium,2.750E-02,1.593E+02,7.316E+00,1.666E+02,2.716E-04,9.062E-05,0.3336
064,64: Gadolinium,3.000E-02,1.654E+02,7.116E+00,1.725E+02,2.864E-04,9.841E-05,0.3436
064,64: Gadolinium,3.500E-02,1.767E+02,6.753E+00,1.834E+02,3.145E-04,1.138E-04,0.3620
064,64: Gadolinium,4.000E-02,1.871E+02,6.431E+00,1.935E+02,3.410E-04,1.291E-04,0.3786
064,64: Gadolinium,4.500E-02,1.968E+02,6.144E+00,2.029E+02,3.662E-04,1.442E-04,0.3937
064,64: Gadolinium,5.000E-02,2.059E+02,5.886E+00,2.118E+02,3.903E-04,1.591E-04,0.4076
064,64: Gadolinium,5.500E-02,2.144E+02,5.653E+00,2.201E+02,4.135E-04,1.738E-04,0.4204
064,64: Gadolinium,6.000E-02,2.225E+02,5.441E+00,2.280E+02,4.358E-04,1.884E-04,0.4323
064,64: Gadolinium,6.500E-02,2.303E+02,5.247E+00,2.355E+02,4.574E-04,2.028E-04,0.4434
064,64: Gadolinium,7.000E-02,2.376E+02,5.068E+00,2.427E+02,4.783E-04,2.171E-04,0.4539
064,64: Gadolinium,7.500E-02,2.447E+02,4.904E+00,2.496E+02,4.986E-04,2.312E-04,0.4636
064,64: Gadolinium,8.000E-02,2.515E+02,4.752E+00,2.562E+02,5.184E-04,2.451E-04,0.4729
064,64: Gadolinium,8.500E-02,2.580E+02,4.610E+00,2.626E+02,5.376E-04,2.589E-04,0.4816
064,64: Gadolinium,9.000E-02,2.643E+02,4.478E+00,2.687E+02,5.565E-04,2.726E-04,0.4899
064,64: Gadolinium,9.500E-02,2.703E+02,4.354E+00,2.747E+02,5.749E-04,2.861E-04,0.4977
064,64: Gadolinium,1.000E-01,2.762E+02,4.239E+00,2.805E+02,5.929E-04,2.995E-04,0.5052
064,64: Gadolinium,1.250E-01,3.031E+02,3.753E+00,3.068E+02,6.780E-04,3.647E-04,0.5380
064,64: Gadolinium,1.500E-01,3.266E+02,3.379E+00,3.299E+02,7.565E-04,4.273E-04,0.5648
064,64: Gadolinium,1.750E-01,3.474E+02,3.082E+00,3.505E+02,8.299E-04,4.875E-04,0.5874
064,64: Gadolinium,2.000E-01,3.662E+02,2.839E+00,3.690E+02,8.994E-04,5.457E-04,0.6068
064,64: Gadolinium,2.250E-01,3.831E+02,2.636E+00,3.857E+02,9.657E-04,6.023E-04,0.6237
064,64: Gadolinium,2.500E-01,3.985E+02,2.463E+00,4.010E+02,1.029E-03,6.573E-04,0.6387
064,64: Gadolinium,2.750E-01,4.125E+02,2.314E+00,4.149E+02,1.090E-03,7.110E-04,0.6520
064,64: Gadolinium,3.000E-01,4.254E+02,2.183E+00,4.276E+02,1.150E-03,7.636E-04,0.6641
064,64: Gadolinium,3.500E-01,4.478E+02,1.967E+00,4.498E+02,1.264E-03,8.658E-04,0.6851
064,64: Gadolinium,4.000E-01,4.665E+02,1.794E+00,4.683E+02,1.373E-03,9.648E-04,0.7029
064,64: Gadolinium,4.500E-01,4.821E+02,1.651E+00,4.837E+02,1.478E-03,1.061E-03,0.7182
064,64: Gadolinium,5.000E-01,4.948E+02,1.532E+00,4.963E+02,1.580E-03,1.156E-03,0.7317
064,64: Gadolinium,5.500E-01,5.051E+02,1.430E+00,5.065E+02,1.679E-03,1.249E-03,0.7436
064,64: Gadolinium,6.000E-01,5.132E+02,1.343E+00,5.146E+02,1.777E-03,1.341E-03,0.7544
064,64: Gadolinium,6.500E-01,5.194E+02,1.266E+00,5.207E+02,1.874E-03,1.432E-03,0.7641
064,64: Gadolinium,7.000E-01,5.239E+02,1.198E+00,5.251E+02,1.969E-03,1.522E-03,0.7729
064,64: Gadolinium,7.500E-01,5.269E+02,1.138E+00,5.280E+02,2.064E-03,1.612E-03,0.7811
064,64: Gadolinium,8.000E-01,5.286E+02,1.085E+00,5.297E+02,2.159E-03,1.702E-03,0.7886
064,64: Gadolinium,8.500E-01,5.291E+02,1.036E+00,5.301E+02,2.253E-03,1.793E-03,0.7956
064,64: Gadolinium,9.000E-01,5.286E+02,9.925E-01,5.296E+02,2.348E-03,1.883E-03,0.8021
064,64: Gadolinium,9.500E-01,5.273E+02,9.525E-01,5.282E+02,2.442E-03,1.974E-03,0.8082
064,64: Gadolinium,1.000E+00,5.252E+02,9.160E-01,5.261E+02,2.537E-03,2.065E-03,0.8140
064,64: Gadolinium,1.250E+00,5.056E+02,7.712E-01,5.064E+02,3.020E-03,2.532E-03,0.8383
064,64: Gadolinium,1.500E+00,4.810E+02,6.687E-01,4.817E+02,3.526E-03,3.024E-03,0.8574
064,64: Gadolinium,1.750E+00,4.568E+02,5.920E-01,4.574E+02,4.059E-03,3.543E-03,0.8729
064,64: Gadolinium,2.000E+00,4.346E+02,5.323E-01,4.351E+02,4.620E-03,4.091E-03,0.8856
064,64: Gadolinium,2.250E+00,4.146E+02,4.843E-01,4.151E+02,5.208E-03,4.667E-03,0.8962
064,64: Gadolinium,2.500E+00,3.966E+02,4.448E-01,3.971E+02,5.824E-03,5.271E-03,0.9051
064,64: Gadolinium,2.750E+00,3.805E+02,4.117E-01,3.810E+02,6.467E-03,5.903E-03,0.9128
064,64: Gadolinium,3.000E+00,3.660E+02,3.836E-01,3.664E+02,7.136E-03,6.561E-03,0.9194
064,64: Gadolinium,3.500E+00,3.409E+02,3.381E-01,3.412E+02,8.552E-03,7.954E-03,0.9301
064,64: Gadolinium,4.000E+00,3.197E+02,3.029E-01,3.200E+02,1.007E-02,9.446E-03,0.9384
064,64: Gadolinium,4.500E+00,3.016E+02,2.748E-01,3.018E+02,1.168E-02,1.103E-02,0.9450
064,64: Gadolinium,5.000E+00,2.858E+02,2.517E-01,2.861E+02,1.338E-02,1.271E-02,0.9504
064,64: Gadolinium,5.500E+00,2.720E+02,2.325E-01,2.722E+02,1.517E-02,1.448E-02,0.9548
064,64: Gadolinium,6.000E+00,2.598E+02,2.162E-01,2.600E+02,1.705E-02,1.634E-02,0.9584
064,64: Gadolinium,6.500E+00,2.488E+02,2.021E-01,2.490E+02,1.902E-02,1.829E-02,0.9616
064,64: Gadolinium,7.000E+00,2.390E+02,1.899E-01,2.392E+02,2.107E-02,2.031E-02,0.9642
064,64: Gadolinium,7.500E+00,2.301E+02,1.792E-01,2.303E+02,2.320E-02,2.242E-02,0.9665
064,64: Gadolinium,8.000E+00,2.220E+02,1.697E-01,2.222E+02,2.541E-02,2.461E-02,0.9685
064,64: Gadolinium,8.500E+00,2.146E+02,1.612E-01,2.147E+02,2.770E-02,2.687E-02,0.9703
064,64: Gadolinium,9.000E+00,2.077E+02,1.536E-01,2.079E+02,3.006E-02,2.922E-02,0.9719
064,64: Gadolinium,9.500E+00,2.014E+02,1.467E-01,2.015E+02,3.251E-02,3.164E-02,0.9732
064,64: Gadolinium,1.000E+01,1.956E+02,1.404E-01,1.957E+02,3.503E-02,3.413E-02,0.9745
064,64: Gadolinium,1.250E+01,1.716E+02,1.161E-01,1.717E+02,4.870E-02,4.768E-02,0.9791
064,64: Gadolinium,1.500E+01,1.537E+02,9.927E-02,1.538E+02,6.411E-02,6.296E-02,0.9821
064,64: Gadolinium,1.750E+01,1.398E+02,8.692E-02,1.399E+02,8.118E-02,7.989E-02,0.9842
064,64: Gadolinium,2.000E+01,1.285E+02,7.745E-02,1.286E+02,9.984E-02,9.841E-02,0.9857
064,64: Gadolinium,2.500E+01,1.114E+02,6.381E-02,1.115E+02,1.417E-01,1.400E-01,0.9878
064,64: Gadolinium,2.750E+01,1.047E+02,5.873E-02,1.047E+02,1.649E-01,1.630E-01,0.9885
064,64: Gadolinium,3.000E+01,9.884E+01,5.444E-02,9.889E+01,1.895E-01,1.874E-01,0.9891
064,64: Gadolinium,3.500E+01,8.916E+01,4.757E-02,8.921E+01,2.428E-01,2.404E-01,0.9901
064,64: Gadolinium,4.000E+01,8.145E+01,4.231E-02,8.149E+01,3.015E-01,2.987E-01,0.9908
064,64: Gadolinium,4.500E+01,7.513E+01,3.815E-02,7.516E+01,3.654E-01,3.623E-01,0.9913
064,64: Gadolinium,5.000E+01,6.984E+01,3.477E-02,6.988E+01,4.345E-01,4.309E-01,0.9917
064,64: Gadolinium,5.500E+01,6.534E+01,3.196E-02,6.537E+01,5.085E-01,5.045E-01,0.9921
064,64: Gadolinium,6.000E+01,6.146E+01,2.960E-02,6.149E+01,5.874E-01,5.830E-01,0.9924
064,64: Gadolinium,6.500E+01,5.808E+01,2.757E-02,5.811E+01,6.711E-01,6.662E-01,0.9926
064,64: Gadolinium,7.000E+01,5.510E+01,2.582E-02,5.512E+01,7.595E-01,7.541E-01,0.9929
064,64: Gadolinium,7.500E+01,5.244E+01,2.428E-02,5.246E+01,8.525E-01,8.466E-01,0.9930
064,64: Gadolinium,8.000E+01,5.008E+01,2.293E-02,5.011E+01,9.501E-01,9.436E-01,0.9932
064,64: Gadolinium,8.500E+01,4.795E+01,2.172E-02,4.797E+01,1.052E+00,1.045E+00,0.9933
064,64: Gadolinium,9.000E+01,4.601E+01,2.064E-02,4.603E+01,1.158E+00,1.151E+00,0.9935
064,64: Gadolinium,9.500E+01,4.424E+01,1.967E-02,4.426E+01,1.269E+00,1.261E+00,0.9936
064,64: Gadolinium,1.000E+02,4.263E+01,1.879E-02,4.265E+01,1.384E+00,1.376E+00,0.9937
064,64: Gadolinium,1.250E+02,3.620E+01,1.539E-02,3.621E+01,2.023E+00,2.011E+00,0.9941
064,64: Gadolinium,1.500E+02,3.162E+01,1.306E-02,3.163E+01,2.764E+00,2.748E+00,0.9944
064,64: Gadolinium,1.750E+02,2.819E+01,1.137E-02,2.821E+01,3.602E+00,3.583E+00,0.9946
064,64: Gadolinium,2.000E+02,2.553E+01,1.007E-02,2.554E+01,4.535E+00,4.512E+00,0.9948
064,64: Gadolinium,2.250E+02,2.340E+01,9.053E-03,2.341E+01,5.559E+00,5.531E+00,0.9949
064,64: Gadolinium,2.500E+02,2.165E+01,8.226E-03,2.166E+01,6.670E+00,6.638E+00,0.9951
064,64: Gadolinium,2.750E+02,2.019E+01,7.541E-03,2.020E+01,7.867E+00,7.829E+00,0.9952
064,64: Gadolinium,3.000E+02,1.895E+01,6.965E-03,1.896E+01,9.145E+00,9.102E+00,0.9953
064,64: Gadolinium,3.500E+02,1.697E+01,6.047E-03,1.698E+01,1.194E+01,1.188E+01,0.9954
064,64: Gadolinium,4.000E+02,1.545E+01,5.349E-03,1.546E+01,1.503E+01,1.496E+01,0.9955
064,64: Gadolinium,4.500E+02,1.425E+01,4.799E-03,1.425E+01,1.840E+01,1.832E+01,0.9956
064,64: Gadolinium,5.000E+02,1.326E+01,4.353E-03,1.327E+01,2.204E+01,2.195E+01,0.9957
064,64: Gadolinium,5.500E+02,1.244E+01,3.985E-03,1.245E+01,2.593E+01,2.583E+01,0.9958
064,64: Gadolinium,6.000E+02,1.175E+01,3.675E-03,1.176E+01,3.007E+01,2.995E+01,0.9959
064,64: Gadolinium,6.500E+02,1.116E+01,3.410E-03,1.116E+01,3.444E+01,3.430E+01,0.9960
064,64: Gadolinium,7.000E+02,1.065E+01,3.182E-03,1.065E+01,3.903E+01,3.887E+01,0.9960
064,64: Gadolinium,7.500E+02,1.020E+01,2.982E-03,1.020E+01,4.383E+01,4.365E+01,0.9961
064,64: Gadolinium,8.000E+02,9.802E+00,2.807E-03,9.804E+00,4.883E+01,4.864E+01,0.9961
064,64: Gadolinium,8.500E+02,9.450E+00,2.652E-03,9.453E+00,5.402E+01,5.382E+01,0.9962
064,64: Gadolinium,9.000E+02,9.136E+00,2.513E-03,9.138E+00,5.940E+01,5.918E+01,0.9962
064,64: Gadolinium,9.500E+02,8.853E+00,2.389E-03,8.856E+00,6.496E+01,6.472E+01,0.9963
064,64: Gadolinium,1.000E+03,8.598E+00,2.276E-03,8.600E+00,7.069E+01,7.043E+01,0.9963
074,74: Tungsten,1.000E-03,2.075E+01,6.388E+00,2.714E+01,6.237E-05,5.914E-06,0.0948
074,74: Tungsten,1.500E-03,2.523E+01,6.963E+00,3.220E+01,7.911E-05,8.003E-06,0.1012
074,74: Tungsten,2.000E-03,2.899E+01,7.316E+00,3.631E+01,9.371E-05,1.002E-05,0.1069
074,74: Tungsten,2.500E-03,3.229E+01,7.547E+00,3.983E+01,1.068E-04,1.198E-05,0.1122
074,74: Tungsten,3.000E-03,3.526E+01,7.701E+00,4.296E+01,1.189E-04,1.392E-05,0.1171
074,74: Tungsten,4.000E-03,4.051E+01,7.872E+00,4.838E+01,1.408E-04,1.776E-05,0.1261
074,74: Tungsten,5.000E-03,4.511E+01,7.936E+00,5.305E+01,1.605E-04,2.157E-05,0.1344
074,74: Tungsten,6.000E-03,4.926E+01,7.942E+00,5.720E+01,1.787E-04,2.537E-05,0.1420
074,74: Tungsten,7.000E-03,5.306E+01,7.912E+00,6.097E+01,1.956E-04,2.917E-05,0.1491
074,74: Tungsten,8.000E-03,5.659E+01,7.861E+00,6.445E+01,2.115E-04,3.297E-05,0.1559
074,74: Tungsten,9.000E-03,5.990E+01,7.796E+00,6.769E+01,2.267E-04,3.678E-05,0.1623
074,74: Tungsten,1.000E-02,6.302E+01,7.722E+00,7.074E+01,2.411E-04,4.060E-05,0.1684
074,74: Tungsten,1.250E-02,7.018E+01,7.519E+00,7.770E+01,2.748E-04,5.016E-05,0.1825
074,74: Tungsten,1.500E-02,7.663E+01,7.309E+00,8.394E+01,3.057E-04,5.976E-05,0.1955
074,74: Tungsten,1.750E-02,8.254E+01,7.103E+00,8.964E+01,3.345E-04,6.938E-05,0.2074
074,74: Tungsten,2.000E-02,8.802E+01,6.905E+00,9.493E+01,3.616E-04,7.901E-05,0.2185
074,74: Tungsten,2.250E-02,9.316E+01,6.717E+00,9.988E+01,3.873E-04,8.864E-05,0.2289
074,74: Tungsten,2.500E-02,9.801E+01,6.540E+00,1.045E+02,4.117E-04,9.827E-05,0.2387
074,74: Tungsten,2.750E-02,1.026E+02,6.372E+00,1.090E+02,4.351E-04,1.079E-04,0.2480
074,74: Tungsten,3.000E-02,1.070E+02,6.214E+00,1.132E+02,4.576E-04,1.175E-04,0.2568
074,74: Tungsten,3.500E-02,1.152E+02,5.923E+00,1.212E+02,5.003E-04,1.367E-04,0.2731
074,74: Tungsten,4.000E-02,1.229E+02,5.663E+00,1.285E+02,5.404E-04,1.557E-04,0.2882
074,74: Tungsten,4.500E-02,1.300E+02,5.429E+00,1.354E+02,5.782E-04,1.746E-04,0.3020
074,74: Tungsten,5.000E-02,1.367E+02,5.217E+00,1.420E+02,6.143E-04,1.934E-04,0.3149
074,74: Tungsten,5.500E-02,1.431E+02,5.024E+00,1.481E+02,6.488E-04,2.121E-04,0.3269
074,74: Tungsten,6.000E-02,1.492E+02,4.847E+00,1.541E+02,6.819E-04,2.306E-04,0.3382
074,74: Tungsten,6.500E-02,1.550E+02,4.685E+00,1.597E+02,7.137E-04,2.490E-04,0.3488
074,74: Tungsten,7.000E-02,1.606E+02,4.535E+00,1.651E+02,7.445E-04,2.672E-04,0.3588
074,74: Tungsten,7.500E-02,1.659E+02,4.396E+00,1.703E+02,7.743E-04,2.852E-04,0.3683
074,74: Tungsten,8.000E-02,1.711E+02,4.266E+00,1.754E+02,8.032E-04,3.031E-04,0.3774
074,74: Tungsten,8.500E-02,1.761E+02,4.146E+00,1.802E+02,8.314E-04,3.209E-04,0.3860
074,74: Tungsten,9.000E-02,1.809E+02,4.033E+00,1.850E+02,8.587E-04,3.385E-04,0.3942
074,74: Tungsten,9.500E-02,1.856E+02,3.928E+00,1.895E+02,8.854E-04,3.559E-04,0.4020
074,74: Tungsten,1.000E-01,1.901E+02,3.828E+00,1.940E+02,9.115E-04,3.732E-04,0.4095
074,74: Tungsten,1.250E-01,2.111E+02,3.408E+00,2.145E+02,1.034E-03,4.578E-04,0.4427
074,74: Tungsten,1.500E-01,2.296E+02,3.082E+00,2.327E+02,1.146E-03,5.391E-04,0.4706
074,74: Tungsten,1.750E-01,2.462E+02,2.821E+00,2.491E+02,1.249E-03,6.177E-04,0.4943
074,74: Tungsten,2.000E-01,2.613E+02,2.605E+00,2.639E+02,1.347E-03,6.937E-04,0.5150
074,74: Tungsten,2.250E-01,2.751E+02,2.425E+00,2.775E+02,1.439E-03,7.676E-04,0.5333
074,74: Tungsten,2.500E-01,2.877E+02,2.270E+00,2.900E+02,1.527E-03,8.395E-04,0.5496
074,74: Tungsten,2.750E-01,2.993E+02,2.136E+00,3.015E+02,1.612E-03,9.096E-04,0.5644
074,74: Tungsten,3.000E-01,3.100E+02,2.019E+00,3.120E+02,1.693E-03,9.783E-04,0.5777
074,74: Tungsten,3.500E-01,3.288E+02,1.824E+00,3.307E+02,1.849E-03,1.112E-03,0.6012
074,74: Tungsten,4.000E-01,3.447E+02,1.667E+00,3.464E+02,1.996E-03,1.241E-03,0.6214
074,74: Tungsten,4.500E-01,3.581E+02,1.537E+00,3.596E+02,2.138E-03,1.366E-03,0.6389
074,74: Tungsten,5.000E-01,3.692E+02,1.428E+00,3.706E+02,2.275E-03,1.489E-03,0.6545
074,74: Tungsten,5.500E-01,3.783E+02,1.335E+00,3.796E+02,2.408E-03,1.610E-03,0.6684
074,74: Tungsten,6.000E-01,3.856E+02,1.255E+00,3.868E+02,2.539E-03,1.729E-03,0.6809
074,74: Tungsten,6.500E-01,3.913E+02,1.184E+00,3.925E+02,2.667E-03,1.847E-03,0.6924
074,74: Tungsten,7.000E-01,3.956E+02,1.122E+00,3.967E+02,2.794E-03,1.964E-03,0.7030
074,74: Tungsten,7.500E-01,3.987E+02,1.067E+00,3.997E+02,2.919E-03,2.080E-03,0.7127
074,74: Tungsten,8.000E-01,4.006E+02,1.017E+00,4.017E+02,3.044E-03,2.197E-03,0.7218
074,74: Tungsten,8.500E-01,4.017E+02,9.726E-01,4.027E+02,3.168E-03,2.313E-03,0.7302
074,74: Tungsten,9.000E-01,4.019E+02,9.320E-01,4.028E+02,3.292E-03,2.430E-03,0.7381
074,74: Tungsten,9.500E-01,4.014E+02,8.950E-01,4.023E+02,3.416E-03,2.547E-03,0.7456
074,74: Tungsten,1.000E+00,4.004E+02,8.611E-01,4.012E+02,3.541E-03,2.665E-03,0.7526
074,74: Tungsten,1.250E+00,3.895E+02,7.265E-01,3.902E+02,4.172E-03,3.266E-03,0.7828
074,74: Tungsten,1.500E+00,3.748E+02,6.310E-01,3.754E+02,4.825E-03,3.892E-03,0.8067
074,74: Tungsten,1.750E+00,3.595E+02,5.593E-01,3.601E+02,5.505E-03,4.548E-03,0.8262
074,74: Tungsten,2.000E+00,3.448E+02,5.034E-01,3.453E+02,6.214E-03,5.234E-03,0.8424
074,74: Tungsten,2.250E+00,3.310E+02,4.584E-01,3.315E+02,6.953E-03,5.952E-03,0.8560
074,74: Tungsten,2.500E+00,3.183E+02,4.213E-01,3.187E+02,7.722E-03,6.700E-03,0.8677
074,74: Tungsten,2.750E+00,3.065E+02,3.902E-01,3.069E+02,8.522E-03,7.480E-03,0.8777
074,74: Tungsten,3.000E+00,2.957E+02,3.638E-01,2.961E+02,9.351E-03,8.290E-03,0.8865
074,74: Tungsten,3.500E+00,2.767E+02,3.209E-01,2.770E+02,1.110E-02,9.998E-03,0.9009
074,74: Tungsten,4.000E+00,2.608E+02,2.877E-01,2.611E+02,1.296E-02,1.182E-02,0.9122
074,74: Tungsten,4.500E+00,2.473E+02,2.612E-01,2.476E+02,1.493E-02,1.375E-02,0.9213
074,74: Tungsten,5.000E+00,2.355E+02,2.394E-01,2.358E+02,1.700E-02,1.579E-02,0.9287
074,74: Tungsten,5.500E+00,2.252E+02,2.212E-01,2.255E+02,1.917E-02,1.792E-02,0.9348
074,74: Tungsten,6.000E+00,2.161E+02,2.058E-01,2.163E+02,2.143E-02,2.015E-02,0.9400
074,74: Tungsten,6.500E+00,2.078E+02,1.925E-01,2.080E+02,2.379E-02,2.247E-02,0.9444
074,74: Tungsten,7.000E+00,2.003E+02,1.809E-01,2.005E+02,2.624E-02,2.488E-02,0.9482
074,74: Tungsten,7.500E+00,1.935E+02,1.707E-01,1.937E+02,2.878E-02,2.738E-02,0.9515
074,74: Tungsten,8.000E+00,1.873E+02,1.617E-01,1.874E+02,3.140E-02,2.997E-02,0.9543
074,74: Tungsten,8.500E+00,1.815E+02,1.537E-01,1.817E+02,3.411E-02,3.264E-02,0.9569
074,74: Tungsten,9.000E+00,1.762E+02,1.464E-01,1.764E+02,3.691E-02,3.540E-02,0.9591
074,74: Tungsten,9.500E+00,1.713E+02,1.399E-01,1.714E+02,3.978E-02,3.823E-02,0.9611
074,74: Tungsten,1.000E+01,1.667E+02,1.340E-01,1.668E+02,4.274E-02,4.115E-02,0.9629
074,74: Tungsten,1.250E+01,1.476E+02,1.108E-01,1.477E+02,5.870E-02,5.692E-02,0.9697
074,74: Tungsten,1.500E+01,1.332E+02,9.485E-02,1.333E+02,7.655E-02,7.457E-02,0.9742
074,74: Tungsten,1.750E+01,1.218E+02,8.310E-02,1.219E+02,9.618E-02,9.400E-02,0.9773
074,74: Tungsten,2.000E+01,1.126E+02,7.407E-02,1.126E+02,1.175E-01,1.151E-01,0.9796
074,74: Tungsten,2.500E+01,9.827E+01,6.107E-02,9.833E+01,1.652E-01,1.623E-01,0.9827
074,74: Tungsten,2.750E+01,9.262E+01,5.622E-02,9.267E+01,1.914E-01,1.883E-01,0.9839
074,74: Tungsten,3.000E+01,8.769E+01,5.213E-02,8.774E+01,2.191E-01,2.158E-01,0.9848
074,74: Tungsten,3.500E+01,7.946E+01,4.558E-02,7.950E+01,2.791E-01,2.752E-01,0.9863
074,74: Tungsten,4.000E+01,7.285E+01,4.055E-02,7.289E+01,3.448E-01,3.405E-01,0.9873
074,74: Tungsten,4.500E+01,6.740E+01,3.658E-02,6.744E+01,4.162E-01,4.113E-01,0.9882
074,74: Tungsten,5.000E+01,6.283E+01,3.334E-02,6.286E+01,4.931E-01,4.876E-01,0.9888
074,74: Tungsten,5.500E+01,5.892E+01,3.066E-02,5.895E+01,5.753E-01,5.691E-01,0.9894
074,74: Tungsten,6.000E+01,5.554E+01,2.840E-02,5.557E+01,6.627E-01,6.559E-01,0.9898
074,74: Tungsten,6.500E+01,5.258E+01,2.646E-02,5.261E+01,7.552E-01,7.478E-01,0.9902
074,74: Tungsten,7.000E+01,4.996E+01,2.478E-02,4.999E+01,8.527E-01,8.447E-01,0.9905
074,74: Tungsten,7.500E+01,4.763E+01,2.331E-02,4.766E+01,9.552E-01,9.464E-01,0.9908
074,74: Tungsten,8.000E+01,4.554E+01,2.202E-02,4.557E+01,1.063E+00,1.053E+00,0.9911
074,74: Tungsten,8.500E+01,4.365E+01,2.086E-02,4.368E+01,1.175E+00,1.164E+00,0.9913
074,74: Tungsten,9.000E+01,4.194E+01,1.983E-02,4.196E+01,1.291E+00,1.280E+00,0.9915
074,74: Tungsten,9.500E+01,4.038E+01,1.890E-02,4.039E+01,1.413E+00,1.401E+00,0.9917
074,74: Tungsten,1.000E+02,3.894E+01,1.805E-02,3.896E+01,1.539E+00,1.526E+00,0.9918
074,74: Tungsten,1.250E+02,3.328E+01,1.480E-02,3.330E+01,2.236E+00,2.219E+00,0.9924
074,74: Tungsten,1.500E+02,2.927E+01,1.257E-02,2.928E+01,3.039E+00,3.017E+00,0.9929
074,74: Tungsten,1.750E+02,2.626E+01,1.094E-02,2.627E+01,3.942E+00,3.915E+00,0.9932
074,74: Tungsten,2.000E+02,2.390E+01,9.697E-03,2.391E+01,4.941E+00,4.908E+00,0.9934
074,74: Tungsten,2.250E+02,2.199E+01,8.718E-03,2.200E+01,6.032E+00,5.994E+00,0.9937
074,74: Tungsten,2.500E+02,2.042E+01,7.925E-03,2.043E+01,7.212E+00,7.168E+00,0.9938
074,74: Tungsten,2.750E+02,1.910E+01,7.268E-03,1.911E+01,8.478E+00,8.427E+00,0.9940
074,74: Tungsten,3.000E+02,1.798E+01,6.715E-03,1.798E+01,9.828E+00,9.770E+00,0.9941
074,74: Tungsten,3.500E+02,1.615E+01,5.833E-03,1.615E+01,1.277E+01,1.269E+01,0.9943
074,74: Tungsten,4.000E+02,1.473E+01,5.162E-03,1.473E+01,1.601E+01,1.592E+01,0.9945
074,74: Tungsten,4.500E+02,1.359E+01,4.633E-03,1.359E+01,1.955E+01,1.945E+01,0.9947
074,74: Tungsten,5.000E+02,1.266E+01,4.204E-03,1.266E+01,2.336E+01,2.324E+01,0.9948
074,74: Tungsten,5.500E+02,1.189E+01,3.850E-03,1.189E+01,2.744E+01,2.730E+01,0.9949
074,74: Tungsten,6.000E+02,1.123E+01,3.553E-03,1.124E+01,3.177E+01,3.161E+01,0.9950
074,74: Tungsten,6.500E+02,1.067E+01,3.298E-03,1.068E+01,3.634E+01,3.616E+01,0.9951
074,74: Tungsten,7.000E+02,1.019E+01,3.079E-03,1.019E+01,4.113E+01,4.094E+01,0.9952
074,74: Tungsten,7.500E+02,9.763E+00,2.887E-03,9.765E+00,4.615E+01,4.593E+01,0.9953
074,74: Tungsten,8.000E+02,9.388E+00,2.717E-03,9.391E+00,5.137E+01,5.113E+01,0.9953
074,74: Tungsten,8.500E+02,9.055E+00,2.567E-03,9.058E+00,5.679E+01,5.653E+01,0.9954
074,74: Tungsten,9.000E+02,8.758E+00,2.433E-03,8.760E+00,6.241E+01,6.213E+01,0.9955
074,74: Tungsten,9.500E+02,8.490E+00,2.313E-03,8.492E+00,6.821E+01,6.790E+01,0.9955
074,74: Tungsten,1.000E+03,8.248E+00,2.204E-03,8.250E+00,7.418E+01,7.385E+01,0.9956
078,78: Platinum,1.000E-03,1.445E+01,5.853E+00,2.030E+01,8.253E-05,6.255E-06,0.0758
078,78: Platinum,1.500E-03,1.787E+01,6.398E+00,2.427E+01,1.048E-04,8.468E-06,0.0808
078,78: Platinum,2.000E-03,2.078E+01,6.736E+00,2.752E+01,1.241E-04,1.060E-05,0.0854
078,78: Platinum,2.500E-03,2.337E+01,6.961E+00,3.033E+01,1.414E-04,1.269E-05,0.0897
078,78: Platinum,3.000E-03,2.571E+01,7.114E+00,3.282E+01,1.572E-04,1.475E-05,0.0938
078,78: Platinum,4.000E-03,2.990E+01,7.291E+00,3.719E+01,1.858E-04,1.883E-05,0.1013
078,78: Platinum,5.000E-03,3.361E+01,7.366E+00,4.098E+01,2.114E-04,2.289E-05,0.1083
078,78: Platinum,6.000E-03,3.699E+01,7.385E+00,4.437E+01,2.348E-04,2.695E-05,0.1148
078,78: Platinum,7.000E-03,4.010E+01,7.368E+00,4.747E+01,2.566E-04,3.102E-05,0.1209
078,78: Platinum,8.000E-03,4.301E+01,7.330E+00,5.034E+01,2.770E-04,3.510E-05,0.1267
078,78: Platinum,9.000E-03,4.575E+01,7.279E+00,5.303E+01,2.964E-04,3.919E-05,0.1322
078,78: Platinum,1.000E-02,4.835E+01,7.218E+00,5.557E+01,3.148E-04,4.329E-05,0.1375
078,78: Platinum,1.250E-02,5.436E+01,7.045E+00,6.140E+01,3.575E-04,5.361E-05,0.1499
078,78: Platinum,1.500E-02,5.981E+01,6.861E+00,6.667E+01,3.966E-04,6.400E-05,0.1614
078,78: Platinum,1.750E-02,6.484E+01,6.679E+00,7.152E+01,4.328E-04,7.444E-05,0.1720
078,78: Platinum,2.000E-02,6.954E+01,6.502E+00,7.605E+01,4.666E-04,8.492E-05,0.1820
078,78: Platinum,2.250E-02,7.397E+01,6.333E+00,8.031E+01,4.986E-04,9.543E-05,0.1914
078,78: Platinum,2.500E-02,7.817E+01,6.173E+00,8.434E+01,5.290E-04,1.060E-04,0.2003
078,78: Platinum,2.750E-02,8.217E+01,6.021E+00,8.819E+01,5.580E-04,1.165E-04,0.2088
078,78: Platinum,3.000E-02,8.600E+01,5.877E+00,9.188E+01,5.857E-04,1.270E-04,0.2169
078,78: Platinum,3.500E-02,9.322E+01,5.612E+00,9.883E+01,6.382E-04,1.481E-04,0.2320
078,78: Platinum,4.000E-02,9.996E+01,5.373E+00,1.053E+02,6.871E-04,1.690E-04,0.2460
078,78: Platinum,4.500E-02,1.063E+02,5.157E+00,1.115E+02,7.333E-04,1.899E-04,0.2590
078,78: Platinum,5.000E-02,1.123E+02,4.961E+00,1.173E+02,7.770E-04,2.107E-04,0.2712
078,78: Platinum,5.500E-02,1.180E+02,4.782E+00,1.228E+02,8.186E-04,2.313E-04,0.2826
078,78: Platinum,6.000E-02,1.235E+02,4.618E+00,1.281E+02,8.585E-04,2.518E-04,0.2933
078,78: Platinum,6.500E-02,1.287E+02,4.467E+00,1.332E+02,8.968E-04,2.722E-04,0.3035
078,78: Platinum,7.000E-02,1.338E+02,4.327E+00,1.381E+02,9.336E-04,2.923E-04,0.3131
078,78: Platinum,7.500E-02,1.387E+02,4.198E+00,1.429E+02,9.692E-04,3.124E-04,0.3223
078,78: Platinum,8.000E-02,1.434E+02,4.077E+00,1.475E+02,1.004E-03,3.323E-04,0.3310
078,78: Platinum,8.500E-02,1.479E+02,3.964E+00,1.519E+02,1.037E-03,3.520E-04,0.3394
078,78: Platinum,9.000E-02,1.524E+02,3.858E+00,1.562E+02,1.070E-03,3.715E-04,0.3474
078,78: Platinum,9.500E-02,1.567E+02,3.759E+00,1.604E+02,1.101E-03,3.909E-04,0.3550
078,78: Platinum,1.000E-01,1.608E+02,3.666E+00,1.645E+02,1.132E-03,4.102E-04,0.3624
078,78: Platinum,1.250E-01,1.803E+02,3.270E+00,1.835E+02,1.276E-03,5.041E-04,0.3952
078,78: Platinum,1.500E-01,1.976E+02,2.963E+00,2.006E+02,1.406E-03,5.945E-04,0.4229
078,78: Platinum,1.750E-01,2.133E+02,2.715E+00,2.160E+02,1.526E-03,6.816E-04,0.4468
078,78: Platinum,2.000E-01,2.277E+02,2.510E+00,2.302E+02,1.638E-03,7.659E-04,0.4677
078,78: Platinum,2.250E-01,2.409E+02,2.338E+00,2.432E+02,1.743E-03,8.477E-04,0.4862
078,78: Platinum,2.500E-01,2.530E+02,2.191E+00,2.552E+02,1.844E-03,9.272E-04,0.5029
078,78: Platinum,2.750E-01,2.643E+02,2.063E+00,2.663E+02,1.939E-03,1.005E-03,0.5180
078,78: Platinum,3.000E-01,2.747E+02,1.951E+00,2.766E+02,2.032E-03,1.080E-03,0.5317
078,78: Platinum,3.500E-01,2.932E+02,1.764E+00,2.950E+02,2.206E-03,1.227E-03,0.5560
078,78: Platinum,4.000E-01,3.090E+02,1.613E+00,3.106E+02,2.371E-03,1.368E-03,0.5770
078,78: Platinum,4.500E-01,3.224E+02,1.489E+00,3.239E+02,2.529E-03,1.506E-03,0.5953
078,78: Platinum,5.000E-01,3.337E+02,1.384E+00,3.351E+02,2.681E-03,1.640E-03,0.6116
078,78: Platinum,5.500E-01,3.431E+02,1.295E+00,3.444E+02,2.828E-03,1.771E-03,0.6263
078,78: Platinum,6.000E-01,3.507E+02,1.217E+00,3.519E+02,2.971E-03,1.900E-03,0.6396
078,78: Platinum,6.500E-01,3.568E+02,1.149E+00,3.580E+02,3.112E-03,2.028E-03,0.6518
078,78: Platinum,7.000E-01,3.616E+02,1.090E+00,3.626E+02,3.251E-03,2.155E-03,0.6630
078,78: Platinum,7.500E-01,3.651E+02,1.036E+00,3.661E+02,3.388E-03,2.282E-03,0.6734
078,78: Platinum,8.000E-01,3.676E+02,9.883E-01,3.685E+02,3.524E-03,2.407E-03,0.6831
078,78: Platinum,8.500E-01,3.691E+02,9.451E-01,3.700E+02,3.660E-03,2.533E-03,0.6922
078,78: Platinum,9.000E-01,3.698E+02,9.058E-01,3.707E+02,3.795E-03,2.659E-03,0.7008
078,78: Platinum,9.500E-01,3.699E+02,8.700E-01,3.708E+02,3.929E-03,2.785E-03,0.7089
078,78: Platinum,1.000E+00,3.693E+02,8.372E-01,3.702E+02,4.064E-03,2.912E-03,0.7165
078,78: Platinum,1.250E+00,3.647E+02,7.070E-01,3.654E+02,4.744E-03,3.555E-03,0.7494
078,78: Platinum,1.500E+00,3.570E+02,6.144E-01,3.577E+02,5.435E-03,4.214E-03,0.7754
078,78: Platinum,1.750E+00,3.473E+02,5.449E-01,3.479E+02,6.143E-03,4.895E-03,0.7968
078,78: Platinum,2.000E+00,3.366E+02,4.906E-01,3.371E+02,6.873E-03,5.599E-03,0.8146
078,78: Platinum,2.250E+00,3.255E+02,4.469E-01,3.259E+02,7.627E-03,6.329E-03,0.8298
078,78: Platinum,2.500E+00,3.144E+02,4.108E-01,3.148E+02,8.408E-03,7.086E-03,0.8428
078,78: Platinum,2.750E+00,3.036E+02,3.806E-01,3.040E+02,9.216E-03,7.872E-03,0.8542
078,78: Platinum,3.000E+00,2.932E+02,3.549E-01,2.936E+02,1.005E-02,8.687E-03,0.8642
078,78: Platinum,3.500E+00,2.743E+02,3.132E-01,2.746E+02,1.181E-02,1.041E-02,0.8809
078,78: Platinum,4.000E+00,2.585E+02,2.809E-01,2.588E+02,1.369E-02,1.224E-02,0.8942
078,78: Platinum,4.500E+00,2.451E+02,2.550E-01,2.453E+02,1.568E-02,1.419E-02,0.9050
078,78: Platinum,5.000E+00,2.334E+02,2.338E-01,2.336E+02,1.777E-02,1.624E-02,0.9139
078,78: Platinum,5.500E+00,2.231E+02,2.161E-01,2.233E+02,1.996E-02,1.839E-02,0.9214
078,78: Platinum,6.000E+00,2.140E+02,2.010E-01,2.142E+02,2.224E-02,2.064E-02,0.9277
078,78: Platinum,6.500E+00,2.058E+02,1.881E-01,2.060E+02,2.462E-02,2.298E-02,0.9331
078,78: Platinum,7.000E+00,1.984E+02,1.768E-01,1.986E+02,2.710E-02,2.541E-02,0.9377
078,78: Platinum,7.500E+00,1.916E+02,1.669E-01,1.918E+02,2.966E-02,2.793E-02,0.9418
078,78: Platinum,8.000E+00,1.854E+02,1.581E-01,1.856E+02,3.231E-02,3.054E-02,0.9453
078,78: Platinum,8.500E+00,1.797E+02,1.502E-01,1.798E+02,3.505E-02,3.324E-02,0.9485
078,78: Platinum,9.000E+00,1.744E+02,1.432E-01,1.745E+02,3.787E-02,3.603E-02,0.9513
078,78: Platinum,9.500E+00,1.695E+02,1.368E-01,1.696E+02,4.078E-02,3.889E-02,0.9537
078,78: Platinum,1.000E+01,1.649E+02,1.310E-01,1.651E+02,4.377E-02,4.184E-02,0.9560
078,78: Platinum,1.250E+01,1.460E+02,1.084E-01,1.461E+02,5.990E-02,5.777E-02,0.9644
078,78: Platinum,1.500E+01,1.317E+02,9.279E-02,1.318E+02,7.795E-02,7.560E-02,0.9699
078,78: Platinum,1.750E+01,1.204E+02,8.131E-02,1.205E+02,9.781E-02,9.524E-02,0.9738
078,78: Platinum,2.000E+01,1.113E+02,7.249E-02,1.113E+02,1.194E-01,1.166E-01,0.9766
078,78: Platinum,2.500E+01,9.713E+01,5.979E-02,9.719E+01,1.676E-01,1.643E-01,0.9805
078,78: Platinum,2.750E+01,9.153E+01,5.505E-02,9.159E+01,1.941E-01,1.906E-01,0.9818
078,78: Platinum,3.000E+01,8.665E+01,5.104E-02,8.670E+01,2.222E-01,2.184E-01,0.9830
078,78: Platinum,3.500E+01,7.853E+01,4.463E-02,7.858E+01,2.829E-01,2.785E-01,0.9847
078,78: Platinum,4.000E+01,7.201E+01,3.972E-02,7.205E+01,3.494E-01,3.445E-01,0.9860
078,78: Platinum,4.500E+01,6.663E+01,3.583E-02,6.667E+01,4.216E-01,4.161E-01,0.9870
078,78: Platinum,5.000E+01,6.211E+01,3.267E-02,6.215E+01,4.993E-01,4.932E-01,0.9878
078,78: Platinum,5.500E+01,5.826E+01,3.004E-02,5.829E+01,5.825E-01,5.757E-01,0.9884
078,78: Platinum,6.000E+01,5.492E+01,2.782E-02,5.495E+01,6.709E-01,6.635E-01,0.9889
078,78: Platinum,6.500E+01,5.199E+01,2.593E-02,5.202E+01,7.644E-01,7.563E-01,0.9894
078,78: Platinum,7.000E+01,4.941E+01,2.429E-02,4.944E+01,8.631E-01,8.542E-01,0.9898
078,78: Platinum,7.500E+01,4.711E+01,2.285E-02,4.714E+01,9.667E-01,9.571E-01,0.9901
078,78: Platinum,8.000E+01,4.505E+01,2.158E-02,4.507E+01,1.075E+00,1.065E+00,0.9904
078,78: Platinum,8.500E+01,4.318E+01,2.045E-02,4.320E+01,1.189E+00,1.177E+00,0.9906
078,78: Platinum,9.000E+01,4.149E+01,1.944E-02,4.151E+01,1.307E+00,1.295E+00,0.9909
078,78: Platinum,9.500E+01,3.995E+01,1.853E-02,3.996E+01,1.429E+00,1.417E+00,0.9911
078,78: Platinum,1.000E+02,3.853E+01,1.770E-02,3.855E+01,1.557E+00,1.543E+00,0.9912
078,78: Platinum,1.250E+02,3.288E+01,1.451E-02,3.289E+01,2.262E+00,2.243E+00,0.9919
078,78: Platinum,1.500E+02,2.886E+01,1.232E-02,2.887E+01,3.075E+00,3.052E+00,0.9924
078,78: Platinum,1.750E+02,2.583E+01,1.073E-02,2.584E+01,3.992E+00,3.963E+00,0.9928
078,78: Platinum,2.000E+02,2.347E+01,9.513E-03,2.348E+01,5.008E+00,4.974E+00,0.9931
078,78: Platinum,2.250E+02,2.157E+01,8.554E-03,2.158E+01,6.120E+00,6.079E+00,0.9933
078,78: Platinum,2.500E+02,2.001E+01,7.777E-03,2.002E+01,7.324E+00,7.276E+00,0.9935
078,78: Platinum,2.750E+02,1.870E+01,7.133E-03,1.871E+01,8.617E+00,8.562E+00,0.9936
078,78: Platinum,3.000E+02,1.759E+01,6.591E-03,1.759E+01,9.996E+00,9.933E+00,0.9938
078,78: Platinum,3.500E+02,1.579E+01,5.727E-03,1.579E+01,1.300E+01,1.292E+01,0.9940
078,78: Platinum,4.000E+02,1.440E+01,5.068E-03,1.440E+01,1.632E+01,1.623E+01,0.9942
078,78: Platinum,4.500E+02,1.329E+01,4.549E-03,1.329E+01,1.994E+01,1.983E+01,0.9943
078,78: Platinum,5.000E+02,1.238E+01,4.129E-03,1.239E+01,2.384E+01,2.371E+01,0.9945
078,78: Platinum,5.500E+02,1.163E+01,3.782E-03,1.163E+01,2.801E+01,2.786E+01,0.9946
078,78: Platinum,6.000E+02,1.099E+01,3.490E-03,1.099E+01,3.243E+01,3.226E+01,0.9947
078,78: Platinum,6.500E+02,1.044E+01,3.241E-03,1.045E+01,3.710E+01,3.691E+01,0.9948
078,78: Platinum,7.000E+02,9.970E+00,3.025E-03,9.973E+00,4.200E+01,4.179E+01,0.9949
078,78: Platinum,7.500E+02,9.555E+00,2.837E-03,9.558E+00,4.712E+01,4.689E+01,0.9950
078,78: Platinum,8.000E+02,9.189E+00,2.671E-03,9.192E+00,5.246E+01,5.220E+01,0.9950
078,78: Platinum,8.500E+02,8.864E+00,2.524E-03,8.866E+00,5.800E+01,5.772E+01,0.9951
078,78: Platinum,9.000E+02,8.573E+00,2.392E-03,8.575E+00,6.374E+01,6.343E+01,0.9952
078,78: Platinum,9.500E+02,8.311E+00,2.274E-03,8.313E+00,6.966E+01,6.933E+01,0.9952
078,78: Platinum,1.000E+03,8.075E+00,2.167E-03,8.077E+00,7.576E+01,7.541E+01,0.9953
079,79: Gold,1.000E-03,1.150E+01,5.784E+00,1.728E+01,9.597E-05,6.354E-06,0.0662
079,79: Gold,1.500E-03,1.455E+01,6.326E+00,2.088E+01,1.220E-04,8.608E-06,0.0705
079,79: Gold,2.000E-03,1.720E+01,6.665E+00,2.386E+01,1.444E-04,1.078E-05,0.0747
079,79: Gold,2.500E-03,1.957E+01,6.889E+00,2.646E+01,1.642E-04,1.290E-05,0.0786
079,79: Gold,3.000E-03,2.176E+01,7.044E+00,2.880E+01,1.823E-04,1.500E-05,0.0823
079,79: Gold,4.000E-03,2.572E+01,7.223E+00,3.294E+01,2.147E-04,1.915E-05,0.0892
079,79: Gold,5.000E-03,2.927E+01,7.302E+00,3.658E+01,2.435E-04,2.329E-05,0.0956
079,79: Gold,6.000E-03,3.254E+01,7.323E+00,3.987E+01,2.697E-04,2.742E-05,0.1017
079,79: Gold,7.000E-03,3.559E+01,7.310E+00,4.290E+01,2.938E-04,3.156E-05,0.1074
079,79: Gold,8.000E-03,3.846E+01,7.275E+00,4.573E+01,3.164E-04,3.571E-05,0.1129
079,79: Gold,9.000E-03,4.118E+01,7.225E+00,4.840E+01,3.376E-04,3.988E-05,0.1181
079,79: Gold,1.000E-02,4.378E+01,7.167E+00,5.094E+01,3.578E-04,4.405E-05,0.1231
079,79: Gold,1.250E-02,4.983E+01,6.999E+00,5.683E+01,4.042E-04,5.454E-05,0.1349
079,79: Gold,1.500E-02,5.539E+01,6.820E+00,6.221E+01,4.462E-04,6.509E-05,0.1459
079,79: Gold,1.750E-02,6.056E+01,6.641E+00,6.720E+01,4.848E-04,7.567E-05,0.1561
079,79: Gold,2.000E-02,6.544E+01,6.468E+00,7.190E+01,5.208E-04,8.628E-05,0.1657
079,79: Gold,2.250E-02,7.006E+01,6.302E+00,7.636E+01,5.545E-04,9.691E-05,0.1748
079,79: Gold,2.500E-02,7.446E+01,6.144E+00,8.061E+01,5.863E-04,1.075E-04,0.1834
079,79: Gold,2.750E-02,7.868E+01,5.994E+00,8.468E+01,6.166E-04,1.181E-04,0.1916
079,79: Gold,3.000E-02,8.274E+01,5.852E+00,8.859E+01,6.455E-04,1.287E-04,0.1995
079,79: Gold,3.500E-02,9.045E+01,5.590E+00,9.604E+01,6.996E-04,1.499E-04,0.2142
079,79: Gold,4.000E-02,9.769E+01,5.354E+00,1.030E+02,7.499E-04,1.709E-04,0.2279
079,79: Gold,4.500E-02,1.045E+02,5.141E+00,1.097E+02,7.969E-04,1.917E-04,0.2406
079,79: Gold,5.000E-02,1.111E+02,4.947E+00,1.160E+02,8.412E-04,2.124E-04,0.2525
079,79: Gold,5.500E-02,1.173E+02,4.770E+00,1.221E+02,8.832E-04,2.329E-04,0.2637
079,79: Gold,6.000E-02,1.233E+02,4.607E+00,1.279E+02,9.232E-04,2.532E-04,0.2743
079,79: Gold,6.500E-02,1.291E+02,4.457E+00,1.335E+02,9.614E-04,2.733E-04,0.2843
079,79: Gold,7.000E-02,1.346E+02,4.318E+00,1.390E+02,9.981E-04,2.933E-04,0.2938
079,79: Gold,7.500E-02,1.400E+02,4.190E+00,1.442E+02,1.033E-03,3.130E-04,0.3029
079,79: Gold,8.000E-02,1.452E+02,4.070E+00,1.493E+02,1.068E-03,3.325E-04,0.3115
079,79: Gold,8.500E-02,1.503E+02,3.958E+00,1.543E+02,1.100E-03,3.518E-04,0.3197
079,79: Gold,9.000E-02,1.552E+02,3.853E+00,1.591E+02,1.132E-03,3.710E-04,0.3276
079,79: Gold,9.500E-02,1.600E+02,3.754E+00,1.638E+02,1.163E-03,3.899E-04,0.3352
079,79: Gold,1.000E-01,1.647E+02,3.662E+00,1.683E+02,1.193E-03,4.087E-04,0.3424
079,79: Gold,1.250E-01,1.864E+02,3.268E+00,1.897E+02,1.333E-03,4.999E-04,0.3750
079,79: Gold,1.500E-01,2.058E+02,2.962E+00,2.088E+02,1.459E-03,5.870E-04,0.4025
079,79: Gold,1.750E-01,2.235E+02,2.715E+00,2.262E+02,1.574E-03,6.707E-04,0.4262
079,79: Gold,2.000E-01,2.395E+02,2.511E+00,2.420E+02,1.680E-03,7.512E-04,0.4471
079,79: Gold,2.250E-01,2.542E+02,2.339E+00,2.566E+02,1.781E-03,8.291E-04,0.4656
079,79: Gold,2.500E-01,2.677E+02,2.192E+00,2.699E+02,1.876E-03,9.046E-04,0.4823
079,79: Gold,2.750E-01,2.801E+02,2.065E+00,2.822E+02,1.966E-03,9.780E-04,0.4974
079,79: Gold,3.000E-01,2.915E+02,1.953E+00,2.934E+02,2.053E-03,1.050E-03,0.5113
079,79: Gold,3.500E-01,3.116E+02,1.767E+00,3.133E+02,2.218E-03,1.188E-03,0.5358
079,79: Gold,4.000E-01,3.285E+02,1.616E+00,3.301E+02,2.373E-03,1.322E-03,0.5570
079,79: Gold,4.500E-01,3.426E+02,1.491E+00,3.441E+02,2.521E-03,1.451E-03,0.5757
079,79: Gold,5.000E-01,3.543E+02,1.387E+00,3.557E+02,2.664E-03,1.578E-03,0.5924
079,79: Gold,5.500E-01,3.638E+02,1.297E+00,3.651E+02,2.803E-03,1.702E-03,0.6074
079,79: Gold,6.000E-01,3.715E+02,1.220E+00,3.727E+02,2.938E-03,1.825E-03,0.6211
079,79: Gold,6.500E-01,3.775E+02,1.152E+00,3.787E+02,3.071E-03,1.946E-03,0.6337
079,79: Gold,7.000E-01,3.821E+02,1.092E+00,3.832E+02,3.203E-03,2.067E-03,0.6453
079,79: Gold,7.500E-01,3.855E+02,1.039E+00,3.865E+02,3.332E-03,2.186E-03,0.6561
079,79: Gold,8.000E-01,3.878E+02,9.906E-01,3.888E+02,3.461E-03,2.306E-03,0.6662
079,79: Gold,8.500E-01,3.891E+02,9.474E-01,3.900E+02,3.590E-03,2.426E-03,0.6757
079,79: Gold,9.000E-01,3.896E+02,9.081E-01,3.905E+02,3.718E-03,2.545E-03,0.6846
079,79: Gold,9.500E-01,3.894E+02,8.723E-01,3.903E+02,3.846E-03,2.665E-03,0.6931
079,79: Gold,1.000E+00,3.887E+02,8.394E-01,3.895E+02,3.974E-03,2.786E-03,0.7011
079,79: Gold,1.250E+00,3.844E+02,7.090E-01,3.851E+02,4.619E-03,3.398E-03,0.7355
079,79: Gold,1.500E+00,3.757E+02,6.162E-01,3.763E+02,5.275E-03,4.025E-03,0.7629
079,79: Gold,1.750E+00,3.626E+02,5.465E-01,3.631E+02,5.951E-03,4.675E-03,0.7855
079,79: Gold,2.000E+00,3.468E+02,4.921E-01,3.473E+02,6.655E-03,5.354E-03,0.8046
079,79: Gold,2.250E+00,3.305E+02,4.483E-01,3.310E+02,7.392E-03,6.069E-03,0.8209
079,79: Gold,2.500E+00,3.164E+02,4.122E-01,3.168E+02,8.165E-03,6.819E-03,0.8352
079,79: Gold,2.750E+00,3.040E+02,3.819E-01,3.044E+02,8.970E-03,7.602E-03,0.8475
079,79: Gold,3.000E+00,2.930E+02,3.561E-01,2.934E+02,9.807E-03,8.418E-03,0.8584
079,79: Gold,3.500E+00,2.741E+02,3.143E-01,2.744E+02,1.157E-02,1.014E-02,0.8764
079,79: Gold,4.000E+00,2.584E+02,2.819E-01,2.587E+02,1.345E-02,1.198E-02,0.8906
079,79: Gold,4.500E+00,2.450E+02,2.559E-01,2.453E+02,1.543E-02,1.392E-02,0.9021
079,79: Gold,5.000E+00,2.334E+02,2.347E-01,2.336E+02,1.752E-02,1.597E-02,0.9115
079,79: Gold,5.500E+00,2.231E+02,2.169E-01,2.234E+02,1.971E-02,1.812E-02,0.9193
079,79: Gold,6.000E+00,2.140E+02,2.018E-01,2.142E+02,2.200E-02,2.037E-02,0.9259
079,79: Gold,6.500E+00,2.058E+02,1.888E-01,2.060E+02,2.438E-02,2.271E-02,0.9315
079,79: Gold,7.000E+00,1.984E+02,1.775E-01,1.986E+02,2.685E-02,2.514E-02,0.9364
079,79: Gold,7.500E+00,1.917E+02,1.675E-01,1.918E+02,2.942E-02,2.767E-02,0.9406
079,79: Gold,8.000E+00,1.855E+02,1.587E-01,1.856E+02,3.207E-02,3.028E-02,0.9442
079,79: Gold,8.500E+00,1.797E+02,1.508E-01,1.799E+02,3.480E-02,3.297E-02,0.9475
079,79: Gold,9.000E+00,1.745E+02,1.437E-01,1.746E+02,3.762E-02,3.576E-02,0.9503
079,79: Gold,9.500E+00,1.696E+02,1.373E-01,1.697E+02,4.053E-02,3.862E-02,0.9529
079,79: Gold,1.000E+01,1.650E+02,1.315E-01,1.651E+02,4.352E-02,4.157E-02,0.9552
079,79: Gold,1.250E+01,1.461E+02,1.088E-01,1.462E+02,5.965E-02,5.749E-02,0.9638
079,79: Gold,1.500E+01,1.318E+02,9.317E-02,1.319E+02,7.768E-02,7.531E-02,0.9695
079,79: Gold,1.750E+01,1.205E+02,8.165E-02,1.206E+02,9.753E-02,9.494E-02,0.9734
079,79: Gold,2.000E+01,1.113E+02,7.279E-02,1.114E+02,1.191E-01,1.163E-01,0.9763
079,79: Gold,2.500E+01,9.720E+01,6.004E-02,9.726E+01,1.673E-01,1.640E-01,0.9802
079,79: Gold,2.750E+01,9.160E+01,5.528E-02,9.166E+01,1.938E-01,1.902E-01,0.9816
079,79: Gold,3.000E+01,8.672E+01,5.126E-02,8.677E+01,2.218E-01,2.180E-01,0.9828
079,79: Gold,3.500E+01,7.860E+01,4.483E-02,7.864E+01,2.825E-01,2.781E-01,0.9845
079,79: Gold,4.000E+01,7.207E+01,3.989E-02,7.211E+01,3.489E-01,3.440E-01,0.9858
079,79: Gold,4.500E+01,6.670E+01,3.599E-02,6.673E+01,4.211E-01,4.155E-01,0.9868
079,79: Gold,5.000E+01,6.218E+01,3.281E-02,6.221E+01,4.987E-01,4.926E-01,0.9876
079,79: Gold,5.500E+01,5.832E+01,3.018E-02,5.835E+01,5.818E-01,5.749E-01,0.9883
079,79: Gold,6.000E+01,5.498E+01,2.795E-02,5.501E+01,6.701E-01,6.626E-01,0.9888
079,79: Gold,6.500E+01,5.206E+01,2.605E-02,5.208E+01,7.635E-01,7.553E-01,0.9892
079,79: Gold,7.000E+01,4.947E+01,2.440E-02,4.950E+01,8.620E-01,8.531E-01,0.9896
079,79: Gold,7.500E+01,4.717E+01,2.295E-02,4.720E+01,9.655E-01,9.558E-01,0.9900
079,79: Gold,8.000E+01,4.511E+01,2.168E-02,4.513E+01,1.074E+00,1.063E+00,0.9903
079,79: Gold,8.500E+01,4.324E+01,2.054E-02,4.326E+01,1.187E+00,1.176E+00,0.9905
079,79: Gold,9.000E+01,4.155E+01,1.953E-02,4.157E+01,1.305E+00,1.293E+00,0.9907
079,79: Gold,9.500E+01,4.000E+01,1.861E-02,4.002E+01,1.428E+00,1.415E+00,0.9909
079,79: Gold,1.000E+02,3.859E+01,1.778E-02,3.860E+01,1.555E+00,1.541E+00,0.9911
079,79: Gold,1.250E+02,3.294E+01,1.457E-02,3.296E+01,2.258E+00,2.240E+00,0.9918
079,79: Gold,1.500E+02,2.892E+01,1.238E-02,2.893E+01,3.070E+00,3.047E+00,0.9923
079,79: Gold,1.750E+02,2.590E+01,1.078E-02,2.591E+01,3.985E+00,3.956E+00,0.9927
079,79: Gold,2.000E+02,2.354E+01,9.559E-03,2.355E+01,4.999E+00,4.963E+00,0.9930
079,79: Gold,2.250E+02,2.164E+01,8.595E-03,2.164E+01,6.107E+00,6.066E+00,0.9932
079,79: Gold,2.500E+02,2.007E+01,7.814E-03,2.008E+01,7.308E+00,7.259E+00,0.9934
079,79: Gold,2.750E+02,1.876E+01,7.168E-03,1.877E+01,8.596E+00,8.541E+00,0.9935
079,79: Gold,3.000E+02,1.764E+01,6.623E-03,1.765E+01,9.971E+00,9.908E+00,0.9937
079,79: Gold,3.500E+02,1.584E+01,5.755E-03,1.585E+01,1.297E+01,1.289E+01,0.9939
079,79: Gold,4.000E+02,1.445E+01,5.094E-03,1.445E+01,1.628E+01,1.618E+01,0.9941
079,79: Gold,4.500E+02,1.334E+01,4.572E-03,1.334E+01,1.988E+01,1.977E+01,0.9943
079,79: Gold,5.000E+02,1.243E+01,4.150E-03,1.243E+01,2.377E+01,2.363E+01,0.9944
079,79: Gold,5.500E+02,1.167E+01,3.801E-03,1.167E+01,2.792E+01,2.777E+01,0.9945
079,79: Gold,6.000E+02,1.103E+01,3.508E-03,1.103E+01,3.233E+01,3.216E+01,0.9946
079,79: Gold,6.500E+02,1.048E+01,3.258E-03,1.049E+01,3.698E+01,3.678E+01,0.9947
079,79: Gold,7.000E+02,1.001E+01,3.041E-03,1.001E+01,4.186E+01,4.164E+01,0.9948
079,79: Gold,7.500E+02,9.591E+00,2.852E-03,9.594E+00,4.697E+01,4.673E+01,0.9949
079,79: Gold,8.000E+02,9.224E+00,2.685E-03,9.227E+00,5.228E+01,5.202E+01,0.9950
079,79: Gold,8.500E+02,8.898E+00,2.537E-03,8.901E+00,5.780E+01,5.751E+01,0.9951
079,79: Gold,9.000E+02,8.606E+00,2.405E-03,8.608E+00,6.351E+01,6.320E+01,0.9951
079,79: Gold,9.500E+02,8.343E+00,2.286E-03,8.346E+00,6.941E+01,6.908E+01,0.9952
079,79: Gold,1.000E+03,8.106E+00,2.179E-03,8.108E+00,7.549E+01,7.513E+01,0.9952
082,82: Lead,1.000E-03,1.796E+01,5.342E+00,2.330E+01,7.305E-05,6.359E-06,0.0870
082,82: Lead,1.500E-03,2.218E+01,5.854E+00,2.803E+01,9.240E-05,8.567E-06,0.0927
082,82: Lead,2.000E-03,2.576E+01,6.176E+00,3.193E+01,1.091E-04,1.069E-05,0.0980
082,82: Lead,2.500E-03,2.892E+01,6.393E+00,3.532E+01,1.240E-04,1.274E-05,0.1028
082,82: Lead,3.000E-03,3.180E+01,6.543E+00,3.834E+01,1.375E-04,1.477E-05,0.1074
082,82: Lead,4.000E-03,3.693E+01,6.721E+00,4.365E+01,1.619E-04,1.875E-05,0.1158
082,82: Lead,5.000E-03,4.147E+01,6.805E+00,4.828E+01,1.837E-04,2.269E-05,0.1236
082,82: Lead,6.000E-03,4.560E+01,6.833E+00,5.243E+01,2.035E-04,2.661E-05,0.1308
082,82: Lead,7.000E-03,4.940E+01,6.828E+00,5.623E+01,2.219E-04,3.052E-05,0.1375
082,82: Lead,8.000E-03,5.295E+01,6.802E+00,5.975E+01,2.392E-04,3.442E-05,0.1439
082,82: Lead,9.000E-03,5.630E+01,6.762E+00,6.306E+01,2.555E-04,3.831E-05,0.1500
082,82: Lead,1.000E-02,5.946E+01,6.712E+00,6.618E+01,2.709E-04,4.220E-05,0.1558
082,82: Lead,1.250E-02,6.677E+01,6.566E+00,7.334E+01,3.068E-04,5.193E-05,0.1693
082,82: Lead,1.500E-02,7.341E+01,6.407E+00,7.981E+01,3.394E-04,6.166E-05,0.1817
082,82: Lead,1.750E-02,7.952E+01,6.246E+00,8.577E+01,3.696E-04,7.137E-05,0.1931
082,82: Lead,2.000E-02,8.523E+01,6.089E+00,9.132E+01,3.978E-04,8.107E-05,0.2038
082,82: Lead,2.250E-02,9.060E+01,5.938E+00,9.654E+01,4.245E-04,9.075E-05,0.2138
082,82: Lead,2.500E-02,9.569E+01,5.794E+00,1.015E+02,4.497E-04,1.004E-04,0.2233
082,82: Lead,2.750E-02,1.005E+02,5.657E+00,1.062E+02,4.738E-04,1.100E-04,0.2322
082,82: Lead,3.000E-02,1.052E+02,5.527E+00,1.107E+02,4.968E-04,1.196E-04,0.2407
082,82: Lead,3.500E-02,1.139E+02,5.286E+00,1.192E+02,5.403E-04,1.387E-04,0.2566
082,82: Lead,4.000E-02,1.220E+02,5.068E+00,1.271E+02,5.809E-04,1.576E-04,0.2712
082,82: Lead,4.500E-02,1.297E+02,4.870E+00,1.345E+02,6.192E-04,1.763E-04,0.2847
082,82: Lead,5.000E-02,1.369E+02,4.690E+00,1.416E+02,6.554E-04,1.948E-04,0.2973
082,82: Lead,5.500E-02,1.438E+02,4.525E+00,1.483E+02,6.899E-04,2.132E-04,0.3090
082,82: Lead,6.000E-02,1.503E+02,4.373E+00,1.547E+02,7.229E-04,2.314E-04,0.3201
082,82: Lead,6.500E-02,1.566E+02,4.234E+00,1.609E+02,7.545E-04,2.494E-04,0.3305
082,82: Lead,7.000E-02,1.627E+02,4.104E+00,1.668E+02,7.851E-04,2.672E-04,0.3403
082,82: Lead,7.500E-02,1.685E+02,3.984E+00,1.725E+02,8.145E-04,2.848E-04,0.3496
082,82: Lead,8.000E-02,1.741E+02,3.872E+00,1.780E+02,8.431E-04,3.023E-04,0.3585
082,82: Lead,8.500E-02,1.795E+02,3.767E+00,1.833E+02,8.708E-04,3.195E-04,0.3670
082,82: Lead,9.000E-02,1.848E+02,3.668E+00,1.885E+02,8.977E-04,3.366E-04,0.3750
082,82: Lead,9.500E-02,1.899E+02,3.576E+00,1.935E+02,9.238E-04,3.536E-04,0.3827
082,82: Lead,1.000E-01,1.949E+02,3.489E+00,1.983E+02,9.494E-04,3.704E-04,0.3901
082,82: Lead,1.250E-01,2.177E+02,3.119E+00,2.208E+02,1.069E-03,4.521E-04,0.4230
082,82: Lead,1.500E-01,2.379E+02,2.829E+00,2.407E+02,1.177E-03,5.304E-04,0.4506
082,82: Lead,1.750E-01,2.560E+02,2.596E+00,2.586E+02,1.277E-03,6.057E-04,0.4743
082,82: Lead,2.000E-01,2.723E+02,2.403E+00,2.747E+02,1.371E-03,6.786E-04,0.4950
082,82: Lead,2.250E-01,2.870E+02,2.240E+00,2.893E+02,1.459E-03,7.492E-04,0.5133
082,82: Lead,2.500E-01,3.004E+02,2.100E+00,3.025E+02,1.544E-03,8.179E-04,0.5298
082,82: Lead,2.750E-01,3.126E+02,1.979E+00,3.145E+02,1.625E-03,8.850E-04,0.5446
082,82: Lead,3.000E-01,3.236E+02,1.873E+00,3.255E+02,1.703E-03,9.506E-04,0.5582
082,82: Lead,3.500E-01,3.426E+02,1.695E+00,3.443E+02,1.852E-03,1.078E-03,0.5821
082,82: Lead,4.000E-01,3.582E+02,1.552E+00,3.597E+02,1.994E-03,1.202E-03,0.6027
082,82: Lead,4.500E-01,3.707E+02,1.433E+00,3.721E+02,2.131E-03,1.323E-03,0.6208
082,82: Lead,5.000E-01,3.806E+02,1.333E+00,3.820E+02,2.263E-03,1.441E-03,0.6368
082,82: Lead,5.500E-01,3.883E+02,1.247E+00,3.896E+02,2.393E-03,1.558E-03,0.6513
082,82: Lead,6.000E-01,3.942E+02,1.173E+00,3.954E+02,2.520E-03,1.675E-03,0.6645
082,82: Lead,6.500E-01,3.984E+02,1.108E+00,3.995E+02,2.646E-03,1.790E-03,0.6765
082,82: Lead,7.000E-01,4.013E+02,1.051E+00,4.024E+02,2.771E-03,1.905E-03,0.6876
082,82: Lead,7.500E-01,4.031E+02,9.995E-01,4.041E+02,2.895E-03,2.020E-03,0.6979
082,82: Lead,8.000E-01,4.040E+02,9.536E-01,4.049E+02,3.018E-03,2.135E-03,0.7075
082,82: Lead,8.500E-01,4.041E+02,9.121E-01,4.050E+02,3.142E-03,2.251E-03,0.7164
082,82: Lead,9.000E-01,4.035E+02,8.745E-01,4.044E+02,3.265E-03,2.367E-03,0.7248
082,82: Lead,9.500E-01,4.024E+02,8.401E-01,4.033E+02,3.389E-03,2.483E-03,0.7328
082,82: Lead,1.000E+00,4.010E+02,8.086E-01,4.018E+02,3.513E-03,2.601E-03,0.7402
082,82: Lead,1.250E+00,3.925E+02,6.833E-01,3.932E+02,4.142E-03,3.198E-03,0.7721
082,82: Lead,1.500E+00,3.804E+02,5.942E-01,3.810E+02,4.787E-03,3.816E-03,0.7971
082,82: Lead,1.750E+00,3.653E+02,5.272E-01,3.658E+02,5.456E-03,4.460E-03,0.8175
082,82: Lead,2.000E+00,3.486E+02,4.748E-01,3.491E+02,6.156E-03,5.137E-03,0.8345
082,82: Lead,2.250E+00,3.320E+02,4.327E-01,3.324E+02,6.890E-03,5.848E-03,0.8488
082,82: Lead,2.500E+00,3.176E+02,3.979E-01,3.180E+02,7.659E-03,6.596E-03,0.8612
082,82: Lead,2.750E+00,3.049E+02,3.687E-01,3.053E+02,8.462E-03,7.377E-03,0.8719
082,82: Lead,3.000E+00,2.937E+02,3.438E-01,2.940E+02,9.297E-03,8.191E-03,0.8811
082,82: Lead,3.500E+00,2.744E+02,3.036E-01,2.747E+02,1.106E-02,9.911E-03,0.8963
082,82: Lead,4.000E+00,2.583E+02,2.723E-01,2.586E+02,1.294E-02,1.175E-02,0.9083
082,82: Lead,4.500E+00,2.447E+02,2.473E-01,2.449E+02,1.492E-02,1.370E-02,0.9178
082,82: Lead,5.000E+00,2.329E+02,2.268E-01,2.331E+02,1.702E-02,1.575E-02,0.9256
082,82: Lead,5.500E+00,2.225E+02,2.096E-01,2.227E+02,1.921E-02,1.791E-02,0.9320
082,82: Lead,6.000E+00,2.132E+02,1.951E-01,2.134E+02,2.151E-02,2.016E-02,0.9374
082,82: Lead,6.500E+00,2.050E+02,1.825E-01,2.051E+02,2.390E-02,2.251E-02,0.9420
082,82: Lead,7.000E+00,1.975E+02,1.716E-01,1.976E+02,2.638E-02,2.495E-02,0.9459
082,82: Lead,7.500E+00,1.907E+02,1.620E-01,1.908E+02,2.896E-02,2.749E-02,0.9494
082,82: Lead,8.000E+00,1.844E+02,1.535E-01,1.846E+02,3.162E-02,3.011E-02,0.9523
082,82: Lead,8.500E+00,1.787E+02,1.458E-01,1.788E+02,3.437E-02,3.283E-02,0.9550
082,82: Lead,9.000E+00,1.734E+02,1.390E-01,1.735E+02,3.721E-02,3.562E-02,0.9573
082,82: Lead,9.500E+00,1.684E+02,1.328E-01,1.686E+02,4.014E-02,3.851E-02,0.9594
082,82: Lead,1.000E+01,1.639E+02,1.272E-01,1.640E+02,4.314E-02,4.147E-02,0.9613
082,82: Lead,1.250E+01,1.449E+02,1.053E-01,1.450E+02,5.939E-02,5.751E-02,0.9683
082,82: Lead,1.500E+01,1.306E+02,9.015E-02,1.307E+02,7.758E-02,7.548E-02,0.9729
082,82: Lead,1.750E+01,1.194E+02,7.901E-02,1.195E+02,9.762E-02,9.528E-02,0.9761
082,82: Lead,2.000E+01,1.102E+02,7.046E-02,1.103E+02,1.194E-01,1.168E-01,0.9785
082,82: Lead,2.500E+01,9.618E+01,5.812E-02,9.624E+01,1.681E-01,1.650E-01,0.9817
082,82: Lead,2.750E+01,9.063E+01,5.352E-02,9.068E+01,1.949E-01,1.915E-01,0.9829
082,82: Lead,3.000E+01,8.578E+01,4.963E-02,8.583E+01,2.232E-01,2.196E-01,0.9838
082,82: Lead,3.500E+01,7.772E+01,4.341E-02,7.777E+01,2.845E-01,2.803E-01,0.9853
082,82: Lead,4.000E+01,7.126E+01,3.863E-02,7.130E+01,3.517E-01,3.470E-01,0.9864
082,82: Lead,4.500E+01,6.594E+01,3.485E-02,6.598E+01,4.247E-01,4.193E-01,0.9873
082,82: Lead,5.000E+01,6.147E+01,3.178E-02,6.150E+01,5.033E-01,4.972E-01,0.9880
082,82: Lead,5.500E+01,5.765E+01,2.923E-02,5.768E+01,5.873E-01,5.805E-01,0.9885
082,82: Lead,6.000E+01,5.435E+01,2.708E-02,5.438E+01,6.766E-01,6.691E-01,0.9890
082,82: Lead,6.500E+01,5.146E+01,2.523E-02,5.149E+01,7.711E-01,7.629E-01,0.9894
082,82: Lead,7.000E+01,4.891E+01,2.363E-02,4.893E+01,8.708E-01,8.618E-01,0.9898
082,82: Lead,7.500E+01,4.663E+01,2.224E-02,4.665E+01,9.755E-01,9.657E-01,0.9900
082,82: Lead,8.000E+01,4.459E+01,2.100E-02,4.461E+01,1.085E+00,1.075E+00,0.9903
082,82: Lead,8.500E+01,4.275E+01,1.990E-02,4.277E+01,1.200E+00,1.188E+00,0.9905
082,82: Lead,9.000E+01,4.107E+01,1.892E-02,4.109E+01,1.319E+00,1.307E+00,0.9907
082,82: Lead,9.500E+01,3.954E+01,1.803E-02,3.956E+01,1.443E+00,1.430E+00,0.9909
082,82: Lead,1.000E+02,3.814E+01,1.723E-02,3.816E+01,1.572E+00,1.558E+00,0.9911
082,82: Lead,1.250E+02,3.254E+01,1.413E-02,3.255E+01,2.284E+00,2.265E+00,0.9918
082,82: Lead,1.500E+02,2.852E+01,1.200E-02,2.853E+01,3.106E+00,3.082E+00,0.9922
082,82: Lead,1.750E+02,2.550E+01,1.045E-02,2.551E+01,4.035E+00,4.005E+00,0.9926
082,82: Lead,2.000E+02,2.314E+01,9.268E-03,2.315E+01,5.065E+00,5.029E+00,0.9928
082,82: Lead,2.250E+02,2.124E+01,8.334E-03,2.125E+01,6.194E+00,6.150E+00,0.9930
082,82: Lead,2.500E+02,1.969E+01,7.577E-03,1.970E+01,7.417E+00,7.366E+00,0.9932
082,82: Lead,2.750E+02,1.839E+01,6.951E-03,1.840E+01,8.731E+00,8.673E+00,0.9934
082,82: Lead,3.000E+02,1.728E+01,6.423E-03,1.729E+01,1.013E+01,1.007E+01,0.9935
082,82: Lead,3.500E+02,1.551E+01,5.583E-03,1.551E+01,1.319E+01,1.311E+01,0.9937
082,82: Lead,4.000E+02,1.414E+01,4.942E-03,1.415E+01,1.657E+01,1.647E+01,0.9939
082,82: Lead,4.500E+02,1.306E+01,4.436E-03,1.306E+01,2.025E+01,2.013E+01,0.9941
082,82: Lead,5.000E+02,1.217E+01,4.027E-03,1.218E+01,2.422E+01,2.408E+01,0.9942
082,82: Lead,5.500E+02,1.143E+01,3.689E-03,1.144E+01,2.846E+01,2.830E+01,0.9943
082,82: Lead,6.000E+02,1.081E+01,3.404E-03,1.081E+01,3.296E+01,3.278E+01,0.9944
082,82: Lead,6.500E+02,1.027E+01,3.162E-03,1.028E+01,3.771E+01,3.750E+01,0.9945
082,82: Lead,7.000E+02,9.809E+00,2.952E-03,9.812E+00,4.269E+01,4.246E+01,0.9946
082,82: Lead,7.500E+02,9.403E+00,2.769E-03,9.406E+00,4.790E+01,4.764E+01,0.9947
082,82: Lead,8.000E+02,9.045E+00,2.607E-03,9.047E+00,5.332E+01,5.304E+01,0.9948
082,82: Lead,8.500E+02,8.726E+00,2.464E-03,8.729E+00,5.895E+01,5.864E+01,0.9949
082,82: Lead,9.000E+02,8.441E+00,2.335E-03,8.444E+00,6.477E+01,6.444E+01,0.9949
082,82: Lead,9.500E+02,8.185E+00,2.220E-03,8.188E+00,7.079E+01,7.043E+01,0.9950
082,82: Lead,1.000E+03,7.954E+00,2.116E-03,7.956E+00,7.698E+01,7.660E+01,0.9951
092,92: Uranium,1.000E-03,1.320E+01,4.322E+00,1.752E+01,9.722E-05,7.001E-06,0.0720
092,92: Uranium,1.500E-03,1.672E+01,4.763E+00,2.148E+01,1.227E-04,9.398E-06,0.0766
092,92: Uranium,2.000E-03,1.977E+01,5.048E+00,2.482E+01,1.443E-04,1.168E-05,0.0810
092,92: Uranium,2.500E-03,2.252E+01,5.244E+00,2.776E+01,1.633E-04,1.390E-05,0.0851
092,92: Uranium,3.000E-03,2.504E+01,5.385E+00,3.043E+01,1.805E-04,1.607E-05,0.0890
092,92: Uranium,4.000E-03,2.961E+01,5.562E+00,3.518E+01,2.110E-04,2.034E-05,0.0964
092,92: Uranium,5.000E-03,3.373E+01,5.656E+00,3.938E+01,2.378E-04,2.454E-05,0.1032
092,92: Uranium,6.000E-03,3.751E+01,5.702E+00,4.321E+01,2.621E-04,2.870E-05,0.1095
092,92: Uranium,7.000E-03,4.103E+01,5.717E+00,4.675E+01,2.843E-04,3.284E-05,0.1155
092,92: Uranium,8.000E-03,4.435E+01,5.712E+00,5.006E+01,3.049E-04,3.697E-05,0.1212
092,92: Uranium,9.000E-03,4.750E+01,5.693E+00,5.319E+01,3.243E-04,4.108E-05,0.1267
092,92: Uranium,1.000E-02,5.051E+01,5.665E+00,5.617E+01,3.426E-04,4.519E-05,0.1319
092,92: Uranium,1.250E-02,5.752E+01,5.570E+00,6.309E+01,3.845E-04,5.542E-05,0.1441
092,92: Uranium,1.500E-02,6.396E+01,5.458E+00,6.942E+01,4.223E-04,6.562E-05,0.1554
092,92: Uranium,1.750E-02,6.997E+01,5.341E+00,7.531E+01,4.568E-04,7.577E-05,0.1659
092,92: Uranium,2.000E-02,7.562E+01,5.223E+00,8.085E+01,4.888E-04,8.589E-05,0.1757
092,92: Uranium,2.250E-02,8.099E+01,5.108E+00,8.610E+01,5.188E-04,9.596E-05,0.1850
092,92: Uranium,2.500E-02,8.611E+01,4.996E+00,9.110E+01,5.470E-04,1.060E-04,0.1937
092,92: Uranium,2.750E-02,9.101E+01,4.889E+00,9.590E+01,5.738E-04,1.159E-04,0.2021
092,92: Uranium,3.000E-02,9.573E+01,4.786E+00,1.005E+02,5.992E-04,1.259E-04,0.2100
092,92: Uranium,3.500E-02,1.047E+02,4.594E+00,1.093E+02,6.469E-04,1.455E-04,0.2249
092,92: Uranium,4.000E-02,1.131E+02,4.418E+00,1.176E+02,6.910E-04,1.649E-04,0.2387
092,92: Uranium,4.500E-02,1.211E+02,4.258E+00,1.254E+02,7.321E-04,1.841E-04,0.2514
092,92: Uranium,5.000E-02,1.287E+02,4.110E+00,1.329E+02,7.709E-04,2.030E-04,0.2634
092,92: Uranium,5.500E-02,1.360E+02,3.975E+00,1.400E+02,8.075E-04,2.217E-04,0.2745
092,92: Uranium,6.000E-02,1.430E+02,3.849E+00,1.469E+02,8.424E-04,2.401E-04,0.2851
092,92: Uranium,6.500E-02,1.498E+02,3.733E+00,1.535E+02,8.756E-04,2.583E-04,0.2950
092,92: Uranium,7.000E-02,1.563E+02,3.625E+00,1.600E+02,9.075E-04,2.763E-04,0.3044
092,92: Uranium,7.500E-02,1.626E+02,3.524E+00,1.662E+02,9.382E-04,2.940E-04,0.3134
092,92: Uranium,8.000E-02,1.688E+02,3.430E+00,1.722E+02,9.678E-04,3.116E-04,0.3219
092,92: Uranium,8.500E-02,1.747E+02,3.341E+00,1.781E+02,9.963E-04,3.289E-04,0.3301
092,92: Uranium,9.000E-02,1.805E+02,3.258E+00,1.838E+02,1.024E-03,3.460E-04,0.3379
092,92: Uranium,9.500E-02,1.862E+02,3.180E+00,1.893E+02,1.051E-03,3.629E-04,0.3453
092,92: Uranium,1.000E-01,1.917E+02,3.106E+00,1.948E+02,1.077E-03,3.796E-04,0.3525
092,92: Uranium,1.250E-01,2.174E+02,2.789E+00,2.201E+02,1.197E-03,4.604E-04,0.3845
092,92: Uranium,1.500E-01,2.405E+02,2.540E+00,2.430E+02,1.305E-03,5.371E-04,0.4115
092,92: Uranium,1.750E-01,2.615E+02,2.337E+00,2.639E+02,1.404E-03,6.103E-04,0.4347
092,92: Uranium,2.000E-01,2.808E+02,2.169E+00,2.830E+02,1.495E-03,6.805E-04,0.4551
092,92: Uranium,2.250E-01,2.985E+02,2.026E+00,3.006E+02,1.581E-03,7.481E-04,0.4732
092,92: Uranium,2.500E-01,3.148E+02,1.903E+00,3.167E+02,1.662E-03,8.134E-04,0.4894
092,92: Uranium,2.750E-01,3.298E+02,1.796E+00,3.316E+02,1.739E-03,8.768E-04,0.5042
092,92: Uranium,3.000E-01,3.437E+02,1.702E+00,3.454E+02,1.813E-03,9.384E-04,0.5176
092,92: Uranium,3.500E-01,3.680E+02,1.544E+00,3.696E+02,1.953E-03,1.057E-03,0.5415
092,92: Uranium,4.000E-01,3.884E+02,1.416E+00,3.899E+02,2.084E-03,1.172E-03,0.5621
092,92: Uranium,4.500E-01,4.053E+02,1.310E+00,4.066E+02,2.210E-03,1.282E-03,0.5803
092,92: Uranium,5.000E-01,4.190E+02,1.220E+00,4.202E+02,2.331E-03,1.390E-03,0.5966
092,92: Uranium,5.500E-01,4.298E+02,1.143E+00,4.310E+02,2.448E-03,1.496E-03,0.6113
092,92: Uranium,6.000E-01,4.381E+02,1.076E+00,4.392E+02,2.563E-03,1.601E-03,0.6247
092,92: Uranium,6.500E-01,4.442E+02,1.017E+00,4.453E+02,2.676E-03,1.705E-03,0.6371
092,92: Uranium,7.000E-01,4.484E+02,9.655E-01,4.493E+02,2.788E-03,1.808E-03,0.6485
092,92: Uranium,7.500E-01,4.508E+02,9.191E-01,4.517E+02,2.899E-03,1.911E-03,0.6592
092,92: Uranium,8.000E-01,4.518E+02,8.775E-01,4.527E+02,3.009E-03,2.014E-03,0.6692
092,92: Uranium,8.500E-01,4.516E+02,8.398E-01,4.524E+02,3.120E-03,2.117E-03,0.6787
092,92: Uranium,9.000E-01,4.503E+02,8.056E-01,4.511E+02,3.230E-03,2.221E-03,0.6876
092,92: Uranium,9.500E-01,4.482E+02,7.743E-01,4.490E+02,3.341E-03,2.326E-03,0.6961
092,92: Uranium,1.000E+00,4.454E+02,7.456E-01,4.461E+02,3.453E-03,2.431E-03,0.7041
092,92: Uranium,1.250E+00,4.200E+02,6.313E-01,4.206E+02,4.029E-03,2.979E-03,0.7394
092,92: Uranium,1.500E+00,3.901E+02,5.498E-01,3.907E+02,4.645E-03,3.570E-03,0.7684
092,92: Uranium,1.750E+00,3.629E+02,4.883E-01,3.634E+02,5.309E-03,4.209E-03,0.7928
092,92: Uranium,2.000E+00,3.396E+02,4.402E-01,3.400E+02,6.021E-03,4.897E-03,0.8133
092,92: Uranium,2.250E+00,3.198E+02,4.014E-01,3.202E+02,6.779E-03,5.632E-03,0.8307
092,92: Uranium,2.500E+00,3.031E+02,3.694E-01,3.035E+02,7.582E-03,6.411E-03,0.8455
092,92: Uranium,2.750E+00,2.889E+02,3.425E-01,2.892E+02,8.426E-03,7.232E-03,0.8583
092,92: Uranium,3.000E+00,2.767E+02,3.196E-01,2.770E+02,9.310E-03,8.092E-03,0.8692
092,92: Uranium,3.500E+00,2.569E+02,2.824E-01,2.572E+02,1.119E-02,9.921E-03,0.8870
092,92: Uranium,4.000E+00,2.417E+02,2.535E-01,2.420E+02,1.319E-02,1.188E-02,0.9007
092,92: Uranium,4.500E+00,2.294E+02,2.303E-01,2.296E+02,1.531E-02,1.396E-02,0.9114
092,92: Uranium,5.000E+00,2.186E+02,2.113E-01,2.188E+02,1.755E-02,1.614E-02,0.9200
092,92: Uranium,5.500E+00,2.091E+02,1.954E-01,2.093E+02,1.988E-02,1.843E-02,0.9271
092,92: Uranium,6.000E+00,2.006E+02,1.819E-01,2.008E+02,2.232E-02,2.083E-02,0.9330
092,92: Uranium,6.500E+00,1.930E+02,1.702E-01,1.932E+02,2.486E-02,2.332E-02,0.9379
092,92: Uranium,7.000E+00,1.861E+02,1.601E-01,1.862E+02,2.750E-02,2.591E-02,0.9421
092,92: Uranium,7.500E+00,1.798E+02,1.512E-01,1.799E+02,3.023E-02,2.859E-02,0.9458
092,92: Uranium,8.000E+00,1.740E+02,1.433E-01,1.741E+02,3.306E-02,3.137E-02,0.9490
092,92: Uranium,8.500E+00,1.686E+02,1.362E-01,1.688E+02,3.597E-02,3.424E-02,0.9518
092,92: Uranium,9.000E+00,1.637E+02,1.298E-01,1.638E+02,3.898E-02,3.720E-02,0.9543
092,92: Uranium,9.500E+00,1.591E+02,1.241E-01,1.592E+02,4.208E-02,4.025E-02,0.9565
092,92: Uranium,1.000E+01,1.548E+02,1.188E-01,1.550E+02,4.526E-02,4.338E-02,0.9584
092,92: Uranium,1.250E+01,1.371E+02,9.845E-02,1.372E+02,6.245E-02,6.031E-02,0.9658
092,92: Uranium,1.500E+01,1.237E+02,8.434E-02,1.238E+02,8.167E-02,7.927E-02,0.9706
092,92: Uranium,1.750E+01,1.131E+02,7.395E-02,1.132E+02,1.028E-01,1.001E-01,0.9740
092,92: Uranium,2.000E+01,1.045E+02,6.597E-02,1.045E+02,1.258E-01,1.229E-01,0.9765
092,92: Uranium,2.500E+01,9.122E+01,5.445E-02,9.128E+01,1.772E-01,1.736E-01,0.9799
092,92: Uranium,2.750E+01,8.598E+01,5.015E-02,8.603E+01,2.054E-01,2.015E-01,0.9812
092,92: Uranium,3.000E+01,8.142E+01,4.652E-02,8.146E+01,2.353E-01,2.311E-01,0.9822
092,92: Uranium,3.500E+01,7.381E+01,4.070E-02,7.386E+01,2.998E-01,2.950E-01,0.9838
092,92: Uranium,4.000E+01,6.771E+01,3.624E-02,6.775E+01,3.706E-01,3.650E-01,0.9850
092,92: Uranium,4.500E+01,6.269E+01,3.270E-02,6.272E+01,4.474E-01,4.410E-01,0.9859
092,92: Uranium,5.000E+01,5.848E+01,2.982E-02,5.851E+01,5.300E-01,5.229E-01,0.9866
092,92: Uranium,5.500E+01,5.488E+01,2.744E-02,5.490E+01,6.182E-01,6.103E-01,0.9872
092,92: Uranium,6.000E+01,5.176E+01,2.542E-02,5.178E+01,7.121E-01,7.033E-01,0.9877
092,92: Uranium,6.500E+01,4.903E+01,2.369E-02,4.905E+01,8.113E-01,8.017E-01,0.9881
092,92: Uranium,7.000E+01,4.662E+01,2.220E-02,4.664E+01,9.159E-01,9.054E-01,0.9885
092,92: Uranium,7.500E+01,4.446E+01,2.089E-02,4.449E+01,1.026E+00,1.014E+00,0.9888
092,92: Uranium,8.000E+01,4.253E+01,1.973E-02,4.255E+01,1.141E+00,1.128E+00,0.9891
092,92: Uranium,8.500E+01,4.079E+01,1.870E-02,4.081E+01,1.261E+00,1.247E+00,0.9894
092,92: Uranium,9.000E+01,3.921E+01,1.778E-02,3.922E+01,1.386E+00,1.371E+00,0.9896
092,92: Uranium,9.500E+01,3.776E+01,1.695E-02,3.778E+01,1.516E+00,1.500E+00,0.9898
092,92: Uranium,1.000E+02,3.643E+01,1.620E-02,3.645E+01,1.650E+00,1.634E+00,0.9900
092,92: Uranium,1.250E+02,3.112E+01,1.328E-02,3.113E+01,2.395E+00,2.373E+00,0.9907
092,92: Uranium,1.500E+02,2.730E+01,1.129E-02,2.731E+01,3.255E+00,3.226E+00,0.9912
092,92: Uranium,1.750E+02,2.442E+01,9.836E-03,2.443E+01,4.225E+00,4.189E+00,0.9916
092,92: Uranium,2.000E+02,2.218E+01,8.725E-03,2.219E+01,5.300E+00,5.257E+00,0.9919
092,92: Uranium,2.250E+02,2.037E+01,7.847E-03,2.038E+01,6.477E+00,6.426E+00,0.9921
092,92: Uranium,2.500E+02,1.889E+01,7.136E-03,1.889E+01,7.752E+00,7.693E+00,0.9923
092,92: Uranium,2.750E+02,1.764E+01,6.548E-03,1.765E+01,9.122E+00,9.054E+00,0.9925
092,92: Uranium,3.000E+02,1.659E+01,6.052E-03,1.659E+01,1.058E+01,1.051E+01,0.9927
092,92: Uranium,3.500E+02,1.489E+01,5.263E-03,1.490E+01,1.377E+01,1.367E+01,0.9929
092,92: Uranium,4.000E+02,1.358E+01,4.660E-03,1.359E+01,1.729E+01,1.717E+01,0.9931
092,92: Uranium,4.500E+02,1.254E+01,4.185E-03,1.255E+01,2.112E+01,2.098E+01,0.9933
092,92: Uranium,5.000E+02,1.169E+01,3.800E-03,1.170E+01,2.525E+01,2.509E+01,0.9935
092,92: Uranium,5.500E+02,1.099E+01,3.482E-03,1.099E+01,2.967E+01,2.948E+01,0.9936
092,92: Uranium,6.000E+02,1.039E+01,3.214E-03,1.039E+01,3.435E+01,3.413E+01,0.9937
092,92: Uranium,6.500E+02,9.873E+00,2.986E-03,9.876E+00,3.929E+01,3.905E+01,0.9938
092,92: Uranium,7.000E+02,9.428E+00,2.788E-03,9.431E+00,4.447E+01,4.420E+01,0.9939
092,92: Uranium,7.500E+02,9.038E+00,2.616E-03,9.041E+00,4.989E+01,4.959E+01,0.9940
092,92: Uranium,8.000E+02,8.694E+00,2.464E-03,8.697E+00,5.553E+01,5.520E+01,0.9941
092,92: Uranium,8.500E+02,8.388E+00,2.329E-03,8.391E+00,6.138E+01,6.103E+01,0.9942
092,92: Uranium,9.000E+02,8.115E+00,2.208E-03,8.117E+00,6.744E+01,6.706E+01,0.9943
092,92: Uranium,9.500E+02,7.869E+00,2.100E-03,7.871E+00,7.370E+01,7.328E+01,0.9944
092,92: Uranium,1.000E+03,7.647E+00,2.001E-03,7.649E+00,8.015E+01,7.970E+01,0.9944
099,A-150 Tissue-Equivalent Plastic,1.000E-03,1.688E+02,2.414E+02,4.102E+02,2.736E-06,1.536E-06,0.5615
099,A-150 Tissue-Equivalent Plastic,1.500E-03,2.042E+02,2.189E+02,4.231E+02,3.932E-06,2.288E-06,0.5819
099,A-150 Tissue-Equivalent Plastic,2.000E-03,2.338E+02,2.007E+02,4.345E+02,5.098E-06,3.056E-06,0.5994
099,A-150 Tissue-Equivalent Plastic,2.500E-03,2.597E+02,1.858E+02,4.455E+02,6.235E-06,3.831E-06,0.6144
099,A-150 Tissue-Equivalent Plastic,3.000E-03,2.830E+02,1.733E+02,4.563E+02,7.344E-06,4.609E-06,0.6276
099,A-150 Tissue-Equivalent Plastic,4.000E-03,3.243E+02,1.536E+02,4.778E+02,9.485E-06,6.164E-06,0.6498
099,A-150 Tissue-Equivalent Plastic,5.000E-03,3.604E+02,1.385E+02,4.990E+02,1.153E-05,7.705E-06,0.6681
099,A-150 Tissue-Equivalent Plastic,6.000E-03,3.930E+02,1.266E+02,5.196E+02,1.350E-05,9.227E-06,0.6837
099,A-150 Tissue-Equivalent Plastic,7.000E-03,4.228E+02,1.169E+02,5.397E+02,1.538E-05,1.072E-05,0.6971
099,A-150 Tissue-Equivalent Plastic,8.000E-03,4.505E+02,1.087E+02,5.592E+02,1.720E-05,1.220E-05,0.7088
099,A-150 Tissue-Equivalent Plastic,9.000E-03,4.765E+02,1.018E+02,5.783E+02,1.896E-05,1.364E-05,0.7193
099,A-150 Tissue-Equivalent Plastic,1.000E-02,5.010E+02,9.583E+01,5.968E+02,2.066E-05,1.506E-05,0.7287
099,A-150 Tissue-Equivalent Plastic,1.250E-02,5.571E+02,8.392E+01,6.411E+02,2.470E-05,1.849E-05,0.7485
099,A-150 Tissue-Equivalent Plastic,1.500E-02,6.077E+02,7.495E+01,6.827E+02,2.848E-05,2.177E-05,0.7645
099,A-150 Tissue-Equivalent Plastic,1.750E-02,6.541E+02,6.791E+01,7.220E+02,3.204E-05,2.492E-05,0.7778
099,A-150 Tissue-Equivalent Plastic,2.000E-02,6.971E+02,6.222E+01,7.593E+02,3.542E-05,2.795E-05,0.7891
099,A-150 Tissue-Equivalent Plastic,2.250E-02,7.374E+02,5.751E+01,7.949E+02,3.863E-05,3.086E-05,0.7988
099,A-150 Tissue-Equivalent Plastic,2.500E-02,7.754E+02,5.354E+01,8.290E+02,4.171E-05,3.368E-05,0.8074
099,A-150 Tissue-Equivalent Plastic,2.750E-02,8.115E+02,5.013E+01,8.616E+02,4.467E-05,3.640E-05,0.8149
099,A-150 Tissue-Equivalent Plastic,3.000E-02,8.459E+02,4.718E+01,8.930E+02,4.752E-05,3.905E-05,0.8217
099,A-150 Tissue-Equivalent Plastic,3.500E-02,9.103E+02,4.231E+01,9.526E+02,5.294E-05,4.411E-05,0.8333
099,A-150 Tissue-Equivalent Plastic,4.000E-02,9.700E+02,3.843E+01,1.008E+03,5.804E-05,4.892E-05,0.8429
099,A-150 Tissue-Equivalent Plastic,4.500E-02,1.026E+03,3.527E+01,1.061E+03,6.287E-05,5.351E-05,0.8511
099,A-150 Tissue-Equivalent Plastic,5.000E-02,1.078E+03,3.263E+01,1.111E+03,6.747E-05,5.790E-05,0.8581
099,A-150 Tissue-Equivalent Plastic,5.500E-02,1.128E+03,3.040E+01,1.158E+03,7.188E-05,6.213E-05,0.8643
099,A-150 Tissue-Equivalent Plastic,6.000E-02,1.175E+03,2.848E+01,1.204E+03,7.611E-05,6.620E-05,0.8698
099,A-150 Tissue-Equivalent Plastic,6.500E-02,1.220E+03,2.680E+01,1.247E+03,8.019E-05,7.014E-05,0.8746
099,A-150 Tissue-Equivalent Plastic,7.000E-02,1.263E+03,2.534E+01,1.289E+03,8.414E-05,7.396E-05,0.8790
099,A-150 Tissue-Equivalent Plastic,7.500E-02,1.305E+03,2.403E+01,1.329E+03,8.796E-05,7.767E-05,0.8830
099,A-150 Tissue-Equivalent Plastic,8.000E-02,1.344E+03,2.287E+01,1.367E+03,9.167E-05,8.127E-05,0.8866
099,A-150 Tissue-Equivalent Plastic,8.500E-02,1.383E+03,2.183E+01,1.404E+03,9.527E-05,8.479E-05,0.8899
099,A-150 Tissue-Equivalent Plastic,9.000E-02,1.419E+03,2.088E+01,1.440E+03,9.879E-05,8.822E-05,0.8930
099,A-150 Tissue-Equivalent Plastic,9.500E-02,1.455E+03,2.002E+01,1.475E+03,1.022E-04,9.157E-05,0.8958
099,A-150 Tissue-Equivalent Plastic,1.000E-01,1.489E+03,1.923E+01,1.509E+03,1.056E-04,9.485E-05,0.8984
099,A-150 Tissue-Equivalent Plastic,1.250E-01,1.646E+03,1.613E+01,1.662E+03,1.213E-04,1.103E-04,0.9092
099,A-150 Tissue-Equivalent Plastic,1.500E-01,1.782E+03,1.395E+01,1.796E+03,1.358E-04,1.246E-04,0.9173
099,A-150 Tissue-Equivalent Plastic,1.750E-01,1.901E+03,1.232E+01,1.913E+03,1.493E-04,1.379E-04,0.9237
099,A-150 Tissue-Equivalent Plastic,2.000E-01,2.005E+03,1.106E+01,2.016E+03,1.620E-04,1.505E-04,0.9289
099,A-150 Tissue-Equivalent Plastic,2.250E-01,2.097E+03,1.005E+01,2.107E+03,1.741E-04,1.625E-04,0.9332
099,A-150 Tissue-Equivalent Plastic,2.500E-01,2.178E+03,9.218E+00,2.187E+03,1.857E-04,1.740E-04,0.9369
099,A-150 Tissue-Equivalent Plastic,2.750E-01,2.249E+03,8.523E+00,2.258E+03,1.970E-04,1.852E-04,0.9401
099,A-150 Tissue-Equivalent Plastic,3.000E-01,2.312E+03,7.933E+00,2.320E+03,2.079E-04,1.960E-04,0.9429
099,A-150 Tissue-Equivalent Plastic,3.500E-01,2.413E+03,6.981E+00,2.420E+03,2.290E-04,2.170E-04,0.9477
099,A-150 Tissue-Equivalent Plastic,4.000E-01,2.488E+03,6.246E+00,2.494E+03,2.493E-04,2.372E-04,0.9516
099,A-150 Tissue-Equivalent Plastic,4.500E-01,2.539E+03,5.660E+00,2.545E+03,2.692E-04,2.570E-04,0.9548
099,A-150 Tissue-Equivalent Plastic,5.000E-01,2.572E+03,5.180E+00,2.577E+03,2.887E-04,2.764E-04,0.9576
099,A-150 Tissue-Equivalent Plastic,5.500E-01,2.589E+03,4.780E+00,2.594E+03,3.080E-04,2.957E-04,0.9601
099,A-150 Tissue-Equivalent Plastic,6.000E-01,2.593E+03,4.441E+00,2.598E+03,3.273E-04,3.149E-04,0.9623
099,A-150 Tissue-Equivalent Plastic,6.500E-01,2.586E+03,4.150E+00,2.590E+03,3.465E-04,3.341E-04,0.9642
099,A-150 Tissue-Equivalent Plastic,7.000E-01,2.571E+03,3.897E+00,2.575E+03,3.659E-04,3.534E-04,0.9660
099,A-150 Tissue-Equivalent Plastic,7.500E-01,2.548E+03,3.675E+00,2.552E+03,3.854E-04,3.729E-04,0.9676
099,A-150 Tissue-Equivalent Plastic,8.000E-01,2.521E+03,3.478E+00,2.524E+03,4.051E-04,3.926E-04,0.9691
099,A-150 Tissue-Equivalent Plastic,8.500E-01,2.489E+03,3.303E+00,2.492E+03,4.250E-04,4.125E-04,0.9705
099,A-150 Tissue-Equivalent Plastic,9.000E-01,2.453E+03,3.145E+00,2.456E+03,4.452E-04,4.326E-04,0.9717
099,A-150 Tissue-Equivalent Plastic,9.500E-01,2.416E+03,3.003E+00,2.419E+03,4.657E-04,4.531E-04,0.9729
099,A-150 Tissue-Equivalent Plastic,1.000E+00,2.377E+03,2.874E+00,2.380E+03,4.866E-04,4.739E-04,0.9740
099,A-150 Tissue-Equivalent Plastic,1.250E+00,2.176E+03,2.372E+00,2.178E+03,5.963E-04,5.835E-04,0.9785
099,A-150 Tissue-Equivalent Plastic,1.500E+00,1.989E+03,2.026E+00,1.991E+03,7.165E-04,7.035E-04,0.9819
099,A-150 Tissue-Equivalent Plastic,1.750E+00,1.825E+03,1.772E+00,1.826E+03,8.477E-04,8.346E-04,0.9846
099,A-150 Tissue-Equivalent Plastic,2.000E+00,1.683E+03,1.578E+00,1.684E+03,9.903E-04,9.771E-04,0.9866
099,A-150 Tissue-Equivalent Plastic,2.250E+00,1.561E+03,1.424E+00,1.562E+03,1.145E-03,1.131E-03,0.9883
099,A-150 Tissue-Equivalent Plastic,2.500E+00,1.457E+03,1.298E+00,1.459E+03,1.310E-03,1.297E-03,0.9897
099,A-150 Tissue-Equivalent Plastic,2.750E+00,1.369E+03,1.194E+00,1.371E+03,1.487E-03,1.474E-03,0.9908
099,A-150 Tissue-Equivalent Plastic,3.000E+00,1.292E+03,1.106E+00,1.294E+03,1.675E-03,1.661E-03,0.9918
099,A-150 Tissue-Equivalent Plastic,3.500E+00,1.165E+03,9.659E-01,1.166E+03,2.083E-03,2.069E-03,0.9933
099,A-150 Tissue-Equivalent Plastic,4.000E+00,1.062E+03,8.585E-01,1.063E+03,2.533E-03,2.518E-03,0.9943
099,A-150 Tissue-Equivalent Plastic,4.500E+00,9.785E+02,7.736E-01,9.793E+02,3.023E-03,3.008E-03,0.9952
099,A-150 Tissue-Equivalent Plastic,5.000E+00,9.084E+02,7.046E-01,9.091E+02,3.553E-03,3.538E-03,0.9958
099,A-150 Tissue-Equivalent Plastic,5.500E+00,8.488E+02,6.474E-01,8.494E+02,4.123E-03,4.107E-03,0.9963
099,A-150 Tissue-Equivalent Plastic,6.000E+00,7.974E+02,5.991E-01,7.980E+02,4.730E-03,4.715E-03,0.9967
099,A-150 Tissue-Equivalent Plastic,6.500E+00,7.524E+02,5.579E-01,7.530E+02,5.376E-03,5.360E-03,0.9970
099,A-150 Tissue-Equivalent Plastic,7.000E+00,7.129E+02,5.221E-01,7.134E+02,6.058E-03,6.042E-03,0.9973
099,A-150 Tissue-Equivalent Plastic,7.500E+00,6.777E+02,4.909E-01,6.781E+02,6.777E-03,6.761E-03,0.9975
099,A-150 Tissue-Equivalent Plastic,8.000E+00,6.461E+02,4.634E-01,6.466E+02,7.533E-03,7.516E-03,0.9977
099,A-150 Tissue-Equivalent Plastic,8.500E+00,6.177E+02,4.389E-01,6.181E+02,8.324E-03,8.306E-03,0.9979
099,A-150 Tissue-Equivalent Plastic,9.000E+00,5.919E+02,4.170E-01,5.923E+02,9.150E-03,9.132E-03,0.9980
099,A-150 Tissue-Equivalent Plastic,9.500E+00,5.684E+02,3.972E-01,5.688E+02,1.001E-02,9.994E-03,0.9982
099,A-150 Tissue-Equivalent Plastic,1.000E+01,5.470E+02,3.793E-01,5.474E+02,1.091E-02,1.089E-02,0.9983
099,A-150 Tissue-Equivalent Plastic,1.250E+01,4.618E+02,3.102E-01,4.621E+02,1.590E-02,1.588E-02,0.9987
099,A-150 Tissue-Equivalent Plastic,1.500E+01,4.013E+02,2.629E-01,4.016E+02,2.172E-02,2.170E-02,0.9989
099,A-150 Tissue-Equivalent Plastic,1.750E+01,3.560E+02,2.286E-01,3.562E+02,2.834E-02,2.832E-02,0.9991
099,A-150 Tissue-Equivalent Plastic,2.000E+01,3.206E+02,2.024E-01,3.208E+02,3.575E-02,3.572E-02,0.9992
099,A-150 Tissue-Equivalent Plastic,2.500E+01,2.687E+02,1.650E-01,2.689E+02,5.285E-02,5.281E-02,0.9993
099,A-150 Tissue-Equivalent Plastic,2.750E+01,2.490E+02,1.511E-01,2.492E+02,6.252E-02,6.247E-02,0.9994
099,A-150 Tissue-Equivalent Plastic,3.000E+01,2.323E+02,1.395E-01,2.324E+02,7.291E-02,7.287E-02,0.9994
099,A-150 Tissue-Equivalent Plastic,3.500E+01,2.053E+02,1.210E-01,2.054E+02,9.585E-02,9.579E-02,0.9994
099,A-150 Tissue-Equivalent Plastic,4.000E+01,1.843E+02,1.069E-01,1.844E+02,1.216E-01,1.215E-01,0.9995
099,A-150 Tissue-Equivalent Plastic,4.500E+01,1.675E+02,9.579E-02,1.676E+02,1.501E-01,1.500E-01,0.9995
099,A-150 Tissue-Equivalent Plastic,5.000E+01,1.538E+02,8.682E-02,1.539E+02,1.812E-01,1.811E-01,0.9995
099,A-150 Tissue-Equivalent Plastic,5.500E+01,1.423E+02,7.939E-02,1.424E+02,2.150E-01,2.149E-01,0.9995
099,A-150 Tissue-Equivalent Plastic,6.000E+01,1.326E+02,7.315E-02,1.326E+02,2.514E-01,2.513E-01,0.9996
099,A-150 Tissue-Equivalent Plastic,6.500E+01,1.242E+02,6.783E-02,1.243E+02,2.904E-01,2.903E-01,0.9996
099,A-150 Tissue-Equivalent Plastic,7.000E+01,1.169E+02,6.325E-02,1.170E+02,3.319E-01,3.318E-01,0.9996
099,A-150 Tissue-Equivalent Plastic,7.500E+01,1.105E+02,5.925E-02,1.106E+02,3.759E-01,3.757E-01,0.9996
099,A-150 Tissue-Equivalent Plastic,8.000E+01,1.048E+02,5.574E-02,1.049E+02,4.223E-01,4.222E-01,0.9996
099,A-150 Tissue-Equivalent Plastic,8.500E+01,9.978E+01,5.263E-02,9.984E+01,4.712E-01,4.710E-01,0.9996
099,A-150 Tissue-Equivalent Plastic,9.000E+01,9.524E+01,4.985E-02,9.529E+01,5.225E-01,5.223E-01,0.9996
099,A-150 Tissue-Equivalent Plastic,9.500E+01,9.113E+01,4.735E-02,9.118E+01,5.761E-01,5.759E-01,0.9996
099,A-150 Tissue-Equivalent Plastic,1.000E+02,8.740E+01,4.510E-02,8.744E+01,6.322E-01,6.319E-01,0.9996
099,A-150 Tissue-Equivalent Plastic,1.250E+02,7.289E+01,3.642E-02,7.293E+01,9.467E-01,9.464E-01,0.9996
099,A-150 Tissue-Equivalent Plastic,1.500E+02,6.289E+01,3.055E-02,6.292E+01,1.317E+00,1.317E+00,0.9996
099,A-150 Tissue-Equivalent Plastic,1.750E+02,5.555E+01,2.631E-02,5.558E+01,1.741E+00,1.740E+00,0.9997
099,A-150 Tissue-Equivalent Plastic,2.000E+02,4.993E+01,2.311E-02,4.995E+01,2.216E+00,2.215E+00,0.9997
099,A-150 Tissue-Equivalent Plastic,2.250E+02,4.548E+01,2.062E-02,4.550E+01,2.741E+00,2.740E+00,0.9997
099,A-150 Tissue-Equivalent Plastic,2.500E+02,4.186E+01,1.861E-02,4.187E+01,3.314E+00,3.313E+00,0.9997
099,A-150 Tissue-Equivalent Plastic,2.750E+02,3.885E+01,1.695E-02,3.887E+01,3.935E+00,3.933E+00,0.9997
099,A-150 Tissue-Equivalent Plastic,3.000E+02,3.632E+01,1.556E-02,3.634E+01,4.600E+00,4.599E+00,0.9997
099,A-150 Tissue-Equivalent Plastic,3.500E+02,3.228E+01,1.337E-02,3.230E+01,6.063E+00,6.061E+00,0.9997
099,A-150 Tissue-Equivalent Plastic,4.000E+02,2.920E+01,1.172E-02,2.921E+01,7.694E+00,7.692E+00,0.9997
099,A-150 Tissue-Equivalent Plastic,4.500E+02,2.677E+01,1.044E-02,2.678E+01,9.484E+00,9.481E+00,0.9997
099,A-150 Tissue-Equivalent Plastic,5.000E+02,2.480E+01,9.410E-03,2.481E+01,1.143E+01,1.142E+01,0.9997
099,A-150 Tissue-Equivalent Plastic,5.500E+02,2.317E+01,8.561E-03,2.318E+01,1.351E+01,1.351E+01,0.9997
099,A-150 Tissue-Equivalent Plastic,6.000E+02,2.180E+01,7.852E-03,2.181E+01,1.574E+01,1.573E+01,0.9997
099,A-150 Tissue-Equivalent Plastic,6.500E+02,2.064E+01,7.251E-03,2.064E+01,1.810E+01,1.809E+01,0.9997
099,A-150 Tissue-Equivalent Plastic,7.000E+02,1.963E+01,6.737E-03,1.964E+01,2.058E+01,2.057E+01,0.9997
099,A-150 Tissue-Equivalent Plastic,7.500E+02,1.876E+01,6.292E-03,1.876E+01,2.319E+01,2.318E+01,0.9997
099,A-150 Tissue-Equivalent Plastic,8.000E+02,1.799E+01,5.902E-03,1.799E+01,2.591E+01,2.590E+01,0.9997
099,A-150 Tissue-Equivalent Plastic,8.500E+02,1.730E+01,5.557E-03,1.731E+01,2.874E+01,2.874E+01,0.9997
099,A-150 Tissue-Equivalent Plastic,9.000E+02,1.670E+01,5.249E-03,1.670E+01,3.168E+01,3.168E+01,0.9997
099,A-150 Tissue-Equivalent Plastic,9.500E+02,1.615E+01,4.974E-03,1.615E+01,3.473E+01,3.472E+01,0.9998
099,A-150 Tissue-Equivalent Plastic,1.000E+03,1.566E+01,4.726E-03,1.566E+01,3.787E+01,3.786E+01,0.9998
101,Acetylene,1.000E-03,1.922E+02,2.251E+02,4.174E+02,2.777E-06,1.527E-06,0.5501
101,Acetylene,1.500E-03,2.294E+02,2.047E+02,4.341E+02,3.946E-06,2.263E-06,0.5734
101,Acetylene,2.000E-03,2.602E+02,1.880E+02,4.482E+02,5.080E-06,3.012E-06,0.5929
101,Acetylene,2.500E-03,2.870E+02,1.742E+02,4.612E+02,6.179E-06,3.766E-06,0.6094
101,Acetylene,3.000E-03,3.110E+02,1.627E+02,4.737E+02,7.249E-06,4.521E-06,0.6238
101,Acetylene,4.000E-03,3.531E+02,1.444E+02,4.974E+02,9.308E-06,6.029E-06,0.6477
101,Acetylene,5.000E-03,3.897E+02,1.304E+02,5.201E+02,1.127E-05,7.522E-06,0.6672
101,Acetylene,6.000E-03,4.225E+02,1.192E+02,5.417E+02,1.316E-05,8.995E-06,0.6836
101,Acetylene,7.000E-03,4.524E+02,1.101E+02,5.626E+02,1.497E-05,1.044E-05,0.6977
101,Acetylene,8.000E-03,4.801E+02,1.025E+02,5.826E+02,1.672E-05,1.187E-05,0.7100
101,Acetylene,9.000E-03,5.060E+02,9.602E+01,6.020E+02,1.840E-05,1.327E-05,0.7208
101,Acetylene,1.000E-02,5.303E+02,9.041E+01,6.207E+02,2.004E-05,1.464E-05,0.7306
101,Acetylene,1.250E-02,5.859E+02,7.922E+01,6.651E+02,2.393E-05,1.797E-05,0.7510
101,Acetylene,1.500E-02,6.357E+02,7.078E+01,7.065E+02,2.757E-05,2.116E-05,0.7674
101,Acetylene,1.750E-02,6.812E+02,6.415E+01,7.453E+02,3.102E-05,2.422E-05,0.7809
101,Acetylene,2.000E-02,7.232E+02,5.879E+01,7.820E+02,3.429E-05,2.717E-05,0.7924
101,Acetylene,2.250E-02,7.625E+02,5.434E+01,8.168E+02,3.742E-05,3.002E-05,0.8023
101,Acetylene,2.500E-02,7.994E+02,5.060E+01,8.500E+02,4.042E-05,3.278E-05,0.8109
101,Acetylene,2.750E-02,8.343E+02,4.739E+01,8.817E+02,4.330E-05,3.545E-05,0.8185
101,Acetylene,3.000E-02,8.675E+02,4.460E+01,9.121E+02,4.609E-05,3.804E-05,0.8253
101,Acetylene,3.500E-02,9.296E+02,4.000E+01,9.696E+02,5.141E-05,4.303E-05,0.8370
101,Acetylene,4.000E-02,9.869E+02,3.634E+01,1.023E+03,5.642E-05,4.777E-05,0.8467
101,Acetylene,4.500E-02,1.040E+03,3.335E+01,1.074E+03,6.119E-05,5.231E-05,0.8549
101,Acetylene,5.000E-02,1.090E+03,3.086E+01,1.121E+03,6.575E-05,5.667E-05,0.8619
101,Acetylene,5.500E-02,1.137E+03,2.875E+01,1.166E+03,7.012E-05,6.087E-05,0.8681
101,Acetylene,6.000E-02,1.182E+03,2.693E+01,1.209E+03,7.433E-05,6.493E-05,0.8735
101,Acetylene,6.500E-02,1.224E+03,2.535E+01,1.250E+03,7.840E-05,6.887E-05,0.8784
101,Acetylene,7.000E-02,1.265E+03,2.396E+01,1.289E+03,8.234E-05,7.269E-05,0.8828
101,Acetylene,7.500E-02,1.304E+03,2.273E+01,1.326E+03,8.616E-05,7.640E-05,0.8867
101,Acetylene,8.000E-02,1.341E+03,2.163E+01,1.362E+03,8.988E-05,8.002E-05,0.8903
101,Acetylene,8.500E-02,1.376E+03,2.064E+01,1.397E+03,9.350E-05,8.356E-05,0.8936
101,Acetylene,9.000E-02,1.411E+03,1.975E+01,1.430E+03,9.704E-05,8.701E-05,0.8967
101,Acetylene,9.500E-02,1.444E+03,1.894E+01,1.463E+03,1.005E-04,9.039E-05,0.8995
101,Acetylene,1.000E-01,1.475E+03,1.819E+01,1.494E+03,1.039E-04,9.371E-05,0.9021
101,Acetylene,1.250E-01,1.619E+03,1.526E+01,1.634E+03,1.199E-04,1.094E-04,0.9128
101,Acetylene,1.500E-01,1.741E+03,1.320E+01,1.755E+03,1.346E-04,1.239E-04,0.9208
101,Acetylene,1.750E-01,1.847E+03,1.166E+01,1.858E+03,1.484E-04,1.376E-04,0.9271
101,Acetylene,2.000E-01,1.938E+03,1.046E+01,1.948E+03,1.616E-04,1.506E-04,0.9322
101,Acetylene,2.250E-01,2.017E+03,9.507E+00,2.026E+03,1.741E-04,1.631E-04,0.9364
101,Acetylene,2.500E-01,2.085E+03,8.721E+00,2.094E+03,1.863E-04,1.751E-04,0.9401
101,Acetylene,2.750E-01,2.144E+03,8.064E+00,2.152E+03,1.980E-04,1.868E-04,0.9433
101,Acetylene,3.000E-01,2.195E+03,7.505E+00,2.202E+03,2.095E-04,1.982E-04,0.9460
101,Acetylene,3.500E-01,2.275E+03,6.605E+00,2.281E+03,2.318E-04,2.204E-04,0.9507
101,Acetylene,4.000E-01,2.331E+03,5.910E+00,2.337E+03,2.534E-04,2.419E-04,0.9545
101,Acetylene,4.500E-01,2.367E+03,5.355E+00,2.373E+03,2.747E-04,2.631E-04,0.9577
101,Acetylene,5.000E-01,2.388E+03,4.901E+00,2.393E+03,2.956E-04,2.840E-04,0.9605
101,Acetylene,5.500E-01,2.397E+03,4.523E+00,2.401E+03,3.165E-04,3.047E-04,0.9629
101,Acetylene,6.000E-01,2.395E+03,4.202E+00,2.399E+03,3.373E-04,3.255E-04,0.9650
101,Acetylene,6.500E-01,2.386E+03,3.927E+00,2.390E+03,3.582E-04,3.463E-04,0.9669
101,Acetylene,7.000E-01,2.370E+03,3.688E+00,2.374E+03,3.792E-04,3.673E-04,0.9686
101,Acetylene,7.500E-01,2.350E+03,3.477E+00,2.354E+03,4.003E-04,3.884E-04,0.9701
101,Acetylene,8.000E-01,2.326E+03,3.291E+00,2.329E+03,4.217E-04,4.097E-04,0.9716
101,Acetylene,8.500E-01,2.299E+03,3.125E+00,2.303E+03,4.433E-04,4.312E-04,0.9728
101,Acetylene,9.000E-01,2.271E+03,2.976E+00,2.274E+03,4.651E-04,4.530E-04,0.9740
101,Acetylene,9.500E-01,2.241E+03,2.842E+00,2.244E+03,4.873E-04,4.751E-04,0.9751
101,Acetylene,1.000E+00,2.210E+03,2.719E+00,2.213E+03,5.097E-04,4.975E-04,0.9762
101,Acetylene,1.250E+00,2.056E+03,2.244E+00,2.059E+03,6.268E-04,6.145E-04,0.9804
101,Acetylene,1.500E+00,1.913E+03,1.917E+00,1.915E+03,7.528E-04,7.403E-04,0.9834
101,Acetylene,1.750E+00,1.783E+03,1.677E+00,1.785E+03,8.881E-04,8.755E-04,0.9858
101,Acetylene,2.000E+00,1.666E+03,1.493E+00,1.668E+03,1.033E-03,1.020E-03,0.9877
101,Acetylene,2.250E+00,1.562E+03,1.347E+00,1.563E+03,1.188E-03,1.175E-03,0.9892
101,Acetylene,2.500E+00,1.468E+03,1.229E+00,1.469E+03,1.353E-03,1.340E-03,0.9904
101,Acetylene,2.750E+00,1.384E+03,1.130E+00,1.385E+03,1.528E-03,1.515E-03,0.9914
101,Acetylene,3.000E+00,1.308E+03,1.047E+00,1.309E+03,1.714E-03,1.701E-03,0.9923
101,Acetylene,3.500E+00,1.177E+03,9.142E-01,1.178E+03,2.117E-03,2.104E-03,0.9936
101,Acetylene,4.000E+00,1.072E+03,8.125E-01,1.073E+03,2.563E-03,2.549E-03,0.9946
101,Acetylene,4.500E+00,9.868E+02,7.321E-01,9.876E+02,3.049E-03,3.035E-03,0.9954
101,Acetylene,5.000E+00,9.155E+02,6.669E-01,9.162E+02,3.575E-03,3.561E-03,0.9960
101,Acetylene,5.500E+00,8.550E+02,6.127E-01,8.556E+02,4.140E-03,4.125E-03,0.9964
101,Acetylene,6.000E+00,8.028E+02,5.671E-01,8.034E+02,4.744E-03,4.729E-03,0.9968
101,Acetylene,6.500E+00,7.572E+02,5.280E-01,7.577E+02,5.385E-03,5.369E-03,0.9971
101,Acetylene,7.000E+00,7.171E+02,4.942E-01,7.176E+02,6.063E-03,6.047E-03,0.9974
101,Acetylene,7.500E+00,6.814E+02,4.647E-01,6.819E+02,6.778E-03,6.762E-03,0.9976
101,Acetylene,8.000E+00,6.495E+02,4.386E-01,6.499E+02,7.529E-03,7.513E-03,0.9978
101,Acetylene,8.500E+00,6.207E+02,4.154E-01,6.211E+02,8.317E-03,8.300E-03,0.9980
101,Acetylene,9.000E+00,5.947E+02,3.947E-01,5.951E+02,9.139E-03,9.122E-03,0.9981
101,Acetylene,9.500E+00,5.709E+02,3.760E-01,5.713E+02,9.997E-03,9.979E-03,0.9982
101,Acetylene,1.000E+01,5.492E+02,3.591E-01,5.496E+02,1.089E-02,1.087E-02,0.9983
101,Acetylene,1.250E+01,4.633E+02,2.936E-01,4.636E+02,1.586E-02,1.584E-02,0.9987
101,Acetylene,1.500E+01,4.023E+02,2.489E-01,4.025E+02,2.167E-02,2.164E-02,0.9990
101,Acetylene,1.750E+01,3.566E+02,2.164E-01,3.568E+02,2.828E-02,2.825E-02,0.9991
101,Acetylene,2.000E+01,3.209E+02,1.916E-01,3.211E+02,3.567E-02,3.565E-02,0.9992
101,Acetylene,2.500E+01,2.688E+02,1.562E-01,2.689E+02,5.277E-02,5.273E-02,0.9993
101,Acetylene,2.750E+01,2.490E+02,1.431E-01,2.491E+02,6.243E-02,6.239E-02,0.9994
101,Acetylene,3.000E+01,2.322E+02,1.321E-01,2.323E+02,7.283E-02,7.279E-02,0.9994
101,Acetylene,3.500E+01,2.050E+02,1.146E-01,2.052E+02,9.578E-02,9.573E-02,0.9995
101,Acetylene,4.000E+01,1.840E+02,1.012E-01,1.841E+02,1.216E-01,1.215E-01,0.9995
101,Acetylene,4.500E+01,1.672E+02,9.073E-02,1.673E+02,1.501E-01,1.500E-01,0.9995
101,Acetylene,5.000E+01,1.534E+02,8.223E-02,1.535E+02,1.813E-01,1.812E-01,0.9995
101,Acetylene,5.500E+01,1.420E+02,7.520E-02,1.420E+02,2.152E-01,2.151E-01,0.9996
101,Acetylene,6.000E+01,1.322E+02,6.928E-02,1.323E+02,2.517E-01,2.516E-01,0.9996
101,Acetylene,6.500E+01,1.238E+02,6.425E-02,1.239E+02,2.908E-01,2.907E-01,0.9996
101,Acetylene,7.000E+01,1.165E+02,5.991E-02,1.166E+02,3.324E-01,3.323E-01,0.9996
101,Acetylene,7.500E+01,1.101E+02,5.613E-02,1.102E+02,3.765E-01,3.764E-01,0.9996
101,Acetylene,8.000E+01,1.045E+02,5.281E-02,1.045E+02,4.231E-01,4.230E-01,0.9996
101,Acetylene,8.500E+01,9.941E+01,4.986E-02,9.946E+01,4.722E-01,4.720E-01,0.9996
101,Acetylene,9.000E+01,9.487E+01,4.723E-02,9.492E+01,5.237E-01,5.235E-01,0.9996
101,Acetylene,9.500E+01,9.076E+01,4.486E-02,9.081E+01,5.775E-01,5.773E-01,0.9996
101,Acetylene,1.000E+02,8.704E+01,4.272E-02,8.708E+01,6.338E-01,6.336E-01,0.9996
101,Acetylene,1.250E+02,7.255E+01,3.450E-02,7.258E+01,9.498E-01,9.494E-01,0.9997
101,Acetylene,1.500E+02,6.257E+01,2.894E-02,6.260E+01,1.322E+00,1.321E+00,0.9997
101,Acetylene,1.750E+02,5.525E+01,2.492E-02,5.528E+01,1.748E+00,1.747E+00,0.9997
101,Acetylene,2.000E+02,4.965E+01,2.190E-02,4.967E+01,2.226E+00,2.225E+00,0.9997
101,Acetylene,2.250E+02,4.521E+01,1.954E-02,4.523E+01,2.754E+00,2.753E+00,0.9997
101,Acetylene,2.500E+02,4.160E+01,1.763E-02,4.162E+01,3.331E+00,3.330E+00,0.9997
101,Acetylene,2.750E+02,3.861E+01,1.606E-02,3.863E+01,3.955E+00,3.954E+00,0.9997
101,Acetylene,3.000E+02,3.609E+01,1.474E-02,3.610E+01,4.625E+00,4.623E+00,0.9997
101,Acetylene,3.500E+02,3.207E+01,1.267E-02,3.208E+01,6.097E+00,6.096E+00,0.9997
101,Acetylene,4.000E+02,2.900E+01,1.111E-02,2.901E+01,7.739E+00,7.737E+00,0.9997
101,Acetylene,4.500E+02,2.658E+01,9.891E-03,2.659E+01,9.542E+00,9.539E+00,0.9997
101,Acetylene,5.000E+02,2.462E+01,8.915E-03,2.463E+01,1.150E+01,1.149E+01,0.9997
101,Acetylene,5.500E+02,2.300E+01,8.111E-03,2.301E+01,1.360E+01,1.360E+01,0.9997
101,Acetylene,6.000E+02,2.164E+01,7.437E-03,2.165E+01,1.584E+01,1.584E+01,0.9997
101,Acetylene,6.500E+02,2.048E+01,6.867E-03,2.049E+01,1.822E+01,1.821E+01,0.9997
101,Acetylene,7.000E+02,1.948E+01,6.380E-03,1.949E+01,2.072E+01,2.072E+01,0.9997
101,Acetylene,7.500E+02,1.861E+01,5.959E-03,1.862E+01,2.335E+01,2.334E+01,0.9998
101,Acetylene,8.000E+02,1.784E+01,5.590E-03,1.785E+01,2.609E+01,2.609E+01,0.9998
101,Acetylene,8.500E+02,1.717E+01,5.263E-03,1.717E+01,2.895E+01,2.894E+01,0.9998
101,Acetylene,9.000E+02,1.656E+01,4.972E-03,1.657E+01,3.191E+01,3.191E+01,0.9998
101,Acetylene,9.500E+02,1.602E+01,4.711E-03,1.602E+01,3.498E+01,3.498E+01,0.9998
101,Acetylene,1.000E+03,1.553E+01,4.476E-03,1.553E+01,3.815E+01,3.814E+01,0.9998
103,Adipose Tissue (ICRP),1.000E-03,1.694E+02,2.551E+02,4.245E+02,2.619E-06,1.505E-06,0.5748
103,Adipose Tissue (ICRP),1.500E-03,2.042E+02,2.310E+02,4.351E+02,3.778E-06,2.244E-06,0.5939
103,Adipose Tissue (ICRP),2.000E-03,2.333E+02,2.115E+02,4.448E+02,4.915E-06,3.000E-06,0.6104
103,Adipose Tissue (ICRP),2.500E-03,2.588E+02,1.956E+02,4.545E+02,6.027E-06,3.765E-06,0.6247
103,Adipose Tissue (ICRP),3.000E-03,2.818E+02,1.824E+02,4.642E+02,7.116E-06,4.534E-06,0.6372
103,Adipose Tissue (ICRP),4.000E-03,3.224E+02,1.615E+02,4.839E+02,9.225E-06,6.075E-06,0.6585
103,Adipose Tissue (ICRP),5.000E-03,3.581E+02,1.456E+02,5.037E+02,1.125E-05,7.606E-06,0.6761
103,Adipose Tissue (ICRP),6.000E-03,3.903E+02,1.330E+02,5.232E+02,1.320E-05,9.120E-06,0.6910
103,Adipose Tissue (ICRP),7.000E-03,4.197E+02,1.227E+02,5.425E+02,1.508E-05,1.061E-05,0.7039
103,Adipose Tissue (ICRP),8.000E-03,4.472E+02,1.141E+02,5.613E+02,1.689E-05,1.208E-05,0.7153
103,Adipose Tissue (ICRP),9.000E-03,4.729E+02,1.068E+02,5.797E+02,1.864E-05,1.352E-05,0.7254
103,Adipose Tissue (ICRP),1.000E-02,4.972E+02,1.006E+02,5.977E+02,2.034E-05,1.494E-05,0.7345
103,Adipose Tissue (ICRP),1.250E-02,5.529E+02,8.801E+01,6.409E+02,2.438E-05,1.837E-05,0.7537
103,Adipose Tissue (ICRP),1.500E-02,6.032E+02,7.858E+01,6.818E+02,2.816E-05,2.166E-05,0.7693
103,Adipose Tissue (ICRP),1.750E-02,6.494E+02,7.118E+01,7.206E+02,3.172E-05,2.481E-05,0.7822
103,Adipose Tissue (ICRP),2.000E-02,6.924E+02,6.520E+01,7.576E+02,3.510E-05,2.784E-05,0.7932
103,Adipose Tissue (ICRP),2.250E-02,7.327E+02,6.026E+01,7.929E+02,3.833E-05,3.077E-05,0.8027
103,Adipose Tissue (ICRP),2.500E-02,7.707E+02,5.609E+01,8.268E+02,4.142E-05,3.359E-05,0.8111
103,Adipose Tissue (ICRP),2.750E-02,8.068E+02,5.252E+01,8.593E+02,4.438E-05,3.632E-05,0.8184
103,Adipose Tissue (ICRP),3.000E-02,8.413E+02,4.942E+01,8.907E+02,4.724E-05,3.897E-05,0.8250
103,Adipose Tissue (ICRP),3.500E-02,9.060E+02,4.430E+01,9.503E+02,5.267E-05,4.405E-05,0.8363
103,Adipose Tissue (ICRP),4.000E-02,9.661E+02,4.024E+01,1.006E+03,5.778E-05,4.887E-05,0.8458
103,Adipose Tissue (ICRP),4.500E-02,1.022E+03,3.692E+01,1.059E+03,6.262E-05,5.346E-05,0.8538
103,Adipose Tissue (ICRP),5.000E-02,1.075E+03,3.416E+01,1.109E+03,6.723E-05,5.787E-05,0.8607
103,Adipose Tissue (ICRP),5.500E-02,1.125E+03,3.182E+01,1.157E+03,7.165E-05,6.210E-05,0.8667
103,Adipose Tissue (ICRP),6.000E-02,1.173E+03,2.980E+01,1.203E+03,7.588E-05,6.617E-05,0.8720
103,Adipose Tissue (ICRP),6.500E-02,1.219E+03,2.805E+01,1.247E+03,7.997E-05,7.012E-05,0.8768
103,Adipose Tissue (ICRP),7.000E-02,1.262E+03,2.651E+01,1.289E+03,8.391E-05,7.393E-05,0.8811
103,Adipose Tissue (ICRP),7.500E-02,1.304E+03,2.515E+01,1.329E+03,8.773E-05,7.764E-05,0.8850
103,Adipose Tissue (ICRP),8.000E-02,1.344E+03,2.393E+01,1.368E+03,9.144E-05,8.125E-05,0.8885
103,Adipose Tissue (ICRP),8.500E-02,1.383E+03,2.284E+01,1.406E+03,9.504E-05,8.476E-05,0.8918
103,Adipose Tissue (ICRP),9.000E-02,1.420E+03,2.185E+01,1.442E+03,9.856E-05,8.818E-05,0.8948
103,Adipose Tissue (ICRP),9.500E-02,1.456E+03,2.094E+01,1.477E+03,1.020E-04,9.153E-05,0.8975
103,Adipose Tissue (ICRP),1.000E-01,1.491E+03,2.012E+01,1.511E+03,1.053E-04,9.481E-05,0.9001
103,Adipose Tissue (ICRP),1.250E-01,1.650E+03,1.688E+01,1.667E+03,1.211E-04,1.102E-04,0.9107
103,Adipose Tissue (ICRP),1.500E-01,1.787E+03,1.459E+01,1.802E+03,1.355E-04,1.244E-04,0.9186
103,Adipose Tissue (ICRP),1.750E-01,1.907E+03,1.289E+01,1.920E+03,1.489E-04,1.377E-04,0.9249
103,Adipose Tissue (ICRP),2.000E-01,2.012E+03,1.157E+01,2.023E+03,1.616E-04,1.503E-04,0.9299
103,Adipose Tissue (ICRP),2.250E-01,2.104E+03,1.051E+01,2.115E+03,1.736E-04,1.622E-04,0.9342
103,Adipose Tissue (ICRP),2.500E-01,2.185E+03,9.638E+00,2.195E+03,1.852E-04,1.737E-04,0.9378
103,Adipose Tissue (ICRP),2.750E-01,2.256E+03,8.911E+00,2.265E+03,1.965E-04,1.849E-04,0.9410
103,Adipose Tissue (ICRP),3.000E-01,2.317E+03,8.294E+00,2.326E+03,2.073E-04,1.957E-04,0.9437
103,Adipose Tissue (ICRP),3.500E-01,2.417E+03,7.298E+00,2.424E+03,2.284E-04,2.166E-04,0.9484
103,Adipose Tissue (ICRP),4.000E-01,2.489E+03,6.529E+00,2.496E+03,2.487E-04,2.368E-04,0.9523
103,Adipose Tissue (ICRP),4.500E-01,2.539E+03,5.916E+00,2.545E+03,2.685E-04,2.566E-04,0.9555
103,Adipose Tissue (ICRP),5.000E-01,2.571E+03,5.415E+00,2.577E+03,2.880E-04,2.760E-04,0.9583
103,Adipose Tissue (ICRP),5.500E-01,2.588E+03,4.996E+00,2.593E+03,3.074E-04,2.953E-04,0.9607
103,Adipose Tissue (ICRP),6.000E-01,2.592E+03,4.642E+00,2.597E+03,3.266E-04,3.145E-04,0.9628
103,Adipose Tissue (ICRP),6.500E-01,2.587E+03,4.338E+00,2.591E+03,3.459E-04,3.337E-04,0.9648
103,Adipose Tissue (ICRP),7.000E-01,2.573E+03,4.073E+00,2.577E+03,3.652E-04,3.530E-04,0.9665
103,Adipose Tissue (ICRP),7.500E-01,2.554E+03,3.841E+00,2.558E+03,3.847E-04,3.724E-04,0.9681
103,Adipose Tissue (ICRP),8.000E-01,2.529E+03,3.635E+00,2.533E+03,4.044E-04,3.920E-04,0.9695
103,Adipose Tissue (ICRP),8.500E-01,2.500E+03,3.451E+00,2.504E+03,4.242E-04,4.119E-04,0.9709
103,Adipose Tissue (ICRP),9.000E-01,2.468E+03,3.287E+00,2.472E+03,4.443E-04,4.319E-04,0.9721
103,Adipose Tissue (ICRP),9.500E-01,2.434E+03,3.138E+00,2.437E+03,4.647E-04,4.523E-04,0.9733
103,Adipose Tissue (ICRP),1.000E+00,2.398E+03,3.003E+00,2.401E+03,4.853E-04,4.729E-04,0.9743
103,Adipose Tissue (ICRP),1.250E+00,2.213E+03,2.478E+00,2.215E+03,5.937E-04,5.811E-04,0.9788
103,Adipose Tissue (ICRP),1.500E+00,2.035E+03,2.117E+00,2.037E+03,7.114E-04,6.987E-04,0.9821
103,Adipose Tissue (ICRP),1.750E+00,1.874E+03,1.852E+00,1.876E+03,8.394E-04,8.265E-04,0.9847
103,Adipose Tissue (ICRP),2.000E+00,1.731E+03,1.648E+00,1.732E+03,9.782E-04,9.652E-04,0.9867
103,Adipose Tissue (ICRP),2.250E+00,1.605E+03,1.487E+00,1.607E+03,1.128E-03,1.115E-03,0.9884
103,Adipose Tissue (ICRP),2.500E+00,1.499E+03,1.356E+00,1.500E+03,1.289E-03,1.276E-03,0.9897
103,Adipose Tissue (ICRP),2.750E+00,1.408E+03,1.247E+00,1.409E+03,1.461E-03,1.448E-03,0.9908
103,Adipose Tissue (ICRP),3.000E+00,1.328E+03,1.156E+00,1.329E+03,1.644E-03,1.631E-03,0.9918
103,Adipose Tissue (ICRP),3.500E+00,1.197E+03,1.009E+00,1.198E+03,2.041E-03,2.027E-03,0.9932
103,Adipose Tissue (ICRP),4.000E+00,1.091E+03,8.968E-01,1.092E+03,2.479E-03,2.465E-03,0.9943
103,Adipose Tissue (ICRP),4.500E+00,1.004E+03,8.080E-01,1.005E+03,2.957E-03,2.942E-03,0.9951
103,Adipose Tissue (ICRP),5.000E+00,9.322E+02,7.359E-01,9.329E+02,3.473E-03,3.459E-03,0.9958
103,Adipose Tissue (ICRP),5.500E+00,8.707E+02,6.762E-01,8.714E+02,4.028E-03,4.013E-03,0.9963
103,Adipose Tissue (ICRP),6.000E+00,8.178E+02,6.257E-01,8.184E+02,4.621E-03,4.605E-03,0.9967
103,Adipose Tissue (ICRP),6.500E+00,7.715E+02,5.826E-01,7.721E+02,5.250E-03,5.234E-03,0.9970
103,Adipose Tissue (ICRP),7.000E+00,7.308E+02,5.453E-01,7.313E+02,5.916E-03,5.900E-03,0.9973
103,Adipose Tissue (ICRP),7.500E+00,6.945E+02,5.127E-01,6.950E+02,6.617E-03,6.601E-03,0.9975
103,Adipose Tissue (ICRP),8.000E+00,6.621E+02,4.839E-01,6.626E+02,7.354E-03,7.338E-03,0.9977
103,Adipose Tissue (ICRP),8.500E+00,6.329E+02,4.583E-01,6.333E+02,8.126E-03,8.109E-03,0.9979
103,Adipose Tissue (ICRP),9.000E+00,6.064E+02,4.354E-01,6.068E+02,8.933E-03,8.916E-03,0.9980
103,Adipose Tissue (ICRP),9.500E+00,5.823E+02,4.148E-01,5.827E+02,9.774E-03,9.756E-03,0.9982
103,Adipose Tissue (ICRP),1.000E+01,5.602E+02,3.961E-01,5.606E+02,1.065E-02,1.063E-02,0.9983
103,Adipose Tissue (ICRP),1.250E+01,4.728E+02,3.239E-01,4.731E+02,1.552E-02,1.550E-02,0.9987
103,Adipose Tissue (ICRP),1.500E+01,4.107E+02,2.746E-01,4.110E+02,2.121E-02,2.119E-02,0.9989
103,Adipose Tissue (ICRP),1.750E+01,3.643E+02,2.387E-01,3.645E+02,2.768E-02,2.766E-02,0.9991
103,Adipose Tissue (ICRP),2.000E+01,3.280E+02,2.113E-01,3.282E+02,3.492E-02,3.489E-02,0.9992
103,Adipose Tissue (ICRP),2.500E+01,2.748E+02,1.722E-01,2.750E+02,5.164E-02,5.160E-02,0.9993
103,Adipose Tissue (ICRP),2.750E+01,2.547E+02,1.578E-01,2.549E+02,6.109E-02,6.105E-02,0.9994
103,Adipose Tissue (ICRP),3.000E+01,2.376E+02,1.456E-01,2.377E+02,7.125E-02,7.121E-02,0.9994
103,Adipose Tissue (ICRP),3.500E+01,2.099E+02,1.263E-01,2.100E+02,9.368E-02,9.363E-02,0.9994
103,Adipose Tissue (ICRP),4.000E+01,1.884E+02,1.116E-01,1.885E+02,1.189E-01,1.188E-01,0.9995
103,Adipose Tissue (ICRP),4.500E+01,1.712E+02,9.998E-02,1.713E+02,1.467E-01,1.466E-01,0.9995
103,Adipose Tissue (ICRP),5.000E+01,1.572E+02,9.061E-02,1.573E+02,1.772E-01,1.771E-01,0.9995
103,Adipose Tissue (ICRP),5.500E+01,1.455E+02,8.286E-02,1.455E+02,2.103E-01,2.102E-01,0.9996
103,Adipose Tissue (ICRP),6.000E+01,1.355E+02,7.634E-02,1.356E+02,2.459E-01,2.458E-01,0.9996
103,Adipose Tissue (ICRP),6.500E+01,1.269E+02,7.079E-02,1.270E+02,2.840E-01,2.839E-01,0.9996
103,Adipose Tissue (ICRP),7.000E+01,1.195E+02,6.600E-02,1.195E+02,3.246E-01,3.245E-01,0.9996
103,Adipose Tissue (ICRP),7.500E+01,1.129E+02,6.183E-02,1.130E+02,3.677E-01,3.675E-01,0.9996
103,Adipose Tissue (ICRP),8.000E+01,1.071E+02,5.816E-02,1.072E+02,4.131E-01,4.129E-01,0.9996
103,Adipose Tissue (ICRP),8.500E+01,1.020E+02,5.491E-02,1.020E+02,4.609E-01,4.608E-01,0.9996
103,Adipose Tissue (ICRP),9.000E+01,9.731E+01,5.201E-02,9.736E+01,5.111E-01,5.109E-01,0.9996
103,Adipose Tissue (ICRP),9.500E+01,9.311E+01,4.940E-02,9.316E+01,5.636E-01,5.634E-01,0.9996
103,Adipose Tissue (ICRP),1.000E+02,8.930E+01,4.705E-02,8.934E+01,6.185E-01,6.182E-01,0.9996
103,Adipose Tissue (ICRP),1.250E+02,7.446E+01,3.800E-02,7.450E+01,9.264E-01,9.260E-01,0.9996
103,Adipose Tissue (ICRP),1.500E+02,6.424E+01,3.187E-02,6.427E+01,1.289E+00,1.288E+00,0.9997
103,Adipose Tissue (ICRP),1.750E+02,5.674E+01,2.745E-02,5.677E+01,1.704E+00,1.703E+00,0.9997
103,Adipose Tissue (ICRP),2.000E+02,5.099E+01,2.411E-02,5.102E+01,2.169E+00,2.168E+00,0.9997
103,Adipose Tissue (ICRP),2.250E+02,4.644E+01,2.151E-02,4.646E+01,2.683E+00,2.682E+00,0.9997
103,Adipose Tissue (ICRP),2.500E+02,4.274E+01,1.941E-02,4.276E+01,3.245E+00,3.244E+00,0.9997
103,Adipose Tissue (ICRP),2.750E+02,3.968E+01,1.768E-02,3.969E+01,3.852E+00,3.851E+00,0.9997
103,Adipose Tissue (ICRP),3.000E+02,3.709E+01,1.623E-02,3.710E+01,4.504E+00,4.502E+00,0.9997
103,Adipose Tissue (ICRP),3.500E+02,3.296E+01,1.394E-02,3.298E+01,5.937E+00,5.935E+00,0.9997
103,Adipose Tissue (ICRP),4.000E+02,2.981E+01,1.223E-02,2.982E+01,7.534E+00,7.531E+00,0.9997
103,Adipose Tissue (ICRP),4.500E+02,2.733E+01,1.089E-02,2.734E+01,9.287E+00,9.284E+00,0.9997
103,Adipose Tissue (ICRP),5.000E+02,2.532E+01,9.812E-03,2.533E+01,1.119E+01,1.119E+01,0.9997
103,Adipose Tissue (ICRP),5.500E+02,2.365E+01,8.928E-03,2.366E+01,1.323E+01,1.323E+01,0.9997
103,Adipose Tissue (ICRP),6.000E+02,2.226E+01,8.189E-03,2.226E+01,1.541E+01,1.541E+01,0.9997
103,Adipose Tissue (ICRP),6.500E+02,2.107E+01,7.563E-03,2.107E+01,1.772E+01,1.772E+01,0.9997
103,Adipose Tissue (ICRP),7.000E+02,2.004E+01,7.027E-03,2.005E+01,2.016E+01,2.015E+01,0.9997
103,Adipose Tissue (ICRP),7.500E+02,1.914E+01,6.562E-03,1.915E+01,2.271E+01,2.270E+01,0.9997
103,Adipose Tissue (ICRP),8.000E+02,1.836E+01,6.154E-03,1.836E+01,2.538E+01,2.537E+01,0.9997
103,Adipose Tissue (ICRP),8.500E+02,1.766E+01,5.794E-03,1.767E+01,2.815E+01,2.815E+01,0.9998
103,Adipose Tissue (ICRP),9.000E+02,1.704E+01,5.474E-03,1.705E+01,3.104E+01,3.103E+01,0.9998
103,Adipose Tissue (ICRP),9.500E+02,1.648E+01,5.187E-03,1.649E+01,3.402E+01,3.401E+01,0.9998
103,Adipose Tissue (ICRP),1.000E+03,1.598E+01,4.929E-03,1.599E+01,3.710E+01,3.709E+01,0.9998
104,"Air, Dry (near sea level)",1.000E-03,8.750E+01,1.340E+02,2.215E+02,5.377E-06,2.025E-06,0.3767
104,"Air, Dry (near sea level)",1.500E-03,1.086E+02,1.256E+02,2.342E+02,7.562E-06,3.034E-06,0.4012
104,"Air, Dry (near sea level)",2.000E-03,1.267E+02,1.178E+02,2.444E+02,9.651E-06,4.073E-06,0.4220
104,"Air, Dry (near sea level)",2.500E-03,1.427E+02,1.109E+02,2.536E+02,1.166E-05,5.129E-06,0.4399
104,"Air, Dry (near sea level)",3.000E-03,1.573E+02,1.049E+02,2.622E+02,1.360E-05,6.198E-06,0.4558
104,"Air, Dry (near sea level)",4.000E-03,1.835E+02,9.494E+01,2.784E+02,1.730E-05,8.355E-06,0.4830
104,"Air, Dry (near sea level)",5.000E-03,2.067E+02,8.698E+01,2.937E+02,2.079E-05,1.052E-05,0.5058
104,"Air, Dry (near sea level)",6.000E-03,2.279E+02,8.047E+01,3.084E+02,2.411E-05,1.267E-05,0.5255
104,"Air, Dry (near sea level)",7.000E-03,2.475E+02,7.501E+01,3.225E+02,2.728E-05,1.481E-05,0.5427
104,"Air, Dry (near sea level)",8.000E-03,2.659E+02,7.036E+01,3.362E+02,3.032E-05,1.692E-05,0.5580
104,"Air, Dry (near sea level)",9.000E-03,2.832E+02,6.635E+01,3.495E+02,3.324E-05,1.900E-05,0.5717
104,"Air, Dry (near sea level)",1.000E-02,2.996E+02,6.283E+01,3.625E+02,3.605E-05,2.106E-05,0.5841
104,"Air, Dry (near sea level)",1.250E-02,3.377E+02,5.568E+01,3.933E+02,4.266E-05,2.606E-05,0.6108
104,"Air, Dry (near sea level)",1.500E-02,3.723E+02,5.018E+01,4.225E+02,4.879E-05,3.087E-05,0.6327
104,"Air, Dry (near sea level)",1.750E-02,4.043E+02,4.579E+01,4.501E+02,5.452E-05,3.550E-05,0.6511
104,"Air, Dry (near sea level)",2.000E-02,4.343E+02,4.220E+01,4.765E+02,5.992E-05,3.996E-05,0.6670
104,"Air, Dry (near sea level)",2.250E-02,4.626E+02,3.919E+01,5.018E+02,6.503E-05,4.427E-05,0.6808
104,"Air, Dry (near sea level)",2.500E-02,4.894E+02,3.663E+01,5.260E+02,6.989E-05,4.843E-05,0.6930
104,"Air, Dry (near sea level)",2.750E-02,5.150E+02,3.443E+01,5.494E+02,7.454E-05,5.247E-05,0.7038
104,"Air, Dry (near sea level)",3.000E-02,5.395E+02,3.250E+01,5.720E+02,7.900E-05,5.638E-05,0.7136
104,"Air, Dry (near sea level)",3.500E-02,5.858E+02,2.929E+01,6.150E+02,8.743E-05,6.387E-05,0.7305
104,"Air, Dry (near sea level)",4.000E-02,6.290E+02,2.672E+01,6.557E+02,9.530E-05,7.097E-05,0.7447
104,"Air, Dry (near sea level)",4.500E-02,6.696E+02,2.461E+01,6.942E+02,1.027E-04,7.774E-05,0.7569
104,"Air, Dry (near sea level)",5.000E-02,7.081E+02,2.284E+01,7.310E+02,1.097E-04,8.420E-05,0.7674
104,"Air, Dry (near sea level)",5.500E-02,7.448E+02,2.133E+01,7.661E+02,1.164E-04,9.041E-05,0.7767
104,"Air, Dry (near sea level)",6.000E-02,7.798E+02,2.002E+01,7.998E+02,1.228E-04,9.638E-05,0.7850
104,"Air, Dry (near sea level)",6.500E-02,8.134E+02,1.888E+01,8.323E+02,1.289E-04,1.021E-04,0.7923
104,"Air, Dry (near sea level)",7.000E-02,8.457E+02,1.788E+01,8.636E+02,1.348E-04,1.077E-04,0.7990
104,"Air, Dry (near sea level)",7.500E-02,8.768E+02,1.699E+01,8.938E+02,1.405E-04,1.131E-04,0.8051
104,"Air, Dry (near sea level)",8.000E-02,9.068E+02,1.619E+01,9.230E+02,1.460E-04,1.184E-04,0.8107
104,"Air, Dry (near sea level)",8.500E-02,9.359E+02,1.547E+01,9.514E+02,1.513E-04,1.235E-04,0.8158
104,"Air, Dry (near sea level)",9.000E-02,9.640E+02,1.482E+01,9.788E+02,1.565E-04,1.284E-04,0.8205
104,"Air, Dry (near sea level)",9.500E-02,9.913E+02,1.422E+01,1.006E+03,1.616E-04,1.333E-04,0.8248
104,"Air, Dry (near sea level)",1.000E-01,1.018E+03,1.368E+01,1.031E+03,1.665E-04,1.380E-04,0.8289
104,"Air, Dry (near sea level)",1.250E-01,1.140E+03,1.152E+01,1.151E+03,1.894E-04,1.602E-04,0.8457
104,"Air, Dry (near sea level)",1.500E-01,1.247E+03,9.991E+00,1.257E+03,2.101E-04,1.804E-04,0.8585
104,"Air, Dry (near sea level)",1.750E-01,1.343E+03,8.848E+00,1.352E+03,2.293E-04,1.991E-04,0.8685
104,"Air, Dry (near sea level)",2.000E-01,1.429E+03,7.956E+00,1.437E+03,2.472E-04,2.167E-04,0.8768
104,"Air, Dry (near sea level)",2.250E-01,1.506E+03,7.240E+00,1.513E+03,2.642E-04,2.334E-04,0.8837
104,"Air, Dry (near sea level)",2.500E-01,1.575E+03,6.651E+00,1.582E+03,2.803E-04,2.494E-04,0.8896
104,"Air, Dry (near sea level)",2.750E-01,1.637E+03,6.157E+00,1.643E+03,2.958E-04,2.647E-04,0.8948
104,"Air, Dry (near sea level)",3.000E-01,1.693E+03,5.736E+00,1.698E+03,3.108E-04,2.795E-04,0.8993
104,"Air, Dry (near sea level)",3.500E-01,1.787E+03,5.057E+00,1.792E+03,3.394E-04,3.078E-04,0.9070
104,"Air, Dry (near sea level)",4.000E-01,1.861E+03,4.531E+00,1.866E+03,3.667E-04,3.350E-04,0.9134
104,"Air, Dry (near sea level)",4.500E-01,1.918E+03,4.111E+00,1.923E+03,3.931E-04,3.612E-04,0.9187
104,"Air, Dry (near sea level)",5.000E-01,1.961E+03,3.767E+00,1.964E+03,4.188E-04,3.867E-04,0.9234
104,"Air, Dry (near sea level)",5.500E-01,1.990E+03,3.479E+00,1.993E+03,4.441E-04,4.118E-04,0.9274
104,"Air, Dry (near sea level)",6.000E-01,2.008E+03,3.235E+00,2.012E+03,4.690E-04,4.367E-04,0.9310
104,"Air, Dry (near sea level)",6.500E-01,2.017E+03,3.025E+00,2.020E+03,4.938E-04,4.614E-04,0.9343
104,"Air, Dry (near sea level)",7.000E-01,2.019E+03,2.843E+00,2.021E+03,5.186E-04,4.860E-04,0.9372
104,"Air, Dry (near sea level)",7.500E-01,2.013E+03,2.682E+00,2.016E+03,5.433E-04,5.107E-04,0.9399
104,"Air, Dry (near sea level)",8.000E-01,2.002E+03,2.540E+00,2.005E+03,5.682E-04,5.355E-04,0.9424
104,"Air, Dry (near sea level)",8.500E-01,1.987E+03,2.413E+00,1.989E+03,5.932E-04,5.604E-04,0.9447
104,"Air, Dry (near sea level)",9.000E-01,1.968E+03,2.299E+00,1.970E+03,6.185E-04,5.856E-04,0.9469
104,"Air, Dry (near sea level)",9.500E-01,1.946E+03,2.196E+00,1.948E+03,6.440E-04,6.111E-04,0.9488
104,"Air, Dry (near sea level)",1.000E+00,1.922E+03,2.103E+00,1.924E+03,6.698E-04,6.368E-04,0.9507
104,"Air, Dry (near sea level)",1.250E+00,1.774E+03,1.738E+00,1.776E+03,8.049E-04,7.716E-04,0.9586
104,"Air, Dry (near sea level)",1.500E+00,1.625E+03,1.487E+00,1.626E+03,9.520E-04,9.184E-04,0.9647
104,"Air, Dry (near sea level)",1.750E+00,1.494E+03,1.302E+00,1.495E+03,1.112E-03,1.079E-03,0.9696
104,"Air, Dry (near sea level)",2.000E+00,1.382E+03,1.160E+00,1.383E+03,1.287E-03,1.252E-03,0.9735
104,"Air, Dry (near sea level)",2.250E+00,1.287E+03,1.048E+00,1.288E+03,1.474E-03,1.440E-03,0.9767
104,"Air, Dry (near sea level)",2.500E+00,1.205E+03,9.560E-01,1.206E+03,1.675E-03,1.640E-03,0.9793
104,"Air, Dry (near sea level)",2.750E+00,1.133E+03,8.799E-01,1.134E+03,1.889E-03,1.854E-03,0.9816
104,"Air, Dry (near sea level)",3.000E+00,1.072E+03,8.157E-01,1.072E+03,2.116E-03,2.080E-03,0.9834
104,"Air, Dry (near sea level)",3.500E+00,9.686E+02,7.129E-01,9.693E+02,2.607E-03,2.571E-03,0.9863
104,"Air, Dry (near sea level)",4.000E+00,8.859E+02,6.341E-01,8.865E+02,3.147E-03,3.111E-03,0.9885
104,"Air, Dry (near sea level)",4.500E+00,8.180E+02,5.718E-01,8.186E+02,3.734E-03,3.698E-03,0.9902
104,"Air, Dry (near sea level)",5.000E+00,7.607E+02,5.211E-01,7.612E+02,4.368E-03,4.331E-03,0.9915
104,"Air, Dry (near sea level)",5.500E+00,7.117E+02,4.791E-01,7.122E+02,5.048E-03,5.010E-03,0.9925
104,"Air, Dry (near sea level)",6.000E+00,6.696E+02,4.436E-01,6.700E+02,5.772E-03,5.734E-03,0.9934
104,"Air, Dry (near sea level)",6.500E+00,6.327E+02,4.133E-01,6.331E+02,6.540E-03,6.501E-03,0.9940
104,"Air, Dry (near sea level)",7.000E+00,6.002E+02,3.870E-01,6.005E+02,7.351E-03,7.312E-03,0.9946
104,"Air, Dry (near sea level)",7.500E+00,5.712E+02,3.640E-01,5.716E+02,8.205E-03,8.165E-03,0.9951
104,"Air, Dry (near sea level)",8.000E+00,5.453E+02,3.437E-01,5.456E+02,9.100E-03,9.060E-03,0.9955
104,"Air, Dry (near sea level)",8.500E+00,5.219E+02,3.257E-01,5.222E+02,1.004E-02,9.996E-03,0.9959
104,"Air, Dry (near sea level)",9.000E+00,5.006E+02,3.095E-01,5.009E+02,1.102E-02,1.097E-02,0.9962
104,"Air, Dry (near sea level)",9.500E+00,4.812E+02,2.949E-01,4.815E+02,1.203E-02,1.199E-02,0.9964
104,"Air, Dry (near sea level)",1.000E+01,4.634E+02,2.817E-01,4.637E+02,1.309E-02,1.305E-02,0.9967
104,"Air, Dry (near sea level)",1.250E+01,3.926E+02,2.308E-01,3.929E+02,1.897E-02,1.893E-02,0.9975
104,"Air, Dry (near sea level)",1.500E+01,3.423E+02,1.959E-01,3.425E+02,2.581E-02,2.576E-02,0.9980
104,"Air, Dry (near sea level)",1.750E+01,3.044E+02,1.705E-01,3.046E+02,3.356E-02,3.351E-02,0.9983
104,"Air, Dry (near sea level)",2.000E+01,2.747E+02,1.511E-01,2.748E+02,4.222E-02,4.216E-02,0.9985
104,"Air, Dry (near sea level)",2.500E+01,2.309E+02,1.234E-01,2.311E+02,6.214E-02,6.207E-02,0.9988
104,"Air, Dry (near sea level)",2.750E+01,2.143E+02,1.131E-01,2.144E+02,7.338E-02,7.330E-02,0.9989
104,"Air, Dry (near sea level)",3.000E+01,2.001E+02,1.045E-01,2.002E+02,8.546E-02,8.537E-02,0.9990
104,"Air, Dry (near sea level)",3.500E+01,1.771E+02,9.074E-02,1.772E+02,1.121E-01,1.120E-01,0.9991
104,"Air, Dry (near sea level)",4.000E+01,1.593E+02,8.026E-02,1.593E+02,1.419E-01,1.417E-01,0.9992
104,"Air, Dry (near sea level)",4.500E+01,1.449E+02,7.201E-02,1.450E+02,1.748E-01,1.747E-01,0.9992
104,"Air, Dry (near sea level)",5.000E+01,1.332E+02,6.533E-02,1.333E+02,2.108E-01,2.106E-01,0.9993
104,"Air, Dry (near sea level)",5.500E+01,1.234E+02,5.981E-02,1.234E+02,2.498E-01,2.496E-01,0.9993
104,"Air, Dry (near sea level)",6.000E+01,1.150E+02,5.516E-02,1.151E+02,2.918E-01,2.916E-01,0.9993
104,"Air, Dry (near sea level)",6.500E+01,1.078E+02,5.119E-02,1.079E+02,3.367E-01,3.365E-01,0.9994
104,"Air, Dry (near sea level)",7.000E+01,1.016E+02,4.776E-02,1.016E+02,3.845E-01,3.842E-01,0.9994
104,"Air, Dry (near sea level)",7.500E+01,9.607E+01,4.477E-02,9.612E+01,4.351E-01,4.348E-01,0.9994
104,"Air, Dry (near sea level)",8.000E+01,9.119E+01,4.215E-02,9.123E+01,4.885E-01,4.882E-01,0.9994
104,"Air, Dry (near sea level)",8.500E+01,8.683E+01,3.982E-02,8.687E+01,5.447E-01,5.444E-01,0.9994
104,"Air, Dry (near sea level)",9.000E+01,8.291E+01,3.774E-02,8.295E+01,6.036E-01,6.033E-01,0.9994
104,"Air, Dry (near sea level)",9.500E+01,7.936E+01,3.587E-02,7.940E+01,6.652E-01,6.649E-01,0.9994
104,"Air, Dry (near sea level)",1.000E+02,7.614E+01,3.418E-02,7.618E+01,7.295E-01,7.291E-01,0.9994
104,"Air, Dry (near sea level)",1.250E+02,6.360E+01,2.767E-02,6.363E+01,1.090E+00,1.090E+00,0.9995
104,"Air, Dry (near sea level)",1.500E+02,5.493E+01,2.324E-02,5.496E+01,1.514E+00,1.514E+00,0.9995
104,"Air, Dry (near sea level)",1.750E+02,4.857E+01,2.004E-02,4.859E+01,1.999E+00,1.998E+00,0.9995
104,"Air, Dry (near sea level)",2.000E+02,4.368E+01,1.763E-02,4.370E+01,2.543E+00,2.542E+00,0.9995
104,"Air, Dry (near sea level)",2.250E+02,3.981E+01,1.573E-02,3.983E+01,3.143E+00,3.141E+00,0.9995
104,"Air, Dry (near sea level)",2.500E+02,3.666E+01,1.421E-02,3.668E+01,3.798E+00,3.796E+00,0.9995
104,"Air, Dry (near sea level)",2.750E+02,3.405E+01,1.296E-02,3.406E+01,4.506E+00,4.504E+00,0.9996
104,"Air, Dry (near sea level)",3.000E+02,3.184E+01,1.191E-02,3.185E+01,5.265E+00,5.263E+00,0.9996
104,"Air, Dry (near sea level)",3.500E+02,2.832E+01,1.025E-02,2.833E+01,6.933E+00,6.930E+00,0.9996
104,"Air, Dry (near sea level)",4.000E+02,2.563E+01,8.987E-03,2.564E+01,8.791E+00,8.788E+00,0.9996
104,"Air, Dry (near sea level)",4.500E+02,2.351E+01,8.005E-03,2.352E+01,1.083E+01,1.083E+01,0.9996
104,"Air, Dry (near sea level)",5.000E+02,2.179E+01,7.219E-03,2.179E+01,1.304E+01,1.304E+01,0.9996
104,"Air, Dry (near sea level)",5.500E+02,2.036E+01,6.574E-03,2.037E+01,1.542E+01,1.541E+01,0.9996
104,"Air, Dry (near sea level)",6.000E+02,1.917E+01,6.034E-03,1.917E+01,1.795E+01,1.794E+01,0.9996
104,"Air, Dry (near sea level)",6.500E+02,1.815E+01,5.574E-03,1.815E+01,2.063E+01,2.062E+01,0.9996
104,"Air, Dry (near sea level)",7.000E+02,1.727E+01,5.177E-03,1.727E+01,2.345E+01,2.345E+01,0.9996
104,"Air, Dry (near sea level)",7.500E+02,1.650E+01,4.833E-03,1.651E+01,2.642E+01,2.641E+01,0.9996
104,"Air, Dry (near sea level)",8.000E+02,1.583E+01,4.533E-03,1.583E+01,2.951E+01,2.950E+01,0.9996
104,"Air, Dry (near sea level)",8.500E+02,1.523E+01,4.269E-03,1.524E+01,3.273E+01,3.272E+01,0.9996
104,"Air, Dry (near sea level)",9.000E+02,1.470E+01,4.035E-03,1.470E+01,3.607E+01,3.606E+01,0.9997
104,"Air, Dry (near sea level)",9.500E+02,1.422E+01,3.824E-03,1.422E+01,3.953E+01,3.952E+01,0.9997
104,"Air, Dry (near sea level)",1.000E+03,1.379E+01,3.635E-03,1.379E+01,4.310E+01,4.309E+01,0.9997
106,Aluminum Oxide,1.000E-03,7.139E+01,9.806E+01,1.695E+02,7.376E-06,2.284E-06,0.3096
106,Aluminum Oxide,1.500E-03,8.859E+01,9.377E+01,1.824E+02,1.020E-05,3.378E-06,0.3311
106,Aluminum Oxide,2.000E-03,1.033E+02,8.925E+01,1.926E+02,1.287E-05,4.500E-06,0.3496
106,Aluminum Oxide,2.500E-03,1.164E+02,8.503E+01,2.015E+02,1.541E-05,5.638E-06,0.3659
106,Aluminum Oxide,3.000E-03,1.284E+02,8.120E+01,2.096E+02,1.784E-05,6.789E-06,0.3805
106,Aluminum Oxide,4.000E-03,1.499E+02,7.459E+01,2.245E+02,2.245E-05,9.113E-06,0.4060
106,Aluminum Oxide,5.000E-03,1.690E+02,6.914E+01,2.382E+02,2.677E-05,1.145E-05,0.4277
106,Aluminum Oxide,6.000E-03,1.865E+02,6.456E+01,2.511E+02,3.086E-05,1.379E-05,0.4468
106,Aluminum Oxide,7.000E-03,2.028E+02,6.066E+01,2.634E+02,3.475E-05,1.611E-05,0.4637
106,Aluminum Oxide,8.000E-03,2.180E+02,5.728E+01,2.752E+02,3.846E-05,1.842E-05,0.4789
106,Aluminum Oxide,9.000E-03,2.323E+02,5.432E+01,2.867E+02,4.202E-05,2.070E-05,0.4927
106,Aluminum Oxide,1.000E-02,2.460E+02,5.171E+01,2.977E+02,4.544E-05,2.296E-05,0.5053
106,Aluminum Oxide,1.250E-02,2.777E+02,4.631E+01,3.240E+02,5.348E-05,2.850E-05,0.5328
106,Aluminum Oxide,1.500E-02,3.066E+02,4.208E+01,3.487E+02,6.092E-05,3.386E-05,0.5558
106,Aluminum Oxide,1.750E-02,3.334E+02,3.865E+01,3.721E+02,6.786E-05,3.905E-05,0.5755
106,Aluminum Oxide,2.000E-02,3.585E+02,3.582E+01,3.943E+02,7.438E-05,4.408E-05,0.5926
106,Aluminum Oxide,2.250E-02,3.821E+02,3.342E+01,4.156E+02,8.056E-05,4.896E-05,0.6077
106,Aluminum Oxide,2.500E-02,4.046E+02,3.137E+01,4.360E+02,8.643E-05,5.369E-05,0.6212
106,Aluminum Oxide,2.750E-02,4.260E+02,2.958E+01,4.556E+02,9.204E-05,5.828E-05,0.6333
106,Aluminum Oxide,3.000E-02,4.465E+02,2.801E+01,4.745E+02,9.741E-05,6.276E-05,0.6443
106,Aluminum Oxide,3.500E-02,4.850E+02,2.538E+01,5.104E+02,1.076E-04,7.136E-05,0.6634
106,Aluminum Oxide,4.000E-02,5.209E+02,2.325E+01,5.441E+02,1.170E-04,7.956E-05,0.6797
106,Aluminum Oxide,4.500E-02,5.543E+02,2.149E+01,5.758E+02,1.260E-04,8.740E-05,0.6938
106,Aluminum Oxide,5.000E-02,5.858E+02,2.000E+01,6.058E+02,1.344E-04,9.493E-05,0.7061
106,Aluminum Oxide,5.500E-02,6.155E+02,1.873E+01,6.342E+02,1.425E-04,1.022E-04,0.7171
106,Aluminum Oxide,6.000E-02,6.435E+02,1.763E+01,6.611E+02,1.502E-04,1.092E-04,0.7269
106,Aluminum Oxide,6.500E-02,6.700E+02,1.666E+01,6.867E+02,1.576E-04,1.160E-04,0.7357
106,Aluminum Oxide,7.000E-02,6.952E+02,1.580E+01,7.110E+02,1.648E-04,1.226E-04,0.7438
106,Aluminum Oxide,7.500E-02,7.191E+02,1.504E+01,7.342E+02,1.717E-04,1.290E-04,0.7511
106,Aluminum Oxide,8.000E-02,7.419E+02,1.435E+01,7.562E+02,1.784E-04,1.352E-04,0.7579
106,Aluminum Oxide,8.500E-02,7.636E+02,1.373E+01,7.773E+02,1.849E-04,1.413E-04,0.7641
106,Aluminum Oxide,9.000E-02,7.843E+02,1.317E+01,7.974E+02,1.913E-04,1.473E-04,0.7699
106,Aluminum Oxide,9.500E-02,8.040E+02,1.266E+01,8.166E+02,1.975E-04,1.531E-04,0.7753
106,Aluminum Oxide,1.000E-01,8.229E+02,1.219E+01,8.350E+02,2.035E-04,1.588E-04,0.7804
106,Aluminum Oxide,1.250E-01,9.059E+02,1.031E+01,9.162E+02,2.321E-04,1.860E-04,0.8015
106,Aluminum Oxide,1.500E-01,9.740E+02,8.971E+00,9.830E+02,2.584E-04,2.113E-04,0.8178
106,Aluminum Oxide,1.750E-01,1.031E+03,7.965E+00,1.039E+03,2.831E-04,2.352E-04,0.8309
106,Aluminum Oxide,2.000E-01,1.080E+03,7.177E+00,1.087E+03,3.066E-04,2.581E-04,0.8418
106,Aluminum Oxide,2.250E-01,1.122E+03,6.542E+00,1.129E+03,3.292E-04,2.801E-04,0.8510
106,Aluminum Oxide,2.500E-01,1.159E+03,6.019E+00,1.165E+03,3.510E-04,3.015E-04,0.8590
106,Aluminum Oxide,2.750E-01,1.191E+03,5.579E+00,1.197E+03,3.721E-04,3.222E-04,0.8659
106,Aluminum Oxide,3.000E-01,1.220E+03,5.204E+00,1.225E+03,3.928E-04,3.425E-04,0.8720
106,Aluminum Oxide,3.500E-01,1.267E+03,4.597E+00,1.272E+03,4.328E-04,3.819E-04,0.8825
106,Aluminum Oxide,4.000E-01,1.304E+03,4.125E+00,1.308E+03,4.715E-04,4.202E-04,0.8911
106,Aluminum Oxide,4.500E-01,1.332E+03,3.747E+00,1.336E+03,5.093E-04,4.576E-04,0.8984
106,Aluminum Oxide,5.000E-01,1.353E+03,3.437E+00,1.356E+03,5.465E-04,4.943E-04,0.9046
106,Aluminum Oxide,5.500E-01,1.368E+03,3.178E+00,1.371E+03,5.831E-04,5.307E-04,0.9100
106,Aluminum Oxide,6.000E-01,1.378E+03,2.958E+00,1.381E+03,6.194E-04,5.667E-04,0.9148
106,Aluminum Oxide,6.500E-01,1.383E+03,2.768E+00,1.386E+03,6.556E-04,6.026E-04,0.9191
106,Aluminum Oxide,7.000E-01,1.385E+03,2.603E+00,1.388E+03,6.916E-04,6.384E-04,0.9230
106,Aluminum Oxide,7.500E-01,1.384E+03,2.457E+00,1.386E+03,7.277E-04,6.742E-04,0.9265
106,Aluminum Oxide,8.000E-01,1.381E+03,2.328E+00,1.383E+03,7.638E-04,7.101E-04,0.9297
106,Aluminum Oxide,8.500E-01,1.376E+03,2.213E+00,1.378E+03,8.000E-04,7.461E-04,0.9326
106,Aluminum Oxide,9.000E-01,1.370E+03,2.110E+00,1.372E+03,8.364E-04,7.823E-04,0.9353
106,Aluminum Oxide,9.500E-01,1.362E+03,2.016E+00,1.364E+03,8.729E-04,8.186E-04,0.9378
106,Aluminum Oxide,1.000E+00,1.352E+03,1.931E+00,1.354E+03,9.097E-04,8.553E-04,0.9402
106,Aluminum Oxide,1.250E+00,1.308E+03,1.599E+00,1.310E+03,1.097E-03,1.042E-03,0.9497
106,Aluminum Oxide,1.500E+00,1.253E+03,1.370E+00,1.255E+03,1.292E-03,1.236E-03,0.9568
106,Aluminum Oxide,1.750E+00,1.187E+03,1.201E+00,1.188E+03,1.497E-03,1.440E-03,0.9623
106,Aluminum Oxide,2.000E+00,1.115E+03,1.071E+00,1.117E+03,1.714E-03,1.657E-03,0.9667
106,Aluminum Oxide,2.250E+00,1.044E+03,9.677E-01,1.045E+03,1.945E-03,1.888E-03,0.9704
106,Aluminum Oxide,2.500E+00,9.825E+02,8.837E-01,9.834E+02,2.192E-03,2.134E-03,0.9735
106,Aluminum Oxide,2.750E+00,9.284E+02,8.139E-01,9.292E+02,2.454E-03,2.395E-03,0.9761
106,Aluminum Oxide,3.000E+00,8.800E+02,7.548E-01,8.808E+02,2.730E-03,2.671E-03,0.9784
106,Aluminum Oxide,3.500E+00,8.012E+02,6.603E-01,8.019E+02,3.326E-03,3.266E-03,0.9819
106,Aluminum Oxide,4.000E+00,7.370E+02,5.878E-01,7.376E+02,3.977E-03,3.916E-03,0.9846
106,Aluminum Oxide,4.500E+00,6.834E+02,5.303E-01,6.840E+02,4.681E-03,4.619E-03,0.9867
106,Aluminum Oxide,5.000E+00,6.381E+02,4.836E-01,6.386E+02,5.438E-03,5.375E-03,0.9883
106,Aluminum Oxide,5.500E+00,5.991E+02,4.449E-01,5.995E+02,6.247E-03,6.182E-03,0.9897
106,Aluminum Oxide,6.000E+00,5.652E+02,4.121E-01,5.657E+02,7.106E-03,7.040E-03,0.9908
106,Aluminum Oxide,6.500E+00,5.354E+02,3.841E-01,5.358E+02,8.015E-03,7.948E-03,0.9917
106,Aluminum Oxide,7.000E+00,5.089E+02,3.598E-01,5.093E+02,8.972E-03,8.904E-03,0.9924
106,Aluminum Oxide,7.500E+00,4.853E+02,3.386E-01,4.856E+02,9.978E-03,9.909E-03,0.9931
106,Aluminum Oxide,8.000E+00,4.640E+02,3.198E-01,4.644E+02,1.103E-02,1.096E-02,0.9936
106,Aluminum Oxide,8.500E+00,4.448E+02,3.031E-01,4.451E+02,1.213E-02,1.206E-02,0.9941
106,Aluminum Oxide,9.000E+00,4.273E+02,2.881E-01,4.276E+02,1.328E-02,1.320E-02,0.9945
106,Aluminum Oxide,9.500E+00,4.114E+02,2.747E-01,4.116E+02,1.447E-02,1.440E-02,0.9948
106,Aluminum Oxide,1.000E+01,3.967E+02,2.624E-01,3.969E+02,1.571E-02,1.563E-02,0.9952
106,Aluminum Oxide,1.250E+01,3.380E+02,2.152E-01,3.382E+02,2.256E-02,2.247E-02,0.9963
106,Aluminum Oxide,1.500E+01,2.959E+02,1.829E-01,2.961E+02,3.048E-02,3.038E-02,0.9970
106,Aluminum Oxide,1.750E+01,2.642E+02,1.593E-01,2.643E+02,3.943E-02,3.933E-02,0.9975
106,Aluminum Oxide,2.000E+01,2.392E+02,1.413E-01,2.393E+02,4.938E-02,4.927E-02,0.9978
106,Aluminum Oxide,2.500E+01,2.022E+02,1.155E-01,2.023E+02,7.220E-02,7.207E-02,0.9982
106,Aluminum Oxide,2.750E+01,1.881E+02,1.060E-01,1.882E+02,8.502E-02,8.488E-02,0.9983
106,Aluminum Oxide,3.000E+01,1.760E+02,9.795E-02,1.761E+02,9.877E-02,9.861E-02,0.9984
106,Aluminum Oxide,3.500E+01,1.563E+02,8.515E-02,1.564E+02,1.290E-01,1.288E-01,0.9986
106,Aluminum Oxide,4.000E+01,1.409E+02,7.539E-02,1.410E+02,1.627E-01,1.625E-01,0.9987
106,Aluminum Oxide,4.500E+01,1.286E+02,6.769E-02,1.287E+02,1.998E-01,1.996E-01,0.9988
106,Aluminum Oxide,5.000E+01,1.184E+02,6.146E-02,1.185E+02,2.404E-01,2.401E-01,0.9989
106,Aluminum Oxide,5.500E+01,1.099E+02,5.630E-02,1.100E+02,2.842E-01,2.839E-01,0.9989
106,Aluminum Oxide,6.000E+01,1.026E+02,5.197E-02,1.027E+02,3.313E-01,3.310E-01,0.9990
106,Aluminum Oxide,6.500E+01,9.636E+01,4.826E-02,9.641E+01,3.816E-01,3.812E-01,0.9990
106,Aluminum Oxide,7.000E+01,9.088E+01,4.506E-02,9.093E+01,4.350E-01,4.346E-01,0.9990
106,Aluminum Oxide,7.500E+01,8.606E+01,4.227E-02,8.610E+01,4.916E-01,4.911E-01,0.9990
106,Aluminum Oxide,8.000E+01,8.177E+01,3.981E-02,8.181E+01,5.512E-01,5.506E-01,0.9991
106,Aluminum Oxide,8.500E+01,7.794E+01,3.762E-02,7.798E+01,6.138E-01,6.132E-01,0.9991
106,Aluminum Oxide,9.000E+01,7.449E+01,3.567E-02,7.453E+01,6.794E-01,6.788E-01,0.9991
106,Aluminum Oxide,9.500E+01,7.137E+01,3.392E-02,7.140E+01,7.480E-01,7.473E-01,0.9991
106,Aluminum Oxide,1.000E+02,6.852E+01,3.233E-02,6.855E+01,8.194E-01,8.187E-01,0.9991
106,Aluminum Oxide,1.250E+02,5.742E+01,2.622E-02,5.745E+01,1.220E+00,1.219E+00,0.9992
106,Aluminum Oxide,1.500E+02,4.972E+01,2.207E-02,4.974E+01,1.689E+00,1.687E+00,0.9992
106,Aluminum Oxide,1.750E+02,4.405E+01,1.907E-02,4.407E+01,2.224E+00,2.222E+00,0.9992
106,Aluminum Oxide,2.000E+02,3.968E+01,1.679E-02,3.970E+01,2.823E+00,2.821E+00,0.9993
106,Aluminum Oxide,2.250E+02,3.621E+01,1.500E-02,3.623E+01,3.483E+00,3.480E+00,0.9993
106,Aluminum Oxide,2.500E+02,3.338E+01,1.356E-02,3.340E+01,4.202E+00,4.199E+00,0.9993
106,Aluminum Oxide,2.750E+02,3.103E+01,1.237E-02,3.105E+01,4.979E+00,4.976E+00,0.9993
106,Aluminum Oxide,3.000E+02,2.905E+01,1.137E-02,2.906E+01,5.812E+00,5.808E+00,0.9993
106,Aluminum Oxide,3.500E+02,2.588E+01,9.799E-03,2.589E+01,7.639E+00,7.634E+00,0.9993
106,Aluminum Oxide,4.000E+02,2.345E+01,8.606E-03,2.346E+01,9.672E+00,9.666E+00,0.9994
106,Aluminum Oxide,4.500E+02,2.153E+01,7.673E-03,2.153E+01,1.190E+01,1.189E+01,0.9994
106,Aluminum Oxide,5.000E+02,1.997E+01,6.924E-03,1.998E+01,1.431E+01,1.430E+01,0.9994
106,Aluminum Oxide,5.500E+02,1.868E+01,6.308E-03,1.869E+01,1.690E+01,1.689E+01,0.9994
106,Aluminum Oxide,6.000E+02,1.759E+01,5.793E-03,1.760E+01,1.966E+01,1.965E+01,0.9994
106,Aluminum Oxide,6.500E+02,1.667E+01,5.355E-03,1.667E+01,2.258E+01,2.257E+01,0.9994
106,Aluminum Oxide,7.000E+02,1.587E+01,4.977E-03,1.587E+01,2.566E+01,2.564E+01,0.9994
106,Aluminum Oxide,7.500E+02,1.517E+01,4.649E-03,1.518E+01,2.888E+01,2.886E+01,0.9994
106,Aluminum Oxide,8.000E+02,1.456E+01,4.361E-03,1.456E+01,3.224E+01,3.223E+01,0.9994
106,Aluminum Oxide,8.500E+02,1.402E+01,4.107E-03,1.402E+01,3.574E+01,3.572E+01,0.9995
106,Aluminum Oxide,9.000E+02,1.353E+01,3.882E-03,1.354E+01,3.937E+01,3.935E+01,0.9995
106,Aluminum Oxide,9.500E+02,1.310E+01,3.681E-03,1.310E+01,4.313E+01,4.311E+01,0.9995
106,Aluminum Oxide,1.000E+03,1.270E+01,3.499E-03,1.271E+01,4.701E+01,4.698E+01,0.9995
111,B-100 Bone-Equivalent Plastic,1.000E-03,1.386E+02,1.855E+02,3.241E+02,3.547E-06,1.759E-06,0.4959
111,B-100 Bone-Equivalent Plastic,1.500E-03,1.677E+02,1.698E+02,3.375E+02,5.052E-06,2.605E-06,0.5156
111,B-100 Bone-Equivalent Plastic,2.000E-03,1.920E+02,1.568E+02,3.488E+02,6.510E-06,3.467E-06,0.5326
111,B-100 Bone-Equivalent Plastic,2.500E-03,2.133E+02,1.460E+02,3.593E+02,7.922E-06,4.336E-06,0.5474
111,B-100 Bone-Equivalent Plastic,3.000E-03,2.324E+02,1.368E+02,3.693E+02,9.295E-06,5.210E-06,0.5605
111,B-100 Bone-Equivalent Plastic,4.000E-03,2.663E+02,1.222E+02,3.885E+02,1.193E-05,6.958E-06,0.5831
111,B-100 Bone-Equivalent Plastic,5.000E-03,2.960E+02,1.109E+02,4.069E+02,1.445E-05,8.697E-06,0.6019
111,B-100 Bone-Equivalent Plastic,6.000E-03,3.227E+02,1.018E+02,4.245E+02,1.685E-05,1.042E-05,0.6181
111,B-100 Bone-Equivalent Plastic,7.000E-03,3.472E+02,9.440E+01,4.416E+02,1.916E-05,1.212E-05,0.6322
111,B-100 Bone-Equivalent Plastic,8.000E-03,3.699E+02,8.815E+01,4.581E+02,2.139E-05,1.379E-05,0.6448
111,B-100 Bone-Equivalent Plastic,9.000E-03,3.912E+02,8.280E+01,4.740E+02,2.353E-05,1.544E-05,0.6560
111,B-100 Bone-Equivalent Plastic,1.000E-02,4.113E+02,7.817E+01,4.894E+02,2.561E-05,1.706E-05,0.6662
111,B-100 Bone-Equivalent Plastic,1.250E-02,4.573E+02,6.885E+01,5.262E+02,3.053E-05,2.101E-05,0.6880
111,B-100 Bone-Equivalent Plastic,1.500E-02,4.988E+02,6.178E+01,5.606E+02,3.513E-05,2.480E-05,0.7059
111,B-100 Bone-Equivalent Plastic,1.750E-02,5.368E+02,5.619E+01,5.930E+02,3.947E-05,2.845E-05,0.7209
111,B-100 Bone-Equivalent Plastic,2.000E-02,5.720E+02,5.165E+01,6.237E+02,4.358E-05,3.198E-05,0.7338
111,B-100 Bone-Equivalent Plastic,2.250E-02,6.050E+02,4.787E+01,6.529E+02,4.749E-05,3.539E-05,0.7451
111,B-100 Bone-Equivalent Plastic,2.500E-02,6.361E+02,4.467E+01,6.808E+02,5.124E-05,3.869E-05,0.7550
111,B-100 Bone-Equivalent Plastic,2.750E-02,6.657E+02,4.192E+01,7.076E+02,5.484E-05,4.189E-05,0.7639
111,B-100 Bone-Equivalent Plastic,3.000E-02,6.938E+02,3.952E+01,7.333E+02,5.831E-05,4.501E-05,0.7718
111,B-100 Bone-Equivalent Plastic,3.500E-02,7.465E+02,3.555E+01,7.821E+02,6.491E-05,5.100E-05,0.7856
111,B-100 Bone-Equivalent Plastic,4.000E-02,7.954E+02,3.238E+01,8.277E+02,7.113E-05,5.670E-05,0.7972
111,B-100 Bone-Equivalent Plastic,4.500E-02,8.410E+02,2.978E+01,8.708E+02,7.701E-05,6.216E-05,0.8071
111,B-100 Bone-Equivalent Plastic,5.000E-02,8.839E+02,2.761E+01,9.115E+02,8.262E-05,6.740E-05,0.8157
111,B-100 Bone-Equivalent Plastic,5.500E-02,9.245E+02,2.576E+01,9.503E+02,8.799E-05,7.244E-05,0.8233
111,B-100 Bone-Equivalent Plastic,6.000E-02,9.631E+02,2.417E+01,9.873E+02,9.315E-05,7.732E-05,0.8300
111,B-100 Bone-Equivalent Plastic,6.500E-02,9.999E+02,2.278E+01,1.023E+03,9.813E-05,8.204E-05,0.8360
111,B-100 Bone-Equivalent Plastic,7.000E-02,1.035E+03,2.156E+01,1.057E+03,1.029E-04,8.662E-05,0.8415
111,B-100 Bone-Equivalent Plastic,7.500E-02,1.069E+03,2.047E+01,1.089E+03,1.076E-04,9.108E-05,0.8464
111,B-100 Bone-Equivalent Plastic,8.000E-02,1.101E+03,1.950E+01,1.121E+03,1.121E-04,9.541E-05,0.8510
111,B-100 Bone-Equivalent Plastic,8.500E-02,1.133E+03,1.863E+01,1.151E+03,1.165E-04,9.964E-05,0.8551
111,B-100 Bone-Equivalent Plastic,9.000E-02,1.163E+03,1.783E+01,1.181E+03,1.208E-04,1.038E-04,0.8590
111,B-100 Bone-Equivalent Plastic,9.500E-02,1.192E+03,1.711E+01,1.209E+03,1.250E-04,1.078E-04,0.8626
111,B-100 Bone-Equivalent Plastic,1.000E-01,1.220E+03,1.645E+01,1.236E+03,1.291E-04,1.118E-04,0.8659
111,B-100 Bone-Equivalent Plastic,1.250E-01,1.348E+03,1.384E+01,1.362E+03,1.483E-04,1.305E-04,0.8796
111,B-100 Bone-Equivalent Plastic,1.500E-01,1.460E+03,1.199E+01,1.472E+03,1.660E-04,1.477E-04,0.8900
111,B-100 Bone-Equivalent Plastic,1.750E-01,1.557E+03,1.061E+01,1.568E+03,1.824E-04,1.638E-04,0.8982
111,B-100 Bone-Equivalent Plastic,2.000E-01,1.643E+03,9.540E+00,1.652E+03,1.979E-04,1.791E-04,0.9050
111,B-100 Bone-Equivalent Plastic,2.250E-01,1.719E+03,8.677E+00,1.727E+03,2.127E-04,1.937E-04,0.9106
111,B-100 Bone-Equivalent Plastic,2.500E-01,1.786E+03,7.968E+00,1.794E+03,2.269E-04,2.077E-04,0.9154
111,B-100 Bone-Equivalent Plastic,2.750E-01,1.845E+03,7.374E+00,1.852E+03,2.406E-04,2.213E-04,0.9196
111,B-100 Bone-Equivalent Plastic,3.000E-01,1.897E+03,6.869E+00,1.904E+03,2.539E-04,2.345E-04,0.9233
111,B-100 Bone-Equivalent Plastic,3.500E-01,1.983E+03,6.052E+00,1.989E+03,2.796E-04,2.599E-04,0.9296
111,B-100 Bone-Equivalent Plastic,4.000E-01,2.047E+03,5.421E+00,2.052E+03,3.043E-04,2.844E-04,0.9347
111,B-100 Bone-Equivalent Plastic,4.500E-01,2.093E+03,4.916E+00,2.098E+03,3.284E-04,3.084E-04,0.9390
111,B-100 Bone-Equivalent Plastic,5.000E-01,2.124E+03,4.504E+00,2.128E+03,3.521E-04,3.319E-04,0.9427
111,B-100 Bone-Equivalent Plastic,5.500E-01,2.142E+03,4.159E+00,2.146E+03,3.754E-04,3.552E-04,0.9460
111,B-100 Bone-Equivalent Plastic,6.000E-01,2.149E+03,3.866E+00,2.153E+03,3.987E-04,3.783E-04,0.9489
111,B-100 Bone-Equivalent Plastic,6.500E-01,2.148E+03,3.615E+00,2.151E+03,4.219E-04,4.014E-04,0.9515
111,B-100 Bone-Equivalent Plastic,7.000E-01,2.139E+03,3.396E+00,2.143E+03,4.452E-04,4.246E-04,0.9538
111,B-100 Bone-Equivalent Plastic,7.500E-01,2.125E+03,3.204E+00,2.128E+03,4.686E-04,4.480E-04,0.9559
111,B-100 Bone-Equivalent Plastic,8.000E-01,2.106E+03,3.033E+00,2.109E+03,4.922E-04,4.715E-04,0.9579
111,B-100 Bone-Equivalent Plastic,8.500E-01,2.084E+03,2.881E+00,2.087E+03,5.160E-04,4.952E-04,0.9597
111,B-100 Bone-Equivalent Plastic,9.000E-01,2.059E+03,2.745E+00,2.061E+03,5.401E-04,5.193E-04,0.9614
111,B-100 Bone-Equivalent Plastic,9.500E-01,2.031E+03,2.622E+00,2.034E+03,5.646E-04,5.436E-04,0.9629
111,B-100 Bone-Equivalent Plastic,1.000E+00,2.003E+03,2.510E+00,2.005E+03,5.893E-04,5.683E-04,0.9644
111,B-100 Bone-Equivalent Plastic,1.250E+00,1.861E+03,2.074E+00,1.863E+03,7.187E-04,6.974E-04,0.9704
111,B-100 Bone-Equivalent Plastic,1.500E+00,1.726E+03,1.773E+00,1.728E+03,8.580E-04,8.365E-04,0.9749
111,B-100 Bone-Equivalent Plastic,1.750E+00,1.600E+03,1.552E+00,1.602E+03,1.008E-03,9.865E-04,0.9784
111,B-100 Bone-Equivalent Plastic,2.000E+00,1.484E+03,1.383E+00,1.485E+03,1.170E-03,1.148E-03,0.9812
111,B-100 Bone-Equivalent Plastic,2.250E+00,1.379E+03,1.248E+00,1.381E+03,1.345E-03,1.323E-03,0.9834
111,B-100 Bone-Equivalent Plastic,2.500E+00,1.290E+03,1.139E+00,1.291E+03,1.533E-03,1.510E-03,0.9853
111,B-100 Bone-Equivalent Plastic,2.750E+00,1.214E+03,1.048E+00,1.215E+03,1.732E-03,1.709E-03,0.9869
111,B-100 Bone-Equivalent Plastic,3.000E+00,1.147E+03,9.714E-01,1.148E+03,1.944E-03,1.921E-03,0.9882
111,B-100 Bone-Equivalent Plastic,3.500E+00,1.035E+03,8.487E-01,1.036E+03,2.403E-03,2.380E-03,0.9902
111,B-100 Bone-Equivalent Plastic,4.000E+00,9.453E+02,7.548E-01,9.460E+02,2.909E-03,2.885E-03,0.9918
111,B-100 Bone-Equivalent Plastic,4.500E+00,8.718E+02,6.804E-01,8.724E+02,3.460E-03,3.435E-03,0.9929
111,B-100 Bone-Equivalent Plastic,5.000E+00,8.100E+02,6.200E-01,8.106E+02,4.055E-03,4.030E-03,0.9938
111,B-100 Bone-Equivalent Plastic,5.500E+00,7.577E+02,5.699E-01,7.583E+02,4.693E-03,4.667E-03,0.9945
111,B-100 Bone-Equivalent Plastic,6.000E+00,7.125E+02,5.276E-01,7.130E+02,5.373E-03,5.347E-03,0.9951
111,B-100 Bone-Equivalent Plastic,6.500E+00,6.729E+02,4.914E-01,6.734E+02,6.095E-03,6.068E-03,0.9956
111,B-100 Bone-Equivalent Plastic,7.000E+00,6.381E+02,4.601E-01,6.385E+02,6.858E-03,6.831E-03,0.9960
111,B-100 Bone-Equivalent Plastic,7.500E+00,6.070E+02,4.327E-01,6.074E+02,7.661E-03,7.633E-03,0.9963
111,B-100 Bone-Equivalent Plastic,8.000E+00,5.792E+02,4.085E-01,5.796E+02,8.504E-03,8.476E-03,0.9966
111,B-100 Bone-Equivalent Plastic,8.500E+00,5.541E+02,3.870E-01,5.545E+02,9.386E-03,9.357E-03,0.9969
111,B-100 Bone-Equivalent Plastic,9.000E+00,5.313E+02,3.678E-01,5.317E+02,1.031E-02,1.028E-02,0.9971
111,B-100 Bone-Equivalent Plastic,9.500E+00,5.105E+02,3.504E-01,5.109E+02,1.127E-02,1.124E-02,0.9973
111,B-100 Bone-Equivalent Plastic,1.000E+01,4.915E+02,3.347E-01,4.919E+02,1.226E-02,1.223E-02,0.9974
111,B-100 Bone-Equivalent Plastic,1.250E+01,4.161E+02,2.740E-01,4.163E+02,1.781E-02,1.778E-02,0.9980
111,B-100 Bone-Equivalent Plastic,1.500E+01,3.623E+02,2.324E-01,3.626E+02,2.426E-02,2.422E-02,0.9984
111,B-100 Bone-Equivalent Plastic,1.750E+01,3.220E+02,2.022E-01,3.222E+02,3.159E-02,3.155E-02,0.9986
111,B-100 Bone-Equivalent Plastic,2.000E+01,2.904E+02,1.791E-01,2.906E+02,3.978E-02,3.973E-02,0.9987
111,B-100 Bone-Equivalent Plastic,2.500E+01,2.440E+02,1.462E-01,2.441E+02,5.863E-02,5.857E-02,0.9989
111,B-100 Bone-Equivalent Plastic,2.750E+01,2.264E+02,1.340E-01,2.265E+02,6.927E-02,6.920E-02,0.9990
111,B-100 Bone-Equivalent Plastic,3.000E+01,2.113E+02,1.237E-01,2.115E+02,8.070E-02,8.063E-02,0.9991
111,B-100 Bone-Equivalent Plastic,3.500E+01,1.870E+02,1.074E-01,1.871E+02,1.059E-01,1.058E-01,0.9991
111,B-100 Bone-Equivalent Plastic,4.000E+01,1.681E+02,9.493E-02,1.682E+02,1.341E-01,1.340E-01,0.9992
111,B-100 Bone-Equivalent Plastic,4.500E+01,1.530E+02,8.514E-02,1.531E+02,1.653E-01,1.652E-01,0.9992
111,B-100 Bone-Equivalent Plastic,5.000E+01,1.406E+02,7.721E-02,1.407E+02,1.994E-01,1.993E-01,0.9993
111,B-100 Bone-Equivalent Plastic,5.500E+01,1.302E+02,7.065E-02,1.303E+02,2.364E-01,2.362E-01,0.9993
111,B-100 Bone-Equivalent Plastic,6.000E+01,1.214E+02,6.513E-02,1.215E+02,2.761E-01,2.760E-01,0.9993
111,B-100 Bone-Equivalent Plastic,6.500E+01,1.138E+02,6.043E-02,1.139E+02,3.187E-01,3.185E-01,0.9993
111,B-100 Bone-Equivalent Plastic,7.000E+01,1.072E+02,5.637E-02,1.073E+02,3.639E-01,3.637E-01,0.9994
111,B-100 Bone-Equivalent Plastic,7.500E+01,1.014E+02,5.283E-02,1.015E+02,4.119E-01,4.116E-01,0.9994
111,B-100 Bone-Equivalent Plastic,8.000E+01,9.625E+01,4.972E-02,9.630E+01,4.625E-01,4.622E-01,0.9994
111,B-100 Bone-Equivalent Plastic,8.500E+01,9.165E+01,4.696E-02,9.170E+01,5.157E-01,5.154E-01,0.9994
111,B-100 Bone-Equivalent Plastic,9.000E+01,8.751E+01,4.450E-02,8.756E+01,5.715E-01,5.712E-01,0.9994
111,B-100 Bone-Equivalent Plastic,9.500E+01,8.377E+01,4.228E-02,8.381E+01,6.299E-01,6.295E-01,0.9994
111,B-100 Bone-Equivalent Plastic,1.000E+02,8.037E+01,4.028E-02,8.041E+01,6.908E-01,6.904E-01,0.9994
111,B-100 Bone-Equivalent Plastic,1.250E+02,6.714E+01,3.258E-02,6.717E+01,1.033E+00,1.032E+00,0.9994
111,B-100 Bone-Equivalent Plastic,1.500E+02,5.799E+01,2.736E-02,5.802E+01,1.434E+00,1.434E+00,0.9995
111,B-100 Bone-Equivalent Plastic,1.750E+02,5.128E+01,2.359E-02,5.130E+01,1.894E+00,1.893E+00,0.9995
111,B-100 Bone-Equivalent Plastic,2.000E+02,4.612E+01,2.074E-02,4.614E+01,2.408E+00,2.407E+00,0.9995
111,B-100 Bone-Equivalent Plastic,2.250E+02,4.203E+01,1.852E-02,4.205E+01,2.977E+00,2.975E+00,0.9995
111,B-100 Bone-Equivalent Plastic,2.500E+02,3.871E+01,1.672E-02,3.873E+01,3.597E+00,3.595E+00,0.9995
111,B-100 Bone-Equivalent Plastic,2.750E+02,3.595E+01,1.524E-02,3.597E+01,4.267E+00,4.265E+00,0.9995
111,B-100 Bone-Equivalent Plastic,3.000E+02,3.362E+01,1.400E-02,3.364E+01,4.986E+00,4.984E+00,0.9995
111,B-100 Bone-Equivalent Plastic,3.500E+02,2.991E+01,1.204E-02,2.992E+01,6.566E+00,6.563E+00,0.9995
111,B-100 Bone-Equivalent Plastic,4.000E+02,2.707E+01,1.057E-02,2.708E+01,8.326E+00,8.322E+00,0.9995
111,B-100 Bone-Equivalent Plastic,4.500E+02,2.482E+01,9.414E-03,2.483E+01,1.026E+01,1.025E+01,0.9996
111,B-100 Bone-Equivalent Plastic,5.000E+02,2.301E+01,8.488E-03,2.302E+01,1.235E+01,1.234E+01,0.9996
111,B-100 Bone-Equivalent Plastic,5.500E+02,2.151E+01,7.726E-03,2.151E+01,1.460E+01,1.459E+01,0.9996
111,B-100 Bone-Equivalent Plastic,6.000E+02,2.024E+01,7.089E-03,2.025E+01,1.700E+01,1.699E+01,0.9996
111,B-100 Bone-Equivalent Plastic,6.500E+02,1.917E+01,6.550E-03,1.917E+01,1.954E+01,1.953E+01,0.9996
111,B-100 Bone-Equivalent Plastic,7.000E+02,1.824E+01,6.088E-03,1.824E+01,2.221E+01,2.220E+01,0.9996
111,B-100 Bone-Equivalent Plastic,7.500E+02,1.743E+01,5.687E-03,1.743E+01,2.501E+01,2.500E+01,0.9996
111,B-100 Bone-Equivalent Plastic,8.000E+02,1.672E+01,5.335E-03,1.672E+01,2.794E+01,2.793E+01,0.9996
111,B-100 Bone-Equivalent Plastic,8.500E+02,1.609E+01,5.024E-03,1.609E+01,3.099E+01,3.098E+01,0.9996
111,B-100 Bone-Equivalent Plastic,9.000E+02,1.552E+01,4.747E-03,1.553E+01,3.416E+01,3.414E+01,0.9996
111,B-100 Bone-Equivalent Plastic,9.500E+02,1.502E+01,4.499E-03,1.502E+01,3.743E+01,3.742E+01,0.9996
111,B-100 Bone-Equivalent Plastic,1.000E+03,1.456E+01,4.275E-03,1.457E+01,4.081E+01,4.080E+01,0.9996
119,"Bone, Compact (ICRU)",1.000E-03,1.259E+02,1.777E+02,3.035E+02,3.783E-06,1.806E-06,0.4776
119,"Bone, Compact (ICRU)",1.500E-03,1.526E+02,1.632E+02,3.158E+02,5.391E-06,2.675E-06,0.4962
119,"Bone, Compact (ICRU)",2.000E-03,1.750E+02,1.511E+02,3.262E+02,6.949E-06,3.562E-06,0.5126
119,"Bone, Compact (ICRU)",2.500E-03,1.948E+02,1.410E+02,3.357E+02,8.459E-06,4.458E-06,0.5270
119,"Bone, Compact (ICRU)",3.000E-03,2.125E+02,1.324E+02,3.449E+02,9.928E-06,5.360E-06,0.5399
119,"Bone, Compact (ICRU)",4.000E-03,2.441E+02,1.185E+02,3.626E+02,1.276E-05,7.170E-06,0.5621
119,"Bone, Compact (ICRU)",5.000E-03,2.718E+02,1.078E+02,3.796E+02,1.545E-05,8.974E-06,0.5809
119,"Bone, Compact (ICRU)",6.000E-03,2.968E+02,9.921E+01,3.960E+02,1.803E-05,1.076E-05,0.5971
119,"Bone, Compact (ICRU)",7.000E-03,3.198E+02,9.210E+01,4.118E+02,2.051E-05,1.253E-05,0.6113
119,"Bone, Compact (ICRU)",8.000E-03,3.411E+02,8.610E+01,4.272E+02,2.289E-05,1.428E-05,0.6240
119,"Bone, Compact (ICRU)",9.000E-03,3.612E+02,8.097E+01,4.422E+02,2.519E-05,1.601E-05,0.6354
119,"Bone, Compact (ICRU)",1.000E-02,3.802E+02,7.651E+01,4.567E+02,2.741E-05,1.770E-05,0.6458
119,"Bone, Compact (ICRU)",1.250E-02,4.238E+02,6.752E+01,4.913E+02,3.269E-05,2.184E-05,0.6681
119,"Bone, Compact (ICRU)",1.500E-02,4.631E+02,6.068E+01,5.238E+02,3.762E-05,2.582E-05,0.6864
119,"Bone, Compact (ICRU)",1.750E-02,4.993E+02,5.526E+01,5.546E+02,4.225E-05,2.966E-05,0.7020
119,"Bone, Compact (ICRU)",2.000E-02,5.330E+02,5.084E+01,5.838E+02,4.664E-05,3.337E-05,0.7154
119,"Bone, Compact (ICRU)",2.250E-02,5.646E+02,4.716E+01,6.118E+02,5.083E-05,3.695E-05,0.7271
119,"Bone, Compact (ICRU)",2.500E-02,5.945E+02,4.404E+01,6.385E+02,5.483E-05,4.043E-05,0.7374
119,"Bone, Compact (ICRU)",2.750E-02,6.228E+02,4.136E+01,6.642E+02,5.866E-05,4.380E-05,0.7467
119,"Bone, Compact (ICRU)",3.000E-02,6.499E+02,3.902E+01,6.889E+02,6.236E-05,4.708E-05,0.7550
119,"Bone, Compact (ICRU)",3.500E-02,7.008E+02,3.513E+01,7.360E+02,6.938E-05,5.338E-05,0.7694
119,"Bone, Compact (ICRU)",4.000E-02,7.481E+02,3.202E+01,7.801E+02,7.597E-05,5.938E-05,0.7816
119,"Bone, Compact (ICRU)",4.500E-02,7.924E+02,2.947E+01,8.219E+02,8.221E-05,6.512E-05,0.7920
119,"Bone, Compact (ICRU)",5.000E-02,8.342E+02,2.733E+01,8.615E+02,8.816E-05,7.062E-05,0.8011
119,"Bone, Compact (ICRU)",5.500E-02,8.737E+02,2.552E+01,8.993E+02,9.383E-05,7.592E-05,0.8091
119,"Bone, Compact (ICRU)",6.000E-02,9.114E+02,2.395E+01,9.354E+02,9.929E-05,8.104E-05,0.8163
119,"Bone, Compact (ICRU)",6.500E-02,9.474E+02,2.258E+01,9.700E+02,1.045E-04,8.599E-05,0.8226
119,"Bone, Compact (ICRU)",7.000E-02,9.819E+02,2.138E+01,1.003E+03,1.096E-04,9.080E-05,0.8284
119,"Bone, Compact (ICRU)",7.500E-02,1.015E+03,2.031E+01,1.035E+03,1.145E-04,9.546E-05,0.8337
119,"Bone, Compact (ICRU)",8.000E-02,1.047E+03,1.935E+01,1.066E+03,1.193E-04,1.000E-04,0.8385
119,"Bone, Compact (ICRU)",8.500E-02,1.078E+03,1.848E+01,1.096E+03,1.239E-04,1.044E-04,0.8429
119,"Bone, Compact (ICRU)",9.000E-02,1.107E+03,1.770E+01,1.125E+03,1.284E-04,1.087E-04,0.8470
119,"Bone, Compact (ICRU)",9.500E-02,1.136E+03,1.699E+01,1.153E+03,1.328E-04,1.130E-04,0.8508
119,"Bone, Compact (ICRU)",1.000E-01,1.164E+03,1.634E+01,1.180E+03,1.371E-04,1.171E-04,0.8544
119,"Bone, Compact (ICRU)",1.250E-01,1.291E+03,1.375E+01,1.305E+03,1.572E-04,1.366E-04,0.8690
119,"Bone, Compact (ICRU)",1.500E-01,1.401E+03,1.193E+01,1.413E+03,1.756E-04,1.545E-04,0.8801
119,"Bone, Compact (ICRU)",1.750E-01,1.498E+03,1.056E+01,1.509E+03,1.927E-04,1.713E-04,0.8889
119,"Bone, Compact (ICRU)",2.000E-01,1.584E+03,9.494E+00,1.594E+03,2.088E-04,1.871E-04,0.8961
119,"Bone, Compact (ICRU)",2.250E-01,1.660E+03,8.638E+00,1.669E+03,2.241E-04,2.022E-04,0.9022
119,"Bone, Compact (ICRU)",2.500E-01,1.727E+03,7.934E+00,1.735E+03,2.388E-04,2.167E-04,0.9073
119,"Bone, Compact (ICRU)",2.750E-01,1.787E+03,7.344E+00,1.794E+03,2.530E-04,2.307E-04,0.9119
119,"Bone, Compact (ICRU)",3.000E-01,1.839E+03,6.842E+00,1.846E+03,2.667E-04,2.442E-04,0.9158
119,"Bone, Compact (ICRU)",3.500E-01,1.926E+03,6.031E+00,1.932E+03,2.931E-04,2.704E-04,0.9226
119,"Bone, Compact (ICRU)",4.000E-01,1.991E+03,5.403E+00,1.997E+03,3.186E-04,2.957E-04,0.9281
119,"Bone, Compact (ICRU)",4.500E-01,2.039E+03,4.902E+00,2.044E+03,3.433E-04,3.202E-04,0.9328
119,"Bone, Compact (ICRU)",5.000E-01,2.072E+03,4.491E+00,2.076E+03,3.676E-04,3.443E-04,0.9368
119,"Bone, Compact (ICRU)",5.500E-01,2.092E+03,4.148E+00,2.096E+03,3.915E-04,3.682E-04,0.9403
119,"Bone, Compact (ICRU)",6.000E-01,2.103E+03,3.857E+00,2.106E+03,4.153E-04,3.918E-04,0.9435
119,"Bone, Compact (ICRU)",6.500E-01,2.105E+03,3.606E+00,2.108E+03,4.390E-04,4.154E-04,0.9463
119,"Bone, Compact (ICRU)",7.000E-01,2.100E+03,3.388E+00,2.103E+03,4.628E-04,4.391E-04,0.9488
119,"Bone, Compact (ICRU)",7.500E-01,2.089E+03,3.197E+00,2.093E+03,4.866E-04,4.628E-04,0.9511
119,"Bone, Compact (ICRU)",8.000E-01,2.075E+03,3.027E+00,2.078E+03,5.106E-04,4.867E-04,0.9533
119,"Bone, Compact (ICRU)",8.500E-01,2.056E+03,2.876E+00,2.059E+03,5.347E-04,5.108E-04,0.9552
119,"Bone, Compact (ICRU)",9.000E-01,2.035E+03,2.740E+00,2.038E+03,5.591E-04,5.351E-04,0.9571
119,"Bone, Compact (ICRU)",9.500E-01,2.011E+03,2.617E+00,2.014E+03,5.838E-04,5.597E-04,0.9587
119,"Bone, Compact (ICRU)",1.000E+00,1.986E+03,2.505E+00,1.989E+03,6.088E-04,5.846E-04,0.9603
119,"Bone, Compact (ICRU)",1.250E+00,1.846E+03,2.071E+00,1.848E+03,7.391E-04,7.146E-04,0.9669
119,"Bone, Compact (ICRU)",1.500E+00,1.705E+03,1.771E+00,1.707E+03,8.798E-04,8.551E-04,0.9718
119,"Bone, Compact (ICRU)",1.750E+00,1.576E+03,1.551E+00,1.577E+03,1.032E-03,1.007E-03,0.9757
119,"Bone, Compact (ICRU)",2.000E+00,1.460E+03,1.382E+00,1.461E+03,1.197E-03,1.172E-03,0.9789
119,"Bone, Compact (ICRU)",2.250E+00,1.358E+03,1.248E+00,1.359E+03,1.374E-03,1.349E-03,0.9814
119,"Bone, Compact (ICRU)",2.500E+00,1.271E+03,1.138E+00,1.272E+03,1.565E-03,1.539E-03,0.9835
119,"Bone, Compact (ICRU)",2.750E+00,1.196E+03,1.048E+00,1.197E+03,1.768E-03,1.741E-03,0.9852
119,"Bone, Compact (ICRU)",3.000E+00,1.130E+03,9.712E-01,1.131E+03,1.983E-03,1.956E-03,0.9867
119,"Bone, Compact (ICRU)",3.500E+00,1.020E+03,8.486E-01,1.021E+03,2.449E-03,2.422E-03,0.9890
119,"Bone, Compact (ICRU)",4.000E+00,9.316E+02,7.548E-01,9.324E+02,2.962E-03,2.934E-03,0.9907
119,"Bone, Compact (ICRU)",4.500E+00,8.594E+02,6.805E-01,8.601E+02,3.521E-03,3.493E-03,0.9920
119,"Bone, Compact (ICRU)",5.000E+00,7.988E+02,6.202E-01,7.994E+02,4.124E-03,4.096E-03,0.9931
119,"Bone, Compact (ICRU)",5.500E+00,7.474E+02,5.701E-01,7.479E+02,4.771E-03,4.742E-03,0.9939
119,"Bone, Compact (ICRU)",6.000E+00,7.029E+02,5.279E-01,7.035E+02,5.461E-03,5.431E-03,0.9945
119,"Bone, Compact (ICRU)",6.500E+00,6.640E+02,4.917E-01,6.645E+02,6.193E-03,6.162E-03,0.9951
119,"Bone, Compact (ICRU)",7.000E+00,6.297E+02,4.604E-01,6.301E+02,6.966E-03,6.935E-03,0.9955
119,"Bone, Compact (ICRU)",7.500E+00,5.991E+02,4.330E-01,5.995E+02,7.780E-03,7.748E-03,0.9959
119,"Bone, Compact (ICRU)",8.000E+00,5.717E+02,4.089E-01,5.722E+02,8.633E-03,8.601E-03,0.9962
119,"Bone, Compact (ICRU)",8.500E+00,5.471E+02,3.874E-01,5.474E+02,9.527E-03,9.494E-03,0.9965
119,"Bone, Compact (ICRU)",9.000E+00,5.247E+02,3.681E-01,5.250E+02,1.046E-02,1.043E-02,0.9967
119,"Bone, Compact (ICRU)",9.500E+00,5.043E+02,3.508E-01,5.046E+02,1.143E-02,1.140E-02,0.9969
119,"Bone, Compact (ICRU)",1.000E+01,4.856E+02,3.350E-01,4.859E+02,1.244E-02,1.241E-02,0.9971
119,"Bone, Compact (ICRU)",1.250E+01,4.113E+02,2.743E-01,4.115E+02,1.805E-02,1.801E-02,0.9978
119,"Bone, Compact (ICRU)",1.500E+01,3.584E+02,2.328E-01,3.586E+02,2.458E-02,2.454E-02,0.9982
119,"Bone, Compact (ICRU)",1.750E+01,3.186E+02,2.025E-01,3.188E+02,3.199E-02,3.194E-02,0.9984
119,"Bone, Compact (ICRU)",2.000E+01,2.875E+02,1.795E-01,2.877E+02,4.026E-02,4.020E-02,0.9986
119,"Bone, Compact (ICRU)",2.500E+01,2.417E+02,1.465E-01,2.419E+02,5.929E-02,5.922E-02,0.9988
119,"Bone, Compact (ICRU)",2.750E+01,2.244E+02,1.343E-01,2.245E+02,7.003E-02,6.995E-02,0.9989
119,"Bone, Compact (ICRU)",3.000E+01,2.095E+02,1.240E-01,2.096E+02,8.156E-02,8.148E-02,0.9990
119,"Bone, Compact (ICRU)",3.500E+01,1.855E+02,1.076E-01,1.856E+02,1.070E-01,1.069E-01,0.9991
119,"Bone, Compact (ICRU)",4.000E+01,1.668E+02,9.519E-02,1.669E+02,1.354E-01,1.353E-01,0.9991
119,"Bone, Compact (ICRU)",4.500E+01,1.519E+02,8.538E-02,1.520E+02,1.668E-01,1.667E-01,0.9992
119,"Bone, Compact (ICRU)",5.000E+01,1.396E+02,7.745E-02,1.397E+02,2.012E-01,2.010E-01,0.9992
119,"Bone, Compact (ICRU)",5.500E+01,1.293E+02,7.088E-02,1.294E+02,2.384E-01,2.383E-01,0.9992
119,"Bone, Compact (ICRU)",6.000E+01,1.206E+02,6.536E-02,1.207E+02,2.785E-01,2.783E-01,0.9993
119,"Bone, Compact (ICRU)",6.500E+01,1.131E+02,6.065E-02,1.131E+02,3.213E-01,3.211E-01,0.9993
119,"Bone, Compact (ICRU)",7.000E+01,1.065E+02,5.658E-02,1.066E+02,3.669E-01,3.666E-01,0.9993
119,"Bone, Compact (ICRU)",7.500E+01,1.008E+02,5.303E-02,1.008E+02,4.151E-01,4.148E-01,0.9993
119,"Bone, Compact (ICRU)",8.000E+01,9.566E+01,4.991E-02,9.571E+01,4.660E-01,4.657E-01,0.9993
119,"Bone, Compact (ICRU)",8.500E+01,9.110E+01,4.715E-02,9.114E+01,5.196E-01,5.192E-01,0.9993
119,"Bone, Compact (ICRU)",9.000E+01,8.699E+01,4.468E-02,8.704E+01,5.757E-01,5.754E-01,0.9994
119,"Bone, Compact (ICRU)",9.500E+01,8.328E+01,4.246E-02,8.333E+01,6.345E-01,6.341E-01,0.9994
119,"Bone, Compact (ICRU)",1.000E+02,7.991E+01,4.045E-02,7.995E+01,6.957E-01,6.953E-01,0.9994
119,"Bone, Compact (ICRU)",1.250E+02,6.678E+01,3.274E-02,6.681E+01,1.039E+00,1.039E+00,0.9994
119,"Bone, Compact (ICRU)",1.500E+02,5.770E+01,2.750E-02,5.773E+01,1.443E+00,1.442E+00,0.9994
119,"Bone, Compact (ICRU)",1.750E+02,5.103E+01,2.372E-02,5.106E+01,1.905E+00,1.904E+00,0.9994
119,"Bone, Compact (ICRU)",2.000E+02,4.591E+01,2.086E-02,4.593E+01,2.422E+00,2.421E+00,0.9995
119,"Bone, Compact (ICRU)",2.250E+02,4.185E+01,1.862E-02,4.187E+01,2.993E+00,2.991E+00,0.9995
119,"Bone, Compact (ICRU)",2.500E+02,3.855E+01,1.682E-02,3.856E+01,3.616E+00,3.614E+00,0.9995
119,"Bone, Compact (ICRU)",2.750E+02,3.580E+01,1.533E-02,3.582E+01,4.289E+00,4.287E+00,0.9995
119,"Bone, Compact (ICRU)",3.000E+02,3.349E+01,1.409E-02,3.350E+01,5.011E+00,5.009E+00,0.9995
119,"Bone, Compact (ICRU)",3.500E+02,2.979E+01,1.212E-02,2.980E+01,6.597E+00,6.594E+00,0.9995
119,"Bone, Compact (ICRU)",4.000E+02,2.696E+01,1.064E-02,2.698E+01,8.363E+00,8.359E+00,0.9995
119,"Bone, Compact (ICRU)",4.500E+02,2.473E+01,9.475E-03,2.474E+01,1.030E+01,1.030E+01,0.9995
119,"Bone, Compact (ICRU)",5.000E+02,2.293E+01,8.544E-03,2.294E+01,1.240E+01,1.240E+01,0.9995
119,"Bone, Compact (ICRU)",5.500E+02,2.143E+01,7.779E-03,2.144E+01,1.466E+01,1.465E+01,0.9995
119,"Bone, Compact (ICRU)",6.000E+02,2.018E+01,7.140E-03,2.018E+01,1.706E+01,1.706E+01,0.9995
119,"Bone, Compact (ICRU)",6.500E+02,1.910E+01,6.598E-03,1.911E+01,1.961E+01,1.960E+01,0.9996
119,"Bone, Compact (ICRU)",7.000E+02,1.818E+01,6.133E-03,1.819E+01,2.229E+01,2.228E+01,0.9996
119,"Bone, Compact (ICRU)",7.500E+02,1.737E+01,5.728E-03,1.738E+01,2.511E+01,2.510E+01,0.9996
119,"Bone, Compact (ICRU)",8.000E+02,1.667E+01,5.373E-03,1.667E+01,2.805E+01,2.803E+01,0.9996
119,"Bone, Compact (ICRU)",8.500E+02,1.604E+01,5.059E-03,1.604E+01,3.111E+01,3.109E+01,0.9996
119,"Bone, Compact (ICRU)",9.000E+02,1.548E+01,4.780E-03,1.548E+01,3.428E+01,3.426E+01,0.9996
119,"Bone, Compact (ICRU)",9.500E+02,1.498E+01,4.531E-03,1.498E+01,3.756E+01,3.755E+01,0.9996
119,"Bone, Compact (ICRU)",1.000E+03,1.452E+01,4.306E-03,1.453E+01,4.095E+01,4.094E+01,0.9996
120,"Bone, Cortical (ICRP)",1.000E-03,1.091E+02,1.514E+02,2.605E+02,4.478E-06,1.945E-06,0.4344
120,"Bone, Cortical (ICRP)",1.500E-03,1.328E+02,1.402E+02,2.730E+02,6.345E-06,2.872E-06,0.4527
120,"Bone, Cortical (ICRP)",2.000E-03,1.528E+02,1.306E+02,2.833E+02,8.142E-06,3.818E-06,0.4689
120,"Bone, Cortical (ICRP)",2.500E-03,1.704E+02,1.224E+02,2.927E+02,9.878E-06,4.773E-06,0.4832
120,"Bone, Cortical (ICRP)",3.000E-03,1.862E+02,1.153E+02,3.016E+02,1.156E-05,5.735E-06,0.4961
120,"Bone, Cortical (ICRP)",4.000E-03,2.144E+02,1.039E+02,3.183E+02,1.479E-05,7.666E-06,0.5184
120,"Bone, Cortical (ICRP)",5.000E-03,2.393E+02,9.495E+01,3.342E+02,1.785E-05,9.595E-06,0.5375
120,"Bone, Cortical (ICRP)",6.000E-03,2.617E+02,8.770E+01,3.494E+02,2.078E-05,1.151E-05,0.5541
120,"Bone, Cortical (ICRP)",7.000E-03,2.824E+02,8.167E+01,3.641E+02,2.358E-05,1.341E-05,0.5688
120,"Bone, Cortical (ICRP)",8.000E-03,3.016E+02,7.656E+01,3.782E+02,2.628E-05,1.529E-05,0.5819
120,"Bone, Cortical (ICRP)",9.000E-03,3.197E+02,7.217E+01,3.919E+02,2.887E-05,1.714E-05,0.5938
120,"Bone, Cortical (ICRP)",1.000E-02,3.368E+02,6.834E+01,4.051E+02,3.138E-05,1.897E-05,0.6046
120,"Bone, Cortical (ICRP)",1.250E-02,3.761E+02,6.057E+01,4.367E+02,3.732E-05,2.344E-05,0.6281
120,"Bone, Cortical (ICRP)",1.500E-02,4.117E+02,5.461E+01,4.663E+02,4.286E-05,2.775E-05,0.6475
120,"Bone, Cortical (ICRP)",1.750E-02,4.445E+02,4.987E+01,4.944E+02,4.806E-05,3.192E-05,0.6641
120,"Bone, Cortical (ICRP)",2.000E-02,4.750E+02,4.599E+01,5.210E+02,5.299E-05,3.595E-05,0.6785
120,"Bone, Cortical (ICRP)",2.250E-02,5.036E+02,4.274E+01,5.464E+02,5.767E-05,3.986E-05,0.6911
120,"Bone, Cortical (ICRP)",2.500E-02,5.307E+02,3.998E+01,5.707E+02,6.215E-05,4.364E-05,0.7023
120,"Bone, Cortical (ICRP)",2.750E-02,5.565E+02,3.759E+01,5.941E+02,6.644E-05,4.733E-05,0.7123
120,"Bone, Cortical (ICRP)",3.000E-02,5.811E+02,3.551E+01,6.166E+02,7.057E-05,5.091E-05,0.7214
120,"Bone, Cortical (ICRP)",3.500E-02,6.274E+02,3.204E+01,6.594E+02,7.841E-05,5.780E-05,0.7372
120,"Bone, Cortical (ICRP)",4.000E-02,6.704E+02,2.926E+01,6.997E+02,8.577E-05,6.437E-05,0.7505
120,"Bone, Cortical (ICRP)",4.500E-02,7.108E+02,2.697E+01,7.377E+02,9.272E-05,7.066E-05,0.7620
120,"Bone, Cortical (ICRP)",5.000E-02,7.489E+02,2.505E+01,7.739E+02,9.934E-05,7.670E-05,0.7721
120,"Bone, Cortical (ICRP)",5.500E-02,7.850E+02,2.341E+01,8.084E+02,1.057E-04,8.251E-05,0.7809
120,"Bone, Cortical (ICRP)",6.000E-02,8.194E+02,2.199E+01,8.414E+02,1.117E-04,8.813E-05,0.7889
120,"Bone, Cortical (ICRP)",6.500E-02,8.524E+02,2.076E+01,8.731E+02,1.176E-04,9.357E-05,0.7960
120,"Bone, Cortical (ICRP)",7.000E-02,8.839E+02,1.966E+01,9.036E+02,1.232E-04,9.884E-05,0.8024
120,"Bone, Cortical (ICRP)",7.500E-02,9.143E+02,1.869E+01,9.330E+02,1.286E-04,1.040E-04,0.8083
120,"Bone, Cortical (ICRP)",8.000E-02,9.435E+02,1.782E+01,9.613E+02,1.339E-04,1.090E-04,0.8137
120,"Bone, Cortical (ICRP)",8.500E-02,9.717E+02,1.704E+01,9.888E+02,1.390E-04,1.138E-04,0.8187
120,"Bone, Cortical (ICRP)",9.000E-02,9.990E+02,1.632E+01,1.015E+03,1.440E-04,1.186E-04,0.8233
120,"Bone, Cortical (ICRP)",9.500E-02,1.025E+03,1.567E+01,1.041E+03,1.489E-04,1.232E-04,0.8276
120,"Bone, Cortical (ICRP)",1.000E-01,1.051E+03,1.508E+01,1.066E+03,1.536E-04,1.278E-04,0.8315
120,"Bone, Cortical (ICRP)",1.250E-01,1.168E+03,1.272E+01,1.181E+03,1.759E-04,1.492E-04,0.8481
120,"Bone, Cortical (ICRP)",1.500E-01,1.270E+03,1.105E+01,1.281E+03,1.962E-04,1.688E-04,0.8607
120,"Bone, Cortical (ICRP)",1.750E-01,1.360E+03,9.790E+00,1.370E+03,2.150E-04,1.872E-04,0.8707
120,"Bone, Cortical (ICRP)",2.000E-01,1.440E+03,8.810E+00,1.449E+03,2.328E-04,2.046E-04,0.8789
120,"Bone, Cortical (ICRP)",2.250E-01,1.511E+03,8.022E+00,1.519E+03,2.496E-04,2.211E-04,0.8858
120,"Bone, Cortical (ICRP)",2.500E-01,1.574E+03,7.373E+00,1.582E+03,2.657E-04,2.370E-04,0.8917
120,"Bone, Cortical (ICRP)",2.750E-01,1.630E+03,6.829E+00,1.637E+03,2.813E-04,2.523E-04,0.8969
120,"Bone, Cortical (ICRP)",3.000E-01,1.680E+03,6.365E+00,1.686E+03,2.963E-04,2.671E-04,0.9014
120,"Bone, Cortical (ICRP)",3.500E-01,1.763E+03,5.615E+00,1.768E+03,3.252E-04,2.957E-04,0.9092
120,"Bone, Cortical (ICRP)",4.000E-01,1.826E+03,5.034E+00,1.831E+03,3.530E-04,3.232E-04,0.9155
120,"Bone, Cortical (ICRP)",4.500E-01,1.872E+03,4.569E+00,1.877E+03,3.799E-04,3.499E-04,0.9209
120,"Bone, Cortical (ICRP)",5.000E-01,1.905E+03,4.189E+00,1.910E+03,4.063E-04,3.761E-04,0.9256
120,"Bone, Cortical (ICRP)",5.500E-01,1.927E+03,3.870E+00,1.931E+03,4.324E-04,4.020E-04,0.9297
120,"Bone, Cortical (ICRP)",6.000E-01,1.939E+03,3.600E+00,1.943E+03,4.582E-04,4.276E-04,0.9333
120,"Bone, Cortical (ICRP)",6.500E-01,1.943E+03,3.367E+00,1.947E+03,4.839E-04,4.532E-04,0.9365
120,"Bone, Cortical (ICRP)",7.000E-01,1.941E+03,3.165E+00,1.944E+03,5.096E-04,4.787E-04,0.9395
120,"Bone, Cortical (ICRP)",7.500E-01,1.933E+03,2.987E+00,1.936E+03,5.353E-04,5.044E-04,0.9422
120,"Bone, Cortical (ICRP)",8.000E-01,1.921E+03,2.829E+00,1.924E+03,5.612E-04,5.302E-04,0.9446
120,"Bone, Cortical (ICRP)",8.500E-01,1.905E+03,2.688E+00,1.908E+03,5.873E-04,5.562E-04,0.9469
120,"Bone, Cortical (ICRP)",9.000E-01,1.887E+03,2.562E+00,1.890E+03,6.137E-04,5.824E-04,0.9490
120,"Bone, Cortical (ICRP)",9.500E-01,1.866E+03,2.447E+00,1.869E+03,6.403E-04,6.089E-04,0.9510
120,"Bone, Cortical (ICRP)",1.000E+00,1.844E+03,2.343E+00,1.847E+03,6.672E-04,6.357E-04,0.9528
120,"Bone, Cortical (ICRP)",1.250E+00,1.720E+03,1.938E+00,1.722E+03,8.073E-04,7.754E-04,0.9605
120,"Bone, Cortical (ICRP)",1.500E+00,1.593E+03,1.659E+00,1.595E+03,9.582E-04,9.259E-04,0.9663
120,"Bone, Cortical (ICRP)",1.750E+00,1.475E+03,1.453E+00,1.476E+03,1.121E-03,1.089E-03,0.9709
120,"Bone, Cortical (ICRP)",2.000E+00,1.369E+03,1.295E+00,1.370E+03,1.297E-03,1.264E-03,0.9746
120,"Bone, Cortical (ICRP)",2.250E+00,1.274E+03,1.170E+00,1.275E+03,1.486E-03,1.453E-03,0.9776
120,"Bone, Cortical (ICRP)",2.500E+00,1.193E+03,1.068E+00,1.194E+03,1.689E-03,1.655E-03,0.9801
120,"Bone, Cortical (ICRP)",2.750E+00,1.123E+03,9.831E-01,1.124E+03,1.905E-03,1.871E-03,0.9822
120,"Bone, Cortical (ICRP)",3.000E+00,1.062E+03,9.114E-01,1.063E+03,2.134E-03,2.099E-03,0.9839
120,"Bone, Cortical (ICRP)",3.500E+00,9.592E+02,7.968E-01,9.600E+02,2.629E-03,2.594E-03,0.9867
120,"Bone, Cortical (ICRP)",4.000E+00,8.771E+02,7.089E-01,8.778E+02,3.175E-03,3.139E-03,0.9888
120,"Bone, Cortical (ICRP)",4.500E+00,8.097E+02,6.394E-01,8.103E+02,3.768E-03,3.732E-03,0.9903
120,"Bone, Cortical (ICRP)",5.000E+00,7.530E+02,5.828E-01,7.535E+02,4.409E-03,4.371E-03,0.9916
120,"Bone, Cortical (ICRP)",5.500E+00,7.049E+02,5.359E-01,7.055E+02,5.095E-03,5.057E-03,0.9925
120,"Bone, Cortical (ICRP)",6.000E+00,6.634E+02,4.963E-01,6.639E+02,5.826E-03,5.787E-03,0.9933
120,"Bone, Cortical (ICRP)",6.500E+00,6.270E+02,4.624E-01,6.275E+02,6.601E-03,6.561E-03,0.9940
120,"Bone, Cortical (ICRP)",7.000E+00,5.949E+02,4.330E-01,5.953E+02,7.419E-03,7.379E-03,0.9945
120,"Bone, Cortical (ICRP)",7.500E+00,5.663E+02,4.073E-01,5.667E+02,8.280E-03,8.239E-03,0.9950
120,"Bone, Cortical (ICRP)",8.000E+00,5.406E+02,3.847E-01,5.410E+02,9.184E-03,9.141E-03,0.9954
120,"Bone, Cortical (ICRP)",8.500E+00,5.175E+02,3.645E-01,5.179E+02,1.013E-02,1.009E-02,0.9957
120,"Bone, Cortical (ICRP)",9.000E+00,4.965E+02,3.464E-01,4.969E+02,1.111E-02,1.107E-02,0.9960
120,"Bone, Cortical (ICRP)",9.500E+00,4.774E+02,3.301E-01,4.777E+02,1.214E-02,1.210E-02,0.9963
120,"Bone, Cortical (ICRP)",1.000E+01,4.598E+02,3.154E-01,4.602E+02,1.321E-02,1.316E-02,0.9965
120,"Bone, Cortical (ICRP)",1.250E+01,3.901E+02,2.584E-01,3.903E+02,1.913E-02,1.908E-02,0.9973
120,"Bone, Cortical (ICRP)",1.500E+01,3.403E+02,2.194E-01,3.405E+02,2.601E-02,2.595E-02,0.9978
120,"Bone, Cortical (ICRP)",1.750E+01,3.029E+02,1.909E-01,3.031E+02,3.380E-02,3.374E-02,0.9981
120,"Bone, Cortical (ICRP)",2.000E+01,2.736E+02,1.692E-01,2.737E+02,4.250E-02,4.242E-02,0.9983
120,"Bone, Cortical (ICRP)",2.500E+01,2.304E+02,1.382E-01,2.305E+02,6.249E-02,6.240E-02,0.9986
120,"Bone, Cortical (ICRP)",2.750E+01,2.139E+02,1.268E-01,2.140E+02,7.375E-02,7.365E-02,0.9987
120,"Bone, Cortical (ICRP)",3.000E+01,1.999E+02,1.171E-01,2.000E+02,8.584E-02,8.574E-02,0.9988
120,"Bone, Cortical (ICRP)",3.500E+01,1.771E+02,1.017E-01,1.772E+02,1.125E-01,1.123E-01,0.9989
120,"Bone, Cortical (ICRP)",4.000E+01,1.594E+02,8.996E-02,1.595E+02,1.422E-01,1.421E-01,0.9990
120,"Bone, Cortical (ICRP)",4.500E+01,1.452E+02,8.072E-02,1.453E+02,1.751E-01,1.750E-01,0.9990
120,"Bone, Cortical (ICRP)",5.000E+01,1.336E+02,7.324E-02,1.336E+02,2.110E-01,2.108E-01,0.9991
120,"Bone, Cortical (ICRP)",5.500E+01,1.238E+02,6.706E-02,1.239E+02,2.499E-01,2.497E-01,0.9991
120,"Bone, Cortical (ICRP)",6.000E+01,1.155E+02,6.186E-02,1.155E+02,2.918E-01,2.915E-01,0.9991
120,"Bone, Cortical (ICRP)",6.500E+01,1.083E+02,5.742E-02,1.084E+02,3.365E-01,3.362E-01,0.9992
120,"Bone, Cortical (ICRP)",7.000E+01,1.021E+02,5.358E-02,1.022E+02,3.840E-01,3.837E-01,0.9992
120,"Bone, Cortical (ICRP)",7.500E+01,9.661E+01,5.023E-02,9.666E+01,4.343E-01,4.340E-01,0.9992
120,"Bone, Cortical (ICRP)",8.000E+01,9.174E+01,4.729E-02,9.179E+01,4.875E-01,4.871E-01,0.9992
120,"Bone, Cortical (ICRP)",8.500E+01,8.739E+01,4.468E-02,8.743E+01,5.433E-01,5.429E-01,0.9992
120,"Bone, Cortical (ICRP)",9.000E+01,8.348E+01,4.235E-02,8.352E+01,6.018E-01,6.013E-01,0.9992
120,"Bone, Cortical (ICRP)",9.500E+01,7.993E+01,4.025E-02,7.997E+01,6.630E-01,6.625E-01,0.9992
120,"Bone, Cortical (ICRP)",1.000E+02,7.671E+01,3.836E-02,7.675E+01,7.268E-01,7.263E-01,0.9992
120,"Bone, Cortical (ICRP)",1.250E+02,6.417E+01,3.107E-02,6.420E+01,1.085E+00,1.084E+00,0.9993
120,"Bone, Cortical (ICRP)",1.500E+02,5.548E+01,2.612E-02,5.551E+01,1.505E+00,1.504E+00,0.9993
120,"Bone, Cortical (ICRP)",1.750E+02,4.909E+01,2.254E-02,4.912E+01,1.985E+00,1.983E+00,0.9993
120,"Bone, Cortical (ICRP)",2.000E+02,4.419E+01,1.983E-02,4.421E+01,2.522E+00,2.520E+00,0.9994
120,"Bone, Cortical (ICRP)",2.250E+02,4.029E+01,1.771E-02,4.031E+01,3.115E+00,3.113E+00,0.9994
120,"Bone, Cortical (ICRP)",2.500E+02,3.712E+01,1.600E-02,3.714E+01,3.762E+00,3.760E+00,0.9994
120,"Bone, Cortical (ICRP)",2.750E+02,3.449E+01,1.460E-02,3.451E+01,4.461E+00,4.458E+00,0.9994
120,"Bone, Cortical (ICRP)",3.000E+02,3.227E+01,1.342E-02,3.228E+01,5.210E+00,5.207E+00,0.9994
120,"Bone, Cortical (ICRP)",3.500E+02,2.872E+01,1.155E-02,2.873E+01,6.856E+00,6.852E+00,0.9994
120,"Bone, Cortical (ICRP)",4.000E+02,2.600E+01,1.014E-02,2.601E+01,8.688E+00,8.683E+00,0.9994
120,"Bone, Cortical (ICRP)",4.500E+02,2.386E+01,9.034E-03,2.387E+01,1.070E+01,1.069E+01,0.9994
120,"Bone, Cortical (ICRP)",5.000E+02,2.212E+01,8.148E-03,2.213E+01,1.287E+01,1.287E+01,0.9994
120,"Bone, Cortical (ICRP)",5.500E+02,2.068E+01,7.422E-03,2.069E+01,1.521E+01,1.521E+01,0.9995
120,"Bone, Cortical (ICRP)",6.000E+02,1.947E+01,6.814E-03,1.948E+01,1.771E+01,1.770E+01,0.9995
120,"Bone, Cortical (ICRP)",6.500E+02,1.844E+01,6.299E-03,1.845E+01,2.034E+01,2.033E+01,0.9995
120,"Bone, Cortical (ICRP)",7.000E+02,1.755E+01,5.855E-03,1.756E+01,2.312E+01,2.311E+01,0.9995
120,"Bone, Cortical (ICRP)",7.500E+02,1.678E+01,5.469E-03,1.678E+01,2.604E+01,2.602E+01,0.9995
120,"Bone, Cortical (ICRP)",8.000E+02,1.610E+01,5.130E-03,1.610E+01,2.908E+01,2.907E+01,0.9995
120,"Bone, Cortical (ICRP)",8.500E+02,1.549E+01,4.832E-03,1.550E+01,3.225E+01,3.223E+01,0.9995
120,"Bone, Cortical (ICRP)",9.000E+02,1.495E+01,4.566E-03,1.496E+01,3.553E+01,3.551E+01,0.9995
120,"Bone, Cortical (ICRP)",9.500E+02,1.447E+01,4.328E-03,1.447E+01,3.893E+01,3.891E+01,0.9995
120,"Bone, Cortical (ICRP)",1.000E+03,1.403E+01,4.114E-03,1.404E+01,4.244E+01,4.242E+01,0.9995
126,C-552 Air-Equivalent Plastic,1.000E-03,1.241E+02,1.523E+02,2.764E+02,4.306E-06,1.886E-06,0.4379
126,C-552 Air-Equivalent Plastic,1.500E-03,1.488E+02,1.410E+02,2.898E+02,6.065E-06,2.803E-06,0.4621
126,C-552 Air-Equivalent Plastic,2.000E-03,1.693E+02,1.312E+02,3.005E+02,7.759E-06,3.744E-06,0.4825
126,C-552 Air-Equivalent Plastic,2.500E-03,1.872E+02,1.228E+02,3.100E+02,9.396E-06,4.699E-06,0.5001
126,C-552 Air-Equivalent Plastic,3.000E-03,2.033E+02,1.156E+02,3.189E+02,1.099E-05,5.663E-06,0.5155
126,C-552 Air-Equivalent Plastic,4.000E-03,2.315E+02,1.038E+02,3.354E+02,1.404E-05,7.605E-06,0.5416
126,C-552 Air-Equivalent Plastic,5.000E-03,2.561E+02,9.465E+01,3.508E+02,1.696E-05,9.551E-06,0.5632
126,C-552 Air-Equivalent Plastic,6.000E-03,2.782E+02,8.722E+01,3.654E+02,1.975E-05,1.149E-05,0.5817
126,C-552 Air-Equivalent Plastic,7.000E-03,2.984E+02,8.105E+01,3.794E+02,2.244E-05,1.341E-05,0.5978
126,C-552 Air-Equivalent Plastic,8.000E-03,3.171E+02,7.583E+01,3.929E+02,2.502E-05,1.531E-05,0.6120
126,C-552 Air-Equivalent Plastic,9.000E-03,3.346E+02,7.135E+01,4.059E+02,2.753E-05,1.720E-05,0.6247
126,C-552 Air-Equivalent Plastic,1.000E-02,3.510E+02,6.744E+01,4.184E+02,2.995E-05,1.906E-05,0.6362
126,C-552 Air-Equivalent Plastic,1.250E-02,3.886E+02,5.955E+01,4.482E+02,3.572E-05,2.360E-05,0.6606
126,C-552 Air-Equivalent Plastic,1.500E-02,4.224E+02,5.352E+01,4.759E+02,4.114E-05,2.800E-05,0.6807
126,C-552 Air-Equivalent Plastic,1.750E-02,4.532E+02,4.874E+01,5.020E+02,4.625E-05,3.226E-05,0.6975
126,C-552 Air-Equivalent Plastic,2.000E-02,4.818E+02,4.484E+01,5.266E+02,5.111E-05,3.638E-05,0.7119
126,C-552 Air-Equivalent Plastic,2.250E-02,5.084E+02,4.159E+01,5.500E+02,5.575E-05,4.039E-05,0.7244
126,C-552 Air-Equivalent Plastic,2.500E-02,5.335E+02,3.883E+01,5.724E+02,6.021E-05,4.428E-05,0.7354
126,C-552 Air-Equivalent Plastic,2.750E-02,5.573E+02,3.645E+01,5.938E+02,6.450E-05,4.806E-05,0.7452
126,C-552 Air-Equivalent Plastic,3.000E-02,5.799E+02,3.438E+01,6.143E+02,6.863E-05,5.175E-05,0.7540
126,C-552 Air-Equivalent Plastic,3.500E-02,6.222E+02,3.094E+01,6.532E+02,7.652E-05,5.887E-05,0.7693
126,C-552 Air-Equivalent Plastic,4.000E-02,6.613E+02,2.819E+01,6.895E+02,8.397E-05,6.567E-05,0.7821
126,C-552 Air-Equivalent Plastic,4.500E-02,6.978E+02,2.594E+01,7.237E+02,9.105E-05,7.220E-05,0.7930
126,C-552 Air-Equivalent Plastic,5.000E-02,7.320E+02,2.405E+01,7.560E+02,9.780E-05,7.848E-05,0.8024
126,C-552 Air-Equivalent Plastic,5.500E-02,7.643E+02,2.245E+01,7.867E+02,1.043E-04,8.455E-05,0.8108
126,C-552 Air-Equivalent Plastic,6.000E-02,7.949E+02,2.106E+01,8.159E+02,1.105E-04,9.043E-05,0.8182
126,C-552 Air-Equivalent Plastic,6.500E-02,8.240E+02,1.985E+01,8.439E+02,1.166E-04,9.613E-05,0.8248
126,C-552 Air-Equivalent Plastic,7.000E-02,8.519E+02,1.879E+01,8.707E+02,1.224E-04,1.017E-04,0.8307
126,C-552 Air-Equivalent Plastic,7.500E-02,8.785E+02,1.784E+01,8.964E+02,1.280E-04,1.071E-04,0.8362
126,C-552 Air-Equivalent Plastic,8.000E-02,9.041E+02,1.700E+01,9.211E+02,1.335E-04,1.123E-04,0.8411
126,C-552 Air-Equivalent Plastic,8.500E-02,9.287E+02,1.624E+01,9.449E+02,1.389E-04,1.175E-04,0.8457
126,C-552 Air-Equivalent Plastic,9.000E-02,9.524E+02,1.555E+01,9.679E+02,1.441E-04,1.225E-04,0.8499
126,C-552 Air-Equivalent Plastic,9.500E-02,9.752E+02,1.492E+01,9.901E+02,1.492E-04,1.274E-04,0.8538
126,C-552 Air-Equivalent Plastic,1.000E-01,9.973E+02,1.434E+01,1.012E+03,1.542E-04,1.322E-04,0.8574
126,C-552 Air-Equivalent Plastic,1.250E-01,1.097E+03,1.207E+01,1.110E+03,1.778E-04,1.551E-04,0.8724
126,C-552 Air-Equivalent Plastic,1.500E-01,1.184E+03,1.046E+01,1.194E+03,1.995E-04,1.763E-04,0.8836
126,C-552 Air-Equivalent Plastic,1.750E-01,1.259E+03,9.255E+00,1.268E+03,2.198E-04,1.962E-04,0.8926
126,C-552 Air-Equivalent Plastic,2.000E-01,1.325E+03,8.318E+00,1.334E+03,2.390E-04,2.151E-04,0.8998
126,C-552 Air-Equivalent Plastic,2.250E-01,1.384E+03,7.566E+00,1.391E+03,2.573E-04,2.331E-04,0.9059
126,C-552 Air-Equivalent Plastic,2.500E-01,1.435E+03,6.948E+00,1.442E+03,2.750E-04,2.505E-04,0.9111
126,C-552 Air-Equivalent Plastic,2.750E-01,1.481E+03,6.430E+00,1.487E+03,2.920E-04,2.674E-04,0.9156
126,C-552 Air-Equivalent Plastic,3.000E-01,1.521E+03,5.989E+00,1.527E+03,3.086E-04,2.838E-04,0.9196
126,C-552 Air-Equivalent Plastic,3.500E-01,1.588E+03,5.278E+00,1.593E+03,3.407E-04,3.156E-04,0.9263
126,C-552 Air-Equivalent Plastic,4.000E-01,1.639E+03,4.727E+00,1.644E+03,3.715E-04,3.462E-04,0.9318
126,C-552 Air-Equivalent Plastic,4.500E-01,1.678E+03,4.287E+00,1.682E+03,4.016E-04,3.760E-04,0.9364
126,C-552 Air-Equivalent Plastic,5.000E-01,1.706E+03,3.927E+00,1.710E+03,4.310E-04,4.053E-04,0.9403
126,C-552 Air-Equivalent Plastic,5.500E-01,1.726E+03,3.626E+00,1.729E+03,4.601E-04,4.342E-04,0.9438
126,C-552 Air-Equivalent Plastic,6.000E-01,1.738E+03,3.371E+00,1.741E+03,4.889E-04,4.629E-04,0.9468
126,C-552 Air-Equivalent Plastic,6.500E-01,1.744E+03,3.152E+00,1.747E+03,5.176E-04,4.914E-04,0.9495
126,C-552 Air-Equivalent Plastic,7.000E-01,1.745E+03,2.961E+00,1.748E+03,5.462E-04,5.199E-04,0.9519
126,C-552 Air-Equivalent Plastic,7.500E-01,1.743E+03,2.794E+00,1.745E+03,5.748E-04,5.484E-04,0.9541
126,C-552 Air-Equivalent Plastic,8.000E-01,1.736E+03,2.645E+00,1.739E+03,6.035E-04,5.770E-04,0.9562
126,C-552 Air-Equivalent Plastic,8.500E-01,1.727E+03,2.513E+00,1.730E+03,6.323E-04,6.058E-04,0.9580
126,C-552 Air-Equivalent Plastic,9.000E-01,1.716E+03,2.394E+00,1.718E+03,6.613E-04,6.347E-04,0.9597
126,C-552 Air-Equivalent Plastic,9.500E-01,1.703E+03,2.286E+00,1.705E+03,6.905E-04,6.638E-04,0.9613
126,C-552 Air-Equivalent Plastic,1.000E+00,1.688E+03,2.188E+00,1.690E+03,7.200E-04,6.932E-04,0.9628
126,C-552 Air-Equivalent Plastic,1.250E+00,1.603E+03,1.808E+00,1.604E+03,8.717E-04,8.445E-04,0.9688
126,C-552 Air-Equivalent Plastic,1.500E+00,1.511E+03,1.546E+00,1.512E+03,1.032E-03,1.005E-03,0.9734
126,C-552 Air-Equivalent Plastic,1.750E+00,1.421E+03,1.354E+00,1.423E+03,1.203E-03,1.175E-03,0.9769
126,C-552 Air-Equivalent Plastic,2.000E+00,1.338E+03,1.206E+00,1.339E+03,1.384E-03,1.356E-03,0.9797
126,C-552 Air-Equivalent Plastic,2.250E+00,1.261E+03,1.089E+00,1.262E+03,1.576E-03,1.548E-03,0.9820
126,C-552 Air-Equivalent Plastic,2.500E+00,1.190E+03,9.933E-01,1.191E+03,1.780E-03,1.752E-03,0.9840
126,C-552 Air-Equivalent Plastic,2.750E+00,1.126E+03,9.141E-01,1.127E+03,1.996E-03,1.967E-03,0.9856
126,C-552 Air-Equivalent Plastic,3.000E+00,1.067E+03,8.472E-01,1.068E+03,2.224E-03,2.195E-03,0.9869
126,C-552 Air-Equivalent Plastic,3.500E+00,9.655E+02,7.403E-01,9.662E+02,2.717E-03,2.687E-03,0.9891
126,C-552 Air-Equivalent Plastic,4.000E+00,8.838E+02,6.584E-01,8.845E+02,3.258E-03,3.228E-03,0.9908
126,C-552 Air-Equivalent Plastic,4.500E+00,8.164E+02,5.935E-01,8.169E+02,3.847E-03,3.816E-03,0.9920
126,C-552 Air-Equivalent Plastic,5.000E+00,7.596E+02,5.408E-01,7.601E+02,4.482E-03,4.451E-03,0.9930
126,C-552 Air-Equivalent Plastic,5.500E+00,7.111E+02,4.971E-01,7.116E+02,5.162E-03,5.131E-03,0.9938
126,C-552 Air-Equivalent Plastic,6.000E+00,6.691E+02,4.603E-01,6.696E+02,5.887E-03,5.855E-03,0.9945
126,C-552 Air-Equivalent Plastic,6.500E+00,6.323E+02,4.287E-01,6.328E+02,6.656E-03,6.623E-03,0.9951
126,C-552 Air-Equivalent Plastic,7.000E+00,5.999E+02,4.014E-01,6.003E+02,7.467E-03,7.434E-03,0.9955
126,C-552 Air-Equivalent Plastic,7.500E+00,5.710E+02,3.775E-01,5.714E+02,8.321E-03,8.287E-03,0.9959
126,C-552 Air-Equivalent Plastic,8.000E+00,5.450E+02,3.564E-01,5.454E+02,9.217E-03,9.182E-03,0.9962
126,C-552 Air-Equivalent Plastic,8.500E+00,5.216E+02,3.377E-01,5.219E+02,1.015E-02,1.012E-02,0.9965
126,C-552 Air-Equivalent Plastic,9.000E+00,5.003E+02,3.209E-01,5.006E+02,1.113E-02,1.110E-02,0.9968
126,C-552 Air-Equivalent Plastic,9.500E+00,4.809E+02,3.058E-01,4.812E+02,1.215E-02,1.212E-02,0.9970
126,C-552 Air-Equivalent Plastic,1.000E+01,4.631E+02,2.921E-01,4.634E+02,1.321E-02,1.317E-02,0.9972
126,C-552 Air-Equivalent Plastic,1.250E+01,3.924E+02,2.391E-01,3.926E+02,1.910E-02,1.905E-02,0.9978
126,C-552 Air-Equivalent Plastic,1.500E+01,3.420E+02,2.029E-01,3.422E+02,2.593E-02,2.589E-02,0.9982
126,C-552 Air-Equivalent Plastic,1.750E+01,3.041E+02,1.765E-01,3.042E+02,3.370E-02,3.365E-02,0.9985
126,C-552 Air-Equivalent Plastic,2.000E+01,2.744E+02,1.564E-01,2.745E+02,4.236E-02,4.231E-02,0.9987
126,C-552 Air-Equivalent Plastic,2.500E+01,2.307E+02,1.277E-01,2.308E+02,6.231E-02,6.225E-02,0.9989
126,C-552 Air-Equivalent Plastic,2.750E+01,2.141E+02,1.170E-01,2.142E+02,7.357E-02,7.349E-02,0.9990
126,C-552 Air-Equivalent Plastic,3.000E+01,1.999E+02,1.081E-01,2.000E+02,8.565E-02,8.557E-02,0.9991
126,C-552 Air-Equivalent Plastic,3.500E+01,1.769E+02,9.381E-02,1.770E+02,1.123E-01,1.122E-01,0.9992
126,C-552 Air-Equivalent Plastic,4.000E+01,1.591E+02,8.296E-02,1.592E+02,1.421E-01,1.420E-01,0.9992
126,C-552 Air-Equivalent Plastic,4.500E+01,1.448E+02,7.440E-02,1.449E+02,1.751E-01,1.750E-01,0.9993
126,C-552 Air-Equivalent Plastic,5.000E+01,1.331E+02,6.748E-02,1.331E+02,2.111E-01,2.110E-01,0.9993
126,C-552 Air-Equivalent Plastic,5.500E+01,1.232E+02,6.176E-02,1.233E+02,2.502E-01,2.500E-01,0.9993
126,C-552 Air-Equivalent Plastic,6.000E+01,1.149E+02,5.694E-02,1.150E+02,2.922E-01,2.920E-01,0.9994
126,C-552 Air-Equivalent Plastic,6.500E+01,1.077E+02,5.284E-02,1.078E+02,3.372E-01,3.369E-01,0.9994
126,C-552 Air-Equivalent Plastic,7.000E+01,1.015E+02,4.929E-02,1.015E+02,3.850E-01,3.847E-01,0.9994
126,C-552 Air-Equivalent Plastic,7.500E+01,9.597E+01,4.621E-02,9.602E+01,4.356E-01,4.354E-01,0.9994
126,C-552 Air-Equivalent Plastic,8.000E+01,9.110E+01,4.349E-02,9.114E+01,4.891E-01,4.888E-01,0.9994
126,C-552 Air-Equivalent Plastic,8.500E+01,8.674E+01,4.108E-02,8.679E+01,5.453E-01,5.450E-01,0.9994
126,C-552 Air-Equivalent Plastic,9.000E+01,8.283E+01,3.892E-02,8.287E+01,6.043E-01,6.040E-01,0.9995
126,C-552 Air-Equivalent Plastic,9.500E+01,7.929E+01,3.698E-02,7.932E+01,6.660E-01,6.657E-01,0.9995
126,C-552 Air-Equivalent Plastic,1.000E+02,7.607E+01,3.523E-02,7.610E+01,7.304E-01,7.300E-01,0.9995
126,C-552 Air-Equivalent Plastic,1.250E+02,6.354E+01,2.850E-02,6.357E+01,1.092E+00,1.091E+00,0.9995
126,C-552 Air-Equivalent Plastic,1.500E+02,5.489E+01,2.394E-02,5.491E+01,1.516E+00,1.515E+00,0.9995
126,C-552 Air-Equivalent Plastic,1.750E+02,4.853E+01,2.064E-02,4.855E+01,2.001E+00,2.000E+00,0.9995
126,C-552 Air-Equivalent Plastic,2.000E+02,4.365E+01,1.815E-02,4.367E+01,2.545E+00,2.544E+00,0.9995
126,C-552 Air-Equivalent Plastic,2.250E+02,3.978E+01,1.620E-02,3.980E+01,3.146E+00,3.144E+00,0.9996
126,C-552 Air-Equivalent Plastic,2.500E+02,3.664E+01,1.463E-02,3.665E+01,3.801E+00,3.799E+00,0.9996
126,C-552 Air-Equivalent Plastic,2.750E+02,3.402E+01,1.333E-02,3.404E+01,4.509E+00,4.507E+00,0.9996
126,C-552 Air-Equivalent Plastic,3.000E+02,3.182E+01,1.225E-02,3.183E+01,5.269E+00,5.267E+00,0.9996
126,C-552 Air-Equivalent Plastic,3.500E+02,2.830E+01,1.053E-02,2.831E+01,6.939E+00,6.936E+00,0.9996
126,C-552 Air-Equivalent Plastic,4.000E+02,2.561E+01,9.242E-03,2.562E+01,8.798E+00,8.795E+00,0.9996
126,C-552 Air-Equivalent Plastic,4.500E+02,2.349E+01,8.233E-03,2.350E+01,1.084E+01,1.083E+01,0.9996
126,C-552 Air-Equivalent Plastic,5.000E+02,2.177E+01,7.422E-03,2.178E+01,1.305E+01,1.305E+01,0.9996
126,C-552 Air-Equivalent Plastic,5.500E+02,2.035E+01,6.755E-03,2.036E+01,1.543E+01,1.542E+01,0.9996
126,C-552 Air-Equivalent Plastic,6.000E+02,1.916E+01,6.197E-03,1.916E+01,1.796E+01,1.795E+01,0.9996
126,C-552 Air-Equivalent Plastic,6.500E+02,1.814E+01,5.725E-03,1.814E+01,2.064E+01,2.064E+01,0.9996
126,C-552 Air-Equivalent Plastic,7.000E+02,1.726E+01,5.321E-03,1.726E+01,2.347E+01,2.346E+01,0.9996
126,C-552 Air-Equivalent Plastic,7.500E+02,1.649E+01,4.970E-03,1.650E+01,2.643E+01,2.642E+01,0.9996
126,C-552 Air-Equivalent Plastic,8.000E+02,1.582E+01,4.662E-03,1.582E+01,2.953E+01,2.952E+01,0.9997
126,C-552 Air-Equivalent Plastic,8.500E+02,1.522E+01,4.389E-03,1.523E+01,3.275E+01,3.274E+01,0.9997
126,C-552 Air-Equivalent Plastic,9.000E+02,1.469E+01,4.146E-03,1.470E+01,3.609E+01,3.608E+01,0.9997
126,C-552 Air-Equivalent Plastic,9.500E+02,1.421E+01,3.929E-03,1.422E+01,3.955E+01,3.954E+01,0.9997
126,C-552 Air-Equivalent Plastic,1.000E+03,1.378E+01,3.733E-03,1.379E+01,4.313E+01,4.311E+01,0.9997
130,Calcium Fluoride,1.000E-03,7.278E+01,7.570E+01,1.485E+02,8.873E-06,2.464E-06,0.2777
130,Calcium Fluoride,1.500E-03,9.074E+01,7.338E+01,1.641E+02,1.205E-05,3.586E-06,0.2975
130,Calcium Fluoride,2.000E-03,1.061E+02,7.057E+01,1.767E+02,1.499E-05,4.717E-06,0.3147
130,Calcium Fluoride,2.500E-03,1.198E+02,6.780E+01,1.876E+02,1.773E-05,5.852E-06,0.3301
130,Calcium Fluoride,3.000E-03,1.323E+02,6.519E+01,1.975E+02,2.033E-05,6.991E-06,0.3439
130,Calcium Fluoride,4.000E-03,1.547E+02,6.056E+01,2.153E+02,2.517E-05,9.269E-06,0.3682
130,Calcium Fluoride,5.000E-03,1.746E+02,5.663E+01,2.313E+02,2.965E-05,1.154E-05,0.3892
130,Calcium Fluoride,6.000E-03,1.928E+02,5.327E+01,2.461E+02,3.384E-05,1.379E-05,0.4076
130,Calcium Fluoride,7.000E-03,2.097E+02,5.036E+01,2.601E+02,3.779E-05,1.603E-05,0.4241
130,Calcium Fluoride,8.000E-03,2.255E+02,4.782E+01,2.733E+02,4.154E-05,1.824E-05,0.4390
130,Calcium Fluoride,9.000E-03,2.404E+02,4.557E+01,2.859E+02,4.512E-05,2.042E-05,0.4526
130,Calcium Fluoride,1.000E-02,2.545E+02,4.356E+01,2.981E+02,4.854E-05,2.258E-05,0.4651
130,Calcium Fluoride,1.250E-02,2.872E+02,3.936E+01,3.266E+02,5.655E-05,2.784E-05,0.4924
130,Calcium Fluoride,1.500E-02,3.170E+02,3.602E+01,3.531E+02,6.391E-05,3.294E-05,0.5154
130,Calcium Fluoride,1.750E-02,3.446E+02,3.329E+01,3.779E+02,7.075E-05,3.787E-05,0.5353
130,Calcium Fluoride,2.000E-02,3.704E+02,3.100E+01,4.014E+02,7.716E-05,4.264E-05,0.5526
130,Calcium Fluoride,2.250E-02,3.946E+02,2.905E+01,4.237E+02,8.322E-05,4.727E-05,0.5680
130,Calcium Fluoride,2.500E-02,4.176E+02,2.737E+01,4.450E+02,8.898E-05,5.177E-05,0.5818
130,Calcium Fluoride,2.750E-02,4.395E+02,2.590E+01,4.654E+02,9.447E-05,5.615E-05,0.5943
130,Calcium Fluoride,3.000E-02,4.605E+02,2.460E+01,4.851E+02,9.973E-05,6.041E-05,0.6057
130,Calcium Fluoride,3.500E-02,4.999E+02,2.240E+01,5.223E+02,1.097E-04,6.861E-05,0.6256
130,Calcium Fluoride,4.000E-02,5.365E+02,2.061E+01,5.571E+02,1.189E-04,7.643E-05,0.6427
130,Calcium Fluoride,4.500E-02,5.708E+02,1.912E+01,5.899E+02,1.276E-04,8.393E-05,0.6575
130,Calcium Fluoride,5.000E-02,6.031E+02,1.785E+01,6.209E+02,1.359E-04,9.114E-05,0.6706
130,Calcium Fluoride,5.500E-02,6.336E+02,1.676E+01,6.504E+02,1.438E-04,9.809E-05,0.6822
130,Calcium Fluoride,6.000E-02,6.626E+02,1.581E+01,6.784E+02,1.513E-04,1.048E-04,0.6927
130,Calcium Fluoride,6.500E-02,6.901E+02,1.498E+01,7.051E+02,1.585E-04,1.113E-04,0.7022
130,Calcium Fluoride,7.000E-02,7.164E+02,1.423E+01,7.306E+02,1.655E-04,1.176E-04,0.7108
130,Calcium Fluoride,7.500E-02,7.415E+02,1.357E+01,7.551E+02,1.722E-04,1.238E-04,0.7187
130,Calcium Fluoride,8.000E-02,7.656E+02,1.297E+01,7.786E+02,1.787E-04,1.298E-04,0.7260
130,Calcium Fluoride,8.500E-02,7.887E+02,1.243E+01,8.011E+02,1.851E-04,1.356E-04,0.7328
130,Calcium Fluoride,9.000E-02,8.108E+02,1.194E+01,8.227E+02,1.912E-04,1.413E-04,0.7390
130,Calcium Fluoride,9.500E-02,8.321E+02,1.148E+01,8.436E+02,1.972E-04,1.469E-04,0.7449
130,Calcium Fluoride,1.000E-01,8.526E+02,1.107E+01,8.636E+02,2.031E-04,1.524E-04,0.7504
130,Calcium Fluoride,1.250E-01,9.444E+02,9.409E+00,9.538E+02,2.306E-04,1.783E-04,0.7734
130,Calcium Fluoride,1.500E-01,1.022E+03,8.217E+00,1.030E+03,2.558E-04,2.024E-04,0.7912
130,Calcium Fluoride,1.750E-01,1.088E+03,7.315E+00,1.095E+03,2.793E-04,2.250E-04,0.8055
130,Calcium Fluoride,2.000E-01,1.145E+03,6.607E+00,1.152E+03,3.015E-04,2.465E-04,0.8175
130,Calcium Fluoride,2.250E-01,1.194E+03,6.034E+00,1.200E+03,3.228E-04,2.671E-04,0.8276
130,Calcium Fluoride,2.500E-01,1.237E+03,5.560E+00,1.243E+03,3.432E-04,2.871E-04,0.8363
130,Calcium Fluoride,2.750E-01,1.275E+03,5.161E+00,1.280E+03,3.630E-04,3.064E-04,0.8440
130,Calcium Fluoride,3.000E-01,1.308E+03,4.820E+00,1.312E+03,3.823E-04,3.253E-04,0.8508
130,Calcium Fluoride,3.500E-01,1.361E+03,4.266E+00,1.365E+03,4.196E-04,3.619E-04,0.8625
130,Calcium Fluoride,4.000E-01,1.401E+03,3.835E+00,1.405E+03,4.557E-04,3.975E-04,0.8722
130,Calcium Fluoride,4.500E-01,1.431E+03,3.488E+00,1.435E+03,4.909E-04,4.322E-04,0.8804
130,Calcium Fluoride,5.000E-01,1.453E+03,3.204E+00,1.456E+03,5.255E-04,4.663E-04,0.8874
130,Calcium Fluoride,5.500E-01,1.467E+03,2.965E+00,1.470E+03,5.597E-04,5.001E-04,0.8937
130,Calcium Fluoride,6.000E-01,1.476E+03,2.762E+00,1.479E+03,5.935E-04,5.337E-04,0.8992
130,Calcium Fluoride,6.500E-01,1.481E+03,2.587E+00,1.483E+03,6.273E-04,5.672E-04,0.9041
130,Calcium Fluoride,7.000E-01,1.481E+03,2.434E+00,1.484E+03,6.610E-04,6.006E-04,0.9086
130,Calcium Fluoride,7.500E-01,1.479E+03,2.300E+00,1.481E+03,6.947E-04,6.341E-04,0.9127
130,Calcium Fluoride,8.000E-01,1.474E+03,2.180E+00,1.476E+03,7.285E-04,6.676E-04,0.9164
130,Calcium Fluoride,8.500E-01,1.466E+03,2.074E+00,1.469E+03,7.625E-04,7.014E-04,0.9198
130,Calcium Fluoride,9.000E-01,1.458E+03,1.978E+00,1.460E+03,7.966E-04,7.353E-04,0.9230
130,Calcium Fluoride,9.500E-01,1.447E+03,1.891E+00,1.449E+03,8.310E-04,7.695E-04,0.9259
130,Calcium Fluoride,1.000E+00,1.436E+03,1.812E+00,1.438E+03,8.657E-04,8.039E-04,0.9287
130,Calcium Fluoride,1.250E+00,1.352E+03,1.503E+00,1.354E+03,1.045E-03,9.819E-04,0.9400
130,Calcium Fluoride,1.500E+00,1.256E+03,1.289E+00,1.258E+03,1.236E-03,1.173E-03,0.9487
130,Calcium Fluoride,1.750E+00,1.166E+03,1.131E+00,1.168E+03,1.442E-03,1.378E-03,0.9555
130,Calcium Fluoride,2.000E+00,1.086E+03,1.010E+00,1.087E+03,1.664E-03,1.600E-03,0.9610
130,Calcium Fluoride,2.250E+00,1.016E+03,9.134E-01,1.017E+03,1.902E-03,1.837E-03,0.9655
130,Calcium Fluoride,2.500E+00,9.544E+02,8.347E-01,9.552E+02,2.156E-03,2.090E-03,0.9693
130,Calcium Fluoride,2.750E+00,9.002E+02,7.692E-01,9.010E+02,2.426E-03,2.359E-03,0.9724
130,Calcium Fluoride,3.000E+00,8.523E+02,7.137E-01,8.531E+02,2.711E-03,2.643E-03,0.9751
130,Calcium Fluoride,3.500E+00,7.721E+02,6.249E-01,7.727E+02,3.328E-03,3.259E-03,0.9793
130,Calcium Fluoride,4.000E+00,7.081E+02,5.567E-01,7.087E+02,4.004E-03,3.934E-03,0.9824
130,Calcium Fluoride,4.500E+00,6.555E+02,5.027E-01,6.560E+02,4.738E-03,4.666E-03,0.9848
130,Calcium Fluoride,5.000E+00,6.107E+02,4.586E-01,6.112E+02,5.529E-03,5.455E-03,0.9867
130,Calcium Fluoride,5.500E+00,5.733E+02,4.221E-01,5.737E+02,6.374E-03,6.299E-03,0.9882
130,Calcium Fluoride,6.000E+00,5.406E+02,3.912E-01,5.410E+02,7.272E-03,7.195E-03,0.9895
130,Calcium Fluoride,6.500E+00,5.119E+02,3.647E-01,5.123E+02,8.222E-03,8.143E-03,0.9905
130,Calcium Fluoride,7.000E+00,4.866E+02,3.418E-01,4.870E+02,9.223E-03,9.143E-03,0.9913
130,Calcium Fluoride,7.500E+00,4.640E+02,3.217E-01,4.643E+02,1.028E-02,1.019E-02,0.9920
130,Calcium Fluoride,8.000E+00,4.438E+02,3.040E-01,4.441E+02,1.138E-02,1.129E-02,0.9926
130,Calcium Fluoride,8.500E+00,4.254E+02,2.882E-01,4.257E+02,1.253E-02,1.244E-02,0.9932
130,Calcium Fluoride,9.000E+00,4.087E+02,2.741E-01,4.089E+02,1.373E-02,1.364E-02,0.9936
130,Calcium Fluoride,9.500E+00,3.934E+02,2.613E-01,3.937E+02,1.497E-02,1.488E-02,0.9940
130,Calcium Fluoride,1.000E+01,3.794E+02,2.498E-01,3.797E+02,1.627E-02,1.617E-02,0.9944
130,Calcium Fluoride,1.250E+01,3.236E+02,2.050E-01,3.238E+02,2.342E-02,2.332E-02,0.9956
130,Calcium Fluoride,1.500E+01,2.836E+02,1.744E-01,2.838E+02,3.169E-02,3.158E-02,0.9964
130,Calcium Fluoride,1.750E+01,2.533E+02,1.520E-01,2.534E+02,4.103E-02,4.091E-02,0.9969
130,Calcium Fluoride,2.000E+01,2.295E+02,1.349E-01,2.296E+02,5.141E-02,5.127E-02,0.9973
130,Calcium Fluoride,2.500E+01,1.942E+02,1.104E-01,1.943E+02,7.518E-02,7.501E-02,0.9977
130,Calcium Fluoride,2.750E+01,1.807E+02,1.014E-01,1.808E+02,8.853E-02,8.834E-02,0.9979
130,Calcium Fluoride,3.000E+01,1.692E+02,9.373E-02,1.693E+02,1.028E-01,1.026E-01,0.9980
130,Calcium Fluoride,3.500E+01,1.504E+02,8.154E-02,1.505E+02,1.342E-01,1.340E-01,0.9982
130,Calcium Fluoride,4.000E+01,1.357E+02,7.225E-02,1.358E+02,1.693E-01,1.690E-01,0.9983
130,Calcium Fluoride,4.500E+01,1.239E+02,6.491E-02,1.240E+02,2.078E-01,2.075E-01,0.9984
130,Calcium Fluoride,5.000E+01,1.142E+02,5.897E-02,1.142E+02,2.499E-01,2.495E-01,0.9985
130,Calcium Fluoride,5.500E+01,1.060E+02,5.406E-02,1.061E+02,2.954E-01,2.949E-01,0.9986
130,Calcium Fluoride,6.000E+01,9.904E+01,4.993E-02,9.909E+01,3.442E-01,3.437E-01,0.9986
130,Calcium Fluoride,6.500E+01,9.302E+01,4.640E-02,9.307E+01,3.963E-01,3.957E-01,0.9987
130,Calcium Fluoride,7.000E+01,8.777E+01,4.334E-02,8.782E+01,4.516E-01,4.510E-01,0.9987
130,Calcium Fluoride,7.500E+01,8.315E+01,4.067E-02,8.319E+01,5.101E-01,5.095E-01,0.9987
130,Calcium Fluoride,8.000E+01,7.904E+01,3.832E-02,7.908E+01,5.718E-01,5.711E-01,0.9987
130,Calcium Fluoride,8.500E+01,7.536E+01,3.623E-02,7.540E+01,6.366E-01,6.358E-01,0.9988
130,Calcium Fluoride,9.000E+01,7.205E+01,3.437E-02,7.208E+01,7.044E-01,7.036E-01,0.9988
130,Calcium Fluoride,9.500E+01,6.905E+01,3.269E-02,6.908E+01,7.753E-01,7.744E-01,0.9988
130,Calcium Fluoride,1.000E+02,6.631E+01,3.117E-02,6.634E+01,8.492E-01,8.482E-01,0.9988
130,Calcium Fluoride,1.250E+02,5.563E+01,2.533E-02,5.566E+01,1.262E+00,1.261E+00,0.9989
130,Calcium Fluoride,1.500E+02,4.822E+01,2.136E-02,4.824E+01,1.746E+00,1.745E+00,0.9989
130,Calcium Fluoride,1.750E+02,4.274E+01,1.847E-02,4.276E+01,2.298E+00,2.296E+00,0.9990
130,Calcium Fluoride,2.000E+02,3.853E+01,1.627E-02,3.854E+01,2.915E+00,2.912E+00,0.9990
130,Calcium Fluoride,2.250E+02,3.518E+01,1.455E-02,3.519E+01,3.595E+00,3.591E+00,0.9990
130,Calcium Fluoride,2.500E+02,3.244E+01,1.317E-02,3.246E+01,4.335E+00,4.331E+00,0.9990
130,Calcium Fluoride,2.750E+02,3.017E+01,1.202E-02,3.018E+01,5.135E+00,5.130E+00,0.9990
130,Calcium Fluoride,3.000E+02,2.825E+01,1.107E-02,2.826E+01,5.991E+00,5.986E+00,0.9991
130,Calcium Fluoride,3.500E+02,2.518E+01,9.547E-03,2.518E+01,7.869E+00,7.862E+00,0.9991
130,Calcium Fluoride,4.000E+02,2.282E+01,8.393E-03,2.283E+01,9.958E+00,9.949E+00,0.9991
130,Calcium Fluoride,4.500E+02,2.096E+01,7.487E-03,2.097E+01,1.225E+01,1.224E+01,0.9991
130,Calcium Fluoride,5.000E+02,1.945E+01,6.759E-03,1.946E+01,1.472E+01,1.471E+01,0.9991
130,Calcium Fluoride,5.500E+02,1.820E+01,6.160E-03,1.820E+01,1.738E+01,1.737E+01,0.9992
130,Calcium Fluoride,6.000E+02,1.714E+01,5.661E-03,1.715E+01,2.022E+01,2.020E+01,0.9992
130,Calcium Fluoride,6.500E+02,1.625E+01,5.237E-03,1.625E+01,2.321E+01,2.319E+01,0.9992
130,Calcium Fluoride,7.000E+02,1.547E+01,4.873E-03,1.547E+01,2.637E+01,2.635E+01,0.9992
130,Calcium Fluoride,7.500E+02,1.479E+01,4.555E-03,1.480E+01,2.967E+01,2.965E+01,0.9992
130,Calcium Fluoride,8.000E+02,1.420E+01,4.276E-03,1.420E+01,3.312E+01,3.310E+01,0.9992
130,Calcium Fluoride,8.500E+02,1.367E+01,4.028E-03,1.367E+01,3.671E+01,3.668E+01,0.9992
130,Calcium Fluoride,9.000E+02,1.320E+01,3.807E-03,1.320E+01,4.043E+01,4.040E+01,0.9992
130,Calcium Fluoride,9.500E+02,1.278E+01,3.609E-03,1.278E+01,4.428E+01,4.425E+01,0.9993
130,Calcium Fluoride,1.000E+03,1.239E+01,3.431E-03,1.240E+01,4.826E+01,4.822E+01,0.9993
134,Carbon Dioxide,1.000E-03,9.328E+01,1.329E+02,2.262E+02,5.314E-06,2.010E-06,0.3782
134,Carbon Dioxide,1.500E-03,1.142E+02,1.246E+02,2.388E+02,7.455E-06,3.005E-06,0.4031
134,Carbon Dioxide,2.000E-03,1.319E+02,1.169E+02,2.488E+02,9.506E-06,4.030E-06,0.4240
134,Carbon Dioxide,2.500E-03,1.475E+02,1.102E+02,2.577E+02,1.148E-05,5.075E-06,0.4421
134,Carbon Dioxide,3.000E-03,1.616E+02,1.042E+02,2.658E+02,1.339E-05,6.132E-06,0.4580
134,Carbon Dioxide,4.000E-03,1.866E+02,9.439E+01,2.809E+02,1.705E-05,8.272E-06,0.4852
134,Carbon Dioxide,5.000E-03,2.086E+02,8.652E+01,2.951E+02,2.052E-05,1.042E-05,0.5080
134,Carbon Dioxide,6.000E-03,2.285E+02,8.007E+01,3.086E+02,2.383E-05,1.257E-05,0.5276
134,Carbon Dioxide,7.000E-03,2.468E+02,7.467E+01,3.215E+02,2.701E-05,1.471E-05,0.5447
134,Carbon Dioxide,8.000E-03,2.638E+02,7.006E+01,3.339E+02,3.006E-05,1.683E-05,0.5599
134,Carbon Dioxide,9.000E-03,2.798E+02,6.608E+01,3.459E+02,3.300E-05,1.893E-05,0.5736
134,Carbon Dioxide,1.000E-02,2.950E+02,6.259E+01,3.576E+02,3.584E-05,2.100E-05,0.5860
134,Carbon Dioxide,1.250E-02,3.298E+02,5.549E+01,3.853E+02,4.258E-05,2.608E-05,0.6125
134,Carbon Dioxide,1.500E-02,3.612E+02,5.002E+01,4.113E+02,4.885E-05,3.099E-05,0.6344
134,Carbon Dioxide,1.750E-02,3.902E+02,4.566E+01,4.359E+02,5.476E-05,3.574E-05,0.6528
134,Carbon Dioxide,2.000E-02,4.171E+02,4.209E+01,4.592E+02,6.034E-05,4.035E-05,0.6686
134,Carbon Dioxide,2.250E-02,4.424E+02,3.910E+01,4.815E+02,6.566E-05,4.481E-05,0.6825
134,Carbon Dioxide,2.500E-02,4.664E+02,3.655E+01,5.029E+02,7.074E-05,4.914E-05,0.6947
134,Carbon Dioxide,2.750E-02,4.891E+02,3.436E+01,5.235E+02,7.561E-05,5.335E-05,0.7056
134,Carbon Dioxide,3.000E-02,5.108E+02,3.244E+01,5.433E+02,8.030E-05,5.744E-05,0.7154
134,Carbon Dioxide,3.500E-02,5.518E+02,2.924E+01,5.810E+02,8.919E-05,6.532E-05,0.7323
134,Carbon Dioxide,4.000E-02,5.898E+02,2.668E+01,6.165E+02,9.754E-05,7.282E-05,0.7466
134,Carbon Dioxide,4.500E-02,6.256E+02,2.457E+01,6.501E+02,1.054E-04,8.001E-05,0.7588
134,Carbon Dioxide,5.000E-02,6.594E+02,2.281E+01,6.822E+02,1.129E-04,8.690E-05,0.7694
134,Carbon Dioxide,5.500E-02,6.915E+02,2.130E+01,7.128E+02,1.201E-04,9.354E-05,0.7788
134,Carbon Dioxide,6.000E-02,7.222E+02,2.000E+01,7.422E+02,1.270E-04,9.995E-05,0.7871
134,Carbon Dioxide,6.500E-02,7.516E+02,1.886E+01,7.704E+02,1.336E-04,1.061E-04,0.7945
134,Carbon Dioxide,7.000E-02,7.798E+02,1.786E+01,7.977E+02,1.400E-04,1.122E-04,0.8013
134,Carbon Dioxide,7.500E-02,8.071E+02,1.697E+01,8.241E+02,1.461E-04,1.180E-04,0.8074
134,Carbon Dioxide,8.000E-02,8.334E+02,1.618E+01,8.496E+02,1.521E-04,1.237E-04,0.8130
134,Carbon Dioxide,8.500E-02,8.589E+02,1.546E+01,8.744E+02,1.579E-04,1.292E-04,0.8181
134,Carbon Dioxide,9.000E-02,8.837E+02,1.481E+01,8.985E+02,1.636E-04,1.346E-04,0.8228
134,Carbon Dioxide,9.500E-02,9.077E+02,1.421E+01,9.219E+02,1.690E-04,1.398E-04,0.8272
134,Carbon Dioxide,1.000E-01,9.311E+02,1.367E+01,9.448E+02,1.744E-04,1.450E-04,0.8313
134,Carbon Dioxide,1.250E-01,1.040E+03,1.151E+01,1.051E+03,1.995E-04,1.692E-04,0.8482
134,Carbon Dioxide,1.500E-01,1.137E+03,9.988E+00,1.147E+03,2.222E-04,1.913E-04,0.8610
134,Carbon Dioxide,1.750E-01,1.225E+03,8.846E+00,1.234E+03,2.432E-04,2.118E-04,0.8710
134,Carbon Dioxide,2.000E-01,1.306E+03,7.955E+00,1.314E+03,2.628E-04,2.311E-04,0.8792
134,Carbon Dioxide,2.250E-01,1.380E+03,7.240E+00,1.388E+03,2.813E-04,2.493E-04,0.8861
134,Carbon Dioxide,2.500E-01,1.449E+03,6.651E+00,1.456E+03,2.989E-04,2.666E-04,0.8919
134,Carbon Dioxide,2.750E-01,1.513E+03,6.157E+00,1.519E+03,3.157E-04,2.832E-04,0.8970
134,Carbon Dioxide,3.000E-01,1.571E+03,5.737E+00,1.577E+03,3.319E-04,2.992E-04,0.9014
134,Carbon Dioxide,3.500E-01,1.676E+03,5.058E+00,1.681E+03,3.626E-04,3.295E-04,0.9089
134,Carbon Dioxide,4.000E-01,1.763E+03,4.533E+00,1.767E+03,3.915E-04,3.583E-04,0.9150
134,Carbon Dioxide,4.500E-01,1.834E+03,4.112E+00,1.838E+03,4.193E-04,3.858E-04,0.9202
134,Carbon Dioxide,5.000E-01,1.891E+03,3.768E+00,1.894E+03,4.460E-04,4.124E-04,0.9246
134,Carbon Dioxide,5.500E-01,1.933E+03,3.481E+00,1.936E+03,4.721E-04,4.383E-04,0.9284
134,Carbon Dioxide,6.000E-01,1.961E+03,3.237E+00,1.964E+03,4.977E-04,4.638E-04,0.9319
134,Carbon Dioxide,6.500E-01,1.977E+03,3.027E+00,1.980E+03,5.231E-04,4.891E-04,0.9349
134,Carbon Dioxide,7.000E-01,1.982E+03,2.844E+00,1.985E+03,5.483E-04,5.142E-04,0.9377
134,Carbon Dioxide,7.500E-01,1.978E+03,2.684E+00,1.981E+03,5.735E-04,5.393E-04,0.9403
134,Carbon Dioxide,8.000E-01,1.967E+03,2.542E+00,1.970E+03,5.988E-04,5.645E-04,0.9427
134,Carbon Dioxide,8.500E-01,1.952E+03,2.415E+00,1.954E+03,6.243E-04,5.899E-04,0.9449
134,Carbon Dioxide,9.000E-01,1.932E+03,2.301E+00,1.935E+03,6.500E-04,6.155E-04,0.9469
134,Carbon Dioxide,9.500E-01,1.911E+03,2.197E+00,1.913E+03,6.760E-04,6.414E-04,0.9489
134,Carbon Dioxide,1.000E+00,1.888E+03,2.104E+00,1.890E+03,7.023E-04,6.677E-04,0.9507
134,Carbon Dioxide,1.250E+00,1.752E+03,1.739E+00,1.754E+03,8.395E-04,8.045E-04,0.9584
134,Carbon Dioxide,1.500E+00,1.614E+03,1.488E+00,1.616E+03,9.880E-04,9.528E-04,0.9643
134,Carbon Dioxide,1.750E+00,1.490E+03,1.303E+00,1.492E+03,1.149E-03,1.114E-03,0.9691
134,Carbon Dioxide,2.000E+00,1.383E+03,1.161E+00,1.384E+03,1.323E-03,1.287E-03,0.9730
134,Carbon Dioxide,2.250E+00,1.290E+03,1.049E+00,1.291E+03,1.510E-03,1.474E-03,0.9761
134,Carbon Dioxide,2.500E+00,1.209E+03,9.569E-01,1.210E+03,1.711E-03,1.674E-03,0.9788
134,Carbon Dioxide,2.750E+00,1.139E+03,8.807E-01,1.140E+03,1.924E-03,1.887E-03,0.9810
134,Carbon Dioxide,3.000E+00,1.077E+03,8.164E-01,1.078E+03,2.149E-03,2.112E-03,0.9829
134,Carbon Dioxide,3.500E+00,9.733E+02,7.135E-01,9.740E+02,2.638E-03,2.601E-03,0.9859
134,Carbon Dioxide,4.000E+00,8.900E+02,6.348E-01,8.906E+02,3.176E-03,3.138E-03,0.9881
134,Carbon Dioxide,4.500E+00,8.215E+02,5.724E-01,8.220E+02,3.761E-03,3.722E-03,0.9898
134,Carbon Dioxide,5.000E+00,7.640E+02,5.217E-01,7.645E+02,4.392E-03,4.353E-03,0.9911
134,Carbon Dioxide,5.500E+00,7.149E+02,4.796E-01,7.154E+02,5.068E-03,5.029E-03,0.9922
134,Carbon Dioxide,6.000E+00,6.726E+02,4.441E-01,6.731E+02,5.789E-03,5.749E-03,0.9931
134,Carbon Dioxide,6.500E+00,6.355E+02,4.137E-01,6.359E+02,6.554E-03,6.513E-03,0.9938
134,Carbon Dioxide,7.000E+00,6.026E+02,3.874E-01,6.030E+02,7.362E-03,7.320E-03,0.9944
134,Carbon Dioxide,7.500E+00,5.735E+02,3.644E-01,5.738E+02,8.212E-03,8.170E-03,0.9949
134,Carbon Dioxide,8.000E+00,5.473E+02,3.441E-01,5.477E+02,9.104E-03,9.061E-03,0.9953
134,Carbon Dioxide,8.500E+00,5.237E+02,3.260E-01,5.241E+02,1.004E-02,9.994E-03,0.9957
134,Carbon Dioxide,9.000E+00,5.024E+02,3.099E-01,5.027E+02,1.101E-02,1.097E-02,0.9960
134,Carbon Dioxide,9.500E+00,4.829E+02,2.953E-01,4.832E+02,1.203E-02,1.198E-02,0.9963
134,Carbon Dioxide,1.000E+01,4.650E+02,2.821E-01,4.653E+02,1.308E-02,1.304E-02,0.9965
134,Carbon Dioxide,1.250E+01,3.940E+02,2.310E-01,3.942E+02,1.894E-02,1.889E-02,0.9974
134,Carbon Dioxide,1.500E+01,3.433E+02,1.961E-01,3.435E+02,2.575E-02,2.570E-02,0.9979
134,Carbon Dioxide,1.750E+01,3.053E+02,1.707E-01,3.054E+02,3.349E-02,3.343E-02,0.9982
134,Carbon Dioxide,2.000E+01,2.755E+02,1.513E-01,2.756E+02,4.212E-02,4.205E-02,0.9985
134,Carbon Dioxide,2.500E+01,2.316E+02,1.236E-01,2.317E+02,6.199E-02,6.191E-02,0.9988
134,Carbon Dioxide,2.750E+01,2.149E+02,1.133E-01,2.150E+02,7.319E-02,7.311E-02,0.9989
134,Carbon Dioxide,3.000E+01,2.007E+02,1.046E-01,2.008E+02,8.523E-02,8.515E-02,0.9990
134,Carbon Dioxide,3.500E+01,1.776E+02,9.087E-02,1.777E+02,1.118E-01,1.117E-01,0.9991
134,Carbon Dioxide,4.000E+01,1.597E+02,8.039E-02,1.598E+02,1.415E-01,1.414E-01,0.9992
134,Carbon Dioxide,4.500E+01,1.453E+02,7.212E-02,1.454E+02,1.743E-01,1.742E-01,0.9992
134,Carbon Dioxide,5.000E+01,1.336E+02,6.543E-02,1.336E+02,2.102E-01,2.101E-01,0.9993
134,Carbon Dioxide,5.500E+01,1.237E+02,5.990E-02,1.238E+02,2.491E-01,2.490E-01,0.9993
134,Carbon Dioxide,6.000E+01,1.153E+02,5.525E-02,1.154E+02,2.910E-01,2.908E-01,0.9993
134,Carbon Dioxide,6.500E+01,1.081E+02,5.128E-02,1.082E+02,3.358E-01,3.356E-01,0.9993
134,Carbon Dioxide,7.000E+01,1.019E+02,4.785E-02,1.019E+02,3.834E-01,3.832E-01,0.9994
134,Carbon Dioxide,7.500E+01,9.633E+01,4.486E-02,9.638E+01,4.339E-01,4.336E-01,0.9994
134,Carbon Dioxide,8.000E+01,9.143E+01,4.223E-02,9.148E+01,4.872E-01,4.869E-01,0.9994
134,Carbon Dioxide,8.500E+01,8.706E+01,3.989E-02,8.710E+01,5.432E-01,5.429E-01,0.9994
134,Carbon Dioxide,9.000E+01,8.313E+01,3.780E-02,8.317E+01,6.020E-01,6.016E-01,0.9994
134,Carbon Dioxide,9.500E+01,7.957E+01,3.593E-02,7.961E+01,6.634E-01,6.631E-01,0.9994
134,Carbon Dioxide,1.000E+02,7.634E+01,3.424E-02,7.638E+01,7.276E-01,7.272E-01,0.9994
134,Carbon Dioxide,1.250E+02,6.376E+01,2.772E-02,6.379E+01,1.087E+00,1.087E+00,0.9995
134,Carbon Dioxide,1.500E+02,5.508E+01,2.329E-02,5.510E+01,1.510E+00,1.510E+00,0.9995
134,Carbon Dioxide,1.750E+02,4.869E+01,2.009E-02,4.871E+01,1.994E+00,1.993E+00,0.9995
134,Carbon Dioxide,2.000E+02,4.380E+01,1.766E-02,4.381E+01,2.536E+00,2.535E+00,0.9995
134,Carbon Dioxide,2.250E+02,3.991E+01,1.577E-02,3.993E+01,3.135E+00,3.133E+00,0.9995
134,Carbon Dioxide,2.500E+02,3.676E+01,1.424E-02,3.677E+01,3.788E+00,3.786E+00,0.9995
134,Carbon Dioxide,2.750E+02,3.413E+01,1.299E-02,3.415E+01,4.494E+00,4.492E+00,0.9995
134,Carbon Dioxide,3.000E+02,3.192E+01,1.194E-02,3.193E+01,5.252E+00,5.249E+00,0.9996
134,Carbon Dioxide,3.500E+02,2.839E+01,1.027E-02,2.840E+01,6.916E+00,6.913E+00,0.9996
134,Carbon Dioxide,4.000E+02,2.569E+01,9.011E-03,2.570E+01,8.769E+00,8.766E+00,0.9996
134,Carbon Dioxide,4.500E+02,2.356E+01,8.026E-03,2.357E+01,1.080E+01,1.080E+01,0.9996
134,Carbon Dioxide,5.000E+02,2.184E+01,7.236E-03,2.185E+01,1.301E+01,1.300E+01,0.9996
134,Carbon Dioxide,5.500E+02,2.041E+01,6.589E-03,2.042E+01,1.538E+01,1.537E+01,0.9996
134,Carbon Dioxide,6.000E+02,1.921E+01,6.047E-03,1.922E+01,1.790E+01,1.790E+01,0.9996
134,Carbon Dioxide,6.500E+02,1.819E+01,5.588E-03,1.820E+01,2.058E+01,2.057E+01,0.9996
134,Carbon Dioxide,7.000E+02,1.731E+01,5.192E-03,1.732E+01,2.340E+01,2.339E+01,0.9996
134,Carbon Dioxide,7.500E+02,1.654E+01,4.848E-03,1.655E+01,2.635E+01,2.634E+01,0.9996
134,Carbon Dioxide,8.000E+02,1.587E+01,4.546E-03,1.587E+01,2.944E+01,2.943E+01,0.9996
134,Carbon Dioxide,8.500E+02,1.527E+01,4.280E-03,1.527E+01,3.265E+01,3.264E+01,0.9996
134,Carbon Dioxide,9.000E+02,1.473E+01,4.044E-03,1.474E+01,3.598E+01,3.597E+01,0.9996
134,Carbon Dioxide,9.500E+02,1.425E+01,3.833E-03,1.426E+01,3.943E+01,3.942E+01,0.9997
134,Carbon Dioxide,1.000E+03,1.382E+01,3.643E-03,1.383E+01,4.300E+01,4.298E+01,0.9997
138,Cellulose Nitrate,1.000E-03,1.576E+02,1.617E+02,3.192E+02,3.817E-06,1.749E-06,0.4583
138,Cellulose Nitrate,1.500E-03,1.864E+02,1.497E+02,3.360E+02,5.336E-06,2.580E-06,0.4835
138,Cellulose Nitrate,2.000E-03,2.099E+02,1.392E+02,3.492E+02,6.795E-06,3.430E-06,0.5047
138,Cellulose Nitrate,2.500E-03,2.303E+02,1.303E+02,3.606E+02,8.204E-06,4.289E-06,0.5228
138,Cellulose Nitrate,3.000E-03,2.483E+02,1.227E+02,3.710E+02,9.570E-06,5.154E-06,0.5385
138,Cellulose Nitrate,4.000E-03,2.797E+02,1.103E+02,3.900E+02,1.220E-05,6.892E-06,0.5650
138,Cellulose Nitrate,5.000E-03,3.068E+02,1.005E+02,4.073E+02,1.471E-05,8.629E-06,0.5867
138,Cellulose Nitrate,6.000E-03,3.308E+02,9.262E+01,4.234E+02,1.711E-05,1.036E-05,0.6052
138,Cellulose Nitrate,7.000E-03,3.526E+02,8.607E+01,4.387E+02,1.943E-05,1.207E-05,0.6211
138,Cellulose Nitrate,8.000E-03,3.726E+02,8.052E+01,4.532E+02,2.168E-05,1.377E-05,0.6352
138,Cellulose Nitrate,9.000E-03,3.912E+02,7.576E+01,4.670E+02,2.385E-05,1.545E-05,0.6477
138,Cellulose Nitrate,1.000E-02,4.087E+02,7.162E+01,4.803E+02,2.596E-05,1.711E-05,0.6589
138,Cellulose Nitrate,1.250E-02,4.481E+02,6.323E+01,5.114E+02,3.100E-05,2.117E-05,0.6828
138,Cellulose Nitrate,1.500E-02,4.832E+02,5.683E+01,5.400E+02,3.576E-05,2.511E-05,0.7023
138,Cellulose Nitrate,1.750E-02,5.149E+02,5.175E+01,5.667E+02,4.027E-05,2.894E-05,0.7185
138,Cellulose Nitrate,2.000E-02,5.441E+02,4.761E+01,5.917E+02,4.459E-05,3.266E-05,0.7324
138,Cellulose Nitrate,2.250E-02,5.711E+02,4.415E+01,6.153E+02,4.873E-05,3.628E-05,0.7444
138,Cellulose Nitrate,2.500E-02,5.964E+02,4.122E+01,6.377E+02,5.272E-05,3.981E-05,0.7550
138,Cellulose Nitrate,2.750E-02,6.203E+02,3.870E+01,6.590E+02,5.658E-05,4.325E-05,0.7644
138,Cellulose Nitrate,3.000E-02,6.428E+02,3.650E+01,6.793E+02,6.032E-05,4.662E-05,0.7729
138,Cellulose Nitrate,3.500E-02,6.848E+02,3.285E+01,7.176E+02,6.747E-05,5.313E-05,0.7874
138,Cellulose Nitrate,4.000E-02,7.232E+02,2.993E+01,7.531E+02,7.427E-05,5.939E-05,0.7996
138,Cellulose Nitrate,4.500E-02,7.588E+02,2.753E+01,7.863E+02,8.077E-05,6.542E-05,0.8100
138,Cellulose Nitrate,5.000E-02,7.920E+02,2.553E+01,8.175E+02,8.700E-05,7.125E-05,0.8190
138,Cellulose Nitrate,5.500E-02,8.232E+02,2.382E+01,8.470E+02,9.301E-05,7.691E-05,0.8269
138,Cellulose Nitrate,6.000E-02,8.527E+02,2.235E+01,8.750E+02,9.882E-05,8.240E-05,0.8339
138,Cellulose Nitrate,6.500E-02,8.806E+02,2.107E+01,9.017E+02,1.044E-04,8.775E-05,0.8402
138,Cellulose Nitrate,7.000E-02,9.072E+02,1.994E+01,9.271E+02,1.099E-04,9.297E-05,0.8458
138,Cellulose Nitrate,7.500E-02,9.326E+02,1.894E+01,9.515E+02,1.152E-04,9.806E-05,0.8509
138,Cellulose Nitrate,8.000E-02,9.569E+02,1.804E+01,9.749E+02,1.204E-04,1.030E-04,0.8556
138,Cellulose Nitrate,8.500E-02,9.802E+02,1.723E+01,9.974E+02,1.255E-04,1.079E-04,0.8599
138,Cellulose Nitrate,9.000E-02,1.003E+03,1.650E+01,1.019E+03,1.305E-04,1.127E-04,0.8639
138,Cellulose Nitrate,9.500E-02,1.024E+03,1.583E+01,1.040E+03,1.353E-04,1.174E-04,0.8676
138,Cellulose Nitrate,1.000E-01,1.045E+03,1.522E+01,1.060E+03,1.401E-04,1.220E-04,0.8710
138,Cellulose Nitrate,1.250E-01,1.139E+03,1.280E+01,1.152E+03,1.627E-04,1.440E-04,0.8850
138,Cellulose Nitrate,1.500E-01,1.220E+03,1.110E+01,1.231E+03,1.836E-04,1.645E-04,0.8956
138,Cellulose Nitrate,1.750E-01,1.290E+03,9.820E+00,1.300E+03,2.034E-04,1.838E-04,0.9039
138,Cellulose Nitrate,2.000E-01,1.353E+03,8.825E+00,1.362E+03,2.222E-04,2.023E-04,0.9107
138,Cellulose Nitrate,2.250E-01,1.408E+03,8.027E+00,1.416E+03,2.402E-04,2.201E-04,0.9163
138,Cellulose Nitrate,2.500E-01,1.457E+03,7.371E+00,1.465E+03,2.575E-04,2.372E-04,0.9211
138,Cellulose Nitrate,2.750E-01,1.502E+03,6.822E+00,1.508E+03,2.743E-04,2.538E-04,0.9253
138,Cellulose Nitrate,3.000E-01,1.541E+03,6.354E+00,1.547E+03,2.907E-04,2.700E-04,0.9289
138,Cellulose Nitrate,3.500E-01,1.608E+03,5.599E+00,1.614E+03,3.223E-04,3.014E-04,0.9350
138,Cellulose Nitrate,4.000E-01,1.662E+03,5.014E+00,1.667E+03,3.528E-04,3.316E-04,0.9400
138,Cellulose Nitrate,4.500E-01,1.704E+03,4.548E+00,1.708E+03,3.824E-04,3.610E-04,0.9441
138,Cellulose Nitrate,5.000E-01,1.736E+03,4.166E+00,1.740E+03,4.114E-04,3.898E-04,0.9476
138,Cellulose Nitrate,5.500E-01,1.761E+03,3.847E+00,1.765E+03,4.399E-04,4.182E-04,0.9507
138,Cellulose Nitrate,6.000E-01,1.778E+03,3.576E+00,1.782E+03,4.681E-04,4.463E-04,0.9534
138,Cellulose Nitrate,6.500E-01,1.789E+03,3.343E+00,1.793E+03,4.961E-04,4.741E-04,0.9558
138,Cellulose Nitrate,7.000E-01,1.796E+03,3.141E+00,1.799E+03,5.239E-04,5.018E-04,0.9579
138,Cellulose Nitrate,7.500E-01,1.798E+03,2.963E+00,1.800E+03,5.517E-04,5.295E-04,0.9599
138,Cellulose Nitrate,8.000E-01,1.796E+03,2.806E+00,1.798E+03,5.795E-04,5.572E-04,0.9616
138,Cellulose Nitrate,8.500E-01,1.790E+03,2.665E+00,1.793E+03,6.073E-04,5.850E-04,0.9632
138,Cellulose Nitrate,9.000E-01,1.782E+03,2.539E+00,1.785E+03,6.352E-04,6.128E-04,0.9647
138,Cellulose Nitrate,9.500E-01,1.772E+03,2.425E+00,1.775E+03,6.633E-04,6.408E-04,0.9661
138,Cellulose Nitrate,1.000E+00,1.760E+03,2.321E+00,1.762E+03,6.916E-04,6.690E-04,0.9674
138,Cellulose Nitrate,1.250E+00,1.674E+03,1.918E+00,1.676E+03,8.369E-04,8.139E-04,0.9726
138,Cellulose Nitrate,1.500E+00,1.574E+03,1.640E+00,1.575E+03,9.907E-04,9.675E-04,0.9766
138,Cellulose Nitrate,1.750E+00,1.476E+03,1.436E+00,1.477E+03,1.155E-03,1.131E-03,0.9797
138,Cellulose Nitrate,2.000E+00,1.385E+03,1.279E+00,1.386E+03,1.329E-03,1.306E-03,0.9822
138,Cellulose Nitrate,2.250E+00,1.302E+03,1.155E+00,1.303E+03,1.515E-03,1.491E-03,0.9842
138,Cellulose Nitrate,2.500E+00,1.227E+03,1.054E+00,1.228E+03,1.713E-03,1.689E-03,0.9859
138,Cellulose Nitrate,2.750E+00,1.160E+03,9.695E-01,1.161E+03,1.923E-03,1.898E-03,0.9873
138,Cellulose Nitrate,3.000E+00,1.099E+03,8.986E-01,1.100E+03,2.144E-03,2.119E-03,0.9885
138,Cellulose Nitrate,3.500E+00,9.938E+02,7.851E-01,9.946E+02,2.623E-03,2.598E-03,0.9904
138,Cellulose Nitrate,4.000E+00,9.093E+02,6.982E-01,9.100E+02,3.149E-03,3.123E-03,0.9918
138,Cellulose Nitrate,4.500E+00,8.397E+02,6.295E-01,8.403E+02,3.721E-03,3.695E-03,0.9930
138,Cellulose Nitrate,5.000E+00,7.811E+02,5.736E-01,7.817E+02,4.339E-03,4.312E-03,0.9938
138,Cellulose Nitrate,5.500E+00,7.312E+02,5.272E-01,7.317E+02,5.000E-03,4.973E-03,0.9946
138,Cellulose Nitrate,6.000E+00,6.881E+02,4.881E-01,6.886E+02,5.705E-03,5.677E-03,0.9951
138,Cellulose Nitrate,6.500E+00,6.502E+02,4.547E-01,6.506E+02,6.452E-03,6.424E-03,0.9956
138,Cellulose Nitrate,7.000E+00,6.167E+02,4.257E-01,6.172E+02,7.242E-03,7.213E-03,0.9960
138,Cellulose Nitrate,7.500E+00,5.870E+02,4.004E-01,5.874E+02,8.073E-03,8.043E-03,0.9963
138,Cellulose Nitrate,8.000E+00,5.603E+02,3.780E-01,5.607E+02,8.944E-03,8.914E-03,0.9966
138,Cellulose Nitrate,8.500E+00,5.362E+02,3.581E-01,5.366E+02,9.856E-03,9.825E-03,0.9969
138,Cellulose Nitrate,9.000E+00,5.144E+02,3.403E-01,5.147E+02,1.081E-02,1.078E-02,0.9971
138,Cellulose Nitrate,9.500E+00,4.945E+02,3.243E-01,4.948E+02,1.180E-02,1.177E-02,0.9973
138,Cellulose Nitrate,1.000E+01,4.762E+02,3.097E-01,4.765E+02,1.283E-02,1.280E-02,0.9974
138,Cellulose Nitrate,1.250E+01,4.035E+02,2.536E-01,4.038E+02,1.855E-02,1.851E-02,0.9980
138,Cellulose Nitrate,1.500E+01,3.517E+02,2.152E-01,3.519E+02,2.520E-02,2.516E-02,0.9984
138,Cellulose Nitrate,1.750E+01,3.128E+02,1.872E-01,3.129E+02,3.275E-02,3.270E-02,0.9986
138,Cellulose Nitrate,2.000E+01,2.822E+02,1.659E-01,2.824E+02,4.117E-02,4.112E-02,0.9988
138,Cellulose Nitrate,2.500E+01,2.373E+02,1.354E-01,2.375E+02,6.056E-02,6.050E-02,0.9990
138,Cellulose Nitrate,2.750E+01,2.202E+02,1.241E-01,2.204E+02,7.150E-02,7.143E-02,0.9991
138,Cellulose Nitrate,3.000E+01,2.056E+02,1.146E-01,2.058E+02,8.325E-02,8.318E-02,0.9991
138,Cellulose Nitrate,3.500E+01,1.820E+02,9.947E-02,1.821E+02,1.091E-01,1.090E-01,0.9992
138,Cellulose Nitrate,4.000E+01,1.637E+02,8.796E-02,1.638E+02,1.381E-01,1.380E-01,0.9993
138,Cellulose Nitrate,4.500E+01,1.490E+02,7.890E-02,1.490E+02,1.702E-01,1.701E-01,0.9993
138,Cellulose Nitrate,5.000E+01,1.369E+02,7.156E-02,1.370E+02,2.052E-01,2.051E-01,0.9993
138,Cellulose Nitrate,5.500E+01,1.268E+02,6.549E-02,1.269E+02,2.432E-01,2.430E-01,0.9994
138,Cellulose Nitrate,6.000E+01,1.182E+02,6.039E-02,1.183E+02,2.840E-01,2.838E-01,0.9994
138,Cellulose Nitrate,6.500E+01,1.108E+02,5.603E-02,1.109E+02,3.277E-01,3.275E-01,0.9994
138,Cellulose Nitrate,7.000E+01,1.044E+02,5.227E-02,1.045E+02,3.742E-01,3.740E-01,0.9994
138,Cellulose Nitrate,7.500E+01,9.874E+01,4.899E-02,9.879E+01,4.234E-01,4.232E-01,0.9994
138,Cellulose Nitrate,8.000E+01,9.373E+01,4.610E-02,9.377E+01,4.754E-01,4.751E-01,0.9994
138,Cellulose Nitrate,8.500E+01,8.924E+01,4.355E-02,8.929E+01,5.301E-01,5.298E-01,0.9995
138,Cellulose Nitrate,9.000E+01,8.522E+01,4.126E-02,8.526E+01,5.874E-01,5.871E-01,0.9995
138,Cellulose Nitrate,9.500E+01,8.157E+01,3.921E-02,8.161E+01,6.473E-01,6.470E-01,0.9995
138,Cellulose Nitrate,1.000E+02,7.826E+01,3.736E-02,7.830E+01,7.099E-01,7.095E-01,0.9995
138,Cellulose Nitrate,1.250E+02,6.537E+01,3.023E-02,6.540E+01,1.061E+00,1.060E+00,0.9995
138,Cellulose Nitrate,1.500E+02,5.647E+01,2.538E-02,5.649E+01,1.473E+00,1.473E+00,0.9995
138,Cellulose Nitrate,1.750E+02,4.993E+01,2.188E-02,4.995E+01,1.945E+00,1.944E+00,0.9995
138,Cellulose Nitrate,2.000E+02,4.491E+01,1.924E-02,4.493E+01,2.474E+00,2.473E+00,0.9996
138,Cellulose Nitrate,2.250E+02,4.093E+01,1.717E-02,4.095E+01,3.057E+00,3.056E+00,0.9996
138,Cellulose Nitrate,2.500E+02,3.769E+01,1.551E-02,3.771E+01,3.694E+00,3.693E+00,0.9996
138,Cellulose Nitrate,2.750E+02,3.501E+01,1.414E-02,3.502E+01,4.383E+00,4.381E+00,0.9996
138,Cellulose Nitrate,3.000E+02,3.274E+01,1.299E-02,3.275E+01,5.122E+00,5.120E+00,0.9996
138,Cellulose Nitrate,3.500E+02,2.912E+01,1.117E-02,2.913E+01,6.744E+00,6.741E+00,0.9996
138,Cellulose Nitrate,4.000E+02,2.635E+01,9.797E-03,2.636E+01,8.551E+00,8.548E+00,0.9996
138,Cellulose Nitrate,4.500E+02,2.417E+01,8.725E-03,2.418E+01,1.053E+01,1.053E+01,0.9996
138,Cellulose Nitrate,5.000E+02,2.240E+01,7.866E-03,2.241E+01,1.268E+01,1.268E+01,0.9996
138,Cellulose Nitrate,5.500E+02,2.094E+01,7.161E-03,2.095E+01,1.499E+01,1.499E+01,0.9996
138,Cellulose Nitrate,6.000E+02,1.971E+01,6.572E-03,1.972E+01,1.746E+01,1.745E+01,0.9996
138,Cellulose Nitrate,6.500E+02,1.866E+01,6.071E-03,1.867E+01,2.006E+01,2.006E+01,0.9996
138,Cellulose Nitrate,7.000E+02,1.776E+01,5.641E-03,1.776E+01,2.281E+01,2.280E+01,0.9996
138,Cellulose Nitrate,7.500E+02,1.697E+01,5.267E-03,1.697E+01,2.569E+01,2.568E+01,0.9997
138,Cellulose Nitrate,8.000E+02,1.628E+01,4.939E-03,1.628E+01,2.870E+01,2.869E+01,0.9997
138,Cellulose Nitrate,8.500E+02,1.566E+01,4.650E-03,1.567E+01,3.183E+01,3.182E+01,0.9997
138,Cellulose Nitrate,9.000E+02,1.511E+01,4.394E-03,1.512E+01,3.508E+01,3.507E+01,0.9997
138,Cellulose Nitrate,9.500E+02,1.462E+01,4.165E-03,1.463E+01,3.844E+01,3.843E+01,0.9997
138,Cellulose Nitrate,1.000E+03,1.418E+01,3.958E-03,1.418E+01,4.192E+01,4.190E+01,0.9997
139,Ceric Sulfate Dosimeter Solution,1.000E-03,9.973E+01,2.231E+02,3.228E+02,3.331E-06,1.720E-06,0.5163
139,Ceric Sulfate Dosimeter Solution,1.500E-03,1.237E+02,2.033E+02,3.270E+02,4.865E-06,2.586E-06,0.5315
139,Ceric Sulfate Dosimeter Solution,2.000E-03,1.441E+02,1.872E+02,3.313E+02,6.385E-06,3.483E-06,0.5454
139,Ceric Sulfate Dosimeter Solution,2.500E-03,1.623E+02,1.738E+02,3.361E+02,7.883E-06,4.398E-06,0.5579
139,Ceric Sulfate Dosimeter Solution,3.000E-03,1.788E+02,1.626E+02,3.414E+02,9.359E-06,5.328E-06,0.5692
139,Ceric Sulfate Dosimeter Solution,4.000E-03,2.083E+02,1.448E+02,3.531E+02,1.224E-05,7.211E-06,0.5891
139,Ceric Sulfate Dosimeter Solution,5.000E-03,2.346E+02,1.311E+02,3.657E+02,1.502E-05,9.106E-06,0.6061
139,Ceric Sulfate Dosimeter Solution,6.000E-03,2.585E+02,1.202E+02,3.787E+02,1.771E-05,1.100E-05,0.6210
139,Ceric Sulfate Dosimeter Solution,7.000E-03,2.805E+02,1.112E+02,3.918E+02,2.031E-05,1.288E-05,0.6342
139,Ceric Sulfate Dosimeter Solution,8.000E-03,3.012E+02,1.037E+02,4.049E+02,2.282E-05,1.474E-05,0.6460
139,Ceric Sulfate Dosimeter Solution,9.000E-03,3.206E+02,9.732E+01,4.179E+02,2.525E-05,1.658E-05,0.6566
139,Ceric Sulfate Dosimeter Solution,1.000E-02,3.391E+02,9.177E+01,4.309E+02,2.760E-05,1.839E-05,0.6663
139,Ceric Sulfate Dosimeter Solution,1.250E-02,3.818E+02,8.066E+01,4.624E+02,3.320E-05,2.282E-05,0.6873
139,Ceric Sulfate Dosimeter Solution,1.500E-02,4.206E+02,7.224E+01,4.928E+02,3.844E-05,2.709E-05,0.7047
139,Ceric Sulfate Dosimeter Solution,1.750E-02,4.565E+02,6.561E+01,5.221E+02,4.336E-05,3.120E-05,0.7194
139,Ceric Sulfate Dosimeter Solution,2.000E-02,4.900E+02,6.023E+01,5.502E+02,4.803E-05,3.516E-05,0.7321
139,Ceric Sulfate Dosimeter Solution,2.250E-02,5.216E+02,5.576E+01,5.773E+02,5.246E-05,3.899E-05,0.7432
139,Ceric Sulfate Dosimeter Solution,2.500E-02,5.515E+02,5.198E+01,6.035E+02,5.670E-05,4.269E-05,0.7530
139,Ceric Sulfate Dosimeter Solution,2.750E-02,5.801E+02,4.874E+01,6.288E+02,6.075E-05,4.628E-05,0.7617
139,Ceric Sulfate Dosimeter Solution,3.000E-02,6.074E+02,4.592E+01,6.533E+02,6.465E-05,4.976E-05,0.7696
139,Ceric Sulfate Dosimeter Solution,3.500E-02,6.589E+02,4.125E+01,7.002E+02,7.204E-05,5.643E-05,0.7833
139,Ceric Sulfate Dosimeter Solution,4.000E-02,7.070E+02,3.753E+01,7.445E+02,7.897E-05,6.276E-05,0.7948
139,Ceric Sulfate Dosimeter Solution,4.500E-02,7.522E+02,3.448E+01,7.867E+02,8.550E-05,6.879E-05,0.8046
139,Ceric Sulfate Dosimeter Solution,5.000E-02,7.950E+02,3.194E+01,8.270E+02,9.169E-05,7.456E-05,0.8132
139,Ceric Sulfate Dosimeter Solution,5.500E-02,8.357E+02,2.978E+01,8.655E+02,9.760E-05,8.010E-05,0.8207
139,Ceric Sulfate Dosimeter Solution,6.000E-02,8.746E+02,2.792E+01,9.025E+02,1.033E-04,8.543E-05,0.8274
139,Ceric Sulfate Dosimeter Solution,6.500E-02,9.118E+02,2.630E+01,9.381E+02,1.087E-04,9.058E-05,0.8334
139,Ceric Sulfate Dosimeter Solution,7.000E-02,9.476E+02,2.488E+01,9.724E+02,1.139E-04,9.556E-05,0.8388
139,Ceric Sulfate Dosimeter Solution,7.500E-02,9.820E+02,2.361E+01,1.006E+03,1.190E-04,1.004E-04,0.8437
139,Ceric Sulfate Dosimeter Solution,8.000E-02,1.015E+03,2.248E+01,1.038E+03,1.239E-04,1.051E-04,0.8482
139,Ceric Sulfate Dosimeter Solution,8.500E-02,1.047E+03,2.147E+01,1.069E+03,1.286E-04,1.096E-04,0.8524
139,Ceric Sulfate Dosimeter Solution,9.000E-02,1.078E+03,2.054E+01,1.099E+03,1.332E-04,1.141E-04,0.8562
139,Ceric Sulfate Dosimeter Solution,9.500E-02,1.109E+03,1.971E+01,1.128E+03,1.377E-04,1.184E-04,0.8598
139,Ceric Sulfate Dosimeter Solution,1.000E-01,1.138E+03,1.894E+01,1.157E+03,1.421E-04,1.226E-04,0.8631
139,Ceric Sulfate Dosimeter Solution,1.250E-01,1.273E+03,1.591E+01,1.288E+03,1.625E-04,1.425E-04,0.8767
139,Ceric Sulfate Dosimeter Solution,1.500E-01,1.391E+03,1.378E+01,1.405E+03,1.811E-04,1.606E-04,0.8870
139,Ceric Sulfate Dosimeter Solution,1.750E-01,1.497E+03,1.218E+01,1.509E+03,1.983E-04,1.775E-04,0.8952
139,Ceric Sulfate Dosimeter Solution,2.000E-01,1.591E+03,1.094E+01,1.602E+03,2.143E-04,1.933E-04,0.9018
139,Ceric Sulfate Dosimeter Solution,2.250E-01,1.676E+03,9.946E+00,1.686E+03,2.295E-04,2.083E-04,0.9074
139,Ceric Sulfate Dosimeter Solution,2.500E-01,1.753E+03,9.129E+00,1.762E+03,2.440E-04,2.226E-04,0.9122
139,Ceric Sulfate Dosimeter Solution,2.750E-01,1.822E+03,8.445E+00,1.830E+03,2.579E-04,2.364E-04,0.9164
139,Ceric Sulfate Dosimeter Solution,3.000E-01,1.884E+03,7.863E+00,1.892E+03,2.714E-04,2.497E-04,0.9200
139,Ceric Sulfate Dosimeter Solution,3.500E-01,1.990E+03,6.925E+00,1.997E+03,2.971E-04,2.751E-04,0.9262
139,Ceric Sulfate Dosimeter Solution,4.000E-01,2.074E+03,6.199E+00,2.080E+03,3.216E-04,2.995E-04,0.9313
139,Ceric Sulfate Dosimeter Solution,4.500E-01,2.140E+03,5.620E+00,2.146E+03,3.452E-04,3.230E-04,0.9356
139,Ceric Sulfate Dosimeter Solution,5.000E-01,2.190E+03,5.146E+00,2.195E+03,3.683E-04,3.459E-04,0.9393
139,Ceric Sulfate Dosimeter Solution,5.500E-01,2.227E+03,4.750E+00,2.231E+03,3.908E-04,3.684E-04,0.9425
139,Ceric Sulfate Dosimeter Solution,6.000E-01,2.251E+03,4.415E+00,2.256E+03,4.131E-04,3.905E-04,0.9454
139,Ceric Sulfate Dosimeter Solution,6.500E-01,2.266E+03,4.127E+00,2.271E+03,4.352E-04,4.125E-04,0.9480
139,Ceric Sulfate Dosimeter Solution,7.000E-01,2.273E+03,3.876E+00,2.277E+03,4.572E-04,4.345E-04,0.9503
139,Ceric Sulfate Dosimeter Solution,7.500E-01,2.272E+03,3.656E+00,2.276E+03,4.791E-04,4.563E-04,0.9524
139,Ceric Sulfate Dosimeter Solution,8.000E-01,2.266E+03,3.461E+00,2.269E+03,5.011E-04,4.783E-04,0.9544
139,Ceric Sulfate Dosimeter Solution,8.500E-01,2.254E+03,3.287E+00,2.257E+03,5.232E-04,5.003E-04,0.9562
139,Ceric Sulfate Dosimeter Solution,9.000E-01,2.238E+03,3.131E+00,2.242E+03,5.454E-04,5.225E-04,0.9579
139,Ceric Sulfate Dosimeter Solution,9.500E-01,2.220E+03,2.990E+00,2.223E+03,5.678E-04,5.448E-04,0.9594
139,Ceric Sulfate Dosimeter Solution,1.000E+00,2.198E+03,2.861E+00,2.201E+03,5.905E-04,5.674E-04,0.9609
139,Ceric Sulfate Dosimeter Solution,1.250E+00,2.049E+03,2.363E+00,2.051E+03,7.079E-04,6.846E-04,0.9671
139,Ceric Sulfate Dosimeter Solution,1.500E+00,1.886E+03,2.020E+00,1.888E+03,8.350E-04,8.114E-04,0.9718
139,Ceric Sulfate Dosimeter Solution,1.750E+00,1.737E+03,1.767E+00,1.739E+03,9.730E-04,9.493E-04,0.9756
139,Ceric Sulfate Dosimeter Solution,2.000E+00,1.607E+03,1.574E+00,1.609E+03,1.123E-03,1.099E-03,0.9787
139,Ceric Sulfate Dosimeter Solution,2.250E+00,1.495E+03,1.421E+00,1.497E+03,1.284E-03,1.260E-03,0.9812
139,Ceric Sulfate Dosimeter Solution,2.500E+00,1.399E+03,1.296E+00,1.400E+03,1.457E-03,1.432E-03,0.9833
139,Ceric Sulfate Dosimeter Solution,2.750E+00,1.315E+03,1.192E+00,1.316E+03,1.641E-03,1.616E-03,0.9851
139,Ceric Sulfate Dosimeter Solution,3.000E+00,1.242E+03,1.105E+00,1.243E+03,1.836E-03,1.812E-03,0.9866
139,Ceric Sulfate Dosimeter Solution,3.500E+00,1.120E+03,9.650E-01,1.121E+03,2.261E-03,2.236E-03,0.9889
139,Ceric Sulfate Dosimeter Solution,4.000E+00,1.023E+03,8.580E-01,1.024E+03,2.728E-03,2.702E-03,0.9907
139,Ceric Sulfate Dosimeter Solution,4.500E+00,9.428E+02,7.733E-01,9.435E+02,3.237E-03,3.211E-03,0.9920
139,Ceric Sulfate Dosimeter Solution,5.000E+00,8.756E+02,7.045E-01,8.763E+02,3.787E-03,3.761E-03,0.9931
139,Ceric Sulfate Dosimeter Solution,5.500E+00,8.184E+02,6.474E-01,8.191E+02,4.378E-03,4.351E-03,0.9939
139,Ceric Sulfate Dosimeter Solution,6.000E+00,7.693E+02,5.993E-01,7.698E+02,5.008E-03,4.981E-03,0.9946
139,Ceric Sulfate Dosimeter Solution,6.500E+00,7.261E+02,5.581E-01,7.266E+02,5.677E-03,5.649E-03,0.9951
139,Ceric Sulfate Dosimeter Solution,7.000E+00,6.880E+02,5.225E-01,6.885E+02,6.384E-03,6.356E-03,0.9956
139,Ceric Sulfate Dosimeter Solution,7.500E+00,6.542E+02,4.913E-01,6.547E+02,7.129E-03,7.100E-03,0.9960
139,Ceric Sulfate Dosimeter Solution,8.000E+00,6.240E+02,4.638E-01,6.244E+02,7.911E-03,7.882E-03,0.9963
139,Ceric Sulfate Dosimeter Solution,8.500E+00,5.967E+02,4.393E-01,5.971E+02,8.730E-03,8.701E-03,0.9966
139,Ceric Sulfate Dosimeter Solution,9.000E+00,5.720E+02,4.174E-01,5.724E+02,9.586E-03,9.556E-03,0.9969
139,Ceric Sulfate Dosimeter Solution,9.500E+00,5.495E+02,3.977E-01,5.499E+02,1.048E-02,1.045E-02,0.9971
139,Ceric Sulfate Dosimeter Solution,1.000E+01,5.289E+02,3.798E-01,5.293E+02,1.140E-02,1.137E-02,0.9973
139,Ceric Sulfate Dosimeter Solution,1.250E+01,4.472E+02,3.108E-01,4.475E+02,1.656E-02,1.653E-02,0.9979
139,Ceric Sulfate Dosimeter Solution,1.500E+01,3.891E+02,2.636E-01,3.894E+02,2.257E-02,2.253E-02,0.9983
139,Ceric Sulfate Dosimeter Solution,1.750E+01,3.456E+02,2.292E-01,3.458E+02,2.939E-02,2.935E-02,0.9986
139,Ceric Sulfate Dosimeter Solution,2.000E+01,3.116E+02,2.030E-01,3.118E+02,3.702E-02,3.697E-02,0.9988
139,Ceric Sulfate Dosimeter Solution,2.500E+01,2.616E+02,1.656E-01,2.618E+02,5.460E-02,5.454E-02,0.9990
139,Ceric Sulfate Dosimeter Solution,2.750E+01,2.427E+02,1.518E-01,2.428E+02,6.452E-02,6.446E-02,0.9991
139,Ceric Sulfate Dosimeter Solution,3.000E+01,2.265E+02,1.401E-01,2.266E+02,7.519E-02,7.512E-02,0.9991
139,Ceric Sulfate Dosimeter Solution,3.500E+01,2.003E+02,1.215E-01,2.004E+02,9.870E-02,9.862E-02,0.9992
139,Ceric Sulfate Dosimeter Solution,4.000E+01,1.800E+02,1.074E-01,1.801E+02,1.251E-01,1.250E-01,0.9993
139,Ceric Sulfate Dosimeter Solution,4.500E+01,1.637E+02,9.631E-02,1.638E+02,1.542E-01,1.541E-01,0.9993
139,Ceric Sulfate Dosimeter Solution,5.000E+01,1.504E+02,8.732E-02,1.505E+02,1.861E-01,1.860E-01,0.9994
139,Ceric Sulfate Dosimeter Solution,5.500E+01,1.393E+02,7.989E-02,1.393E+02,2.206E-01,2.205E-01,0.9994
139,Ceric Sulfate Dosimeter Solution,6.000E+01,1.298E+02,7.364E-02,1.299E+02,2.578E-01,2.577E-01,0.9994
139,Ceric Sulfate Dosimeter Solution,6.500E+01,1.217E+02,6.831E-02,1.217E+02,2.976E-01,2.975E-01,0.9994
139,Ceric Sulfate Dosimeter Solution,7.000E+01,1.146E+02,6.371E-02,1.146E+02,3.400E-01,3.398E-01,0.9994
139,Ceric Sulfate Dosimeter Solution,7.500E+01,1.083E+02,5.969E-02,1.084E+02,3.848E-01,3.846E-01,0.9995
139,Ceric Sulfate Dosimeter Solution,8.000E+01,1.028E+02,5.616E-02,1.029E+02,4.322E-01,4.320E-01,0.9995
139,Ceric Sulfate Dosimeter Solution,8.500E+01,9.787E+01,5.303E-02,9.792E+01,4.821E-01,4.818E-01,0.9995
139,Ceric Sulfate Dosimeter Solution,9.000E+01,9.344E+01,5.024E-02,9.349E+01,5.343E-01,5.341E-01,0.9995
139,Ceric Sulfate Dosimeter Solution,9.500E+01,8.943E+01,4.773E-02,8.947E+01,5.890E-01,5.887E-01,0.9995
139,Ceric Sulfate Dosimeter Solution,1.000E+02,8.578E+01,4.547E-02,8.583E+01,6.461E-01,6.458E-01,0.9995
139,Ceric Sulfate Dosimeter Solution,1.250E+02,7.161E+01,3.677E-02,7.165E+01,9.664E-01,9.660E-01,0.9995
139,Ceric Sulfate Dosimeter Solution,1.500E+02,6.183E+01,3.087E-02,6.186E+01,1.343E+00,1.343E+00,0.9995
139,Ceric Sulfate Dosimeter Solution,1.750E+02,5.464E+01,2.660E-02,5.467E+01,1.774E+00,1.773E+00,0.9996
139,Ceric Sulfate Dosimeter Solution,2.000E+02,4.914E+01,2.337E-02,4.916E+01,2.257E+00,2.256E+00,0.9996
139,Ceric Sulfate Dosimeter Solution,2.250E+02,4.477E+01,2.085E-02,4.479E+01,2.791E+00,2.789E+00,0.9996
139,Ceric Sulfate Dosimeter Solution,2.500E+02,4.122E+01,1.882E-02,4.124E+01,3.373E+00,3.372E+00,0.9996
139,Ceric Sulfate Dosimeter Solution,2.750E+02,3.827E+01,1.716E-02,3.829E+01,4.003E+00,4.001E+00,0.9996
139,Ceric Sulfate Dosimeter Solution,3.000E+02,3.579E+01,1.576E-02,3.580E+01,4.678E+00,4.676E+00,0.9996
139,Ceric Sulfate Dosimeter Solution,3.500E+02,3.182E+01,1.355E-02,3.183E+01,6.163E+00,6.160E+00,0.9996
139,Ceric Sulfate Dosimeter Solution,4.000E+02,2.879E+01,1.189E-02,2.880E+01,7.817E+00,7.814E+00,0.9996
139,Ceric Sulfate Dosimeter Solution,4.500E+02,2.640E+01,1.058E-02,2.641E+01,9.632E+00,9.628E+00,0.9996
139,Ceric Sulfate Dosimeter Solution,5.000E+02,2.446E+01,9.537E-03,2.447E+01,1.160E+01,1.160E+01,0.9996
139,Ceric Sulfate Dosimeter Solution,5.500E+02,2.286E+01,8.683E-03,2.287E+01,1.372E+01,1.371E+01,0.9996
139,Ceric Sulfate Dosimeter Solution,6.000E+02,2.152E+01,7.970E-03,2.153E+01,1.597E+01,1.596E+01,0.9997
139,Ceric Sulfate Dosimeter Solution,6.500E+02,2.037E+01,7.364E-03,2.038E+01,1.836E+01,1.835E+01,0.9997
139,Ceric Sulfate Dosimeter Solution,7.000E+02,1.938E+01,6.843E-03,1.939E+01,2.088E+01,2.087E+01,0.9997
139,Ceric Sulfate Dosimeter Solution,7.500E+02,1.852E+01,6.388E-03,1.853E+01,2.351E+01,2.351E+01,0.9997
139,Ceric Sulfate Dosimeter Solution,8.000E+02,1.776E+01,5.990E-03,1.777E+01,2.627E+01,2.626E+01,0.9997
139,Ceric Sulfate Dosimeter Solution,8.500E+02,1.709E+01,5.639E-03,1.710E+01,2.914E+01,2.913E+01,0.9997
139,Ceric Sulfate Dosimeter Solution,9.000E+02,1.649E+01,5.327E-03,1.650E+01,3.212E+01,3.211E+01,0.9997
139,Ceric Sulfate Dosimeter Solution,9.500E+02,1.595E+01,5.049E-03,1.596E+01,3.520E+01,3.519E+01,0.9997
139,Ceric Sulfate Dosimeter Solution,1.000E+03,1.547E+01,4.799E-03,1.547E+01,3.838E+01,3.837E+01,0.9997
141,Cesium Iodide,1.000E-03,4.060E+01,1.051E+01,5.111E+01,3.295E-05,4.704E-06,0.1427
141,Cesium Iodide,1.500E-03,4.854E+01,1.126E+01,5.980E+01,4.191E-05,6.409E-06,0.1529
141,Cesium Iodide,2.000E-03,5.516E+01,1.167E+01,6.683E+01,4.981E-05,8.067E-06,0.1620
141,Cesium Iodide,2.500E-03,6.095E+01,1.190E+01,7.285E+01,5.696E-05,9.690E-06,0.1701
141,Cesium Iodide,3.000E-03,6.615E+01,1.203E+01,7.818E+01,6.358E-05,1.129E-05,0.1776
141,Cesium Iodide,4.000E-03,7.533E+01,1.210E+01,8.743E+01,7.565E-05,1.446E-05,0.1911
141,Cesium Iodide,5.000E-03,8.338E+01,1.204E+01,9.543E+01,8.659E-05,1.760E-05,0.2032
141,Cesium Iodide,6.000E-03,9.064E+01,1.192E+01,1.026E+02,9.669E-05,2.072E-05,0.2143
141,Cesium Iodide,7.000E-03,9.729E+01,1.176E+01,1.091E+02,1.061E-04,2.382E-05,0.2244
141,Cesium Iodide,8.000E-03,1.035E+02,1.159E+01,1.151E+02,1.151E-04,2.692E-05,0.2339
141,Cesium Iodide,9.000E-03,1.093E+02,1.141E+01,1.207E+02,1.235E-04,3.000E-05,0.2428
141,Cesium Iodide,1.000E-02,1.148E+02,1.122E+01,1.260E+02,1.317E-04,3.307E-05,0.2512
141,Cesium Iodide,1.250E-02,1.273E+02,1.077E+01,1.381E+02,1.506E-04,4.072E-05,0.2704
141,Cesium Iodide,1.500E-02,1.387E+02,1.035E+01,1.491E+02,1.680E-04,4.830E-05,0.2875
141,Cesium Iodide,1.750E-02,1.492E+02,9.961E+00,1.591E+02,1.842E-04,5.581E-05,0.3030
141,Cesium Iodide,2.000E-02,1.589E+02,9.601E+00,1.685E+02,1.995E-04,6.325E-05,0.3171
141,Cesium Iodide,2.250E-02,1.680E+02,9.269E+00,1.773E+02,2.139E-04,7.062E-05,0.3301
141,Cesium Iodide,2.500E-02,1.767E+02,8.963E+00,1.857E+02,2.277E-04,7.793E-05,0.3422
141,Cesium Iodide,2.750E-02,1.849E+02,8.680E+00,1.936E+02,2.409E-04,8.516E-05,0.3535
141,Cesium Iodide,3.000E-02,1.928E+02,8.418E+00,2.012E+02,2.536E-04,9.232E-05,0.3641
141,Cesium Iodide,3.500E-02,2.076E+02,7.947E+00,2.155E+02,2.776E-04,1.064E-04,0.3835
141,Cesium Iodide,4.000E-02,2.213E+02,7.534E+00,2.288E+02,3.001E-04,1.203E-04,0.4008
141,Cesium Iodide,4.500E-02,2.342E+02,7.170E+00,2.414E+02,3.213E-04,1.338E-04,0.4165
141,Cesium Iodide,5.000E-02,2.464E+02,6.845E+00,2.533E+02,3.415E-04,1.472E-04,0.4309
141,Cesium Iodide,5.500E-02,2.580E+02,6.554E+00,2.646E+02,3.608E-04,1.602E-04,0.4441
141,Cesium Iodide,6.000E-02,2.691E+02,6.290E+00,2.754E+02,3.794E-04,1.731E-04,0.4563
141,Cesium Iodide,6.500E-02,2.797E+02,6.051E+00,2.858E+02,3.972E-04,1.857E-04,0.4676
141,Cesium Iodide,7.000E-02,2.899E+02,5.832E+00,2.957E+02,4.144E-04,1.982E-04,0.4782
141,Cesium Iodide,7.500E-02,2.997E+02,5.630E+00,3.053E+02,4.310E-04,2.104E-04,0.4881
141,Cesium Iodide,8.000E-02,3.092E+02,5.445E+00,3.146E+02,4.471E-04,2.224E-04,0.4974
141,Cesium Iodide,8.500E-02,3.183E+02,5.273E+00,3.236E+02,4.628E-04,2.343E-04,0.5062
141,Cesium Iodide,9.000E-02,3.271E+02,5.113E+00,3.322E+02,4.781E-04,2.459E-04,0.5145
141,Cesium Iodide,9.500E-02,3.357E+02,4.965E+00,3.407E+02,4.929E-04,2.575E-04,0.5223
141,Cesium Iodide,1.000E-01,3.440E+02,4.826E+00,3.488E+02,5.074E-04,2.688E-04,0.5298
141,Cesium Iodide,1.250E-01,3.823E+02,4.246E+00,3.865E+02,5.754E-04,3.235E-04,0.5622
141,Cesium Iodide,1.500E-01,4.158E+02,3.806E+00,4.197E+02,6.374E-04,3.751E-04,0.5884
141,Cesium Iodide,1.750E-01,4.456E+02,3.458E+00,4.491E+02,6.949E-04,4.242E-04,0.6104
141,Cesium Iodide,2.000E-01,4.721E+02,3.176E+00,4.753E+02,7.490E-04,4.713E-04,0.6292
141,Cesium Iodide,2.250E-01,4.957E+02,2.940E+00,4.987E+02,8.003E-04,5.166E-04,0.6455
141,Cesium Iodide,2.500E-01,5.167E+02,2.742E+00,5.195E+02,8.494E-04,5.605E-04,0.6599
141,Cesium Iodide,2.750E-01,5.354E+02,2.571E+00,5.379E+02,8.967E-04,6.032E-04,0.6727
141,Cesium Iodide,3.000E-01,5.518E+02,2.422E+00,5.542E+02,9.425E-04,6.449E-04,0.6843
141,Cesium Iodide,3.500E-01,5.789E+02,2.176E+00,5.810E+02,1.030E-03,7.260E-04,0.7045
141,Cesium Iodide,4.000E-01,5.992E+02,1.980E+00,6.012E+02,1.115E-03,8.046E-04,0.7216
141,Cesium Iodide,4.500E-01,6.138E+02,1.819E+00,6.156E+02,1.197E-03,8.817E-04,0.7365
141,Cesium Iodide,5.000E-01,6.238E+02,1.685E+00,6.255E+02,1.278E-03,9.578E-04,0.7496
141,Cesium Iodide,5.500E-01,6.299E+02,1.571E+00,6.315E+02,1.357E-03,1.033E-03,0.7613
141,Cesium Iodide,6.000E-01,6.330E+02,1.473E+00,6.345E+02,1.436E-03,1.109E-03,0.7719
141,Cesium Iodide,6.500E-01,6.336E+02,1.387E+00,6.350E+02,1.515E-03,1.184E-03,0.7815
141,Cesium Iodide,7.000E-01,6.323E+02,1.312E+00,6.336E+02,1.594E-03,1.260E-03,0.7904
141,Cesium Iodide,7.500E-01,6.295E+02,1.245E+00,6.307E+02,1.673E-03,1.336E-03,0.7985
141,Cesium Iodide,8.000E-01,6.255E+02,1.186E+00,6.267E+02,1.752E-03,1.412E-03,0.8061
141,Cesium Iodide,8.500E-01,6.206E+02,1.132E+00,6.218E+02,1.832E-03,1.490E-03,0.8131
141,Cesium Iodide,9.000E-01,6.151E+02,1.083E+00,6.162E+02,1.913E-03,1.568E-03,0.8196
141,Cesium Iodide,9.500E-01,6.091E+02,1.039E+00,6.102E+02,1.995E-03,1.647E-03,0.8258
141,Cesium Iodide,1.000E+00,6.028E+02,9.985E-01,6.038E+02,2.077E-03,1.727E-03,0.8315
141,Cesium Iodide,1.250E+00,5.677E+02,8.387E-01,5.685E+02,2.504E-03,2.143E-03,0.8559
141,Cesium Iodide,1.500E+00,5.330E+02,7.261E-01,5.338E+02,2.958E-03,2.587E-03,0.8746
141,Cesium Iodide,1.750E+00,5.018E+02,6.419E-01,5.025E+02,3.440E-03,3.060E-03,0.8895
141,Cesium Iodide,2.000E+00,4.744E+02,5.765E-01,4.750E+02,3.952E-03,3.563E-03,0.9016
141,Cesium Iodide,2.250E+00,4.503E+02,5.241E-01,4.508E+02,4.493E-03,4.095E-03,0.9115
141,Cesium Iodide,2.500E+00,4.290E+02,4.810E-01,4.295E+02,5.061E-03,4.655E-03,0.9197
141,Cesium Iodide,2.750E+00,4.101E+02,4.449E-01,4.106E+02,5.657E-03,5.242E-03,0.9267
141,Cesium Iodide,3.000E+00,3.933E+02,4.142E-01,3.937E+02,6.279E-03,5.856E-03,0.9326
141,Cesium Iodide,3.500E+00,3.646E+02,3.648E-01,3.650E+02,7.599E-03,7.159E-03,0.9421
141,Cesium Iodide,4.000E+00,3.409E+02,3.265E-01,3.413E+02,9.017E-03,8.561E-03,0.9494
141,Cesium Iodide,4.500E+00,3.210E+02,2.960E-01,3.213E+02,1.053E-02,1.005E-02,0.9550
141,Cesium Iodide,5.000E+00,3.040E+02,2.710E-01,3.043E+02,1.213E-02,1.164E-02,0.9596
141,Cesium Iodide,5.500E+00,2.892E+02,2.502E-01,2.894E+02,1.381E-02,1.331E-02,0.9633
141,Cesium Iodide,6.000E+00,2.759E+02,2.325E-01,2.761E+02,1.558E-02,1.506E-02,0.9664
141,Cesium Iodide,6.500E+00,2.641E+02,2.173E-01,2.643E+02,1.743E-02,1.689E-02,0.9689
141,Cesium Iodide,7.000E+00,2.536E+02,2.041E-01,2.538E+02,1.937E-02,1.881E-02,0.9711
141,Cesium Iodide,7.500E+00,2.439E+02,1.925E-01,2.441E+02,2.137E-02,2.080E-02,0.9730
141,Cesium Iodide,8.000E+00,2.350E+02,1.822E-01,2.352E+02,2.346E-02,2.287E-02,0.9746
141,Cesium Iodide,8.500E+00,2.267E+02,1.731E-01,2.268E+02,2.563E-02,2.501E-02,0.9761
141,Cesium Iodide,9.000E+00,2.189E+02,1.649E-01,2.191E+02,2.787E-02,2.724E-02,0.9773
141,Cesium Iodide,9.500E+00,2.119E+02,1.574E-01,2.120E+02,3.019E-02,2.954E-02,0.9785
141,Cesium Iodide,1.000E+01,2.054E+02,1.507E-01,2.055E+02,3.259E-02,3.192E-02,0.9795
141,Cesium Iodide,1.250E+01,1.793E+02,1.244E-01,1.794E+02,4.565E-02,4.488E-02,0.9832
141,Cesium Iodide,1.500E+01,1.602E+02,1.063E-01,1.603E+02,6.042E-02,5.954E-02,0.9856
141,Cesium Iodide,1.750E+01,1.453E+02,9.305E-02,1.454E+02,7.681E-02,7.583E-02,0.9872
141,Cesium Iodide,2.000E+01,1.334E+02,8.287E-02,1.335E+02,9.478E-02,9.368E-02,0.9884
141,Cesium Iodide,2.500E+01,1.153E+02,6.823E-02,1.153E+02,1.352E-01,1.339E-01,0.9900
141,Cesium Iodide,2.750E+01,1.082E+02,6.277E-02,1.083E+02,1.576E-01,1.561E-01,0.9906
141,Cesium Iodide,3.000E+01,1.021E+02,5.817E-02,1.022E+02,1.814E-01,1.798E-01,0.9911
141,Cesium Iodide,3.500E+01,9.196E+01,5.080E-02,9.201E+01,2.330E-01,2.311E-01,0.9918
141,Cesium Iodide,4.000E+01,8.389E+01,4.517E-02,8.393E+01,2.900E-01,2.878E-01,0.9924
141,Cesium Iodide,4.500E+01,7.732E+01,4.071E-02,7.736E+01,3.521E-01,3.496E-01,0.9928
141,Cesium Iodide,5.000E+01,7.182E+01,3.709E-02,7.186E+01,4.192E-01,4.164E-01,0.9931
141,Cesium Iodide,5.500E+01,6.716E+01,3.408E-02,6.720E+01,4.912E-01,4.880E-01,0.9934
141,Cesium Iodide,6.000E+01,6.315E+01,3.155E-02,6.318E+01,5.680E-01,5.644E-01,0.9937
141,Cesium Iodide,6.500E+01,5.965E+01,2.938E-02,5.968E+01,6.495E-01,6.455E-01,0.9938
141,Cesium Iodide,7.000E+01,5.658E+01,2.751E-02,5.660E+01,7.356E-01,7.312E-01,0.9940
141,Cesium Iodide,7.500E+01,5.384E+01,2.587E-02,5.387E+01,8.261E-01,8.213E-01,0.9942
141,Cesium Iodide,8.000E+01,5.140E+01,2.442E-02,5.142E+01,9.212E-01,9.159E-01,0.9943
141,Cesium Iodide,8.500E+01,4.920E+01,2.313E-02,4.922E+01,1.021E+00,1.015E+00,0.9944
141,Cesium Iodide,9.000E+01,4.720E+01,2.198E-02,4.722E+01,1.124E+00,1.118E+00,0.9945
141,Cesium Iodide,9.500E+01,4.539E+01,2.094E-02,4.541E+01,1.232E+00,1.226E+00,0.9946
141,Cesium Iodide,1.000E+02,4.372E+01,2.000E-02,4.374E+01,1.345E+00,1.337E+00,0.9947
141,Cesium Iodide,1.250E+02,3.715E+01,1.637E-02,3.717E+01,1.967E+00,1.957E+00,0.9950
141,Cesium Iodide,1.500E+02,3.250E+01,1.388E-02,3.252E+01,2.688E+00,2.675E+00,0.9953
141,Cesium Iodide,1.750E+02,2.903E+01,1.208E-02,2.904E+01,3.503E+00,3.487E+00,0.9954
141,Cesium Iodide,2.000E+02,2.633E+01,1.070E-02,2.634E+01,4.409E+00,4.389E+00,0.9956
141,Cesium Iodide,2.250E+02,2.416E+01,9.607E-03,2.417E+01,5.401E+00,5.378E+00,0.9957
141,Cesium Iodide,2.500E+02,2.238E+01,8.725E-03,2.239E+01,6.477E+00,6.449E+00,0.9958
141,Cesium Iodide,2.750E+02,2.089E+01,7.996E-03,2.090E+01,7.633E+00,7.602E+00,0.9959
141,Cesium Iodide,3.000E+02,1.962E+01,7.382E-03,1.963E+01,8.869E+00,8.833E+00,0.9960
141,Cesium Iodide,3.500E+02,1.758E+01,6.406E-03,1.759E+01,1.156E+01,1.152E+01,0.9961
141,Cesium Iodide,4.000E+02,1.601E+01,5.663E-03,1.602E+01,1.455E+01,1.449E+01,0.9962
141,Cesium Iodide,4.500E+02,1.476E+01,5.078E-03,1.477E+01,1.780E+01,1.774E+01,0.9963
141,Cesium Iodide,5.000E+02,1.374E+01,4.603E-03,1.375E+01,2.132E+01,2.124E+01,0.9964
141,Cesium Iodide,5.500E+02,1.289E+01,4.211E-03,1.290E+01,2.507E+01,2.498E+01,0.9964
141,Cesium Iodide,6.000E+02,1.218E+01,3.881E-03,1.218E+01,2.906E+01,2.896E+01,0.9965
141,Cesium Iodide,6.500E+02,1.157E+01,3.601E-03,1.157E+01,3.328E+01,3.316E+01,0.9966
141,Cesium Iodide,7.000E+02,1.103E+01,3.359E-03,1.104E+01,3.771E+01,3.758E+01,0.9966
141,Cesium Iodide,7.500E+02,1.057E+01,3.148E-03,1.057E+01,4.234E+01,4.219E+01,0.9967
141,Cesium Iodide,8.000E+02,1.016E+01,2.963E-03,1.016E+01,4.716E+01,4.701E+01,0.9967
141,Cesium Iodide,8.500E+02,9.798E+00,2.798E-03,9.801E+00,5.217E+01,5.200E+01,0.9968
141,Cesium Iodide,9.000E+02,9.474E+00,2.651E-03,9.477E+00,5.736E+01,5.718E+01,0.9968
141,Cesium Iodide,9.500E+02,9.182E+00,2.518E-03,9.185E+00,6.272E+01,6.252E+01,0.9968
141,Cesium Iodide,1.000E+03,8.919E+00,2.398E-03,8.921E+00,6.825E+01,6.803E+01,0.9969
155,Ethylene,1.000E-03,1.598E+02,2.845E+02,4.444E+02,2.434E-06,1.460E-06,0.5997
155,Ethylene,1.500E-03,1.958E+02,2.565E+02,4.523E+02,3.546E-06,2.191E-06,0.6177
155,Ethylene,2.000E-03,2.260E+02,2.342E+02,4.602E+02,4.643E-06,2.940E-06,0.6333
155,Ethylene,2.500E-03,2.527E+02,2.161E+02,4.688E+02,5.719E-06,3.699E-06,0.6468
155,Ethylene,3.000E-03,2.768E+02,2.011E+02,4.779E+02,6.776E-06,4.464E-06,0.6588
155,Ethylene,4.000E-03,3.197E+02,1.774E+02,4.971E+02,8.828E-06,5.994E-06,0.6790
155,Ethylene,5.000E-03,3.574E+02,1.596E+02,5.170E+02,1.080E-05,7.515E-06,0.6958
155,Ethylene,6.000E-03,3.915E+02,1.455E+02,5.370E+02,1.270E-05,9.016E-06,0.7100
155,Ethylene,7.000E-03,4.229E+02,1.340E+02,5.569E+02,1.453E-05,1.049E-05,0.7223
155,Ethylene,8.000E-03,4.521E+02,1.245E+02,5.765E+02,1.629E-05,1.194E-05,0.7332
155,Ethylene,9.000E-03,4.795E+02,1.164E+02,5.959E+02,1.800E-05,1.337E-05,0.7428
155,Ethylene,1.000E-02,5.054E+02,1.094E+02,6.149E+02,1.965E-05,1.477E-05,0.7514
155,Ethylene,1.250E-02,5.651E+02,9.557E+01,6.607E+02,2.357E-05,1.814E-05,0.7697
155,Ethylene,1.500E-02,6.190E+02,8.519E+01,7.042E+02,2.723E-05,2.136E-05,0.7845
155,Ethylene,1.750E-02,6.686E+02,7.707E+01,7.457E+02,3.068E-05,2.444E-05,0.7967
155,Ethylene,2.000E-02,7.148E+02,7.052E+01,7.853E+02,3.395E-05,2.740E-05,0.8071
155,Ethylene,2.250E-02,7.581E+02,6.511E+01,8.232E+02,3.706E-05,3.024E-05,0.8161
155,Ethylene,2.500E-02,7.991E+02,6.055E+01,8.597E+02,4.003E-05,3.298E-05,0.8239
155,Ethylene,2.750E-02,8.381E+02,5.666E+01,8.948E+02,4.288E-05,3.563E-05,0.8309
155,Ethylene,3.000E-02,8.753E+02,5.328E+01,9.286E+02,4.562E-05,3.819E-05,0.8370
155,Ethylene,3.500E-02,9.454E+02,4.772E+01,9.931E+02,5.082E-05,4.308E-05,0.8477
155,Ethylene,4.000E-02,1.011E+03,4.331E+01,1.054E+03,5.571E-05,4.771E-05,0.8565
155,Ethylene,4.500E-02,1.072E+03,3.971E+01,1.112E+03,6.033E-05,5.212E-05,0.8639
155,Ethylene,5.000E-02,1.130E+03,3.672E+01,1.166E+03,6.472E-05,5.633E-05,0.8704
155,Ethylene,5.500E-02,1.185E+03,3.418E+01,1.219E+03,6.891E-05,6.037E-05,0.8760
155,Ethylene,6.000E-02,1.237E+03,3.200E+01,1.269E+03,7.293E-05,6.425E-05,0.8810
155,Ethylene,6.500E-02,1.288E+03,3.011E+01,1.318E+03,7.679E-05,6.799E-05,0.8854
155,Ethylene,7.000E-02,1.336E+03,2.845E+01,1.364E+03,8.052E-05,7.162E-05,0.8894
155,Ethylene,7.500E-02,1.383E+03,2.698E+01,1.410E+03,8.413E-05,7.513E-05,0.8930
155,Ethylene,8.000E-02,1.428E+03,2.566E+01,1.453E+03,8.762E-05,7.853E-05,0.8963
155,Ethylene,8.500E-02,1.471E+03,2.448E+01,1.496E+03,9.101E-05,8.185E-05,0.8993
155,Ethylene,9.000E-02,1.514E+03,2.341E+01,1.537E+03,9.431E-05,8.507E-05,0.9021
155,Ethylene,9.500E-02,1.555E+03,2.244E+01,1.577E+03,9.752E-05,8.822E-05,0.9046
155,Ethylene,1.000E-01,1.594E+03,2.156E+01,1.616E+03,1.007E-04,9.129E-05,0.9070
155,Ethylene,1.250E-01,1.779E+03,1.806E+01,1.798E+03,1.153E-04,1.057E-04,0.9167
155,Ethylene,1.500E-01,1.945E+03,1.561E+01,1.960E+03,1.286E-04,1.188E-04,0.9240
155,Ethylene,1.750E-01,2.094E+03,1.378E+01,2.108E+03,1.409E-04,1.310E-04,0.9297
155,Ethylene,2.000E-01,2.230E+03,1.236E+01,2.242E+03,1.524E-04,1.424E-04,0.9343
155,Ethylene,2.250E-01,2.354E+03,1.123E+01,2.365E+03,1.632E-04,1.531E-04,0.9382
155,Ethylene,2.500E-01,2.468E+03,1.029E+01,2.478E+03,1.736E-04,1.634E-04,0.9414
155,Ethylene,2.750E-01,2.571E+03,9.515E+00,2.581E+03,1.834E-04,1.732E-04,0.9443
155,Ethylene,3.000E-01,2.666E+03,8.853E+00,2.675E+03,1.930E-04,1.827E-04,0.9468
155,Ethylene,3.500E-01,2.830E+03,7.788E+00,2.838E+03,2.111E-04,2.007E-04,0.9509
155,Ethylene,4.000E-01,2.961E+03,6.965E+00,2.968E+03,2.283E-04,2.179E-04,0.9543
155,Ethylene,4.500E-01,3.060E+03,6.309E+00,3.067E+03,2.449E-04,2.344E-04,0.9572
155,Ethylene,5.000E-01,3.130E+03,5.773E+00,3.136E+03,2.610E-04,2.504E-04,0.9597
155,Ethylene,5.500E-01,3.172E+03,5.326E+00,3.178E+03,2.768E-04,2.662E-04,0.9618
155,Ethylene,6.000E-01,3.189E+03,4.947E+00,3.194E+03,2.925E-04,2.819E-04,0.9637
155,Ethylene,6.500E-01,3.185E+03,4.622E+00,3.190E+03,3.081E-04,2.975E-04,0.9655
155,Ethylene,7.000E-01,3.164E+03,4.340E+00,3.168E+03,3.239E-04,3.132E-04,0.9671
155,Ethylene,7.500E-01,3.129E+03,4.091E+00,3.134E+03,3.397E-04,3.290E-04,0.9685
155,Ethylene,8.000E-01,3.086E+03,3.872E+00,3.090E+03,3.558E-04,3.451E-04,0.9699
155,Ethylene,8.500E-01,3.038E+03,3.676E+00,3.041E+03,3.721E-04,3.613E-04,0.9711
155,Ethylene,9.000E-01,2.986E+03,3.500E+00,2.989E+03,3.887E-04,3.779E-04,0.9723
155,Ethylene,9.500E-01,2.931E+03,3.342E+00,2.935E+03,4.056E-04,3.948E-04,0.9734
155,Ethylene,1.000E+00,2.876E+03,3.197E+00,2.880E+03,4.227E-04,4.119E-04,0.9744
155,Ethylene,1.250E+00,2.578E+03,2.638E+00,2.580E+03,5.144E-04,5.035E-04,0.9788
155,Ethylene,1.500E+00,2.306E+03,2.252E+00,2.308E+03,6.170E-04,6.059E-04,0.9821
155,Ethylene,1.750E+00,2.084E+03,1.970E+00,2.086E+03,7.310E-04,7.199E-04,0.9848
155,Ethylene,2.000E+00,1.907E+03,1.753E+00,1.908E+03,8.565E-04,8.453E-04,0.9869
155,Ethylene,2.250E+00,1.763E+03,1.582E+00,1.765E+03,9.929E-04,9.816E-04,0.9886
155,Ethylene,2.500E+00,1.642E+03,1.442E+00,1.643E+03,1.140E-03,1.128E-03,0.9900
155,Ethylene,2.750E+00,1.539E+03,1.326E+00,1.541E+03,1.297E-03,1.286E-03,0.9911
155,Ethylene,3.000E+00,1.450E+03,1.228E+00,1.451E+03,1.464E-03,1.453E-03,0.9921
155,Ethylene,3.500E+00,1.303E+03,1.072E+00,1.304E+03,1.828E-03,1.817E-03,0.9936
155,Ethylene,4.000E+00,1.185E+03,9.529E-01,1.186E+03,2.231E-03,2.219E-03,0.9946
155,Ethylene,4.500E+00,1.089E+03,8.585E-01,1.090E+03,2.671E-03,2.659E-03,0.9954
155,Ethylene,5.000E+00,1.010E+03,7.818E-01,1.010E+03,3.148E-03,3.135E-03,0.9961
155,Ethylene,5.500E+00,9.419E+02,7.182E-01,9.426E+02,3.660E-03,3.648E-03,0.9965
155,Ethylene,6.000E+00,8.836E+02,6.646E-01,8.842E+02,4.208E-03,4.196E-03,0.9969
155,Ethylene,6.500E+00,8.328E+02,6.187E-01,8.334E+02,4.791E-03,4.778E-03,0.9973
155,Ethylene,7.000E+00,7.881E+02,5.790E-01,7.887E+02,5.408E-03,5.395E-03,0.9975
155,Ethylene,7.500E+00,7.484E+02,5.443E-01,7.489E+02,6.059E-03,6.045E-03,0.9977
155,Ethylene,8.000E+00,7.129E+02,5.137E-01,7.134E+02,6.743E-03,6.729E-03,0.9979
155,Ethylene,8.500E+00,6.809E+02,4.865E-01,6.814E+02,7.461E-03,7.446E-03,0.9981
155,Ethylene,9.000E+00,6.520E+02,4.622E-01,6.525E+02,8.211E-03,8.196E-03,0.9982
155,Ethylene,9.500E+00,6.257E+02,4.403E-01,6.261E+02,8.993E-03,8.978E-03,0.9983
155,Ethylene,1.000E+01,6.017E+02,4.204E-01,6.021E+02,9.808E-03,9.792E-03,0.9984
155,Ethylene,1.250E+01,5.066E+02,3.436E-01,5.069E+02,1.435E-02,1.434E-02,0.9988
155,Ethylene,1.500E+01,4.393E+02,2.912E-01,4.396E+02,1.966E-02,1.964E-02,0.9990
155,Ethylene,1.750E+01,3.890E+02,2.531E-01,3.892E+02,2.572E-02,2.570E-02,0.9992
155,Ethylene,2.000E+01,3.498E+02,2.240E-01,3.500E+02,3.250E-02,3.248E-02,0.9993
155,Ethylene,2.500E+01,2.926E+02,1.825E-01,2.927E+02,4.819E-02,4.817E-02,0.9994
155,Ethylene,2.750E+01,2.709E+02,1.672E-01,2.711E+02,5.708E-02,5.704E-02,0.9994
155,Ethylene,3.000E+01,2.525E+02,1.543E-01,2.527E+02,6.664E-02,6.660E-02,0.9995
155,Ethylene,3.500E+01,2.228E+02,1.337E-01,2.230E+02,8.775E-02,8.771E-02,0.9995
155,Ethylene,4.000E+01,1.998E+02,1.181E-01,2.000E+02,1.115E-01,1.114E-01,0.9996
155,Ethylene,4.500E+01,1.815E+02,1.058E-01,1.816E+02,1.377E-01,1.377E-01,0.9996
155,Ethylene,5.000E+01,1.665E+02,9.590E-02,1.666E+02,1.665E-01,1.665E-01,0.9996
155,Ethylene,5.500E+01,1.540E+02,8.768E-02,1.541E+02,1.978E-01,1.977E-01,0.9996
155,Ethylene,6.000E+01,1.434E+02,8.076E-02,1.434E+02,2.314E-01,2.313E-01,0.9996
155,Ethylene,6.500E+01,1.342E+02,7.487E-02,1.343E+02,2.675E-01,2.674E-01,0.9996
155,Ethylene,7.000E+01,1.263E+02,6.980E-02,1.264E+02,3.059E-01,3.058E-01,0.9996
155,Ethylene,7.500E+01,1.193E+02,6.538E-02,1.194E+02,3.466E-01,3.465E-01,0.9997
155,Ethylene,8.000E+01,1.132E+02,6.150E-02,1.132E+02,3.896E-01,3.895E-01,0.9997
155,Ethylene,8.500E+01,1.077E+02,5.805E-02,1.077E+02,4.349E-01,4.348E-01,0.9997
155,Ethylene,9.000E+01,1.027E+02,5.498E-02,1.028E+02,4.824E-01,4.823E-01,0.9997
155,Ethylene,9.500E+01,9.826E+01,5.222E-02,9.831E+01,5.322E-01,5.320E-01,0.9997
155,Ethylene,1.000E+02,9.421E+01,4.972E-02,9.426E+01,5.842E-01,5.840E-01,0.9997
155,Ethylene,1.250E+02,7.848E+01,4.013E-02,7.852E+01,8.762E-01,8.759E-01,0.9997
155,Ethylene,1.500E+02,6.765E+01,3.365E-02,6.768E+01,1.220E+00,1.220E+00,0.9997
155,Ethylene,1.750E+02,5.971E+01,2.897E-02,5.974E+01,1.614E+00,1.614E+00,0.9997
155,Ethylene,2.000E+02,5.364E+01,2.544E-02,5.366E+01,2.057E+00,2.056E+00,0.9997
155,Ethylene,2.250E+02,4.883E+01,2.269E-02,4.885E+01,2.545E+00,2.545E+00,0.9997
155,Ethylene,2.500E+02,4.492E+01,2.048E-02,4.494E+01,3.080E+00,3.079E+00,0.9997
155,Ethylene,2.750E+02,4.169E+01,1.865E-02,4.170E+01,3.658E+00,3.657E+00,0.9997
155,Ethylene,3.000E+02,3.896E+01,1.711E-02,3.897E+01,4.278E+00,4.277E+00,0.9997
155,Ethylene,3.500E+02,3.460E+01,1.470E-02,3.462E+01,5.642E+00,5.641E+00,0.9997
155,Ethylene,4.000E+02,3.128E+01,1.289E-02,3.130E+01,7.164E+00,7.162E+00,0.9998
155,Ethylene,4.500E+02,2.867E+01,1.147E-02,2.868E+01,8.835E+00,8.833E+00,0.9998
155,Ethylene,5.000E+02,2.655E+01,1.034E-02,2.656E+01,1.065E+01,1.065E+01,0.9998
155,Ethylene,5.500E+02,2.480E+01,9.406E-03,2.481E+01,1.260E+01,1.260E+01,0.9998
155,Ethylene,6.000E+02,2.333E+01,8.625E-03,2.334E+01,1.468E+01,1.467E+01,0.9998
155,Ethylene,6.500E+02,2.208E+01,7.965E-03,2.208E+01,1.688E+01,1.688E+01,0.9998
155,Ethylene,7.000E+02,2.100E+01,7.400E-03,2.100E+01,1.920E+01,1.920E+01,0.9998
155,Ethylene,7.500E+02,2.005E+01,6.911E-03,2.006E+01,2.164E+01,2.164E+01,0.9998
155,Ethylene,8.000E+02,1.923E+01,6.482E-03,1.923E+01,2.419E+01,2.418E+01,0.9998
155,Ethylene,8.500E+02,1.850E+01,6.103E-03,1.850E+01,2.684E+01,2.683E+01,0.9998
155,Ethylene,9.000E+02,1.784E+01,5.765E-03,1.785E+01,2.959E+01,2.958E+01,0.9998
155,Ethylene,9.500E+02,1.726E+01,5.463E-03,1.726E+01,3.244E+01,3.243E+01,0.9998
155,Ethylene,1.000E+03,1.673E+01,5.190E-03,1.673E+01,3.538E+01,3.538E+01,0.9998
160,Ferrous Sulfate Dosimeter Solution,1.000E-03,9.958E+01,2.240E+02,3.236E+02,3.320E-06,1.716E-06,0.5169
160,Ferrous Sulfate Dosimeter Solution,1.500E-03,1.235E+02,2.042E+02,3.277E+02,4.852E-06,2.582E-06,0.5322
160,Ferrous Sulfate Dosimeter Solution,2.000E-03,1.440E+02,1.879E+02,3.319E+02,6.368E-06,3.478E-06,0.5461
160,Ferrous Sulfate Dosimeter Solution,2.500E-03,1.621E+02,1.745E+02,3.366E+02,7.865E-06,4.393E-06,0.5586
160,Ferrous Sulfate Dosimeter Solution,3.000E-03,1.786E+02,1.633E+02,3.419E+02,9.339E-06,5.322E-06,0.5699
160,Ferrous Sulfate Dosimeter Solution,4.000E-03,2.081E+02,1.453E+02,3.534E+02,1.222E-05,7.205E-06,0.5898
160,Ferrous Sulfate Dosimeter Solution,5.000E-03,2.343E+02,1.316E+02,3.659E+02,1.500E-05,9.100E-06,0.6068
160,Ferrous Sulfate Dosimeter Solution,6.000E-03,2.582E+02,1.206E+02,3.788E+02,1.768E-05,1.099E-05,0.6216
160,Ferrous Sulfate Dosimeter Solution,7.000E-03,2.802E+02,1.116E+02,3.919E+02,2.028E-05,1.287E-05,0.6348
160,Ferrous Sulfate Dosimeter Solution,8.000E-03,3.008E+02,1.041E+02,4.049E+02,2.279E-05,1.474E-05,0.6466
160,Ferrous Sulfate Dosimeter Solution,9.000E-03,3.203E+02,9.766E+01,4.179E+02,2.522E-05,1.658E-05,0.6572
160,Ferrous Sulfate Dosimeter Solution,1.000E-02,3.387E+02,9.210E+01,4.308E+02,2.758E-05,1.839E-05,0.6670
160,Ferrous Sulfate Dosimeter Solution,1.250E-02,3.814E+02,8.093E+01,4.623E+02,3.318E-05,2.282E-05,0.6879
160,Ferrous Sulfate Dosimeter Solution,1.500E-02,4.202E+02,7.248E+01,4.926E+02,3.841E-05,2.709E-05,0.7053
160,Ferrous Sulfate Dosimeter Solution,1.750E-02,4.560E+02,6.583E+01,5.218E+02,4.334E-05,3.120E-05,0.7200
160,Ferrous Sulfate Dosimeter Solution,2.000E-02,4.895E+02,6.043E+01,5.499E+02,4.801E-05,3.517E-05,0.7326
160,Ferrous Sulfate Dosimeter Solution,2.250E-02,5.210E+02,5.594E+01,5.770E+02,5.244E-05,3.900E-05,0.7437
160,Ferrous Sulfate Dosimeter Solution,2.500E-02,5.510E+02,5.215E+01,6.031E+02,5.668E-05,4.271E-05,0.7535
160,Ferrous Sulfate Dosimeter Solution,2.750E-02,5.795E+02,4.889E+01,6.284E+02,6.074E-05,4.630E-05,0.7623
160,Ferrous Sulfate Dosimeter Solution,3.000E-02,6.068E+02,4.606E+01,6.529E+02,6.464E-05,4.979E-05,0.7702
160,Ferrous Sulfate Dosimeter Solution,3.500E-02,6.583E+02,4.138E+01,6.997E+02,7.204E-05,5.646E-05,0.7838
160,Ferrous Sulfate Dosimeter Solution,4.000E-02,7.063E+02,3.764E+01,7.440E+02,7.897E-05,6.280E-05,0.7953
160,Ferrous Sulfate Dosimeter Solution,4.500E-02,7.515E+02,3.459E+01,7.861E+02,8.550E-05,6.884E-05,0.8051
160,Ferrous Sulfate Dosimeter Solution,5.000E-02,7.942E+02,3.204E+01,8.263E+02,9.170E-05,7.462E-05,0.8137
160,Ferrous Sulfate Dosimeter Solution,5.500E-02,8.349E+02,2.987E+01,8.648E+02,9.762E-05,8.016E-05,0.8212
160,Ferrous Sulfate Dosimeter Solution,6.000E-02,8.737E+02,2.801E+01,9.017E+02,1.033E-04,8.550E-05,0.8279
160,Ferrous Sulfate Dosimeter Solution,6.500E-02,9.109E+02,2.638E+01,9.373E+02,1.087E-04,9.065E-05,0.8339
160,Ferrous Sulfate Dosimeter Solution,7.000E-02,9.466E+02,2.495E+01,9.716E+02,1.140E-04,9.564E-05,0.8393
160,Ferrous Sulfate Dosimeter Solution,7.500E-02,9.810E+02,2.368E+01,1.005E+03,1.190E-04,1.005E-04,0.8442
160,Ferrous Sulfate Dosimeter Solution,8.000E-02,1.014E+03,2.255E+01,1.037E+03,1.239E-04,1.052E-04,0.8487
160,Ferrous Sulfate Dosimeter Solution,8.500E-02,1.046E+03,2.153E+01,1.068E+03,1.287E-04,1.097E-04,0.8528
160,Ferrous Sulfate Dosimeter Solution,9.000E-02,1.077E+03,2.060E+01,1.098E+03,1.333E-04,1.142E-04,0.8566
160,Ferrous Sulfate Dosimeter Solution,9.500E-02,1.108E+03,1.976E+01,1.127E+03,1.378E-04,1.185E-04,0.8602
160,Ferrous Sulfate Dosimeter Solution,1.000E-01,1.137E+03,1.899E+01,1.156E+03,1.422E-04,1.227E-04,0.8635
160,Ferrous Sulfate Dosimeter Solution,1.250E-01,1.271E+03,1.596E+01,1.287E+03,1.626E-04,1.426E-04,0.8771
160,Ferrous Sulfate Dosimeter Solution,1.500E-01,1.390E+03,1.381E+01,1.404E+03,1.812E-04,1.608E-04,0.8874
160,Ferrous Sulfate Dosimeter Solution,1.750E-01,1.495E+03,1.222E+01,1.507E+03,1.984E-04,1.776E-04,0.8955
160,Ferrous Sulfate Dosimeter Solution,2.000E-01,1.590E+03,1.097E+01,1.601E+03,2.145E-04,1.935E-04,0.9021
160,Ferrous Sulfate Dosimeter Solution,2.250E-01,1.675E+03,9.973E+00,1.685E+03,2.297E-04,2.085E-04,0.9077
160,Ferrous Sulfate Dosimeter Solution,2.500E-01,1.751E+03,9.154E+00,1.760E+03,2.442E-04,2.228E-04,0.9125
160,Ferrous Sulfate Dosimeter Solution,2.750E-01,1.820E+03,8.468E+00,1.829E+03,2.581E-04,2.366E-04,0.9166
160,Ferrous Sulfate Dosimeter Solution,3.000E-01,1.882E+03,7.884E+00,1.890E+03,2.716E-04,2.499E-04,0.9203
160,Ferrous Sulfate Dosimeter Solution,3.500E-01,1.988E+03,6.943E+00,1.995E+03,2.973E-04,2.754E-04,0.9265
160,Ferrous Sulfate Dosimeter Solution,4.000E-01,2.072E+03,6.216E+00,2.078E+03,3.218E-04,2.998E-04,0.9315
160,Ferrous Sulfate Dosimeter Solution,4.500E-01,2.138E+03,5.635E+00,2.144E+03,3.455E-04,3.233E-04,0.9358
160,Ferrous Sulfate Dosimeter Solution,5.000E-01,2.188E+03,5.159E+00,2.193E+03,3.685E-04,3.462E-04,0.9395
160,Ferrous Sulfate Dosimeter Solution,5.500E-01,2.225E+03,4.763E+00,2.229E+03,3.911E-04,3.687E-04,0.9427
160,Ferrous Sulfate Dosimeter Solution,6.000E-01,2.250E+03,4.427E+00,2.254E+03,4.134E-04,3.909E-04,0.9456
160,Ferrous Sulfate Dosimeter Solution,6.500E-01,2.265E+03,4.138E+00,2.269E+03,4.355E-04,4.130E-04,0.9482
160,Ferrous Sulfate Dosimeter Solution,7.000E-01,2.271E+03,3.886E+00,2.275E+03,4.575E-04,4.349E-04,0.9505
160,Ferrous Sulfate Dosimeter Solution,7.500E-01,2.271E+03,3.665E+00,2.274E+03,4.795E-04,4.568E-04,0.9526
160,Ferrous Sulfate Dosimeter Solution,8.000E-01,2.264E+03,3.470E+00,2.268E+03,5.015E-04,4.787E-04,0.9546
160,Ferrous Sulfate Dosimeter Solution,8.500E-01,2.253E+03,3.296E+00,2.256E+03,5.236E-04,5.008E-04,0.9564
160,Ferrous Sulfate Dosimeter Solution,9.000E-01,2.237E+03,3.139E+00,2.240E+03,5.459E-04,5.230E-04,0.9580
160,Ferrous Sulfate Dosimeter Solution,9.500E-01,2.218E+03,2.997E+00,2.221E+03,5.683E-04,5.453E-04,0.9596
160,Ferrous Sulfate Dosimeter Solution,1.000E+00,2.197E+03,2.869E+00,2.200E+03,5.909E-04,5.679E-04,0.9610
160,Ferrous Sulfate Dosimeter Solution,1.250E+00,2.048E+03,2.369E+00,2.051E+03,7.084E-04,6.851E-04,0.9672
160,Ferrous Sulfate Dosimeter Solution,1.500E+00,1.886E+03,2.025E+00,1.888E+03,8.354E-04,8.120E-04,0.9719
160,Ferrous Sulfate Dosimeter Solution,1.750E+00,1.738E+03,1.772E+00,1.740E+03,9.734E-04,9.498E-04,0.9757
160,Ferrous Sulfate Dosimeter Solution,2.000E+00,1.609E+03,1.578E+00,1.610E+03,1.123E-03,1.099E-03,0.9788
160,Ferrous Sulfate Dosimeter Solution,2.250E+00,1.497E+03,1.424E+00,1.499E+03,1.284E-03,1.260E-03,0.9813
160,Ferrous Sulfate Dosimeter Solution,2.500E+00,1.401E+03,1.299E+00,1.402E+03,1.457E-03,1.432E-03,0.9834
160,Ferrous Sulfate Dosimeter Solution,2.750E+00,1.317E+03,1.195E+00,1.319E+03,1.640E-03,1.616E-03,0.9851
160,Ferrous Sulfate Dosimeter Solution,3.000E+00,1.244E+03,1.108E+00,1.245E+03,1.836E-03,1.811E-03,0.9866
160,Ferrous Sulfate Dosimeter Solution,3.500E+00,1.122E+03,9.674E-01,1.123E+03,2.259E-03,2.234E-03,0.9889
160,Ferrous Sulfate Dosimeter Solution,4.000E+00,1.025E+03,8.601E-01,1.026E+03,2.725E-03,2.700E-03,0.9907
160,Ferrous Sulfate Dosimeter Solution,4.500E+00,9.446E+02,7.752E-01,9.454E+02,3.234E-03,3.208E-03,0.9920
160,Ferrous Sulfate Dosimeter Solution,5.000E+00,8.774E+02,7.062E-01,8.781E+02,3.783E-03,3.757E-03,0.9931
160,Ferrous Sulfate Dosimeter Solution,5.500E+00,8.200E+02,6.490E-01,8.207E+02,4.372E-03,4.346E-03,0.9939
160,Ferrous Sulfate Dosimeter Solution,6.000E+00,7.707E+02,6.008E-01,7.713E+02,5.001E-03,4.974E-03,0.9946
160,Ferrous Sulfate Dosimeter Solution,6.500E+00,7.275E+02,5.595E-01,7.280E+02,5.669E-03,5.641E-03,0.9951
160,Ferrous Sulfate Dosimeter Solution,7.000E+00,6.893E+02,5.237E-01,6.898E+02,6.374E-03,6.346E-03,0.9956
160,Ferrous Sulfate Dosimeter Solution,7.500E+00,6.554E+02,4.925E-01,6.559E+02,7.118E-03,7.090E-03,0.9960
160,Ferrous Sulfate Dosimeter Solution,8.000E+00,6.252E+02,4.649E-01,6.256E+02,7.899E-03,7.870E-03,0.9963
160,Ferrous Sulfate Dosimeter Solution,8.500E+00,5.978E+02,4.404E-01,5.982E+02,8.716E-03,8.687E-03,0.9966
160,Ferrous Sulfate Dosimeter Solution,9.000E+00,5.731E+02,4.184E-01,5.735E+02,9.570E-03,9.540E-03,0.9969
160,Ferrous Sulfate Dosimeter Solution,9.500E+00,5.505E+02,3.986E-01,5.509E+02,1.046E-02,1.043E-02,0.9971
160,Ferrous Sulfate Dosimeter Solution,1.000E+01,5.299E+02,3.807E-01,5.303E+02,1.139E-02,1.135E-02,0.9973
160,Ferrous Sulfate Dosimeter Solution,1.250E+01,4.480E+02,3.115E-01,4.483E+02,1.653E-02,1.650E-02,0.9979
160,Ferrous Sulfate Dosimeter Solution,1.500E+01,3.898E+02,2.642E-01,3.901E+02,2.253E-02,2.249E-02,0.9983
160,Ferrous Sulfate Dosimeter Solution,1.750E+01,3.462E+02,2.297E-01,3.464E+02,2.934E-02,2.930E-02,0.9986
160,Ferrous Sulfate Dosimeter Solution,2.000E+01,3.121E+02,2.035E-01,3.123E+02,3.696E-02,3.691E-02,0.9988
160,Ferrous Sulfate Dosimeter Solution,2.500E+01,2.621E+02,1.660E-01,2.622E+02,5.450E-02,5.445E-02,0.9990
160,Ferrous Sulfate Dosimeter Solution,2.750E+01,2.431E+02,1.521E-01,2.432E+02,6.441E-02,6.435E-02,0.9991
160,Ferrous Sulfate Dosimeter Solution,3.000E+01,2.269E+02,1.404E-01,2.270E+02,7.506E-02,7.499E-02,0.9991
160,Ferrous Sulfate Dosimeter Solution,3.500E+01,2.006E+02,1.218E-01,2.008E+02,9.853E-02,9.845E-02,0.9992
160,Ferrous Sulfate Dosimeter Solution,4.000E+01,1.803E+02,1.077E-01,1.804E+02,1.248E-01,1.248E-01,0.9993
160,Ferrous Sulfate Dosimeter Solution,4.500E+01,1.640E+02,9.653E-02,1.641E+02,1.539E-01,1.538E-01,0.9993
160,Ferrous Sulfate Dosimeter Solution,5.000E+01,1.507E+02,8.752E-02,1.507E+02,1.858E-01,1.856E-01,0.9994
160,Ferrous Sulfate Dosimeter Solution,5.500E+01,1.395E+02,8.007E-02,1.396E+02,2.203E-01,2.201E-01,0.9994
160,Ferrous Sulfate Dosimeter Solution,6.000E+01,1.300E+02,7.381E-02,1.301E+02,2.574E-01,2.573E-01,0.9994
160,Ferrous Sulfate Dosimeter Solution,6.500E+01,1.219E+02,6.847E-02,1.219E+02,2.971E-01,2.970E-01,0.9994
160,Ferrous Sulfate Dosimeter Solution,7.000E+01,1.147E+02,6.385E-02,1.148E+02,3.394E-01,3.392E-01,0.9995
160,Ferrous Sulfate Dosimeter Solution,7.500E+01,1.085E+02,5.982E-02,1.086E+02,3.842E-01,3.840E-01,0.9995
160,Ferrous Sulfate Dosimeter Solution,8.000E+01,1.030E+02,5.628E-02,1.030E+02,4.315E-01,4.313E-01,0.9995
160,Ferrous Sulfate Dosimeter Solution,8.500E+01,9.802E+01,5.315E-02,9.808E+01,4.813E-01,4.810E-01,0.9995
160,Ferrous Sulfate Dosimeter Solution,9.000E+01,9.358E+01,5.035E-02,9.363E+01,5.335E-01,5.332E-01,0.9995
160,Ferrous Sulfate Dosimeter Solution,9.500E+01,8.956E+01,4.784E-02,8.961E+01,5.881E-01,5.878E-01,0.9995
160,Ferrous Sulfate Dosimeter Solution,1.000E+02,8.592E+01,4.557E-02,8.596E+01,6.451E-01,6.447E-01,0.9995
160,Ferrous Sulfate Dosimeter Solution,1.250E+02,7.172E+01,3.685E-02,7.176E+01,9.649E-01,9.644E-01,0.9995
160,Ferrous Sulfate Dosimeter Solution,1.500E+02,6.192E+01,3.094E-02,6.195E+01,1.341E+00,1.340E+00,0.9996
160,Ferrous Sulfate Dosimeter Solution,1.750E+02,5.473E+01,2.665E-02,5.475E+01,1.771E+00,1.771E+00,0.9996
160,Ferrous Sulfate Dosimeter Solution,2.000E+02,4.921E+01,2.342E-02,4.923E+01,2.254E+00,2.253E+00,0.9996
160,Ferrous Sulfate Dosimeter Solution,2.250E+02,4.483E+01,2.090E-02,4.486E+01,2.786E+00,2.785E+00,0.9996
160,Ferrous Sulfate Dosimeter Solution,2.500E+02,4.128E+01,1.886E-02,4.130E+01,3.368E+00,3.366E+00,0.9996
160,Ferrous Sulfate Dosimeter Solution,2.750E+02,3.833E+01,1.719E-02,3.835E+01,3.997E+00,3.995E+00,0.9996
160,Ferrous Sulfate Dosimeter Solution,3.000E+02,3.584E+01,1.579E-02,3.585E+01,4.671E+00,4.670E+00,0.9996
160,Ferrous Sulfate Dosimeter Solution,3.500E+02,3.187E+01,1.358E-02,3.188E+01,6.154E+00,6.151E+00,0.9996
160,Ferrous Sulfate Dosimeter Solution,4.000E+02,2.883E+01,1.191E-02,2.884E+01,7.805E+00,7.802E+00,0.9996
160,Ferrous Sulfate Dosimeter Solution,4.500E+02,2.644E+01,1.060E-02,2.645E+01,9.618E+00,9.614E+00,0.9996
160,Ferrous Sulfate Dosimeter Solution,5.000E+02,2.450E+01,9.557E-03,2.451E+01,1.158E+01,1.158E+01,0.9996
160,Ferrous Sulfate Dosimeter Solution,5.500E+02,2.290E+01,8.700E-03,2.290E+01,1.370E+01,1.369E+01,0.9997
160,Ferrous Sulfate Dosimeter Solution,6.000E+02,2.155E+01,7.986E-03,2.156E+01,1.595E+01,1.594E+01,0.9997
160,Ferrous Sulfate Dosimeter Solution,6.500E+02,2.040E+01,7.380E-03,2.041E+01,1.833E+01,1.833E+01,0.9997
160,Ferrous Sulfate Dosimeter Solution,7.000E+02,1.941E+01,6.857E-03,1.942E+01,2.085E+01,2.084E+01,0.9997
160,Ferrous Sulfate Dosimeter Solution,7.500E+02,1.855E+01,6.402E-03,1.855E+01,2.348E+01,2.347E+01,0.9997
160,Ferrous Sulfate Dosimeter Solution,8.000E+02,1.779E+01,6.002E-03,1.779E+01,2.623E+01,2.623E+01,0.9997
160,Ferrous Sulfate Dosimeter Solution,8.500E+02,1.711E+01,5.650E-03,1.712E+01,2.910E+01,2.909E+01,0.9997
160,Ferrous Sulfate Dosimeter Solution,9.000E+02,1.651E+01,5.338E-03,1.652E+01,3.207E+01,3.206E+01,0.9997
160,Ferrous Sulfate Dosimeter Solution,9.500E+02,1.598E+01,5.059E-03,1.598E+01,3.515E+01,3.514E+01,0.9997
160,Ferrous Sulfate Dosimeter Solution,1.000E+03,1.549E+01,4.808E-03,1.550E+01,3.833E+01,3.832E+01,0.9997
169,"Glass, Pyrex",1.000E-03,8.385E+01,1.047E+02,1.885E+02,6.648E-06,2.187E-06,0.3290
169,"Glass, Pyrex",1.500E-03,1.021E+02,9.968E+01,2.018E+02,9.197E-06,3.232E-06,0.3514
169,"Glass, Pyrex",2.000E-03,1.175E+02,9.462E+01,2.121E+02,1.161E-05,4.304E-06,0.3706
169,"Glass, Pyrex",2.500E-03,1.310E+02,8.995E+01,2.210E+02,1.392E-05,5.393E-06,0.3874
169,"Glass, Pyrex",3.000E-03,1.433E+02,8.575E+01,2.290E+02,1.614E-05,6.494E-06,0.4023
169,"Glass, Pyrex",4.000E-03,1.650E+02,7.857E+01,2.435E+02,2.037E-05,8.722E-06,0.4281
169,"Glass, Pyrex",5.000E-03,1.841E+02,7.269E+01,2.568E+02,2.437E-05,1.097E-05,0.4499
169,"Glass, Pyrex",6.000E-03,2.013E+02,6.777E+01,2.691E+02,2.817E-05,1.321E-05,0.4689
169,"Glass, Pyrex",7.000E-03,2.172E+02,6.360E+01,2.808E+02,3.181E-05,1.545E-05,0.4858
169,"Glass, Pyrex",8.000E-03,2.320E+02,6.000E+01,2.920E+02,3.530E-05,1.768E-05,0.5008
169,"Glass, Pyrex",9.000E-03,2.459E+02,5.685E+01,3.027E+02,3.867E-05,1.989E-05,0.5145
169,"Glass, Pyrex",1.000E-02,2.590E+02,5.407E+01,3.131E+02,4.191E-05,2.209E-05,0.5270
169,"Glass, Pyrex",1.250E-02,2.892E+02,4.835E+01,3.375E+02,4.960E-05,2.748E-05,0.5540
169,"Glass, Pyrex",1.500E-02,3.165E+02,4.389E+01,3.603E+02,5.676E-05,3.273E-05,0.5766
169,"Glass, Pyrex",1.750E-02,3.415E+02,4.028E+01,3.818E+02,6.350E-05,3.784E-05,0.5958
169,"Glass, Pyrex",2.000E-02,3.648E+02,3.730E+01,4.021E+02,6.988E-05,4.281E-05,0.6126
169,"Glass, Pyrex",2.250E-02,3.867E+02,3.478E+01,4.215E+02,7.595E-05,4.765E-05,0.6273
169,"Glass, Pyrex",2.500E-02,4.074E+02,3.263E+01,4.400E+02,8.175E-05,5.236E-05,0.6405
169,"Glass, Pyrex",2.750E-02,4.271E+02,3.076E+01,4.578E+02,8.732E-05,5.696E-05,0.6523
169,"Glass, Pyrex",3.000E-02,4.458E+02,2.912E+01,4.749E+02,9.268E-05,6.144E-05,0.6630
169,"Glass, Pyrex",3.500E-02,4.811E+02,2.636E+01,5.074E+02,1.029E-04,7.011E-05,0.6816
169,"Glass, Pyrex",4.000E-02,5.138E+02,2.414E+01,5.379E+02,1.124E-04,7.842E-05,0.6975
169,"Glass, Pyrex",4.500E-02,5.444E+02,2.230E+01,5.667E+02,1.215E-04,8.639E-05,0.7112
169,"Glass, Pyrex",5.000E-02,5.732E+02,2.075E+01,5.940E+02,1.301E-04,9.408E-05,0.7231
169,"Glass, Pyrex",5.500E-02,6.006E+02,1.943E+01,6.200E+02,1.383E-04,1.015E-04,0.7337
169,"Glass, Pyrex",6.000E-02,6.266E+02,1.828E+01,6.449E+02,1.462E-04,1.087E-04,0.7432
169,"Glass, Pyrex",6.500E-02,6.515E+02,1.727E+01,6.687E+02,1.539E-04,1.157E-04,0.7518
169,"Glass, Pyrex",7.000E-02,6.753E+02,1.638E+01,6.916E+02,1.612E-04,1.224E-04,0.7595
169,"Glass, Pyrex",7.500E-02,6.981E+02,1.558E+01,7.137E+02,1.683E-04,1.290E-04,0.7666
169,"Glass, Pyrex",8.000E-02,7.201E+02,1.487E+01,7.350E+02,1.752E-04,1.355E-04,0.7731
169,"Glass, Pyrex",8.500E-02,7.413E+02,1.423E+01,7.555E+02,1.819E-04,1.417E-04,0.7791
169,"Glass, Pyrex",9.000E-02,7.617E+02,1.364E+01,7.754E+02,1.885E-04,1.479E-04,0.7846
169,"Glass, Pyrex",9.500E-02,7.815E+02,1.311E+01,7.946E+02,1.948E-04,1.539E-04,0.7898
169,"Glass, Pyrex",1.000E-01,8.006E+02,1.262E+01,8.132E+02,2.010E-04,1.598E-04,0.7946
169,"Glass, Pyrex",1.250E-01,8.880E+02,1.067E+01,8.986E+02,2.302E-04,1.876E-04,0.8146
169,"Glass, Pyrex",1.500E-01,9.639E+02,9.282E+00,9.732E+02,2.570E-04,2.133E-04,0.8299
169,"Glass, Pyrex",1.750E-01,1.031E+03,8.239E+00,1.039E+03,2.818E-04,2.373E-04,0.8421
169,"Glass, Pyrex",2.000E-01,1.090E+03,7.423E+00,1.097E+03,3.052E-04,2.601E-04,0.8521
169,"Glass, Pyrex",2.250E-01,1.142E+03,6.765E+00,1.149E+03,3.274E-04,2.818E-04,0.8605
169,"Glass, Pyrex",2.500E-01,1.189E+03,6.223E+00,1.195E+03,3.488E-04,3.027E-04,0.8678
169,"Glass, Pyrex",2.750E-01,1.231E+03,5.767E+00,1.236E+03,3.693E-04,3.228E-04,0.8741
169,"Glass, Pyrex",3.000E-01,1.268E+03,5.379E+00,1.273E+03,3.892E-04,3.424E-04,0.8797
169,"Glass, Pyrex",3.500E-01,1.330E+03,4.750E+00,1.334E+03,4.276E-04,3.802E-04,0.8891
169,"Glass, Pyrex",4.000E-01,1.378E+03,4.262E+00,1.382E+03,4.644E-04,4.165E-04,0.8969
169,"Glass, Pyrex",4.500E-01,1.414E+03,3.872E+00,1.418E+03,5.001E-04,4.518E-04,0.9035
169,"Glass, Pyrex",5.000E-01,1.441E+03,3.551E+00,1.445E+03,5.350E-04,4.864E-04,0.9092
169,"Glass, Pyrex",5.500E-01,1.460E+03,3.283E+00,1.464E+03,5.693E-04,5.205E-04,0.9141
169,"Glass, Pyrex",6.000E-01,1.473E+03,3.055E+00,1.476E+03,6.033E-04,5.542E-04,0.9185
169,"Glass, Pyrex",6.500E-01,1.481E+03,2.859E+00,1.484E+03,6.371E-04,5.877E-04,0.9225
169,"Glass, Pyrex",7.000E-01,1.485E+03,2.688E+00,1.487E+03,6.708E-04,6.212E-04,0.9260
169,"Glass, Pyrex",7.500E-01,1.484E+03,2.538E+00,1.487E+03,7.044E-04,6.546E-04,0.9293
169,"Glass, Pyrex",8.000E-01,1.481E+03,2.404E+00,1.483E+03,7.380E-04,6.880E-04,0.9323
169,"Glass, Pyrex",8.500E-01,1.475E+03,2.285E+00,1.477E+03,7.718E-04,7.216E-04,0.9350
169,"Glass, Pyrex",9.000E-01,1.466E+03,2.178E+00,1.469E+03,8.058E-04,7.554E-04,0.9375
169,"Glass, Pyrex",9.500E-01,1.456E+03,2.081E+00,1.458E+03,8.399E-04,7.894E-04,0.9399
169,"Glass, Pyrex",1.000E+00,1.445E+03,1.993E+00,1.447E+03,8.743E-04,8.237E-04,0.9421
169,"Glass, Pyrex",1.250E+00,1.389E+03,1.651E+00,1.391E+03,1.051E-03,9.992E-04,0.9511
169,"Glass, Pyrex",1.500E+00,1.323E+03,1.413E+00,1.325E+03,1.235E-03,1.183E-03,0.9579
169,"Glass, Pyrex",1.750E+00,1.249E+03,1.239E+00,1.250E+03,1.429E-03,1.376E-03,0.9633
169,"Glass, Pyrex",2.000E+00,1.171E+03,1.105E+00,1.172E+03,1.635E-03,1.582E-03,0.9676
169,"Glass, Pyrex",2.250E+00,1.095E+03,9.985E-01,1.096E+03,1.856E-03,1.802E-03,0.9712
169,"Glass, Pyrex",2.500E+00,1.029E+03,9.117E-01,1.030E+03,2.091E-03,2.037E-03,0.9742
169,"Glass, Pyrex",2.750E+00,9.714E+02,8.396E-01,9.722E+02,2.341E-03,2.287E-03,0.9768
169,"Glass, Pyrex",3.000E+00,9.207E+02,7.786E-01,9.215E+02,2.605E-03,2.551E-03,0.9789
169,"Glass, Pyrex",3.500E+00,8.359E+02,6.810E-01,8.366E+02,3.176E-03,3.120E-03,0.9824
169,"Glass, Pyrex",4.000E+00,7.680E+02,6.062E-01,7.686E+02,3.800E-03,3.743E-03,0.9851
169,"Glass, Pyrex",4.500E+00,7.115E+02,5.470E-01,7.121E+02,4.476E-03,4.419E-03,0.9871
169,"Glass, Pyrex",5.000E+00,6.638E+02,4.988E-01,6.643E+02,5.204E-03,5.145E-03,0.9887
169,"Glass, Pyrex",5.500E+00,6.228E+02,4.587E-01,6.233E+02,5.981E-03,5.922E-03,0.9900
169,"Glass, Pyrex",6.000E+00,5.874E+02,4.250E-01,5.878E+02,6.808E-03,6.747E-03,0.9911
169,"Glass, Pyrex",6.500E+00,5.561E+02,3.961E-01,5.565E+02,7.683E-03,7.621E-03,0.9919
169,"Glass, Pyrex",7.000E+00,5.284E+02,3.710E-01,5.288E+02,8.605E-03,8.542E-03,0.9927
169,"Glass, Pyrex",7.500E+00,5.037E+02,3.491E-01,5.040E+02,9.574E-03,9.509E-03,0.9933
169,"Glass, Pyrex",8.000E+00,4.815E+02,3.297E-01,4.818E+02,1.059E-02,1.052E-02,0.9938
169,"Glass, Pyrex",8.500E+00,4.614E+02,3.125E-01,4.617E+02,1.165E-02,1.158E-02,0.9943
169,"Glass, Pyrex",9.000E+00,4.432E+02,2.971E-01,4.435E+02,1.275E-02,1.269E-02,0.9947
169,"Glass, Pyrex",9.500E+00,4.265E+02,2.832E-01,4.268E+02,1.390E-02,1.383E-02,0.9950
169,"Glass, Pyrex",1.000E+01,4.112E+02,2.705E-01,4.114E+02,1.510E-02,1.503E-02,0.9953
169,"Glass, Pyrex",1.250E+01,3.500E+02,2.218E-01,3.503E+02,2.171E-02,2.163E-02,0.9965
169,"Glass, Pyrex",1.500E+01,3.062E+02,1.885E-01,3.064E+02,2.936E-02,2.927E-02,0.9971
169,"Glass, Pyrex",1.750E+01,2.731E+02,1.641E-01,2.733E+02,3.801E-02,3.792E-02,0.9976
169,"Glass, Pyrex",2.000E+01,2.472E+02,1.456E-01,2.473E+02,4.765E-02,4.754E-02,0.9979
169,"Glass, Pyrex",2.500E+01,2.088E+02,1.190E-01,2.089E+02,6.973E-02,6.961E-02,0.9983
169,"Glass, Pyrex",2.750E+01,1.941E+02,1.092E-01,1.942E+02,8.216E-02,8.203E-02,0.9984
169,"Glass, Pyrex",3.000E+01,1.815E+02,1.009E-01,1.816E+02,9.548E-02,9.534E-02,0.9985
169,"Glass, Pyrex",3.500E+01,1.611E+02,8.770E-02,1.612E+02,1.248E-01,1.246E-01,0.9987
169,"Glass, Pyrex",4.000E+01,1.452E+02,7.764E-02,1.453E+02,1.575E-01,1.573E-01,0.9988
169,"Glass, Pyrex",4.500E+01,1.325E+02,6.971E-02,1.325E+02,1.936E-01,1.933E-01,0.9989
169,"Glass, Pyrex",5.000E+01,1.219E+02,6.328E-02,1.220E+02,2.329E-01,2.327E-01,0.9989
169,"Glass, Pyrex",5.500E+01,1.131E+02,5.797E-02,1.132E+02,2.755E-01,2.752E-01,0.9990
169,"Glass, Pyrex",6.000E+01,1.056E+02,5.350E-02,1.057E+02,3.213E-01,3.209E-01,0.9990
169,"Glass, Pyrex",6.500E+01,9.914E+01,4.969E-02,9.919E+01,3.701E-01,3.698E-01,0.9990
169,"Glass, Pyrex",7.000E+01,9.348E+01,4.639E-02,9.353E+01,4.221E-01,4.217E-01,0.9991
169,"Glass, Pyrex",7.500E+01,8.850E+01,4.351E-02,8.855E+01,4.770E-01,4.766E-01,0.9991
169,"Glass, Pyrex",8.000E+01,8.408E+01,4.097E-02,8.412E+01,5.350E-01,5.345E-01,0.9991
169,"Glass, Pyrex",8.500E+01,8.013E+01,3.872E-02,8.017E+01,5.959E-01,5.954E-01,0.9991
169,"Glass, Pyrex",9.000E+01,7.657E+01,3.671E-02,7.661E+01,6.597E-01,6.591E-01,0.9991
169,"Glass, Pyrex",9.500E+01,7.335E+01,3.491E-02,7.338E+01,7.264E-01,7.258E-01,0.9992
169,"Glass, Pyrex",1.000E+02,7.042E+01,3.327E-02,7.045E+01,7.960E-01,7.953E-01,0.9992
169,"Glass, Pyrex",1.250E+02,5.898E+01,2.698E-02,5.901E+01,1.186E+00,1.185E+00,0.9992
169,"Glass, Pyrex",1.500E+02,5.105E+01,2.271E-02,5.107E+01,1.642E+00,1.641E+00,0.9993
169,"Glass, Pyrex",1.750E+02,4.521E+01,1.961E-02,4.523E+01,2.164E+00,2.162E+00,0.9993
169,"Glass, Pyrex",2.000E+02,4.072E+01,1.726E-02,4.073E+01,2.747E+00,2.745E+00,0.9993
169,"Glass, Pyrex",2.250E+02,3.715E+01,1.542E-02,3.716E+01,3.390E+00,3.388E+00,0.9993
169,"Glass, Pyrex",2.500E+02,3.424E+01,1.394E-02,3.426E+01,4.092E+00,4.089E+00,0.9993
169,"Glass, Pyrex",2.750E+02,3.183E+01,1.272E-02,3.184E+01,4.849E+00,4.846E+00,0.9993
169,"Glass, Pyrex",3.000E+02,2.979E+01,1.169E-02,2.980E+01,5.662E+00,5.658E+00,0.9994
169,"Glass, Pyrex",3.500E+02,2.653E+01,1.007E-02,2.654E+01,7.444E+00,7.439E+00,0.9994
169,"Glass, Pyrex",4.000E+02,2.403E+01,8.846E-03,2.404E+01,9.426E+00,9.420E+00,0.9994
169,"Glass, Pyrex",4.500E+02,2.206E+01,7.886E-03,2.207E+01,1.160E+01,1.159E+01,0.9994
169,"Glass, Pyrex",5.000E+02,2.046E+01,7.115E-03,2.047E+01,1.395E+01,1.395E+01,0.9994
169,"Glass, Pyrex",5.500E+02,1.914E+01,6.482E-03,1.914E+01,1.648E+01,1.647E+01,0.9994
169,"Glass, Pyrex",6.000E+02,1.802E+01,5.953E-03,1.803E+01,1.918E+01,1.916E+01,0.9994
169,"Glass, Pyrex",6.500E+02,1.707E+01,5.503E-03,1.708E+01,2.203E+01,2.201E+01,0.9994
169,"Glass, Pyrex",7.000E+02,1.625E+01,5.115E-03,1.626E+01,2.503E+01,2.501E+01,0.9995
169,"Glass, Pyrex",7.500E+02,1.554E+01,4.777E-03,1.554E+01,2.817E+01,2.816E+01,0.9995
169,"Glass, Pyrex",8.000E+02,1.491E+01,4.481E-03,1.492E+01,3.146E+01,3.144E+01,0.9995
169,"Glass, Pyrex",8.500E+02,1.435E+01,4.220E-03,1.436E+01,3.488E+01,3.486E+01,0.9995
169,"Glass, Pyrex",9.000E+02,1.386E+01,3.988E-03,1.386E+01,3.842E+01,3.840E+01,0.9995
169,"Glass, Pyrex",9.500E+02,1.341E+01,3.781E-03,1.341E+01,4.209E+01,4.207E+01,0.9995
169,"Glass, Pyrex",1.000E+03,1.301E+01,3.595E-03,1.301E+01,4.588E+01,4.585E+01,0.9995
179,Kapton Polyimide Film,1.000E-03,1.655E+02,1.715E+02,3.370E+02,3.585E-06,1.704E-06,0.4753
179,Kapton Polyimide Film,1.500E-03,1.976E+02,1.580E+02,3.557E+02,5.022E-06,2.519E-06,0.5015
179,Kapton Polyimide Film,2.000E-03,2.242E+02,1.465E+02,3.707E+02,6.399E-06,3.349E-06,0.5233
179,Kapton Polyimide Film,2.500E-03,2.472E+02,1.368E+02,3.840E+02,7.724E-06,4.185E-06,0.5419
179,Kapton Polyimide Film,3.000E-03,2.678E+02,1.285E+02,3.963E+02,9.005E-06,5.025E-06,0.5580
179,Kapton Polyimide Film,4.000E-03,3.040E+02,1.150E+02,4.190E+02,1.146E-05,6.701E-06,0.5849
179,Kapton Polyimide Film,5.000E-03,3.354E+02,1.045E+02,4.399E+02,1.379E-05,8.366E-06,0.6069
179,Kapton Polyimide Film,6.000E-03,3.635E+02,9.611E+01,4.596E+02,1.601E-05,1.001E-05,0.6254
179,Kapton Polyimide Film,7.000E-03,3.891E+02,8.914E+01,4.783E+02,1.814E-05,1.164E-05,0.6413
179,Kapton Polyimide Film,8.000E-03,4.128E+02,8.327E+01,4.960E+02,2.019E-05,1.323E-05,0.6553
179,Kapton Polyimide Film,9.000E-03,4.348E+02,7.823E+01,5.131E+02,2.218E-05,1.481E-05,0.6677
179,Kapton Polyimide Film,1.000E-02,4.556E+02,7.386E+01,5.295E+02,2.410E-05,1.636E-05,0.6788
179,Kapton Polyimide Film,1.250E-02,5.029E+02,6.504E+01,5.680E+02,2.865E-05,2.012E-05,0.7023
179,Kapton Polyimide Film,1.500E-02,5.452E+02,5.834E+01,6.036E+02,3.292E-05,2.374E-05,0.7212
179,Kapton Polyimide Film,1.750E-02,5.838E+02,5.304E+01,6.368E+02,3.695E-05,2.723E-05,0.7369
179,Kapton Polyimide Film,2.000E-02,6.194E+02,4.873E+01,6.681E+02,4.078E-05,3.060E-05,0.7503
179,Kapton Polyimide Film,2.250E-02,6.526E+02,4.514E+01,6.977E+02,4.444E-05,3.386E-05,0.7619
179,Kapton Polyimide Film,2.500E-02,6.838E+02,4.210E+01,7.259E+02,4.795E-05,3.702E-05,0.7720
179,Kapton Polyimide Film,2.750E-02,7.133E+02,3.949E+01,7.527E+02,5.133E-05,4.009E-05,0.7809
179,Kapton Polyimide Film,3.000E-02,7.412E+02,3.722E+01,7.785E+02,5.460E-05,4.308E-05,0.7889
179,Kapton Polyimide Film,3.500E-02,7.935E+02,3.346E+01,8.270E+02,6.083E-05,4.883E-05,0.8027
179,Kapton Polyimide Film,4.000E-02,8.416E+02,3.045E+01,8.721E+02,6.671E-05,5.432E-05,0.8142
179,Kapton Polyimide Film,4.500E-02,8.863E+02,2.799E+01,9.143E+02,7.231E-05,5.958E-05,0.8239
179,Kapton Polyimide Film,5.000E-02,9.282E+02,2.593E+01,9.542E+02,7.766E-05,6.464E-05,0.8323
179,Kapton Polyimide Film,5.500E-02,9.677E+02,2.419E+01,9.919E+02,8.280E-05,6.953E-05,0.8397
179,Kapton Polyimide Film,6.000E-02,1.005E+03,2.268E+01,1.028E+03,8.775E-05,7.426E-05,0.8462
179,Kapton Polyimide Film,6.500E-02,1.041E+03,2.137E+01,1.062E+03,9.254E-05,7.885E-05,0.8520
179,Kapton Polyimide Film,7.000E-02,1.074E+03,2.021E+01,1.095E+03,9.718E-05,8.331E-05,0.8573
179,Kapton Polyimide Film,7.500E-02,1.107E+03,1.919E+01,1.126E+03,1.017E-04,8.765E-05,0.8620
179,Kapton Polyimide Film,8.000E-02,1.138E+03,1.827E+01,1.156E+03,1.061E-04,9.189E-05,0.8664
179,Kapton Polyimide Film,8.500E-02,1.167E+03,1.745E+01,1.185E+03,1.103E-04,9.603E-05,0.8703
179,Kapton Polyimide Film,9.000E-02,1.196E+03,1.670E+01,1.212E+03,1.145E-04,1.001E-04,0.8740
179,Kapton Polyimide Film,9.500E-02,1.223E+03,1.602E+01,1.239E+03,1.186E-04,1.040E-04,0.8774
179,Kapton Polyimide Film,1.000E-01,1.250E+03,1.540E+01,1.265E+03,1.226E-04,1.079E-04,0.8805
179,Kapton Polyimide Film,1.250E-01,1.369E+03,1.294E+01,1.382E+03,1.415E-04,1.264E-04,0.8935
179,Kapton Polyimide Film,1.500E-01,1.471E+03,1.121E+01,1.483E+03,1.589E-04,1.435E-04,0.9032
179,Kapton Polyimide Film,1.750E-01,1.560E+03,9.911E+00,1.570E+03,1.753E-04,1.596E-04,0.9108
179,Kapton Polyimide Film,2.000E-01,1.636E+03,8.903E+00,1.645E+03,1.908E-04,1.750E-04,0.9171
179,Kapton Polyimide Film,2.250E-01,1.703E+03,8.095E+00,1.711E+03,2.057E-04,1.897E-04,0.9223
179,Kapton Polyimide Film,2.500E-01,1.762E+03,7.430E+00,1.769E+03,2.201E-04,2.039E-04,0.9267
179,Kapton Polyimide Film,2.750E-01,1.812E+03,6.874E+00,1.819E+03,2.340E-04,2.178E-04,0.9305
179,Kapton Polyimide Film,3.000E-01,1.857E+03,6.401E+00,1.863E+03,2.476E-04,2.312E-04,0.9339
179,Kapton Polyimide Film,3.500E-01,1.928E+03,5.638E+00,1.934E+03,2.739E-04,2.574E-04,0.9396
179,Kapton Polyimide Film,4.000E-01,1.981E+03,5.048E+00,1.986E+03,2.994E-04,2.827E-04,0.9443
179,Kapton Polyimide Film,4.500E-01,2.018E+03,4.576E+00,2.022E+03,3.243E-04,3.075E-04,0.9482
179,Kapton Polyimide Film,5.000E-01,2.042E+03,4.191E+00,2.046E+03,3.489E-04,3.320E-04,0.9515
179,Kapton Polyimide Film,5.500E-01,2.056E+03,3.869E+00,2.060E+03,3.732E-04,3.562E-04,0.9544
179,Kapton Polyimide Film,6.000E-01,2.062E+03,3.596E+00,2.066E+03,3.975E-04,3.804E-04,0.9570
179,Kapton Polyimide Film,6.500E-01,2.061E+03,3.361E+00,2.064E+03,4.217E-04,4.045E-04,0.9592
179,Kapton Polyimide Film,7.000E-01,2.054E+03,3.157E+00,2.057E+03,4.459E-04,4.287E-04,0.9613
179,Kapton Polyimide Film,7.500E-01,2.043E+03,2.978E+00,2.046E+03,4.703E-04,4.530E-04,0.9631
179,Kapton Polyimide Film,8.000E-01,2.028E+03,2.820E+00,2.031E+03,4.948E-04,4.774E-04,0.9648
179,Kapton Polyimide Film,8.500E-01,2.010E+03,2.678E+00,2.013E+03,5.196E-04,5.021E-04,0.9664
179,Kapton Polyimide Film,9.000E-01,1.990E+03,2.551E+00,1.993E+03,5.445E-04,5.270E-04,0.9678
179,Kapton Polyimide Film,9.500E-01,1.969E+03,2.436E+00,1.971E+03,5.697E-04,5.522E-04,0.9692
179,Kapton Polyimide Film,1.000E+00,1.946E+03,2.332E+00,1.948E+03,5.953E-04,5.776E-04,0.9704
179,Kapton Polyimide Film,1.250E+00,1.819E+03,1.926E+00,1.821E+03,7.279E-04,7.100E-04,0.9755
179,Kapton Polyimide Film,1.500E+00,1.688E+03,1.646E+00,1.690E+03,8.704E-04,8.523E-04,0.9792
179,Kapton Polyimide Film,1.750E+00,1.565E+03,1.441E+00,1.566E+03,1.024E-03,1.006E-03,0.9821
179,Kapton Polyimide Film,2.000E+00,1.451E+03,1.283E+00,1.453E+03,1.190E-03,1.171E-03,0.9845
179,Kapton Polyimide Film,2.250E+00,1.350E+03,1.158E+00,1.351E+03,1.369E-03,1.350E-03,0.9864
179,Kapton Polyimide Film,2.500E+00,1.264E+03,1.057E+00,1.265E+03,1.560E-03,1.541E-03,0.9879
179,Kapton Polyimide Film,2.750E+00,1.190E+03,9.721E-01,1.191E+03,1.764E-03,1.745E-03,0.9892
179,Kapton Polyimide Film,3.000E+00,1.125E+03,9.009E-01,1.126E+03,1.980E-03,1.960E-03,0.9903
179,Kapton Polyimide Film,3.500E+00,1.017E+03,7.869E-01,1.018E+03,2.448E-03,2.428E-03,0.9920
179,Kapton Polyimide Film,4.000E+00,9.298E+02,6.997E-01,9.305E+02,2.962E-03,2.942E-03,0.9932
179,Kapton Polyimide Film,4.500E+00,8.583E+02,6.307E-01,8.589E+02,3.522E-03,3.501E-03,0.9942
179,Kapton Polyimide Film,5.000E+00,7.982E+02,5.746E-01,7.988E+02,4.126E-03,4.105E-03,0.9949
179,Kapton Polyimide Film,5.500E+00,7.470E+02,5.281E-01,7.476E+02,4.773E-03,4.752E-03,0.9955
179,Kapton Polyimide Film,6.000E+00,7.028E+02,4.889E-01,7.033E+02,5.463E-03,5.441E-03,0.9960
179,Kapton Polyimide Film,6.500E+00,6.640E+02,4.553E-01,6.645E+02,6.195E-03,6.173E-03,0.9964
179,Kapton Polyimide Film,7.000E+00,6.298E+02,4.263E-01,6.302E+02,6.968E-03,6.945E-03,0.9967
179,Kapton Polyimide Film,7.500E+00,5.993E+02,4.009E-01,5.997E+02,7.782E-03,7.758E-03,0.9970
179,Kapton Polyimide Film,8.000E+00,5.719E+02,3.784E-01,5.723E+02,8.636E-03,8.612E-03,0.9972
179,Kapton Polyimide Film,8.500E+00,5.472E+02,3.585E-01,5.476E+02,9.529E-03,9.505E-03,0.9974
179,Kapton Polyimide Film,9.000E+00,5.248E+02,3.406E-01,5.252E+02,1.046E-02,1.044E-02,0.9976
179,Kapton Polyimide Film,9.500E+00,5.044E+02,3.246E-01,5.047E+02,1.143E-02,1.141E-02,0.9978
179,Kapton Polyimide Film,1.000E+01,4.857E+02,3.100E-01,4.860E+02,1.244E-02,1.242E-02,0.9979
179,Kapton Polyimide Film,1.250E+01,4.112E+02,2.537E-01,4.115E+02,1.806E-02,1.803E-02,0.9984
179,Kapton Polyimide Film,1.500E+01,3.582E+02,2.152E-01,3.584E+02,2.458E-02,2.455E-02,0.9987
179,Kapton Polyimide Film,1.750E+01,3.182E+02,1.872E-01,3.184E+02,3.200E-02,3.196E-02,0.9989
179,Kapton Polyimide Film,2.000E+01,2.870E+02,1.658E-01,2.872E+02,4.028E-02,4.024E-02,0.9990
179,Kapton Polyimide Film,2.500E+01,2.411E+02,1.353E-01,2.412E+02,5.936E-02,5.931E-02,0.9992
179,Kapton Polyimide Film,2.750E+01,2.236E+02,1.240E-01,2.237E+02,7.013E-02,7.007E-02,0.9992
179,Kapton Polyimide Film,3.000E+01,2.087E+02,1.145E-01,2.088E+02,8.170E-02,8.164E-02,0.9993
179,Kapton Polyimide Film,3.500E+01,1.847E+02,9.935E-02,1.848E+02,1.072E-01,1.071E-01,0.9993
179,Kapton Polyimide Film,4.000E+01,1.660E+02,8.783E-02,1.660E+02,1.358E-01,1.357E-01,0.9994
179,Kapton Polyimide Film,4.500E+01,1.510E+02,7.876E-02,1.511E+02,1.674E-01,1.673E-01,0.9994
179,Kapton Polyimide Film,5.000E+01,1.387E+02,7.142E-02,1.388E+02,2.020E-01,2.019E-01,0.9994
179,Kapton Polyimide Film,5.500E+01,1.284E+02,6.534E-02,1.285E+02,2.395E-01,2.393E-01,0.9995
179,Kapton Polyimide Film,6.000E+01,1.197E+02,6.023E-02,1.198E+02,2.798E-01,2.796E-01,0.9995
179,Kapton Polyimide Film,6.500E+01,1.122E+02,5.588E-02,1.123E+02,3.229E-01,3.228E-01,0.9995
179,Kapton Polyimide Film,7.000E+01,1.057E+02,5.212E-02,1.057E+02,3.689E-01,3.687E-01,0.9995
179,Kapton Polyimide Film,7.500E+01,9.992E+01,4.885E-02,9.997E+01,4.175E-01,4.173E-01,0.9995
179,Kapton Polyimide Film,8.000E+01,9.482E+01,4.597E-02,9.487E+01,4.689E-01,4.687E-01,0.9995
179,Kapton Polyimide Film,8.500E+01,9.027E+01,4.341E-02,9.032E+01,5.229E-01,5.227E-01,0.9995
179,Kapton Polyimide Film,9.000E+01,8.619E+01,4.113E-02,8.623E+01,5.796E-01,5.793E-01,0.9995
179,Kapton Polyimide Film,9.500E+01,8.249E+01,3.908E-02,8.253E+01,6.389E-01,6.386E-01,0.9995
179,Kapton Polyimide Film,1.000E+02,7.913E+01,3.723E-02,7.917E+01,7.008E-01,7.004E-01,0.9995
179,Kapton Polyimide Film,1.250E+02,6.607E+01,3.009E-02,6.610E+01,1.048E+00,1.048E+00,0.9996
179,Kapton Polyimide Film,1.500E+02,5.704E+01,2.526E-02,5.707E+01,1.456E+00,1.456E+00,0.9996
179,Kapton Polyimide Film,1.750E+02,5.042E+01,2.177E-02,5.044E+01,1.923E+00,1.923E+00,0.9996
179,Kapton Polyimide Film,2.000E+02,4.534E+01,1.914E-02,4.536E+01,2.447E+00,2.446E+00,0.9996
179,Kapton Polyimide Film,2.250E+02,4.131E+01,1.708E-02,4.133E+01,3.025E+00,3.024E+00,0.9996
179,Kapton Polyimide Film,2.500E+02,3.804E+01,1.542E-02,3.805E+01,3.656E+00,3.655E+00,0.9996
179,Kapton Polyimide Film,2.750E+02,3.532E+01,1.405E-02,3.534E+01,4.338E+00,4.337E+00,0.9996
179,Kapton Polyimide Film,3.000E+02,3.303E+01,1.291E-02,3.304E+01,5.071E+00,5.069E+00,0.9996
179,Kapton Polyimide Film,3.500E+02,2.937E+01,1.109E-02,2.938E+01,6.679E+00,6.677E+00,0.9996
179,Kapton Polyimide Film,4.000E+02,2.658E+01,9.729E-03,2.659E+01,8.471E+00,8.468E+00,0.9997
179,Kapton Polyimide Film,4.500E+02,2.437E+01,8.666E-03,2.438E+01,1.044E+01,1.043E+01,0.9997
179,Kapton Polyimide Film,5.000E+02,2.259E+01,7.813E-03,2.259E+01,1.257E+01,1.257E+01,0.9997
179,Kapton Polyimide Film,5.500E+02,2.111E+01,7.110E-03,2.112E+01,1.486E+01,1.486E+01,0.9997
179,Kapton Polyimide Film,6.000E+02,1.987E+01,6.521E-03,1.987E+01,1.730E+01,1.730E+01,0.9997
179,Kapton Polyimide Film,6.500E+02,1.881E+01,6.023E-03,1.881E+01,1.989E+01,1.988E+01,0.9997
179,Kapton Polyimide Film,7.000E+02,1.790E+01,5.596E-03,1.790E+01,2.262E+01,2.261E+01,0.9997
179,Kapton Polyimide Film,7.500E+02,1.710E+01,5.226E-03,1.710E+01,2.548E+01,2.547E+01,0.9997
179,Kapton Polyimide Film,8.000E+02,1.640E+01,4.902E-03,1.641E+01,2.846E+01,2.845E+01,0.9997
179,Kapton Polyimide Film,8.500E+02,1.578E+01,4.615E-03,1.579E+01,3.157E+01,3.156E+01,0.9997
179,Kapton Polyimide Film,9.000E+02,1.523E+01,4.361E-03,1.523E+01,3.479E+01,3.478E+01,0.9997
179,Kapton Polyimide Film,9.500E+02,1.473E+01,4.132E-03,1.474E+01,3.813E+01,3.812E+01,0.9997
179,Kapton Polyimide Film,1.000E+03,1.428E+01,3.927E-03,1.429E+01,4.158E+01,4.157E+01,0.9997
185,Lithium Fluoride,1.000E-03,1.187E+02,1.252E+02,2.439E+02,4.942E-06,2.073E-06,0.4194
185,Lithium Fluoride,1.500E-03,1.426E+02,1.157E+02,2.583E+02,6.925E-06,3.078E-06,0.4445
185,Lithium Fluoride,2.000E-03,1.625E+02,1.075E+02,2.700E+02,8.818E-06,4.106E-06,0.4656
185,Lithium Fluoride,2.500E-03,1.797E+02,1.006E+02,2.803E+02,1.063E-05,5.145E-06,0.4837
185,Lithium Fluoride,3.000E-03,1.952E+02,9.466E+01,2.899E+02,1.239E-05,6.190E-06,0.4996
185,Lithium Fluoride,4.000E-03,2.224E+02,8.504E+01,3.074E+02,1.574E-05,8.286E-06,0.5266
185,Lithium Fluoride,5.000E-03,2.460E+02,7.753E+01,3.235E+02,1.891E-05,1.038E-05,0.5489
185,Lithium Fluoride,6.000E-03,2.672E+02,7.146E+01,3.386E+02,2.193E-05,1.245E-05,0.5679
185,Lithium Fluoride,7.000E-03,2.865E+02,6.643E+01,3.529E+02,2.482E-05,1.451E-05,0.5845
185,Lithium Fluoride,8.000E-03,3.043E+02,6.218E+01,3.665E+02,2.760E-05,1.654E-05,0.5992
185,Lithium Fluoride,9.000E-03,3.210E+02,5.852E+01,3.795E+02,3.028E-05,1.854E-05,0.6123
185,Lithium Fluoride,1.000E-02,3.366E+02,5.534E+01,3.920E+02,3.287E-05,2.051E-05,0.6241
185,Lithium Fluoride,1.250E-02,3.724E+02,4.891E+01,4.213E+02,3.902E-05,2.533E-05,0.6493
185,Lithium Fluoride,1.500E-02,4.044E+02,4.399E+01,4.483E+02,4.477E-05,2.999E-05,0.6699
185,Lithium Fluoride,1.750E-02,4.335E+02,4.008E+01,4.736E+02,5.019E-05,3.449E-05,0.6872
185,Lithium Fluoride,2.000E-02,4.604E+02,3.690E+01,4.973E+02,5.534E-05,3.885E-05,0.7020
185,Lithium Fluoride,2.250E-02,4.855E+02,3.424E+01,5.197E+02,6.026E-05,4.308E-05,0.7149
185,Lithium Fluoride,2.500E-02,5.091E+02,3.198E+01,5.411E+02,6.497E-05,4.719E-05,0.7263
185,Lithium Fluoride,2.750E-02,5.314E+02,3.004E+01,5.614E+02,6.951E-05,5.118E-05,0.7364
185,Lithium Fluoride,3.000E-02,5.526E+02,2.834E+01,5.809E+02,7.388E-05,5.508E-05,0.7455
185,Lithium Fluoride,3.500E-02,5.921E+02,2.552E+01,6.176E+02,8.223E-05,6.259E-05,0.7612
185,Lithium Fluoride,4.000E-02,6.285E+02,2.327E+01,6.518E+02,9.010E-05,6.977E-05,0.7744
185,Lithium Fluoride,4.500E-02,6.624E+02,2.142E+01,6.838E+02,9.759E-05,7.667E-05,0.7857
185,Lithium Fluoride,5.000E-02,6.941E+02,1.987E+01,7.140E+02,1.047E-04,8.332E-05,0.7955
185,Lithium Fluoride,5.500E-02,7.241E+02,1.855E+01,7.426E+02,1.116E-04,8.974E-05,0.8041
185,Lithium Fluoride,6.000E-02,7.524E+02,1.741E+01,7.698E+02,1.182E-04,9.596E-05,0.8117
185,Lithium Fluoride,6.500E-02,7.794E+02,1.641E+01,7.958E+02,1.246E-04,1.020E-04,0.8185
185,Lithium Fluoride,7.000E-02,8.051E+02,1.554E+01,8.206E+02,1.308E-04,1.079E-04,0.8247
185,Lithium Fluoride,7.500E-02,8.296E+02,1.476E+01,8.444E+02,1.368E-04,1.136E-04,0.8304
185,Lithium Fluoride,8.000E-02,8.532E+02,1.406E+01,8.673E+02,1.426E-04,1.192E-04,0.8355
185,Lithium Fluoride,8.500E-02,8.759E+02,1.343E+01,8.893E+02,1.483E-04,1.246E-04,0.8402
185,Lithium Fluoride,9.000E-02,8.976E+02,1.287E+01,9.105E+02,1.539E-04,1.300E-04,0.8446
185,Lithium Fluoride,9.500E-02,9.187E+02,1.235E+01,9.310E+02,1.593E-04,1.352E-04,0.8486
185,Lithium Fluoride,1.000E-01,9.389E+02,1.187E+01,9.508E+02,1.646E-04,1.403E-04,0.8524
185,Lithium Fluoride,1.250E-01,1.031E+03,9.995E+00,1.041E+03,1.897E-04,1.647E-04,0.8679
185,Lithium Fluoride,1.500E-01,1.110E+03,8.667E+00,1.119E+03,2.129E-04,1.872E-04,0.8796
185,Lithium Fluoride,1.750E-01,1.179E+03,7.672E+00,1.187E+03,2.345E-04,2.085E-04,0.8889
185,Lithium Fluoride,2.000E-01,1.240E+03,6.898E+00,1.247E+03,2.551E-04,2.287E-04,0.8964
185,Lithium Fluoride,2.250E-01,1.294E+03,6.276E+00,1.300E+03,2.747E-04,2.480E-04,0.9027
185,Lithium Fluoride,2.500E-01,1.341E+03,5.764E+00,1.347E+03,2.936E-04,2.666E-04,0.9081
185,Lithium Fluoride,2.750E-01,1.383E+03,5.335E+00,1.389E+03,3.119E-04,2.847E-04,0.9128
185,Lithium Fluoride,3.000E-01,1.421E+03,4.970E+00,1.426E+03,3.296E-04,3.023E-04,0.9169
185,Lithium Fluoride,3.500E-01,1.483E+03,4.381E+00,1.487E+03,3.639E-04,3.362E-04,0.9239
185,Lithium Fluoride,4.000E-01,1.530E+03,3.925E+00,1.534E+03,3.970E-04,3.691E-04,0.9296
185,Lithium Fluoride,4.500E-01,1.566E+03,3.560E+00,1.570E+03,4.292E-04,4.010E-04,0.9343
185,Lithium Fluoride,5.000E-01,1.592E+03,3.262E+00,1.596E+03,4.608E-04,4.324E-04,0.9384
185,Lithium Fluoride,5.500E-01,1.610E+03,3.012E+00,1.613E+03,4.920E-04,4.634E-04,0.9420
185,Lithium Fluoride,6.000E-01,1.621E+03,2.801E+00,1.624E+03,5.228E-04,4.941E-04,0.9451
185,Lithium Fluoride,6.500E-01,1.627E+03,2.619E+00,1.629E+03,5.536E-04,5.247E-04,0.9479
185,Lithium Fluoride,7.000E-01,1.627E+03,2.461E+00,1.630E+03,5.842E-04,5.553E-04,0.9504
185,Lithium Fluoride,7.500E-01,1.624E+03,2.322E+00,1.626E+03,6.149E-04,5.859E-04,0.9527
185,Lithium Fluoride,8.000E-01,1.618E+03,2.198E+00,1.620E+03,6.457E-04,6.165E-04,0.9548
185,Lithium Fluoride,8.500E-01,1.609E+03,2.088E+00,1.611E+03,6.767E-04,6.474E-04,0.9567
185,Lithium Fluoride,9.000E-01,1.598E+03,1.990E+00,1.600E+03,7.078E-04,6.784E-04,0.9585
185,Lithium Fluoride,9.500E-01,1.585E+03,1.900E+00,1.587E+03,7.392E-04,7.097E-04,0.9601
185,Lithium Fluoride,1.000E+00,1.571E+03,1.819E+00,1.573E+03,7.709E-04,7.413E-04,0.9616
185,Lithium Fluoride,1.250E+00,1.483E+03,1.504E+00,1.484E+03,9.343E-04,9.043E-04,0.9679
185,Lithium Fluoride,1.500E+00,1.387E+03,1.286E+00,1.388E+03,1.108E-03,1.078E-03,0.9726
185,Lithium Fluoride,1.750E+00,1.296E+03,1.126E+00,1.297E+03,1.295E-03,1.264E-03,0.9763
185,Lithium Fluoride,2.000E+00,1.214E+03,1.003E+00,1.215E+03,1.494E-03,1.463E-03,0.9793
185,Lithium Fluoride,2.250E+00,1.140E+03,9.058E-01,1.141E+03,1.707E-03,1.675E-03,0.9817
185,Lithium Fluoride,2.500E+00,1.074E+03,8.265E-01,1.075E+03,1.932E-03,1.901E-03,0.9837
185,Lithium Fluoride,2.750E+00,1.015E+03,7.607E-01,1.016E+03,2.172E-03,2.140E-03,0.9853
185,Lithium Fluoride,3.000E+00,9.622E+02,7.051E-01,9.629E+02,2.425E-03,2.392E-03,0.9867
185,Lithium Fluoride,3.500E+00,8.720E+02,6.161E-01,8.726E+02,2.971E-03,2.938E-03,0.9890
185,Lithium Fluoride,4.000E+00,7.997E+02,5.480E-01,8.003E+02,3.570E-03,3.537E-03,0.9906
185,Lithium Fluoride,4.500E+00,7.395E+02,4.941E-01,7.400E+02,4.220E-03,4.186E-03,0.9919
185,Lithium Fluoride,5.000E+00,6.885E+02,4.503E-01,6.889E+02,4.921E-03,4.886E-03,0.9930
185,Lithium Fluoride,5.500E+00,6.448E+02,4.139E-01,6.452E+02,5.671E-03,5.636E-03,0.9938
185,Lithium Fluoride,6.000E+00,6.069E+02,3.832E-01,6.073E+02,6.471E-03,6.435E-03,0.9944
185,Lithium Fluoride,6.500E+00,5.737E+02,3.570E-01,5.741E+02,7.318E-03,7.281E-03,0.9950
185,Lithium Fluoride,7.000E+00,5.444E+02,3.343E-01,5.447E+02,8.212E-03,8.175E-03,0.9954
185,Lithium Fluoride,7.500E+00,5.183E+02,3.144E-01,5.186E+02,9.153E-03,9.115E-03,0.9958
185,Lithium Fluoride,8.000E+00,4.949E+02,2.968E-01,4.952E+02,1.014E-02,1.010E-02,0.9962
185,Lithium Fluoride,8.500E+00,4.736E+02,2.812E-01,4.739E+02,1.117E-02,1.113E-02,0.9964
185,Lithium Fluoride,9.000E+00,4.543E+02,2.672E-01,4.546E+02,1.225E-02,1.221E-02,0.9967
185,Lithium Fluoride,9.500E+00,4.367E+02,2.547E-01,4.370E+02,1.337E-02,1.333E-02,0.9969
185,Lithium Fluoride,1.000E+01,4.206E+02,2.432E-01,4.209E+02,1.454E-02,1.450E-02,0.9971
185,Lithium Fluoride,1.250E+01,3.566E+02,1.992E-01,3.568E+02,2.102E-02,2.097E-02,0.9978
185,Lithium Fluoride,1.500E+01,3.109E+02,1.690E-01,3.111E+02,2.854E-02,2.849E-02,0.9982
185,Lithium Fluoride,1.750E+01,2.766E+02,1.471E-01,2.767E+02,3.708E-02,3.702E-02,0.9985
185,Lithium Fluoride,2.000E+01,2.496E+02,1.303E-01,2.498E+02,4.660E-02,4.654E-02,0.9986
185,Lithium Fluoride,2.500E+01,2.100E+02,1.064E-01,2.101E+02,6.852E-02,6.844E-02,0.9989
185,Lithium Fluoride,2.750E+01,1.950E+02,9.753E-02,1.951E+02,8.088E-02,8.079E-02,0.9990
185,Lithium Fluoride,3.000E+01,1.821E+02,9.007E-02,1.822E+02,9.414E-02,9.405E-02,0.9990
185,Lithium Fluoride,3.500E+01,1.613E+02,7.819E-02,1.614E+02,1.234E-01,1.233E-01,0.9991
185,Lithium Fluoride,4.000E+01,1.451E+02,6.914E-02,1.451E+02,1.561E-01,1.560E-01,0.9992
185,Lithium Fluoride,4.500E+01,1.321E+02,6.202E-02,1.321E+02,1.922E-01,1.921E-01,0.9992
185,Lithium Fluoride,5.000E+01,1.214E+02,5.626E-02,1.215E+02,2.317E-01,2.316E-01,0.9993
185,Lithium Fluoride,5.500E+01,1.125E+02,5.150E-02,1.125E+02,2.745E-01,2.743E-01,0.9993
185,Lithium Fluoride,6.000E+01,1.049E+02,4.749E-02,1.050E+02,3.206E-01,3.204E-01,0.9993
185,Lithium Fluoride,6.500E+01,9.837E+01,4.407E-02,9.841E+01,3.698E-01,3.696E-01,0.9994
185,Lithium Fluoride,7.000E+01,9.267E+01,4.112E-02,9.272E+01,4.222E-01,4.219E-01,0.9994
185,Lithium Fluoride,7.500E+01,8.767E+01,3.854E-02,8.770E+01,4.776E-01,4.774E-01,0.9994
185,Lithium Fluoride,8.000E+01,8.323E+01,3.627E-02,8.327E+01,5.362E-01,5.359E-01,0.9994
185,Lithium Fluoride,8.500E+01,7.926E+01,3.426E-02,7.930E+01,5.977E-01,5.974E-01,0.9994
185,Lithium Fluoride,9.000E+01,7.569E+01,3.246E-02,7.573E+01,6.623E-01,6.619E-01,0.9994
185,Lithium Fluoride,9.500E+01,7.247E+01,3.084E-02,7.250E+01,7.298E-01,7.294E-01,0.9994
185,Lithium Fluoride,1.000E+02,6.953E+01,2.939E-02,6.956E+01,8.002E-01,7.998E-01,0.9994
185,Lithium Fluoride,1.250E+02,5.811E+01,2.379E-02,5.813E+01,1.195E+00,1.195E+00,0.9995
185,Lithium Fluoride,1.500E+02,5.021E+01,2.000E-02,5.023E+01,1.659E+00,1.658E+00,0.9995
185,Lithium Fluoride,1.750E+02,4.441E+01,1.724E-02,4.442E+01,2.190E+00,2.189E+00,0.9995
185,Lithium Fluoride,2.000E+02,3.995E+01,1.516E-02,3.997E+01,2.784E+00,2.783E+00,0.9995
185,Lithium Fluoride,2.250E+02,3.642E+01,1.352E-02,3.643E+01,3.440E+00,3.438E+00,0.9995
185,Lithium Fluoride,2.500E+02,3.354E+01,1.221E-02,3.356E+01,4.156E+00,4.154E+00,0.9995
185,Lithium Fluoride,2.750E+02,3.116E+01,1.114E-02,3.117E+01,4.930E+00,4.927E+00,0.9995
185,Lithium Fluoride,3.000E+02,2.914E+01,1.023E-02,2.915E+01,5.760E+00,5.757E+00,0.9996
185,Lithium Fluoride,3.500E+02,2.593E+01,8.807E-03,2.593E+01,7.582E+00,7.579E+00,0.9996
185,Lithium Fluoride,4.000E+02,2.347E+01,7.728E-03,2.348E+01,9.612E+00,9.608E+00,0.9996
185,Lithium Fluoride,4.500E+02,2.153E+01,6.883E-03,2.153E+01,1.184E+01,1.183E+01,0.9996
185,Lithium Fluoride,5.000E+02,1.995E+01,6.204E-03,1.996E+01,1.425E+01,1.425E+01,0.9996
185,Lithium Fluoride,5.500E+02,1.865E+01,5.648E-03,1.866E+01,1.685E+01,1.684E+01,0.9996
185,Lithium Fluoride,6.000E+02,1.756E+01,5.184E-03,1.757E+01,1.961E+01,1.960E+01,0.9996
185,Lithium Fluoride,6.500E+02,1.663E+01,4.792E-03,1.663E+01,2.254E+01,2.253E+01,0.9996
185,Lithium Fluoride,7.000E+02,1.582E+01,4.455E-03,1.583E+01,2.562E+01,2.561E+01,0.9996
185,Lithium Fluoride,7.500E+02,1.512E+01,4.161E-03,1.513E+01,2.885E+01,2.884E+01,0.9996
185,Lithium Fluoride,8.000E+02,1.451E+01,3.902E-03,1.451E+01,3.223E+01,3.222E+01,0.9996
185,Lithium Fluoride,8.500E+02,1.396E+01,3.673E-03,1.396E+01,3.574E+01,3.573E+01,0.9996
185,Lithium Fluoride,9.000E+02,1.347E+01,3.469E-03,1.348E+01,3.939E+01,3.937E+01,0.9996
185,Lithium Fluoride,9.500E+02,1.303E+01,3.288E-03,1.304E+01,4.316E+01,4.315E+01,0.9996
185,Lithium Fluoride,1.000E+03,1.264E+01,3.124E-03,1.264E+01,4.706E+01,4.704E+01,0.9996
189,Lithium Tetraborate,1.000E-03,1.327E+02,1.374E+02,2.702E+02,4.531E-06,1.918E-06,0.4234
189,Lithium Tetraborate,1.500E-03,1.594E+02,1.276E+02,2.870E+02,6.317E-06,2.845E-06,0.4503
189,Lithium Tetraborate,2.000E-03,1.816E+02,1.189E+02,3.005E+02,8.019E-06,3.792E-06,0.4728
189,Lithium Tetraborate,2.500E-03,2.009E+02,1.114E+02,3.123E+02,9.651E-06,4.747E-06,0.4919
189,Lithium Tetraborate,3.000E-03,2.182E+02,1.050E+02,3.232E+02,1.122E-05,5.708E-06,0.5086
189,Lithium Tetraborate,4.000E-03,2.486E+02,9.448E+01,3.431E+02,1.423E-05,7.634E-06,0.5366
189,Lithium Tetraborate,5.000E-03,2.750E+02,8.621E+01,3.612E+02,1.706E-05,9.552E-06,0.5597
189,Lithium Tetraborate,6.000E-03,2.987E+02,7.950E+01,3.782E+02,1.977E-05,1.145E-05,0.5793
189,Lithium Tetraborate,7.000E-03,3.204E+02,7.392E+01,3.943E+02,2.236E-05,1.333E-05,0.5962
189,Lithium Tetraborate,8.000E-03,3.404E+02,6.920E+01,4.096E+02,2.485E-05,1.518E-05,0.6112
189,Lithium Tetraborate,9.000E-03,3.591E+02,6.513E+01,4.242E+02,2.724E-05,1.701E-05,0.6244
189,Lithium Tetraborate,1.000E-02,3.766E+02,6.159E+01,4.382E+02,2.956E-05,1.881E-05,0.6364
189,Lithium Tetraborate,1.250E-02,4.168E+02,5.442E+01,4.712E+02,3.506E-05,2.320E-05,0.6617
189,Lithium Tetraborate,1.500E-02,4.527E+02,4.894E+01,5.016E+02,4.020E-05,2.743E-05,0.6823
189,Lithium Tetraborate,1.750E-02,4.855E+02,4.458E+01,5.301E+02,4.505E-05,3.151E-05,0.6995
189,Lithium Tetraborate,2.000E-02,5.158E+02,4.103E+01,5.568E+02,4.965E-05,3.546E-05,0.7142
189,Lithium Tetraborate,2.250E-02,5.440E+02,3.806E+01,5.821E+02,5.404E-05,3.928E-05,0.7270
189,Lithium Tetraborate,2.500E-02,5.706E+02,3.554E+01,6.062E+02,5.824E-05,4.299E-05,0.7382
189,Lithium Tetraborate,2.750E-02,5.958E+02,3.338E+01,6.291E+02,6.229E-05,4.660E-05,0.7481
189,Lithium Tetraborate,3.000E-02,6.197E+02,3.149E+01,6.512E+02,6.620E-05,5.011E-05,0.7570
189,Lithium Tetraborate,3.500E-02,6.643E+02,2.834E+01,6.927E+02,7.364E-05,5.688E-05,0.7724
189,Lithium Tetraborate,4.000E-02,7.056E+02,2.583E+01,7.314E+02,8.066E-05,6.333E-05,0.7852
189,Lithium Tetraborate,4.500E-02,7.439E+02,2.377E+01,7.677E+02,8.733E-05,6.953E-05,0.7961
189,Lithium Tetraborate,5.000E-02,7.799E+02,2.204E+01,8.020E+02,9.370E-05,7.549E-05,0.8056
189,Lithium Tetraborate,5.500E-02,8.139E+02,2.057E+01,8.345E+02,9.981E-05,8.124E-05,0.8139
189,Lithium Tetraborate,6.000E-02,8.461E+02,1.931E+01,8.654E+02,1.057E-04,8.681E-05,0.8213
189,Lithium Tetraborate,6.500E-02,8.768E+02,1.820E+01,8.950E+02,1.114E-04,9.221E-05,0.8279
189,Lithium Tetraborate,7.000E-02,9.061E+02,1.723E+01,9.233E+02,1.169E-04,9.746E-05,0.8339
189,Lithium Tetraborate,7.500E-02,9.342E+02,1.636E+01,9.505E+02,1.222E-04,1.026E-04,0.8393
189,Lithium Tetraborate,8.000E-02,9.611E+02,1.559E+01,9.767E+02,1.274E-04,1.075E-04,0.8442
189,Lithium Tetraborate,8.500E-02,9.870E+02,1.489E+01,1.002E+03,1.325E-04,1.124E-04,0.8487
189,Lithium Tetraborate,9.000E-02,1.012E+03,1.426E+01,1.026E+03,1.374E-04,1.172E-04,0.8529
189,Lithium Tetraborate,9.500E-02,1.036E+03,1.368E+01,1.050E+03,1.422E-04,1.218E-04,0.8567
189,Lithium Tetraborate,1.000E-01,1.059E+03,1.315E+01,1.073E+03,1.469E-04,1.264E-04,0.8603
189,Lithium Tetraborate,1.250E-01,1.166E+03,1.107E+01,1.177E+03,1.691E-04,1.480E-04,0.8751
189,Lithium Tetraborate,1.500E-01,1.258E+03,9.594E+00,1.267E+03,1.896E-04,1.680E-04,0.8863
189,Lithium Tetraborate,1.750E-01,1.338E+03,8.491E+00,1.347E+03,2.087E-04,1.868E-04,0.8950
189,Lithium Tetraborate,2.000E-01,1.410E+03,7.633E+00,1.418E+03,2.268E-04,2.046E-04,0.9022
189,Lithium Tetraborate,2.250E-01,1.474E+03,6.943E+00,1.481E+03,2.440E-04,2.216E-04,0.9081
189,Lithium Tetraborate,2.500E-01,1.531E+03,6.376E+00,1.538E+03,2.606E-04,2.380E-04,0.9132
189,Lithium Tetraborate,2.750E-01,1.583E+03,5.901E+00,1.589E+03,2.766E-04,2.538E-04,0.9176
189,Lithium Tetraborate,3.000E-01,1.628E+03,5.497E+00,1.634E+03,2.921E-04,2.692E-04,0.9215
189,Lithium Tetraborate,3.500E-01,1.706E+03,4.844E+00,1.711E+03,3.220E-04,2.988E-04,0.9280
189,Lithium Tetraborate,4.000E-01,1.767E+03,4.339E+00,1.771E+03,3.507E-04,3.273E-04,0.9333
189,Lithium Tetraborate,4.500E-01,1.814E+03,3.935E+00,1.818E+03,3.785E-04,3.550E-04,0.9378
189,Lithium Tetraborate,5.000E-01,1.849E+03,3.605E+00,1.853E+03,4.057E-04,3.821E-04,0.9416
189,Lithium Tetraborate,5.500E-01,1.874E+03,3.329E+00,1.878E+03,4.325E-04,4.087E-04,0.9449
189,Lithium Tetraborate,6.000E-01,1.891E+03,3.095E+00,1.894E+03,4.590E-04,4.351E-04,0.9479
189,Lithium Tetraborate,6.500E-01,1.899E+03,2.894E+00,1.902E+03,4.854E-04,4.614E-04,0.9505
189,Lithium Tetraborate,7.000E-01,1.902E+03,2.719E+00,1.905E+03,5.116E-04,4.875E-04,0.9529
189,Lithium Tetraborate,7.500E-01,1.899E+03,2.565E+00,1.901E+03,5.379E-04,5.137E-04,0.9550
189,Lithium Tetraborate,8.000E-01,1.891E+03,2.429E+00,1.893E+03,5.643E-04,5.400E-04,0.9570
189,Lithium Tetraborate,8.500E-01,1.875E+03,2.307E+00,1.877E+03,5.908E-04,5.664E-04,0.9588
189,Lithium Tetraborate,9.000E-01,1.852E+03,2.198E+00,1.854E+03,6.176E-04,5.931E-04,0.9604
189,Lithium Tetraborate,9.500E-01,1.825E+03,2.099E+00,1.827E+03,6.447E-04,6.202E-04,0.9620
189,Lithium Tetraborate,1.000E+00,1.795E+03,2.010E+00,1.797E+03,6.723E-04,6.477E-04,0.9634
189,Lithium Tetraborate,1.250E+00,1.638E+03,1.661E+00,1.639E+03,8.179E-04,7.930E-04,0.9696
189,Lithium Tetraborate,1.500E+00,1.494E+03,1.420E+00,1.496E+03,9.777E-04,9.525E-04,0.9743
189,Lithium Tetraborate,1.750E+00,1.375E+03,1.243E+00,1.376E+03,1.152E-03,1.127E-03,0.9779
189,Lithium Tetraborate,2.000E+00,1.276E+03,1.108E+00,1.277E+03,1.341E-03,1.315E-03,0.9808
189,Lithium Tetraborate,2.250E+00,1.193E+03,1.000E+00,1.194E+03,1.543E-03,1.518E-03,0.9832
189,Lithium Tetraborate,2.500E+00,1.121E+03,9.124E-01,1.122E+03,1.760E-03,1.733E-03,0.9851
189,Lithium Tetraborate,2.750E+00,1.058E+03,8.397E-01,1.059E+03,1.989E-03,1.963E-03,0.9867
189,Lithium Tetraborate,3.000E+00,1.002E+03,7.783E-01,1.003E+03,2.232E-03,2.205E-03,0.9880
189,Lithium Tetraborate,3.500E+00,9.088E+02,6.800E-01,9.094E+02,2.756E-03,2.729E-03,0.9901
189,Lithium Tetraborate,4.000E+00,8.332E+02,6.048E-01,8.338E+02,3.331E-03,3.303E-03,0.9917
189,Lithium Tetraborate,4.500E+00,7.705E+02,5.453E-01,7.711E+02,3.955E-03,3.927E-03,0.9928
189,Lithium Tetraborate,5.000E+00,7.176E+02,4.969E-01,7.181E+02,4.627E-03,4.598E-03,0.9938
189,Lithium Tetraborate,5.500E+00,6.724E+02,4.568E-01,6.728E+02,5.347E-03,5.318E-03,0.9945
189,Lithium Tetraborate,6.000E+00,6.332E+02,4.229E-01,6.337E+02,6.113E-03,6.083E-03,0.9951
189,Lithium Tetraborate,6.500E+00,5.988E+02,3.939E-01,5.992E+02,6.925E-03,6.894E-03,0.9956
189,Lithium Tetraborate,7.000E+00,5.683E+02,3.688E-01,5.687E+02,7.782E-03,7.751E-03,0.9960
189,Lithium Tetraborate,7.500E+00,5.412E+02,3.469E-01,5.415E+02,8.683E-03,8.651E-03,0.9963
189,Lithium Tetraborate,8.000E+00,5.169E+02,3.275E-01,5.172E+02,9.628E-03,9.596E-03,0.9966
189,Lithium Tetraborate,8.500E+00,4.948E+02,3.103E-01,4.951E+02,1.062E-02,1.058E-02,0.9969
189,Lithium Tetraborate,9.000E+00,4.749E+02,2.949E-01,4.752E+02,1.165E-02,1.161E-02,0.9971
189,Lithium Tetraborate,9.500E+00,4.566E+02,2.810E-01,4.569E+02,1.272E-02,1.269E-02,0.9973
189,Lithium Tetraborate,1.000E+01,4.399E+02,2.684E-01,4.401E+02,1.384E-02,1.380E-02,0.9974
189,Lithium Tetraborate,1.250E+01,3.732E+02,2.197E-01,3.734E+02,2.003E-02,1.999E-02,0.9980
189,Lithium Tetraborate,1.500E+01,3.255E+02,1.865E-01,3.257E+02,2.722E-02,2.717E-02,0.9984
189,Lithium Tetraborate,1.750E+01,2.896E+02,1.622E-01,2.898E+02,3.537E-02,3.532E-02,0.9986
189,Lithium Tetraborate,2.000E+01,2.615E+02,1.438E-01,2.616E+02,4.446E-02,4.441E-02,0.9988
189,Lithium Tetraborate,2.500E+01,2.201E+02,1.174E-01,2.202E+02,6.538E-02,6.532E-02,0.9990
189,Lithium Tetraborate,2.750E+01,2.043E+02,1.076E-01,2.044E+02,7.718E-02,7.711E-02,0.9991
189,Lithium Tetraborate,3.000E+01,1.908E+02,9.936E-02,1.909E+02,8.984E-02,8.976E-02,0.9991
189,Lithium Tetraborate,3.500E+01,1.690E+02,8.625E-02,1.690E+02,1.177E-01,1.176E-01,0.9992
189,Lithium Tetraborate,4.000E+01,1.520E+02,7.627E-02,1.521E+02,1.490E-01,1.489E-01,0.9993
189,Lithium Tetraborate,4.500E+01,1.384E+02,6.841E-02,1.384E+02,1.835E-01,1.834E-01,0.9993
189,Lithium Tetraborate,5.000E+01,1.272E+02,6.205E-02,1.273E+02,2.212E-01,2.210E-01,0.9993
189,Lithium Tetraborate,5.500E+01,1.178E+02,5.679E-02,1.179E+02,2.620E-01,2.619E-01,0.9994
189,Lithium Tetraborate,6.000E+01,1.099E+02,5.237E-02,1.099E+02,3.060E-01,3.058E-01,0.9994
189,Lithium Tetraborate,6.500E+01,1.030E+02,4.860E-02,1.031E+02,3.530E-01,3.528E-01,0.9994
189,Lithium Tetraborate,7.000E+01,9.708E+01,4.535E-02,9.712E+01,4.030E-01,4.027E-01,0.9994
189,Lithium Tetraborate,7.500E+01,9.183E+01,4.250E-02,9.187E+01,4.559E-01,4.557E-01,0.9994
189,Lithium Tetraborate,8.000E+01,8.718E+01,4.000E-02,8.722E+01,5.118E-01,5.115E-01,0.9994
189,Lithium Tetraborate,8.500E+01,8.302E+01,3.778E-02,8.306E+01,5.706E-01,5.703E-01,0.9995
189,Lithium Tetraborate,9.000E+01,7.928E+01,3.580E-02,7.932E+01,6.322E-01,6.319E-01,0.9995
189,Lithium Tetraborate,9.500E+01,7.590E+01,3.401E-02,7.593E+01,6.966E-01,6.963E-01,0.9995
189,Lithium Tetraborate,1.000E+02,7.283E+01,3.241E-02,7.286E+01,7.639E-01,7.635E-01,0.9995
189,Lithium Tetraborate,1.250E+02,6.086E+01,2.622E-02,6.089E+01,1.141E+00,1.140E+00,0.9995
189,Lithium Tetraborate,1.500E+02,5.259E+01,2.203E-02,5.261E+01,1.584E+00,1.583E+00,0.9995
189,Lithium Tetraborate,1.750E+02,4.651E+01,1.899E-02,4.653E+01,2.091E+00,2.090E+00,0.9995
189,Lithium Tetraborate,2.000E+02,4.184E+01,1.670E-02,4.186E+01,2.658E+00,2.657E+00,0.9996
189,Lithium Tetraborate,2.250E+02,3.814E+01,1.490E-02,3.815E+01,3.284E+00,3.283E+00,0.9996
189,Lithium Tetraborate,2.500E+02,3.513E+01,1.346E-02,3.514E+01,3.968E+00,3.966E+00,0.9996
189,Lithium Tetraborate,2.750E+02,3.263E+01,1.227E-02,3.264E+01,4.707E+00,4.705E+00,0.9996
189,Lithium Tetraborate,3.000E+02,3.052E+01,1.127E-02,3.053E+01,5.499E+00,5.497E+00,0.9996
189,Lithium Tetraborate,3.500E+02,2.715E+01,9.697E-03,2.716E+01,7.239E+00,7.236E+00,0.9996
189,Lithium Tetraborate,4.000E+02,2.458E+01,8.507E-03,2.459E+01,9.177E+00,9.174E+00,0.9996
189,Lithium Tetraborate,4.500E+02,2.254E+01,7.575E-03,2.255E+01,1.130E+01,1.130E+01,0.9996
189,Lithium Tetraborate,5.000E+02,2.090E+01,6.827E-03,2.090E+01,1.361E+01,1.360E+01,0.9996
189,Lithium Tetraborate,5.500E+02,1.954E+01,6.215E-03,1.954E+01,1.608E+01,1.608E+01,0.9996
189,Lithium Tetraborate,6.000E+02,1.839E+01,5.705E-03,1.840E+01,1.872E+01,1.872E+01,0.9996
189,Lithium Tetraborate,6.500E+02,1.741E+01,5.272E-03,1.742E+01,2.152E+01,2.151E+01,0.9996
189,Lithium Tetraborate,7.000E+02,1.657E+01,4.899E-03,1.658E+01,2.446E+01,2.445E+01,0.9996
189,Lithium Tetraborate,7.500E+02,1.584E+01,4.574E-03,1.584E+01,2.755E+01,2.754E+01,0.9997
189,Lithium Tetraborate,8.000E+02,1.519E+01,4.289E-03,1.520E+01,3.077E+01,3.076E+01,0.9997
189,Lithium Tetraborate,8.500E+02,1.462E+01,4.037E-03,1.462E+01,3.413E+01,3.412E+01,0.9997
189,Lithium Tetraborate,9.000E+02,1.411E+01,3.815E-03,1.411E+01,3.761E+01,3.760E+01,0.9997
189,Lithium Tetraborate,9.500E+02,1.365E+01,3.616E-03,1.366E+01,4.121E+01,4.120E+01,0.9997
189,Lithium Tetraborate,1.000E+03,1.324E+01,3.437E-03,1.324E+01,4.493E+01,4.492E+01,0.9997
191,M3 Wax,1.000E-03,1.736E+02,2.454E+02,4.190E+02,2.678E-06,1.524E-06,0.5690
191,M3 Wax,1.500E-03,2.090E+02,2.224E+02,4.314E+02,3.850E-06,2.263E-06,0.5880
191,M3 Wax,2.000E-03,2.385E+02,2.039E+02,4.423E+02,4.994E-06,3.018E-06,0.6044
191,M3 Wax,2.500E-03,2.643E+02,1.887E+02,4.530E+02,6.111E-06,3.780E-06,0.6186
191,M3 Wax,3.000E-03,2.876E+02,1.760E+02,4.636E+02,7.202E-06,4.545E-06,0.6311
191,M3 Wax,4.000E-03,3.287E+02,1.560E+02,4.847E+02,9.312E-06,6.074E-06,0.6523
191,M3 Wax,5.000E-03,3.647E+02,1.407E+02,5.054E+02,1.133E-05,7.592E-06,0.6699
191,M3 Wax,6.000E-03,3.971E+02,1.287E+02,5.258E+02,1.327E-05,9.089E-06,0.6849
191,M3 Wax,7.000E-03,4.269E+02,1.188E+02,5.457E+02,1.514E-05,1.056E-05,0.6979
191,M3 Wax,8.000E-03,4.545E+02,1.105E+02,5.650E+02,1.694E-05,1.201E-05,0.7093
191,M3 Wax,9.000E-03,4.804E+02,1.035E+02,5.839E+02,1.868E-05,1.344E-05,0.7194
191,M3 Wax,1.000E-02,5.049E+02,9.748E+01,6.023E+02,2.037E-05,1.484E-05,0.7286
191,M3 Wax,1.250E-02,5.610E+02,8.540E+01,6.464E+02,2.437E-05,1.823E-05,0.7479
191,M3 Wax,1.500E-02,6.116E+02,7.630E+01,6.879E+02,2.812E-05,2.147E-05,0.7636
191,M3 Wax,1.750E-02,6.580E+02,6.916E+01,7.272E+02,3.165E-05,2.458E-05,0.7767
191,M3 Wax,2.000E-02,7.011E+02,6.338E+01,7.645E+02,3.500E-05,2.758E-05,0.7879
191,M3 Wax,2.250E-02,7.416E+02,5.860E+01,8.002E+02,3.820E-05,3.046E-05,0.7975
191,M3 Wax,2.500E-02,7.798E+02,5.456E+01,8.343E+02,4.126E-05,3.325E-05,0.8060
191,M3 Wax,2.750E-02,8.160E+02,5.111E+01,8.671E+02,4.420E-05,3.595E-05,0.8135
191,M3 Wax,3.000E-02,8.506E+02,4.811E+01,8.987E+02,4.703E-05,3.857E-05,0.8202
191,M3 Wax,3.500E-02,9.154E+02,4.315E+01,9.586E+02,5.241E-05,4.359E-05,0.8317
191,M3 Wax,4.000E-02,9.756E+02,3.921E+01,1.015E+03,5.748E-05,4.836E-05,0.8413
191,M3 Wax,4.500E-02,1.032E+03,3.599E+01,1.068E+03,6.228E-05,5.291E-05,0.8495
191,M3 Wax,5.000E-02,1.085E+03,3.331E+01,1.118E+03,6.686E-05,5.726E-05,0.8565
191,M3 Wax,5.500E-02,1.135E+03,3.103E+01,1.166E+03,7.123E-05,6.145E-05,0.8627
191,M3 Wax,6.000E-02,1.182E+03,2.908E+01,1.212E+03,7.544E-05,6.549E-05,0.8682
191,M3 Wax,6.500E-02,1.228E+03,2.737E+01,1.255E+03,7.949E-05,6.940E-05,0.8730
191,M3 Wax,7.000E-02,1.271E+03,2.588E+01,1.297E+03,8.341E-05,7.319E-05,0.8774
191,M3 Wax,7.500E-02,1.313E+03,2.455E+01,1.338E+03,8.721E-05,7.687E-05,0.8814
191,M3 Wax,8.000E-02,1.353E+03,2.336E+01,1.376E+03,9.089E-05,8.044E-05,0.8851
191,M3 Wax,8.500E-02,1.392E+03,2.230E+01,1.414E+03,9.448E-05,8.393E-05,0.8884
191,M3 Wax,9.000E-02,1.429E+03,2.133E+01,1.450E+03,9.797E-05,8.733E-05,0.8915
191,M3 Wax,9.500E-02,1.465E+03,2.046E+01,1.485E+03,1.014E-04,9.066E-05,0.8943
191,M3 Wax,1.000E-01,1.499E+03,1.965E+01,1.519E+03,1.047E-04,9.391E-05,0.8970
191,M3 Wax,1.250E-01,1.657E+03,1.649E+01,1.673E+03,1.204E-04,1.093E-04,0.9078
191,M3 Wax,1.500E-01,1.792E+03,1.426E+01,1.806E+03,1.347E-04,1.234E-04,0.9160
191,M3 Wax,1.750E-01,1.910E+03,1.260E+01,1.922E+03,1.481E-04,1.366E-04,0.9224
191,M3 Wax,2.000E-01,2.012E+03,1.131E+01,2.023E+03,1.608E-04,1.492E-04,0.9277
191,M3 Wax,2.250E-01,2.101E+03,1.028E+01,2.112E+03,1.729E-04,1.611E-04,0.9321
191,M3 Wax,2.500E-01,2.179E+03,9.431E+00,2.189E+03,1.845E-04,1.727E-04,0.9358
191,M3 Wax,2.750E-01,2.247E+03,8.721E+00,2.255E+03,1.958E-04,1.838E-04,0.9391
191,M3 Wax,3.000E-01,2.305E+03,8.117E+00,2.313E+03,2.067E-04,1.947E-04,0.9420
191,M3 Wax,3.500E-01,2.398E+03,7.145E+00,2.405E+03,2.279E-04,2.158E-04,0.9468
191,M3 Wax,4.000E-01,2.463E+03,6.393E+00,2.470E+03,2.484E-04,2.362E-04,0.9508
191,M3 Wax,4.500E-01,2.507E+03,5.793E+00,2.513E+03,2.684E-04,2.561E-04,0.9542
191,M3 Wax,5.000E-01,2.533E+03,5.303E+00,2.538E+03,2.882E-04,2.758E-04,0.9571
191,M3 Wax,5.500E-01,2.544E+03,4.894E+00,2.549E+03,3.079E-04,2.954E-04,0.9596
191,M3 Wax,6.000E-01,2.544E+03,4.547E+00,2.548E+03,3.275E-04,3.150E-04,0.9618
191,M3 Wax,6.500E-01,2.534E+03,4.250E+00,2.538E+03,3.471E-04,3.346E-04,0.9638
191,M3 Wax,7.000E-01,2.517E+03,3.991E+00,2.521E+03,3.669E-04,3.543E-04,0.9656
191,M3 Wax,7.500E-01,2.494E+03,3.763E+00,2.498E+03,3.868E-04,3.742E-04,0.9673
191,M3 Wax,8.000E-01,2.468E+03,3.562E+00,2.471E+03,4.069E-04,3.942E-04,0.9688
191,M3 Wax,8.500E-01,2.437E+03,3.382E+00,2.441E+03,4.273E-04,4.146E-04,0.9702
191,M3 Wax,9.000E-01,2.405E+03,3.221E+00,2.408E+03,4.479E-04,4.351E-04,0.9715
191,M3 Wax,9.500E-01,2.371E+03,3.076E+00,2.374E+03,4.688E-04,4.560E-04,0.9727
191,M3 Wax,1.000E+00,2.335E+03,2.943E+00,2.338E+03,4.901E-04,4.772E-04,0.9738
191,M3 Wax,1.250E+00,2.154E+03,2.429E+00,2.157E+03,6.013E-04,5.883E-04,0.9783
191,M3 Wax,1.500E+00,1.981E+03,2.075E+00,1.983E+03,7.223E-04,7.091E-04,0.9818
191,M3 Wax,1.750E+00,1.825E+03,1.816E+00,1.827E+03,8.537E-04,8.404E-04,0.9844
191,M3 Wax,2.000E+00,1.686E+03,1.617E+00,1.687E+03,9.961E-04,9.827E-04,0.9865
191,M3 Wax,2.250E+00,1.564E+03,1.459E+00,1.565E+03,1.150E-03,1.136E-03,0.9882
191,M3 Wax,2.500E+00,1.460E+03,1.330E+00,1.461E+03,1.316E-03,1.302E-03,0.9895
191,M3 Wax,2.750E+00,1.372E+03,1.224E+00,1.373E+03,1.492E-03,1.478E-03,0.9907
191,M3 Wax,3.000E+00,1.295E+03,1.134E+00,1.296E+03,1.680E-03,1.666E-03,0.9916
191,M3 Wax,3.500E+00,1.167E+03,9.900E-01,1.168E+03,2.087E-03,2.072E-03,0.9931
191,M3 Wax,4.000E+00,1.064E+03,8.799E-01,1.065E+03,2.536E-03,2.521E-03,0.9942
191,M3 Wax,4.500E+00,9.804E+02,7.929E-01,9.812E+02,3.025E-03,3.010E-03,0.9951
191,M3 Wax,5.000E+00,9.102E+02,7.222E-01,9.109E+02,3.554E-03,3.539E-03,0.9957
191,M3 Wax,5.500E+00,8.504E+02,6.636E-01,8.511E+02,4.123E-03,4.107E-03,0.9962
191,M3 Wax,6.000E+00,7.989E+02,6.142E-01,7.995E+02,4.729E-03,4.713E-03,0.9966
191,M3 Wax,6.500E+00,7.538E+02,5.719E-01,7.544E+02,5.373E-03,5.357E-03,0.9970
191,M3 Wax,7.000E+00,7.142E+02,5.353E-01,7.147E+02,6.055E-03,6.038E-03,0.9972
191,M3 Wax,7.500E+00,6.789E+02,5.033E-01,6.794E+02,6.772E-03,6.755E-03,0.9975
191,M3 Wax,8.000E+00,6.473E+02,4.751E-01,6.477E+02,7.526E-03,7.509E-03,0.9977
191,M3 Wax,8.500E+00,6.188E+02,4.500E-01,6.192E+02,8.316E-03,8.298E-03,0.9978
191,M3 Wax,9.000E+00,5.930E+02,4.275E-01,5.934E+02,9.141E-03,9.123E-03,0.9980
191,M3 Wax,9.500E+00,5.694E+02,4.072E-01,5.699E+02,1.000E-02,9.982E-03,0.9981
191,M3 Wax,1.000E+01,5.479E+02,3.889E-01,5.483E+02,1.090E-02,1.088E-02,0.9982
191,M3 Wax,1.250E+01,4.626E+02,3.180E-01,4.630E+02,1.588E-02,1.586E-02,0.9986
191,M3 Wax,1.500E+01,4.021E+02,2.696E-01,4.024E+02,2.169E-02,2.166E-02,0.9989
191,M3 Wax,1.750E+01,3.567E+02,2.344E-01,3.570E+02,2.830E-02,2.827E-02,0.9990
191,M3 Wax,2.000E+01,3.213E+02,2.076E-01,3.215E+02,3.569E-02,3.566E-02,0.9991
191,M3 Wax,2.500E+01,2.694E+02,1.692E-01,2.696E+02,5.275E-02,5.271E-02,0.9993
191,M3 Wax,2.750E+01,2.497E+02,1.550E-01,2.499E+02,6.239E-02,6.235E-02,0.9993
191,M3 Wax,3.000E+01,2.330E+02,1.431E-01,2.331E+02,7.275E-02,7.271E-02,0.9994
191,M3 Wax,3.500E+01,2.059E+02,1.241E-01,2.060E+02,9.562E-02,9.556E-02,0.9994
191,M3 Wax,4.000E+01,1.849E+02,1.096E-01,1.850E+02,1.213E-01,1.212E-01,0.9994
191,M3 Wax,4.500E+01,1.681E+02,9.828E-02,1.682E+02,1.497E-01,1.496E-01,0.9995
191,M3 Wax,5.000E+01,1.543E+02,8.908E-02,1.544E+02,1.807E-01,1.806E-01,0.9995
191,M3 Wax,5.500E+01,1.428E+02,8.146E-02,1.429E+02,2.144E-01,2.143E-01,0.9995
191,M3 Wax,6.000E+01,1.331E+02,7.506E-02,1.332E+02,2.507E-01,2.506E-01,0.9995
191,M3 Wax,6.500E+01,1.247E+02,6.961E-02,1.248E+02,2.895E-01,2.894E-01,0.9995
191,M3 Wax,7.000E+01,1.174E+02,6.491E-02,1.175E+02,3.308E-01,3.307E-01,0.9995
191,M3 Wax,7.500E+01,1.110E+02,6.081E-02,1.110E+02,3.746E-01,3.744E-01,0.9996
191,M3 Wax,8.000E+01,1.053E+02,5.721E-02,1.053E+02,4.209E-01,4.207E-01,0.9996
191,M3 Wax,8.500E+01,1.002E+02,5.402E-02,1.003E+02,4.695E-01,4.693E-01,0.9996
191,M3 Wax,9.000E+01,9.565E+01,5.117E-02,9.571E+01,5.206E-01,5.204E-01,0.9996
191,M3 Wax,9.500E+01,9.153E+01,4.860E-02,9.158E+01,5.740E-01,5.738E-01,0.9996
191,M3 Wax,1.000E+02,8.779E+01,4.629E-02,8.784E+01,6.298E-01,6.295E-01,0.9996
191,M3 Wax,1.250E+02,7.324E+01,3.739E-02,7.327E+01,9.429E-01,9.425E-01,0.9996
191,M3 Wax,1.500E+02,6.320E+01,3.137E-02,6.323E+01,1.311E+00,1.311E+00,0.9996
191,M3 Wax,1.750E+02,5.583E+01,2.702E-02,5.586E+01,1.733E+00,1.732E+00,0.9996
191,M3 Wax,2.000E+02,5.019E+01,2.374E-02,5.021E+01,2.206E+00,2.205E+00,0.9996
191,M3 Wax,2.250E+02,4.572E+01,2.118E-02,4.574E+01,2.728E+00,2.727E+00,0.9996
191,M3 Wax,2.500E+02,4.208E+01,1.912E-02,4.210E+01,3.299E+00,3.297E+00,0.9997
191,M3 Wax,2.750E+02,3.907E+01,1.742E-02,3.908E+01,3.915E+00,3.914E+00,0.9997
191,M3 Wax,3.000E+02,3.652E+01,1.599E-02,3.654E+01,4.577E+00,4.576E+00,0.9997
191,M3 Wax,3.500E+02,3.246E+01,1.374E-02,3.248E+01,6.032E+00,6.030E+00,0.9997
191,M3 Wax,4.000E+02,2.937E+01,1.205E-02,2.938E+01,7.654E+00,7.651E+00,0.9997
191,M3 Wax,4.500E+02,2.692E+01,1.073E-02,2.693E+01,9.433E+00,9.431E+00,0.9997
191,M3 Wax,5.000E+02,2.494E+01,9.671E-03,2.495E+01,1.136E+01,1.136E+01,0.9997
191,M3 Wax,5.500E+02,2.331E+01,8.800E-03,2.332E+01,1.344E+01,1.343E+01,0.9997
191,M3 Wax,6.000E+02,2.193E+01,8.072E-03,2.194E+01,1.565E+01,1.565E+01,0.9997
191,M3 Wax,6.500E+02,2.076E+01,7.455E-03,2.077E+01,1.799E+01,1.799E+01,0.9997
191,M3 Wax,7.000E+02,1.975E+01,6.926E-03,1.976E+01,2.046E+01,2.046E+01,0.9997
191,M3 Wax,7.500E+02,1.887E+01,6.469E-03,1.888E+01,2.305E+01,2.305E+01,0.9997
191,M3 Wax,8.000E+02,1.810E+01,6.068E-03,1.810E+01,2.576E+01,2.575E+01,0.9997
191,M3 Wax,8.500E+02,1.741E+01,5.713E-03,1.742E+01,2.858E+01,2.857E+01,0.9997
191,M3 Wax,9.000E+02,1.680E+01,5.398E-03,1.680E+01,3.150E+01,3.149E+01,0.9997
191,M3 Wax,9.500E+02,1.625E+01,5.115E-03,1.625E+01,3.453E+01,3.452E+01,0.9997
191,M3 Wax,1.000E+03,1.575E+01,4.860E-03,1.576E+01,3.765E+01,3.764E+01,0.9997
197,Methane,1.000E-03,1.975E+02,3.810E+02,5.785E+02,1.824E-06,1.248E-06,0.6839
197,Methane,1.500E-03,2.418E+02,3.407E+02,5.825E+02,2.684E-06,1.872E-06,0.6978
197,Methane,2.000E-03,2.793E+02,3.092E+02,5.885E+02,3.538E-06,2.512E-06,0.7101
197,Methane,2.500E-03,3.122E+02,2.840E+02,5.962E+02,4.382E-06,3.159E-06,0.7208
197,Methane,3.000E-03,3.420E+02,2.633E+02,6.053E+02,5.215E-06,3.809E-06,0.7304
197,Methane,4.000E-03,3.949E+02,2.311E+02,6.260E+02,6.840E-06,5.107E-06,0.7467
197,Methane,5.000E-03,4.415E+02,2.069E+02,6.485E+02,8.409E-06,6.393E-06,0.7602
197,Methane,6.000E-03,4.837E+02,1.880E+02,6.717E+02,9.925E-06,7.659E-06,0.7717
197,Methane,7.000E-03,5.224E+02,1.728E+02,6.952E+02,1.139E-05,8.901E-06,0.7816
197,Methane,8.000E-03,5.585E+02,1.601E+02,7.186E+02,1.280E-05,1.012E-05,0.7904
197,Methane,9.000E-03,5.924E+02,1.494E+02,7.418E+02,1.417E-05,1.131E-05,0.7981
197,Methane,1.000E-02,6.244E+02,1.403E+02,7.647E+02,1.550E-05,1.248E-05,0.8051
197,Methane,1.250E-02,6.981E+02,1.221E+02,8.202E+02,1.865E-05,1.529E-05,0.8197
197,Methane,1.500E-02,7.648E+02,1.086E+02,8.733E+02,2.161E-05,1.797E-05,0.8315
197,Methane,1.750E-02,8.260E+02,9.803E+01,9.241E+02,2.439E-05,2.052E-05,0.8413
197,Methane,2.000E-02,8.831E+02,8.955E+01,9.726E+02,2.703E-05,2.296E-05,0.8496
197,Methane,2.250E-02,9.366E+02,8.257E+01,1.019E+03,2.954E-05,2.530E-05,0.8567
197,Methane,2.500E-02,9.873E+02,7.671E+01,1.064E+03,3.194E-05,2.756E-05,0.8629
197,Methane,2.750E-02,1.035E+03,7.171E+01,1.107E+03,3.424E-05,2.973E-05,0.8684
197,Methane,3.000E-02,1.081E+03,6.738E+01,1.149E+03,3.646E-05,3.184E-05,0.8733
197,Methane,3.500E-02,1.168E+03,6.025E+01,1.228E+03,4.066E-05,3.585E-05,0.8817
197,Methane,4.000E-02,1.249E+03,5.462E+01,1.303E+03,4.461E-05,3.965E-05,0.8887
197,Methane,4.500E-02,1.324E+03,5.003E+01,1.374E+03,4.835E-05,4.325E-05,0.8946
197,Methane,5.000E-02,1.396E+03,4.622E+01,1.442E+03,5.190E-05,4.669E-05,0.8996
197,Methane,5.500E-02,1.464E+03,4.300E+01,1.507E+03,5.529E-05,4.998E-05,0.9040
197,Methane,6.000E-02,1.529E+03,4.024E+01,1.569E+03,5.854E-05,5.315E-05,0.9079
197,Methane,6.500E-02,1.591E+03,3.784E+01,1.629E+03,6.167E-05,5.621E-05,0.9114
197,Methane,7.000E-02,1.650E+03,3.573E+01,1.686E+03,6.469E-05,5.916E-05,0.9145
197,Methane,7.500E-02,1.708E+03,3.387E+01,1.742E+03,6.760E-05,6.202E-05,0.9173
197,Methane,8.000E-02,1.764E+03,3.220E+01,1.796E+03,7.043E-05,6.479E-05,0.9199
197,Methane,8.500E-02,1.818E+03,3.071E+01,1.848E+03,7.317E-05,6.749E-05,0.9223
197,Methane,9.000E-02,1.870E+03,2.936E+01,1.899E+03,7.584E-05,7.011E-05,0.9244
197,Methane,9.500E-02,1.920E+03,2.813E+01,1.949E+03,7.844E-05,7.267E-05,0.9264
197,Methane,1.000E-01,1.970E+03,2.701E+01,1.997E+03,8.098E-05,7.517E-05,0.9283
197,Methane,1.250E-01,2.198E+03,2.261E+01,2.221E+03,9.283E-05,8.687E-05,0.9358
197,Methane,1.500E-01,2.402E+03,1.952E+01,2.422E+03,1.036E-04,9.754E-05,0.9415
197,Methane,1.750E-01,2.586E+03,1.722E+01,2.603E+03,1.135E-04,1.074E-04,0.9459
197,Methane,2.000E-01,2.754E+03,1.544E+01,2.769E+03,1.229E-04,1.166E-04,0.9495
197,Methane,2.250E-01,2.907E+03,1.401E+01,2.921E+03,1.316E-04,1.254E-04,0.9525
197,Methane,2.500E-01,3.047E+03,1.285E+01,3.060E+03,1.400E-04,1.337E-04,0.9550
197,Methane,2.750E-01,3.175E+03,1.187E+01,3.187E+03,1.480E-04,1.417E-04,0.9572
197,Methane,3.000E-01,3.291E+03,1.104E+01,3.302E+03,1.557E-04,1.493E-04,0.9591
197,Methane,3.500E-01,3.492E+03,9.707E+00,3.502E+03,1.704E-04,1.640E-04,0.9623
197,Methane,4.000E-01,3.652E+03,8.677E+00,3.661E+03,1.843E-04,1.779E-04,0.9650
197,Methane,4.500E-01,3.773E+03,7.857E+00,3.781E+03,1.978E-04,1.913E-04,0.9672
197,Methane,5.000E-01,3.856E+03,7.188E+00,3.864E+03,2.108E-04,2.043E-04,0.9691
197,Methane,5.500E-01,3.905E+03,6.629E+00,3.911E+03,2.237E-04,2.171E-04,0.9707
197,Methane,6.000E-01,3.921E+03,6.156E+00,3.927E+03,2.364E-04,2.299E-04,0.9722
197,Methane,6.500E-01,3.899E+03,5.750E+00,3.904E+03,2.492E-04,2.426E-04,0.9736
197,Methane,7.000E-01,3.849E+03,5.398E+00,3.855E+03,2.621E-04,2.555E-04,0.9748
197,Methane,7.500E-01,3.783E+03,5.088E+00,3.788E+03,2.752E-04,2.685E-04,0.9759
197,Methane,8.000E-01,3.708E+03,4.814E+00,3.712E+03,2.885E-04,2.819E-04,0.9770
197,Methane,8.500E-01,3.627E+03,4.570E+00,3.631E+03,3.021E-04,2.955E-04,0.9780
197,Methane,9.000E-01,3.544E+03,4.351E+00,3.548E+03,3.160E-04,3.094E-04,0.9789
197,Methane,9.500E-01,3.460E+03,4.153E+00,3.464E+03,3.303E-04,3.236E-04,0.9797
197,Methane,1.000E+00,3.378E+03,3.974E+00,3.382E+03,3.449E-04,3.382E-04,0.9806
197,Methane,1.250E+00,2.998E+03,3.276E+00,3.001E+03,4.235E-04,4.167E-04,0.9840
197,Methane,1.500E+00,2.685E+03,2.796E+00,2.688E+03,5.116E-04,5.048E-04,0.9866
197,Methane,1.750E+00,2.432E+03,2.445E+00,2.435E+03,6.095E-04,6.026E-04,0.9887
197,Methane,2.000E+00,2.226E+03,2.175E+00,2.228E+03,7.169E-04,7.100E-04,0.9903
197,Methane,2.250E+00,2.055E+03,1.962E+00,2.057E+03,8.338E-04,8.268E-04,0.9916
197,Methane,2.500E+00,1.911E+03,1.788E+00,1.912E+03,9.600E-04,9.529E-04,0.9926
197,Methane,2.750E+00,1.789E+03,1.645E+00,1.790E+03,1.095E-03,1.088E-03,0.9935
197,Methane,3.000E+00,1.683E+03,1.523E+00,1.684E+03,1.239E-03,1.232E-03,0.9942
197,Methane,3.500E+00,1.508E+03,1.329E+00,1.510E+03,1.553E-03,1.546E-03,0.9953
197,Methane,4.000E+00,1.370E+03,1.181E+00,1.371E+03,1.901E-03,1.894E-03,0.9961
197,Methane,4.500E+00,1.257E+03,1.063E+00,1.258E+03,2.283E-03,2.275E-03,0.9967
197,Methane,5.000E+00,1.163E+03,9.683E-01,1.164E+03,2.696E-03,2.688E-03,0.9971
197,Methane,5.500E+00,1.084E+03,8.893E-01,1.084E+03,3.142E-03,3.134E-03,0.9975
197,Methane,6.000E+00,1.015E+03,8.228E-01,1.016E+03,3.618E-03,3.610E-03,0.9978
197,Methane,6.500E+00,9.559E+02,7.659E-01,9.566E+02,4.126E-03,4.117E-03,0.9980
197,Methane,7.000E+00,9.037E+02,7.167E-01,9.044E+02,4.663E-03,4.655E-03,0.9982
197,Methane,7.500E+00,8.575E+02,6.736E-01,8.582E+02,5.231E-03,5.222E-03,0.9983
197,Methane,8.000E+00,8.162E+02,6.357E-01,8.168E+02,5.829E-03,5.820E-03,0.9985
197,Methane,8.500E+00,7.791E+02,6.020E-01,7.797E+02,6.455E-03,6.446E-03,0.9986
197,Methane,9.000E+00,7.455E+02,5.718E-01,7.460E+02,7.111E-03,7.102E-03,0.9987
197,Methane,9.500E+00,7.149E+02,5.446E-01,7.155E+02,7.796E-03,7.786E-03,0.9988
197,Methane,1.000E+01,6.871E+02,5.199E-01,6.876E+02,8.509E-03,8.499E-03,0.9989
197,Methane,1.250E+01,5.771E+02,4.248E-01,5.775E+02,1.249E-02,1.248E-02,0.9991
197,Methane,1.500E+01,4.996E+02,3.598E-01,4.999E+02,1.716E-02,1.715E-02,0.9993
197,Methane,1.750E+01,4.418E+02,3.126E-01,4.421E+02,2.249E-02,2.247E-02,0.9994
197,Methane,2.000E+01,3.968E+02,2.766E-01,3.971E+02,2.846E-02,2.845E-02,0.9995
197,Methane,2.500E+01,3.313E+02,2.253E-01,3.315E+02,4.231E-02,4.229E-02,0.9995
197,Methane,2.750E+01,3.066E+02,2.062E-01,3.068E+02,5.015E-02,5.013E-02,0.9996
197,Methane,3.000E+01,2.856E+02,1.903E-01,2.858E+02,5.860E-02,5.858E-02,0.9996
197,Methane,3.500E+01,2.518E+02,1.648E-01,2.519E+02,7.728E-02,7.725E-02,0.9996
197,Methane,4.000E+01,2.256E+02,1.456E-01,2.258E+02,9.828E-02,9.824E-02,0.9997
197,Methane,4.500E+01,2.048E+02,1.304E-01,2.049E+02,1.216E-01,1.215E-01,0.9997
197,Methane,5.000E+01,1.877E+02,1.181E-01,1.879E+02,1.471E-01,1.470E-01,0.9997
197,Methane,5.500E+01,1.735E+02,1.079E-01,1.736E+02,1.748E-01,1.747E-01,0.9997
197,Methane,6.000E+01,1.615E+02,9.939E-02,1.616E+02,2.047E-01,2.046E-01,0.9997
197,Methane,6.500E+01,1.512E+02,9.211E-02,1.512E+02,2.367E-01,2.366E-01,0.9997
197,Methane,7.000E+01,1.422E+02,8.585E-02,1.423E+02,2.708E-01,2.707E-01,0.9997
197,Methane,7.500E+01,1.343E+02,8.039E-02,1.344E+02,3.069E-01,3.069E-01,0.9997
197,Methane,8.000E+01,1.273E+02,7.560E-02,1.274E+02,3.452E-01,3.451E-01,0.9997
197,Methane,8.500E+01,1.211E+02,7.135E-02,1.212E+02,3.854E-01,3.853E-01,0.9997
197,Methane,9.000E+01,1.155E+02,6.756E-02,1.156E+02,4.277E-01,4.276E-01,0.9997
197,Methane,9.500E+01,1.105E+02,6.415E-02,1.105E+02,4.720E-01,4.718E-01,0.9997
197,Methane,1.000E+02,1.059E+02,6.108E-02,1.059E+02,5.182E-01,5.180E-01,0.9997
197,Methane,1.250E+02,8.813E+01,4.928E-02,8.818E+01,7.781E-01,7.779E-01,0.9998
197,Methane,1.500E+02,7.592E+01,4.129E-02,7.596E+01,1.085E+00,1.084E+00,0.9998
197,Methane,1.750E+02,6.698E+01,3.553E-02,6.701E+01,1.436E+00,1.435E+00,0.9998
197,Methane,2.000E+02,6.014E+01,3.119E-02,6.017E+01,1.830E+00,1.830E+00,0.9998
197,Methane,2.250E+02,5.472E+01,2.781E-02,5.475E+01,2.266E+00,2.266E+00,0.9998
197,Methane,2.500E+02,5.033E+01,2.509E-02,5.036E+01,2.743E+00,2.742E+00,0.9998
197,Methane,2.750E+02,4.669E+01,2.285E-02,4.671E+01,3.259E+00,3.258E+00,0.9998
197,Methane,3.000E+02,4.362E+01,2.096E-02,4.364E+01,3.813E+00,3.812E+00,0.9998
197,Methane,3.500E+02,3.873E+01,1.799E-02,3.875E+01,5.032E+00,5.031E+00,0.9998
197,Methane,4.000E+02,3.500E+01,1.577E-02,3.502E+01,6.391E+00,6.390E+00,0.9998
197,Methane,4.500E+02,3.207E+01,1.404E-02,3.208E+01,7.885E+00,7.883E+00,0.9998
197,Methane,5.000E+02,2.969E+01,1.265E-02,2.970E+01,9.506E+00,9.505E+00,0.9998
197,Methane,5.500E+02,2.773E+01,1.151E-02,2.774E+01,1.125E+01,1.125E+01,0.9998
197,Methane,6.000E+02,2.608E+01,1.055E-02,2.609E+01,1.311E+01,1.311E+01,0.9998
197,Methane,6.500E+02,2.467E+01,9.746E-03,2.468E+01,1.508E+01,1.508E+01,0.9998
197,Methane,7.000E+02,2.346E+01,9.055E-03,2.347E+01,1.716E+01,1.716E+01,0.9998
197,Methane,7.500E+02,2.241E+01,8.455E-03,2.241E+01,1.934E+01,1.934E+01,0.9998
197,Methane,8.000E+02,2.148E+01,7.930E-03,2.149E+01,2.162E+01,2.162E+01,0.9998
197,Methane,8.500E+02,2.066E+01,7.466E-03,2.067E+01,2.399E+01,2.399E+01,0.9998
197,Methane,9.000E+02,1.993E+01,7.052E-03,1.993E+01,2.646E+01,2.645E+01,0.9998
197,Methane,9.500E+02,1.927E+01,6.682E-03,1.928E+01,2.901E+01,2.900E+01,0.9998
197,Methane,1.000E+03,1.868E+01,6.348E-03,1.869E+01,3.164E+01,3.164E+01,0.9998
200,MS20 Tissue Substitute,1.000E-03,1.635E+02,2.130E+02,3.765E+02,3.045E-06,1.614E-06,0.5299
200,MS20 Tissue Substitute,1.500E-03,1.966E+02,1.942E+02,3.907E+02,4.344E-06,2.392E-06,0.5508
200,MS20 Tissue Substitute,2.000E-03,2.241E+02,1.787E+02,4.028E+02,5.604E-06,3.187E-06,0.5686
200,MS20 Tissue Substitute,2.500E-03,2.482E+02,1.660E+02,4.142E+02,6.828E-06,3.988E-06,0.5841
200,MS20 Tissue Substitute,3.000E-03,2.698E+02,1.553E+02,4.251E+02,8.019E-06,4.793E-06,0.5976
200,MS20 Tissue Substitute,4.000E-03,3.080E+02,1.381E+02,4.461E+02,1.032E-05,6.402E-06,0.6206
200,MS20 Tissue Substitute,5.000E-03,3.414E+02,1.250E+02,4.664E+02,1.251E-05,8.000E-06,0.6396
200,MS20 Tissue Substitute,6.000E-03,3.714E+02,1.146E+02,4.860E+02,1.461E-05,9.579E-06,0.6558
200,MS20 Tissue Substitute,7.000E-03,3.989E+02,1.060E+02,5.049E+02,1.663E-05,1.114E-05,0.6698
200,MS20 Tissue Substitute,8.000E-03,4.244E+02,9.878E+01,5.232E+02,1.857E-05,1.267E-05,0.6822
200,MS20 Tissue Substitute,9.000E-03,4.483E+02,9.264E+01,5.410E+02,2.045E-05,1.418E-05,0.6932
200,MS20 Tissue Substitute,1.000E-02,4.709E+02,8.733E+01,5.582E+02,2.227E-05,1.566E-05,0.7030
200,MS20 Tissue Substitute,1.250E-02,5.225E+02,7.670E+01,5.992E+02,2.659E-05,1.925E-05,0.7240
200,MS20 Tissue Substitute,1.500E-02,5.690E+02,6.865E+01,6.376E+02,3.063E-05,2.270E-05,0.7410
200,MS20 Tissue Substitute,1.750E-02,6.116E+02,6.232E+01,6.739E+02,3.444E-05,2.601E-05,0.7552
200,MS20 Tissue Substitute,2.000E-02,6.511E+02,5.718E+01,7.082E+02,3.806E-05,2.921E-05,0.7674
200,MS20 Tissue Substitute,2.250E-02,6.880E+02,5.292E+01,7.410E+02,4.151E-05,3.229E-05,0.7778
200,MS20 Tissue Substitute,2.500E-02,7.229E+02,4.932E+01,7.722E+02,4.482E-05,3.527E-05,0.7870
200,MS20 Tissue Substitute,2.750E-02,7.560E+02,4.622E+01,8.022E+02,4.799E-05,3.816E-05,0.7952
200,MS20 Tissue Substitute,3.000E-02,7.875E+02,4.354E+01,8.310E+02,5.105E-05,4.097E-05,0.8025
200,MS20 Tissue Substitute,3.500E-02,8.466E+02,3.910E+01,8.857E+02,5.688E-05,4.636E-05,0.8151
200,MS20 Tissue Substitute,4.000E-02,9.012E+02,3.555E+01,9.368E+02,6.237E-05,5.149E-05,0.8256
200,MS20 Tissue Substitute,4.500E-02,9.523E+02,3.266E+01,9.850E+02,6.757E-05,5.639E-05,0.8345
200,MS20 Tissue Substitute,5.000E-02,1.000E+03,3.024E+01,1.031E+03,7.253E-05,6.109E-05,0.8422
200,MS20 Tissue Substitute,5.500E-02,1.046E+03,2.819E+01,1.074E+03,7.728E-05,6.561E-05,0.8490
200,MS20 Tissue Substitute,6.000E-02,1.089E+03,2.643E+01,1.115E+03,8.185E-05,6.998E-05,0.8550
200,MS20 Tissue Substitute,6.500E-02,1.130E+03,2.489E+01,1.155E+03,8.625E-05,7.421E-05,0.8604
200,MS20 Tissue Substitute,7.000E-02,1.169E+03,2.354E+01,1.193E+03,9.051E-05,7.831E-05,0.8652
200,MS20 Tissue Substitute,7.500E-02,1.207E+03,2.234E+01,1.229E+03,9.464E-05,8.230E-05,0.8696
200,MS20 Tissue Substitute,8.000E-02,1.243E+03,2.127E+01,1.264E+03,9.865E-05,8.618E-05,0.8736
200,MS20 Tissue Substitute,8.500E-02,1.278E+03,2.030E+01,1.298E+03,1.026E-04,8.997E-05,0.8772
200,MS20 Tissue Substitute,9.000E-02,1.311E+03,1.943E+01,1.331E+03,1.064E-04,9.366E-05,0.8806
200,MS20 Tissue Substitute,9.500E-02,1.344E+03,1.863E+01,1.362E+03,1.101E-04,9.728E-05,0.8837
200,MS20 Tissue Substitute,1.000E-01,1.375E+03,1.791E+01,1.393E+03,1.137E-04,1.008E-04,0.8866
200,MS20 Tissue Substitute,1.250E-01,1.516E+03,1.504E+01,1.531E+03,1.308E-04,1.175E-04,0.8986
200,MS20 Tissue Substitute,1.500E-01,1.638E+03,1.302E+01,1.651E+03,1.465E-04,1.330E-04,0.9076
200,MS20 Tissue Substitute,1.750E-01,1.744E+03,1.151E+01,1.755E+03,1.612E-04,1.474E-04,0.9147
200,MS20 Tissue Substitute,2.000E-01,1.836E+03,1.033E+01,1.846E+03,1.750E-04,1.611E-04,0.9205
200,MS20 Tissue Substitute,2.250E-01,1.916E+03,9.392E+00,1.926E+03,1.883E-04,1.742E-04,0.9254
200,MS20 Tissue Substitute,2.500E-01,1.986E+03,8.619E+00,1.995E+03,2.010E-04,1.869E-04,0.9295
200,MS20 Tissue Substitute,2.750E-01,2.048E+03,7.972E+00,2.056E+03,2.134E-04,1.991E-04,0.9331
200,MS20 Tissue Substitute,3.000E-01,2.101E+03,7.422E+00,2.108E+03,2.254E-04,2.110E-04,0.9363
200,MS20 Tissue Substitute,3.500E-01,2.185E+03,6.535E+00,2.192E+03,2.486E-04,2.341E-04,0.9416
200,MS20 Tissue Substitute,4.000E-01,2.247E+03,5.850E+00,2.252E+03,2.711E-04,2.565E-04,0.9460
200,MS20 Tissue Substitute,4.500E-01,2.288E+03,5.302E+00,2.294E+03,2.931E-04,2.784E-04,0.9497
200,MS20 Tissue Substitute,5.000E-01,2.314E+03,4.855E+00,2.319E+03,3.148E-04,2.999E-04,0.9529
200,MS20 Tissue Substitute,5.500E-01,2.327E+03,4.481E+00,2.332E+03,3.363E-04,3.213E-04,0.9556
200,MS20 Tissue Substitute,6.000E-01,2.330E+03,4.165E+00,2.334E+03,3.577E-04,3.427E-04,0.9581
200,MS20 Tissue Substitute,6.500E-01,2.325E+03,3.892E+00,2.329E+03,3.791E-04,3.641E-04,0.9603
200,MS20 Tissue Substitute,7.000E-01,2.312E+03,3.656E+00,2.316E+03,4.006E-04,3.855E-04,0.9623
200,MS20 Tissue Substitute,7.500E-01,2.295E+03,3.448E+00,2.298E+03,4.223E-04,4.071E-04,0.9641
200,MS20 Tissue Substitute,8.000E-01,2.273E+03,3.264E+00,2.277E+03,4.442E-04,4.289E-04,0.9657
200,MS20 Tissue Substitute,8.500E-01,2.249E+03,3.100E+00,2.252E+03,4.662E-04,4.510E-04,0.9672
200,MS20 Tissue Substitute,9.000E-01,2.222E+03,2.952E+00,2.225E+03,4.886E-04,4.733E-04,0.9686
200,MS20 Tissue Substitute,9.500E-01,2.193E+03,2.819E+00,2.196E+03,5.112E-04,4.958E-04,0.9699
200,MS20 Tissue Substitute,1.000E+00,2.163E+03,2.698E+00,2.165E+03,5.341E-04,5.187E-04,0.9711
200,MS20 Tissue Substitute,1.250E+00,2.002E+03,2.228E+00,2.005E+03,6.541E-04,6.384E-04,0.9761
200,MS20 Tissue Substitute,1.500E+00,1.845E+03,1.904E+00,1.847E+03,7.840E-04,7.682E-04,0.9798
200,MS20 Tissue Substitute,1.750E+00,1.703E+03,1.666E+00,1.704E+03,9.250E-04,9.090E-04,0.9827
200,MS20 Tissue Substitute,2.000E+00,1.575E+03,1.483E+00,1.577E+03,1.078E-03,1.061E-03,0.9850
200,MS20 Tissue Substitute,2.250E+00,1.463E+03,1.339E+00,1.464E+03,1.242E-03,1.226E-03,0.9868
200,MS20 Tissue Substitute,2.500E+00,1.368E+03,1.221E+00,1.369E+03,1.419E-03,1.402E-03,0.9884
200,MS20 Tissue Substitute,2.750E+00,1.286E+03,1.123E+00,1.287E+03,1.607E-03,1.591E-03,0.9896
200,MS20 Tissue Substitute,3.000E+00,1.215E+03,1.041E+00,1.216E+03,1.807E-03,1.790E-03,0.9907
200,MS20 Tissue Substitute,3.500E+00,1.097E+03,9.092E-01,1.097E+03,2.241E-03,2.224E-03,0.9923
200,MS20 Tissue Substitute,4.000E+00,1.001E+03,8.083E-01,1.002E+03,2.718E-03,2.701E-03,0.9935
200,MS20 Tissue Substitute,4.500E+00,9.232E+02,7.284E-01,9.239E+02,3.238E-03,3.220E-03,0.9945
200,MS20 Tissue Substitute,5.000E+00,8.577E+02,6.636E-01,8.584E+02,3.800E-03,3.782E-03,0.9952
200,MS20 Tissue Substitute,5.500E+00,8.020E+02,6.098E-01,8.026E+02,4.403E-03,4.384E-03,0.9957
200,MS20 Tissue Substitute,6.000E+00,7.539E+02,5.645E-01,7.544E+02,5.046E-03,5.027E-03,0.9962
200,MS20 Tissue Substitute,6.500E+00,7.117E+02,5.257E-01,7.123E+02,5.728E-03,5.709E-03,0.9966
200,MS20 Tissue Substitute,7.000E+00,6.746E+02,4.921E-01,6.751E+02,6.450E-03,6.430E-03,0.9969
200,MS20 Tissue Substitute,7.500E+00,6.416E+02,4.627E-01,6.420E+02,7.209E-03,7.189E-03,0.9972
200,MS20 Tissue Substitute,8.000E+00,6.119E+02,4.368E-01,6.124E+02,8.007E-03,7.986E-03,0.9974
200,MS20 Tissue Substitute,8.500E+00,5.852E+02,4.137E-01,5.857E+02,8.842E-03,8.821E-03,0.9976
200,MS20 Tissue Substitute,9.000E+00,5.610E+02,3.931E-01,5.614E+02,9.714E-03,9.692E-03,0.9977
200,MS20 Tissue Substitute,9.500E+00,5.390E+02,3.745E-01,5.393E+02,1.062E-02,1.060E-02,0.9979
200,MS20 Tissue Substitute,1.000E+01,5.188E+02,3.577E-01,5.191E+02,1.157E-02,1.155E-02,0.9980
200,MS20 Tissue Substitute,1.250E+01,4.386E+02,2.926E-01,4.389E+02,1.683E-02,1.680E-02,0.9985
200,MS20 Tissue Substitute,1.500E+01,3.816E+02,2.481E-01,3.819E+02,2.295E-02,2.292E-02,0.9987
200,MS20 Tissue Substitute,1.750E+01,3.388E+02,2.158E-01,3.390E+02,2.991E-02,2.988E-02,0.9989
200,MS20 Tissue Substitute,2.000E+01,3.054E+02,1.911E-01,3.056E+02,3.769E-02,3.766E-02,0.9990
200,MS20 Tissue Substitute,2.500E+01,2.563E+02,1.559E-01,2.565E+02,5.563E-02,5.559E-02,0.9992
200,MS20 Tissue Substitute,2.750E+01,2.377E+02,1.428E-01,2.378E+02,6.576E-02,6.571E-02,0.9992
200,MS20 Tissue Substitute,3.000E+01,2.218E+02,1.318E-01,2.219E+02,7.665E-02,7.660E-02,0.9993
200,MS20 Tissue Substitute,3.500E+01,1.962E+02,1.144E-01,1.963E+02,1.007E-01,1.006E-01,0.9993
200,MS20 Tissue Substitute,4.000E+01,1.762E+02,1.011E-01,1.763E+02,1.276E-01,1.275E-01,0.9994
200,MS20 Tissue Substitute,4.500E+01,1.603E+02,9.062E-02,1.604E+02,1.573E-01,1.573E-01,0.9994
200,MS20 Tissue Substitute,5.000E+01,1.472E+02,8.216E-02,1.473E+02,1.899E-01,1.898E-01,0.9994
200,MS20 Tissue Substitute,5.500E+01,1.363E+02,7.515E-02,1.364E+02,2.252E-01,2.251E-01,0.9995
200,MS20 Tissue Substitute,6.000E+01,1.270E+02,6.926E-02,1.271E+02,2.632E-01,2.631E-01,0.9995
200,MS20 Tissue Substitute,6.500E+01,1.190E+02,6.424E-02,1.191E+02,3.039E-01,3.037E-01,0.9995
200,MS20 Tissue Substitute,7.000E+01,1.121E+02,5.991E-02,1.122E+02,3.472E-01,3.470E-01,0.9995
200,MS20 Tissue Substitute,7.500E+01,1.060E+02,5.614E-02,1.060E+02,3.930E-01,3.928E-01,0.9995
200,MS20 Tissue Substitute,8.000E+01,1.006E+02,5.282E-02,1.006E+02,4.414E-01,4.412E-01,0.9995
200,MS20 Tissue Substitute,8.500E+01,9.575E+01,4.988E-02,9.580E+01,4.924E-01,4.922E-01,0.9995
200,MS20 Tissue Substitute,9.000E+01,9.141E+01,4.725E-02,9.145E+01,5.458E-01,5.456E-01,0.9995
200,MS20 Tissue Substitute,9.500E+01,8.748E+01,4.489E-02,8.752E+01,6.017E-01,6.015E-01,0.9995
200,MS20 Tissue Substitute,1.000E+02,8.391E+01,4.276E-02,8.396E+01,6.601E-01,6.598E-01,0.9995
200,MS20 Tissue Substitute,1.250E+02,7.004E+01,3.456E-02,7.007E+01,9.876E-01,9.872E-01,0.9996
200,MS20 Tissue Substitute,1.500E+02,6.046E+01,2.900E-02,6.049E+01,1.373E+00,1.372E+00,0.9996
200,MS20 Tissue Substitute,1.750E+02,5.343E+01,2.499E-02,5.346E+01,1.813E+00,1.813E+00,0.9996
200,MS20 Tissue Substitute,2.000E+02,4.804E+01,2.196E-02,4.807E+01,2.307E+00,2.307E+00,0.9996
200,MS20 Tissue Substitute,2.250E+02,4.377E+01,1.960E-02,4.379E+01,2.853E+00,2.852E+00,0.9996
200,MS20 Tissue Substitute,2.500E+02,4.030E+01,1.769E-02,4.032E+01,3.449E+00,3.447E+00,0.9996
200,MS20 Tissue Substitute,2.750E+02,3.742E+01,1.612E-02,3.743E+01,4.093E+00,4.091E+00,0.9996
200,MS20 Tissue Substitute,3.000E+02,3.499E+01,1.480E-02,3.500E+01,4.784E+00,4.782E+00,0.9996
200,MS20 Tissue Substitute,3.500E+02,3.111E+01,1.272E-02,3.112E+01,6.302E+00,6.300E+00,0.9996
200,MS20 Tissue Substitute,4.000E+02,2.814E+01,1.116E-02,2.815E+01,7.995E+00,7.992E+00,0.9997
200,MS20 Tissue Substitute,4.500E+02,2.581E+01,9.938E-03,2.582E+01,9.852E+00,9.848E+00,0.9997
200,MS20 Tissue Substitute,5.000E+02,2.391E+01,8.958E-03,2.392E+01,1.187E+01,1.186E+01,0.9997
200,MS20 Tissue Substitute,5.500E+02,2.235E+01,8.153E-03,2.236E+01,1.403E+01,1.403E+01,0.9997
200,MS20 Tissue Substitute,6.000E+02,2.103E+01,7.478E-03,2.104E+01,1.634E+01,1.633E+01,0.9997
200,MS20 Tissue Substitute,6.500E+02,1.991E+01,6.907E-03,1.992E+01,1.878E+01,1.877E+01,0.9997
200,MS20 Tissue Substitute,7.000E+02,1.894E+01,6.418E-03,1.895E+01,2.136E+01,2.135E+01,0.9997
200,MS20 Tissue Substitute,7.500E+02,1.810E+01,5.994E-03,1.811E+01,2.406E+01,2.405E+01,0.9997
200,MS20 Tissue Substitute,8.000E+02,1.736E+01,5.622E-03,1.736E+01,2.688E+01,2.687E+01,0.9997
200,MS20 Tissue Substitute,8.500E+02,1.670E+01,5.294E-03,1.671E+01,2.981E+01,2.981E+01,0.9997
200,MS20 Tissue Substitute,9.000E+02,1.612E+01,5.001E-03,1.612E+01,3.286E+01,3.285E+01,0.9997
200,MS20 Tissue Substitute,9.500E+02,1.559E+01,4.740E-03,1.560E+01,3.602E+01,3.601E+01,0.9997
200,MS20 Tissue Substitute,1.000E+03,1.512E+01,4.504E-03,1.512E+01,3.927E+01,3.926E+01,0.9997
201,"Muscle, Skeletal",1.000E-03,1.045E+02,2.209E+02,3.254E+02,3.327E-06,1.713E-06,0.5149
201,"Muscle, Skeletal",1.500E-03,1.292E+02,2.014E+02,3.306E+02,4.847E-06,2.575E-06,0.5313
201,"Muscle, Skeletal",2.000E-03,1.502E+02,1.854E+02,3.356E+02,6.349E-06,3.467E-06,0.5460
201,"Muscle, Skeletal",2.500E-03,1.688E+02,1.722E+02,3.410E+02,7.827E-06,4.376E-06,0.5591
201,"Muscle, Skeletal",3.000E-03,1.858E+02,1.611E+02,3.469E+02,9.281E-06,5.299E-06,0.5709
201,"Muscle, Skeletal",4.000E-03,2.161E+02,1.434E+02,3.595E+02,1.211E-05,7.165E-06,0.5915
201,"Muscle, Skeletal",5.000E-03,2.429E+02,1.298E+02,3.728E+02,1.484E-05,9.041E-06,0.6090
201,"Muscle, Skeletal",6.000E-03,2.674E+02,1.190E+02,3.864E+02,1.748E-05,1.091E-05,0.6242
201,"Muscle, Skeletal",7.000E-03,2.900E+02,1.101E+02,4.001E+02,2.002E-05,1.277E-05,0.6377
201,"Muscle, Skeletal",8.000E-03,3.111E+02,1.027E+02,4.138E+02,2.248E-05,1.460E-05,0.6497
201,"Muscle, Skeletal",9.000E-03,3.310E+02,9.634E+01,4.273E+02,2.486E-05,1.642E-05,0.6605
201,"Muscle, Skeletal",1.000E-02,3.498E+02,9.084E+01,4.407E+02,2.716E-05,1.821E-05,0.6703
201,"Muscle, Skeletal",1.250E-02,3.935E+02,7.982E+01,4.733E+02,3.263E-05,2.257E-05,0.6915
201,"Muscle, Skeletal",1.500E-02,4.331E+02,7.148E+01,5.046E+02,3.775E-05,2.676E-05,0.7090
201,"Muscle, Skeletal",1.750E-02,4.697E+02,6.491E+01,5.346E+02,4.256E-05,3.080E-05,0.7237
201,"Muscle, Skeletal",2.000E-02,5.039E+02,5.957E+01,5.635E+02,4.711E-05,3.469E-05,0.7364
201,"Muscle, Skeletal",2.250E-02,5.362E+02,5.515E+01,5.913E+02,5.144E-05,3.845E-05,0.7475
201,"Muscle, Skeletal",2.500E-02,5.667E+02,5.140E+01,6.181E+02,5.558E-05,4.209E-05,0.7573
201,"Muscle, Skeletal",2.750E-02,5.959E+02,4.819E+01,6.440E+02,5.954E-05,4.561E-05,0.7660
201,"Muscle, Skeletal",3.000E-02,6.237E+02,4.540E+01,6.691E+02,6.335E-05,4.902E-05,0.7738
201,"Muscle, Skeletal",3.500E-02,6.763E+02,4.078E+01,7.171E+02,7.056E-05,5.556E-05,0.7874
201,"Muscle, Skeletal",4.000E-02,7.254E+02,3.709E+01,7.624E+02,7.732E-05,6.176E-05,0.7988
201,"Muscle, Skeletal",4.500E-02,7.715E+02,3.408E+01,8.055E+02,8.370E-05,6.767E-05,0.8085
201,"Muscle, Skeletal",5.000E-02,8.151E+02,3.156E+01,8.466E+02,8.975E-05,7.333E-05,0.8170
201,"Muscle, Skeletal",5.500E-02,8.566E+02,2.943E+01,8.860E+02,9.552E-05,7.875E-05,0.8244
201,"Muscle, Skeletal",6.000E-02,8.962E+02,2.759E+01,9.238E+02,1.010E-04,8.398E-05,0.8311
201,"Muscle, Skeletal",6.500E-02,9.341E+02,2.599E+01,9.601E+02,1.064E-04,8.902E-05,0.8370
201,"Muscle, Skeletal",7.000E-02,9.706E+02,2.458E+01,9.952E+02,1.115E-04,9.389E-05,0.8423
201,"Muscle, Skeletal",7.500E-02,1.006E+03,2.333E+01,1.029E+03,1.164E-04,9.862E-05,0.8472
201,"Muscle, Skeletal",8.000E-02,1.040E+03,2.221E+01,1.062E+03,1.212E-04,1.032E-04,0.8516
201,"Muscle, Skeletal",8.500E-02,1.072E+03,2.120E+01,1.094E+03,1.258E-04,1.077E-04,0.8557
201,"Muscle, Skeletal",9.000E-02,1.104E+03,2.029E+01,1.124E+03,1.303E-04,1.120E-04,0.8595
201,"Muscle, Skeletal",9.500E-02,1.135E+03,1.946E+01,1.154E+03,1.347E-04,1.163E-04,0.8629
201,"Muscle, Skeletal",1.000E-01,1.165E+03,1.871E+01,1.183E+03,1.390E-04,1.204E-04,0.8662
201,"Muscle, Skeletal",1.250E-01,1.302E+03,1.571E+01,1.317E+03,1.590E-04,1.399E-04,0.8796
201,"Muscle, Skeletal",1.500E-01,1.422E+03,1.360E+01,1.436E+03,1.772E-04,1.576E-04,0.8897
201,"Muscle, Skeletal",1.750E-01,1.530E+03,1.203E+01,1.542E+03,1.939E-04,1.741E-04,0.8977
201,"Muscle, Skeletal",2.000E-01,1.626E+03,1.080E+01,1.637E+03,2.097E-04,1.896E-04,0.9043
201,"Muscle, Skeletal",2.250E-01,1.712E+03,9.818E+00,1.722E+03,2.245E-04,2.043E-04,0.9097
201,"Muscle, Skeletal",2.500E-01,1.790E+03,9.011E+00,1.799E+03,2.387E-04,2.183E-04,0.9144
201,"Muscle, Skeletal",2.750E-01,1.860E+03,8.335E+00,1.868E+03,2.524E-04,2.318E-04,0.9185
201,"Muscle, Skeletal",3.000E-01,1.922E+03,7.761E+00,1.930E+03,2.655E-04,2.448E-04,0.9221
201,"Muscle, Skeletal",3.500E-01,2.029E+03,6.834E+00,2.036E+03,2.907E-04,2.698E-04,0.9281
201,"Muscle, Skeletal",4.000E-01,2.113E+03,6.117E+00,2.119E+03,3.148E-04,2.937E-04,0.9331
201,"Muscle, Skeletal",4.500E-01,2.178E+03,5.545E+00,2.184E+03,3.380E-04,3.168E-04,0.9373
201,"Muscle, Skeletal",5.000E-01,2.228E+03,5.078E+00,2.233E+03,3.606E-04,3.393E-04,0.9409
201,"Muscle, Skeletal",5.500E-01,2.263E+03,4.687E+00,2.267E+03,3.828E-04,3.615E-04,0.9441
201,"Muscle, Skeletal",6.000E-01,2.286E+03,4.356E+00,2.290E+03,4.048E-04,3.833E-04,0.9469
201,"Muscle, Skeletal",6.500E-01,2.299E+03,4.072E+00,2.303E+03,4.265E-04,4.050E-04,0.9494
201,"Muscle, Skeletal",7.000E-01,2.304E+03,3.824E+00,2.308E+03,4.482E-04,4.266E-04,0.9517
201,"Muscle, Skeletal",7.500E-01,2.302E+03,3.607E+00,2.305E+03,4.699E-04,4.482E-04,0.9538
201,"Muscle, Skeletal",8.000E-01,2.293E+03,3.415E+00,2.297E+03,4.916E-04,4.699E-04,0.9557
201,"Muscle, Skeletal",8.500E-01,2.280E+03,3.243E+00,2.283E+03,5.135E-04,4.916E-04,0.9575
201,"Muscle, Skeletal",9.000E-01,2.262E+03,3.089E+00,2.265E+03,5.354E-04,5.136E-04,0.9591
201,"Muscle, Skeletal",9.500E-01,2.242E+03,2.949E+00,2.245E+03,5.576E-04,5.357E-04,0.9607
201,"Muscle, Skeletal",1.000E+00,2.218E+03,2.823E+00,2.221E+03,5.800E-04,5.580E-04,0.9621
201,"Muscle, Skeletal",1.250E+00,2.059E+03,2.331E+00,2.061E+03,6.966E-04,6.744E-04,0.9681
201,"Muscle, Skeletal",1.500E+00,1.888E+03,1.992E+00,1.890E+03,8.233E-04,8.009E-04,0.9728
201,"Muscle, Skeletal",1.750E+00,1.735E+03,1.743E+00,1.737E+03,9.614E-04,9.388E-04,0.9765
201,"Muscle, Skeletal",2.000E+00,1.604E+03,1.553E+00,1.605E+03,1.111E-03,1.088E-03,0.9795
201,"Muscle, Skeletal",2.250E+00,1.492E+03,1.401E+00,1.493E+03,1.273E-03,1.250E-03,0.9820
201,"Muscle, Skeletal",2.500E+00,1.396E+03,1.278E+00,1.397E+03,1.446E-03,1.423E-03,0.9840
201,"Muscle, Skeletal",2.750E+00,1.312E+03,1.176E+00,1.314E+03,1.631E-03,1.607E-03,0.9857
201,"Muscle, Skeletal",3.000E+00,1.240E+03,1.090E+00,1.241E+03,1.827E-03,1.803E-03,0.9871
201,"Muscle, Skeletal",3.500E+00,1.118E+03,9.517E-01,1.119E+03,2.252E-03,2.228E-03,0.9894
201,"Muscle, Skeletal",4.000E+00,1.021E+03,8.461E-01,1.022E+03,2.720E-03,2.695E-03,0.9911
201,"Muscle, Skeletal",4.500E+00,9.411E+02,7.626E-01,9.419E+02,3.230E-03,3.205E-03,0.9924
201,"Muscle, Skeletal",5.000E+00,8.741E+02,6.947E-01,8.748E+02,3.781E-03,3.756E-03,0.9934
201,"Muscle, Skeletal",5.500E+00,8.170E+02,6.384E-01,8.177E+02,4.373E-03,4.347E-03,0.9942
201,"Muscle, Skeletal",6.000E+00,7.679E+02,5.910E-01,7.685E+02,5.004E-03,4.978E-03,0.9948
201,"Muscle, Skeletal",6.500E+00,7.249E+02,5.503E-01,7.254E+02,5.674E-03,5.647E-03,0.9954
201,"Muscle, Skeletal",7.000E+00,6.868E+02,5.152E-01,6.874E+02,6.382E-03,6.355E-03,0.9958
201,"Muscle, Skeletal",7.500E+00,6.531E+02,4.844E-01,6.536E+02,7.128E-03,7.101E-03,0.9962
201,"Muscle, Skeletal",8.000E+00,6.229E+02,4.573E-01,6.234E+02,7.912E-03,7.884E-03,0.9965
201,"Muscle, Skeletal",8.500E+00,5.957E+02,4.332E-01,5.961E+02,8.732E-03,8.704E-03,0.9968
201,"Muscle, Skeletal",9.000E+00,5.710E+02,4.116E-01,5.715E+02,9.589E-03,9.560E-03,0.9970
201,"Muscle, Skeletal",9.500E+00,5.486E+02,3.921E-01,5.490E+02,1.048E-02,1.045E-02,0.9972
201,"Muscle, Skeletal",1.000E+01,5.280E+02,3.745E-01,5.284E+02,1.141E-02,1.138E-02,0.9974
201,"Muscle, Skeletal",1.250E+01,4.464E+02,3.064E-01,4.467E+02,1.658E-02,1.654E-02,0.9980
201,"Muscle, Skeletal",1.500E+01,3.884E+02,2.599E-01,3.886E+02,2.259E-02,2.256E-02,0.9984
201,"Muscle, Skeletal",1.750E+01,3.449E+02,2.260E-01,3.451E+02,2.943E-02,2.939E-02,0.9986
201,"Muscle, Skeletal",2.000E+01,3.109E+02,2.001E-01,3.111E+02,3.708E-02,3.703E-02,0.9988
201,"Muscle, Skeletal",2.500E+01,2.610E+02,1.633E-01,2.612E+02,5.469E-02,5.464E-02,0.9990
201,"Muscle, Skeletal",2.750E+01,2.421E+02,1.496E-01,2.422E+02,6.464E-02,6.458E-02,0.9991
201,"Muscle, Skeletal",3.000E+01,2.259E+02,1.381E-01,2.261E+02,7.533E-02,7.527E-02,0.9992
201,"Muscle, Skeletal",3.500E+01,1.998E+02,1.198E-01,1.999E+02,9.890E-02,9.883E-02,0.9993
201,"Muscle, Skeletal",4.000E+01,1.795E+02,1.059E-01,1.796E+02,1.253E-01,1.252E-01,0.9993
201,"Muscle, Skeletal",4.500E+01,1.633E+02,9.493E-02,1.634E+02,1.546E-01,1.545E-01,0.9994
201,"Muscle, Skeletal",5.000E+01,1.500E+02,8.607E-02,1.501E+02,1.865E-01,1.864E-01,0.9994
201,"Muscle, Skeletal",5.500E+01,1.389E+02,7.874E-02,1.389E+02,2.212E-01,2.210E-01,0.9994
201,"Muscle, Skeletal",6.000E+01,1.294E+02,7.258E-02,1.295E+02,2.585E-01,2.583E-01,0.9994
201,"Muscle, Skeletal",6.500E+01,1.213E+02,6.732E-02,1.214E+02,2.984E-01,2.982E-01,0.9995
201,"Muscle, Skeletal",7.000E+01,1.142E+02,6.279E-02,1.143E+02,3.409E-01,3.407E-01,0.9995
201,"Muscle, Skeletal",7.500E+01,1.080E+02,5.883E-02,1.081E+02,3.859E-01,3.857E-01,0.9995
201,"Muscle, Skeletal",8.000E+01,1.025E+02,5.535E-02,1.025E+02,4.334E-01,4.332E-01,0.9995
201,"Muscle, Skeletal",8.500E+01,9.756E+01,5.226E-02,9.761E+01,4.834E-01,4.832E-01,0.9995
201,"Muscle, Skeletal",9.000E+01,9.314E+01,4.951E-02,9.319E+01,5.358E-01,5.356E-01,0.9995
201,"Muscle, Skeletal",9.500E+01,8.914E+01,4.704E-02,8.919E+01,5.907E-01,5.904E-01,0.9995
201,"Muscle, Skeletal",1.000E+02,8.551E+01,4.481E-02,8.555E+01,6.479E-01,6.476E-01,0.9995
201,"Muscle, Skeletal",1.250E+02,7.137E+01,3.623E-02,7.141E+01,9.693E-01,9.689E-01,0.9995
201,"Muscle, Skeletal",1.500E+02,6.162E+01,3.041E-02,6.165E+01,1.347E+00,1.347E+00,0.9996
201,"Muscle, Skeletal",1.750E+02,5.445E+01,2.620E-02,5.448E+01,1.780E+00,1.779E+00,0.9996
201,"Muscle, Skeletal",2.000E+02,4.896E+01,2.302E-02,4.898E+01,2.264E+00,2.264E+00,0.9996
201,"Muscle, Skeletal",2.250E+02,4.461E+01,2.054E-02,4.463E+01,2.800E+00,2.799E+00,0.9996
201,"Muscle, Skeletal",2.500E+02,4.107E+01,1.855E-02,4.109E+01,3.384E+00,3.383E+00,0.9996
201,"Muscle, Skeletal",2.750E+02,3.813E+01,1.690E-02,3.815E+01,4.016E+00,4.015E+00,0.9996
201,"Muscle, Skeletal",3.000E+02,3.566E+01,1.552E-02,3.567E+01,4.695E+00,4.693E+00,0.9996
201,"Muscle, Skeletal",3.500E+02,3.170E+01,1.335E-02,3.171E+01,6.184E+00,6.182E+00,0.9996
201,"Muscle, Skeletal",4.000E+02,2.868E+01,1.171E-02,2.869E+01,7.845E+00,7.842E+00,0.9996
201,"Muscle, Skeletal",4.500E+02,2.630E+01,1.042E-02,2.631E+01,9.667E+00,9.663E+00,0.9996
201,"Muscle, Skeletal",5.000E+02,2.437E+01,9.393E-03,2.438E+01,1.164E+01,1.164E+01,0.9997
201,"Muscle, Skeletal",5.500E+02,2.278E+01,8.551E-03,2.278E+01,1.377E+01,1.376E+01,0.9997
201,"Muscle, Skeletal",6.000E+02,2.143E+01,7.848E-03,2.144E+01,1.603E+01,1.602E+01,0.9997
201,"Muscle, Skeletal",6.500E+02,2.029E+01,7.251E-03,2.030E+01,1.843E+01,1.842E+01,0.9997
201,"Muscle, Skeletal",7.000E+02,1.931E+01,6.737E-03,1.931E+01,2.095E+01,2.095E+01,0.9997
201,"Muscle, Skeletal",7.500E+02,1.845E+01,6.290E-03,1.845E+01,2.360E+01,2.360E+01,0.9997
201,"Muscle, Skeletal",8.000E+02,1.769E+01,5.898E-03,1.770E+01,2.637E+01,2.636E+01,0.9997
201,"Muscle, Skeletal",8.500E+02,1.702E+01,5.553E-03,1.703E+01,2.925E+01,2.924E+01,0.9997
201,"Muscle, Skeletal",9.000E+02,1.643E+01,5.246E-03,1.643E+01,3.224E+01,3.223E+01,0.9997
201,"Muscle, Skeletal",9.500E+02,1.589E+01,4.972E-03,1.590E+01,3.534E+01,3.533E+01,0.9997
201,"Muscle, Skeletal",1.000E+03,1.541E+01,4.725E-03,1.541E+01,3.853E+01,3.852E+01,0.9997
202,"Muscle, Striated",1.000E-03,1.047E+02,2.226E+02,3.273E+02,3.302E-06,1.708E-06,0.5172
202,"Muscle, Striated",1.500E-03,1.294E+02,2.029E+02,3.324E+02,4.814E-06,2.568E-06,0.5335
202,"Muscle, Striated",2.000E-03,1.505E+02,1.867E+02,3.372E+02,6.308E-06,3.458E-06,0.5482
202,"Muscle, Striated",2.500E-03,1.692E+02,1.734E+02,3.426E+02,7.779E-06,4.366E-06,0.5612
202,"Muscle, Striated",3.000E-03,1.862E+02,1.622E+02,3.484E+02,9.227E-06,5.287E-06,0.5730
202,"Muscle, Striated",4.000E-03,2.165E+02,1.444E+02,3.609E+02,1.205E-05,7.150E-06,0.5935
202,"Muscle, Striated",5.000E-03,2.434E+02,1.307E+02,3.741E+02,1.477E-05,9.023E-06,0.6109
202,"Muscle, Striated",6.000E-03,2.679E+02,1.197E+02,3.877E+02,1.740E-05,1.089E-05,0.6261
202,"Muscle, Striated",7.000E-03,2.905E+02,1.108E+02,4.013E+02,1.993E-05,1.275E-05,0.6395
202,"Muscle, Striated",8.000E-03,3.117E+02,1.033E+02,4.150E+02,2.238E-05,1.458E-05,0.6514
202,"Muscle, Striated",9.000E-03,3.316E+02,9.690E+01,4.285E+02,2.475E-05,1.639E-05,0.6622
202,"Muscle, Striated",1.000E-02,3.505E+02,9.136E+01,4.419E+02,2.705E-05,1.818E-05,0.6720
202,"Muscle, Striated",1.250E-02,3.942E+02,8.026E+01,4.745E+02,3.251E-05,2.253E-05,0.6931
202,"Muscle, Striated",1.500E-02,4.339E+02,7.186E+01,5.058E+02,3.761E-05,2.672E-05,0.7105
202,"Muscle, Striated",1.750E-02,4.706E+02,6.525E+01,5.358E+02,4.241E-05,3.075E-05,0.7252
202,"Muscle, Striated",2.000E-02,5.049E+02,5.988E+01,5.647E+02,4.695E-05,3.464E-05,0.7378
202,"Muscle, Striated",2.250E-02,5.372E+02,5.543E+01,5.926E+02,5.127E-05,3.840E-05,0.7488
202,"Muscle, Striated",2.500E-02,5.678E+02,5.166E+01,6.194E+02,5.540E-05,4.202E-05,0.7586
202,"Muscle, Striated",2.750E-02,5.969E+02,4.843E+01,6.454E+02,5.935E-05,4.554E-05,0.7672
202,"Muscle, Striated",3.000E-02,6.249E+02,4.562E+01,6.705E+02,6.315E-05,4.895E-05,0.7751
202,"Muscle, Striated",3.500E-02,6.775E+02,4.097E+01,7.185E+02,7.035E-05,5.548E-05,0.7886
202,"Muscle, Striated",4.000E-02,7.267E+02,3.727E+01,7.639E+02,7.710E-05,6.167E-05,0.7999
202,"Muscle, Striated",4.500E-02,7.728E+02,3.424E+01,8.071E+02,8.346E-05,6.757E-05,0.8096
202,"Muscle, Striated",5.000E-02,8.165E+02,3.171E+01,8.482E+02,8.951E-05,7.322E-05,0.8180
202,"Muscle, Striated",5.500E-02,8.581E+02,2.956E+01,8.877E+02,9.527E-05,7.864E-05,0.8254
202,"Muscle, Striated",6.000E-02,8.978E+02,2.771E+01,9.255E+02,1.008E-04,8.385E-05,0.8320
202,"Muscle, Striated",6.500E-02,9.358E+02,2.610E+01,9.619E+02,1.061E-04,8.888E-05,0.8379
202,"Muscle, Striated",7.000E-02,9.723E+02,2.469E+01,9.970E+02,1.112E-04,9.375E-05,0.8432
202,"Muscle, Striated",7.500E-02,1.007E+03,2.343E+01,1.031E+03,1.161E-04,9.847E-05,0.8481
202,"Muscle, Striated",8.000E-02,1.041E+03,2.231E+01,1.064E+03,1.209E-04,1.031E-04,0.8525
202,"Muscle, Striated",8.500E-02,1.074E+03,2.130E+01,1.096E+03,1.255E-04,1.075E-04,0.8565
202,"Muscle, Striated",9.000E-02,1.106E+03,2.038E+01,1.126E+03,1.300E-04,1.119E-04,0.8603
202,"Muscle, Striated",9.500E-02,1.137E+03,1.955E+01,1.156E+03,1.344E-04,1.161E-04,0.8637
202,"Muscle, Striated",1.000E-01,1.167E+03,1.879E+01,1.185E+03,1.387E-04,1.202E-04,0.8670
202,"Muscle, Striated",1.250E-01,1.304E+03,1.578E+01,1.320E+03,1.586E-04,1.396E-04,0.8803
202,"Muscle, Striated",1.500E-01,1.425E+03,1.366E+01,1.439E+03,1.768E-04,1.574E-04,0.8904
202,"Muscle, Striated",1.750E-01,1.532E+03,1.208E+01,1.544E+03,1.935E-04,1.738E-04,0.8983
202,"Muscle, Striated",2.000E-01,1.629E+03,1.085E+01,1.640E+03,2.092E-04,1.893E-04,0.9048
202,"Muscle, Striated",2.250E-01,1.715E+03,9.859E+00,1.725E+03,2.241E-04,2.040E-04,0.9103
202,"Muscle, Striated",2.500E-01,1.793E+03,9.048E+00,1.802E+03,2.382E-04,2.180E-04,0.9149
202,"Muscle, Striated",2.750E-01,1.863E+03,8.370E+00,1.871E+03,2.519E-04,2.314E-04,0.9190
202,"Muscle, Striated",3.000E-01,1.925E+03,7.793E+00,1.933E+03,2.650E-04,2.445E-04,0.9225
202,"Muscle, Striated",3.500E-01,2.032E+03,6.862E+00,2.039E+03,2.902E-04,2.694E-04,0.9286
202,"Muscle, Striated",4.000E-01,2.116E+03,6.142E+00,2.122E+03,3.142E-04,2.933E-04,0.9335
202,"Muscle, Striated",4.500E-01,2.181E+03,5.568E+00,2.187E+03,3.374E-04,3.163E-04,0.9377
202,"Muscle, Striated",5.000E-01,2.230E+03,5.098E+00,2.235E+03,3.600E-04,3.388E-04,0.9413
202,"Muscle, Striated",5.500E-01,2.265E+03,4.706E+00,2.270E+03,3.821E-04,3.609E-04,0.9445
202,"Muscle, Striated",6.000E-01,2.289E+03,4.374E+00,2.293E+03,4.041E-04,3.827E-04,0.9473
202,"Muscle, Striated",6.500E-01,2.302E+03,4.088E+00,2.306E+03,4.258E-04,4.044E-04,0.9498
202,"Muscle, Striated",7.000E-01,2.306E+03,3.839E+00,2.310E+03,4.474E-04,4.260E-04,0.9520
202,"Muscle, Striated",7.500E-01,2.304E+03,3.621E+00,2.307E+03,4.691E-04,4.476E-04,0.9541
202,"Muscle, Striated",8.000E-01,2.295E+03,3.428E+00,2.299E+03,4.908E-04,4.692E-04,0.9560
202,"Muscle, Striated",8.500E-01,2.282E+03,3.256E+00,2.285E+03,5.126E-04,4.910E-04,0.9578
202,"Muscle, Striated",9.000E-01,2.264E+03,3.101E+00,2.267E+03,5.346E-04,5.129E-04,0.9594
202,"Muscle, Striated",9.500E-01,2.244E+03,2.961E+00,2.246E+03,5.567E-04,5.350E-04,0.9609
202,"Muscle, Striated",1.000E+00,2.220E+03,2.834E+00,2.223E+03,5.791E-04,5.573E-04,0.9623
202,"Muscle, Striated",1.250E+00,2.063E+03,2.340E+00,2.065E+03,6.956E-04,6.735E-04,0.9683
202,"Muscle, Striated",1.500E+00,1.894E+03,2.000E+00,1.896E+03,8.219E-04,7.997E-04,0.9730
202,"Muscle, Striated",1.750E+00,1.742E+03,1.750E+00,1.744E+03,9.595E-04,9.371E-04,0.9766
202,"Muscle, Striated",2.000E+00,1.611E+03,1.558E+00,1.612E+03,1.109E-03,1.086E-03,0.9796
202,"Muscle, Striated",2.250E+00,1.498E+03,1.407E+00,1.500E+03,1.270E-03,1.247E-03,0.9821
202,"Muscle, Striated",2.500E+00,1.401E+03,1.283E+00,1.403E+03,1.442E-03,1.419E-03,0.9841
202,"Muscle, Striated",2.750E+00,1.318E+03,1.180E+00,1.319E+03,1.626E-03,1.603E-03,0.9858
202,"Muscle, Striated",3.000E+00,1.244E+03,1.094E+00,1.246E+03,1.821E-03,1.798E-03,0.9872
202,"Muscle, Striated",3.500E+00,1.123E+03,9.553E-01,1.123E+03,2.245E-03,2.221E-03,0.9895
202,"Muscle, Striated",4.000E+00,1.025E+03,8.493E-01,1.026E+03,2.711E-03,2.687E-03,0.9911
202,"Muscle, Striated",4.500E+00,9.445E+02,7.654E-01,9.453E+02,3.219E-03,3.195E-03,0.9924
202,"Muscle, Striated",5.000E+00,8.772E+02,6.973E-01,8.779E+02,3.768E-03,3.744E-03,0.9934
202,"Muscle, Striated",5.500E+00,8.199E+02,6.408E-01,8.206E+02,4.358E-03,4.333E-03,0.9942
202,"Muscle, Striated",6.000E+00,7.706E+02,5.932E-01,7.712E+02,4.987E-03,4.961E-03,0.9949
202,"Muscle, Striated",6.500E+00,7.273E+02,5.524E-01,7.279E+02,5.655E-03,5.628E-03,0.9954
202,"Muscle, Striated",7.000E+00,6.892E+02,5.171E-01,6.897E+02,6.361E-03,6.334E-03,0.9958
202,"Muscle, Striated",7.500E+00,6.553E+02,4.862E-01,6.558E+02,7.104E-03,7.077E-03,0.9962
202,"Muscle, Striated",8.000E+00,6.250E+02,4.590E-01,6.255E+02,7.885E-03,7.858E-03,0.9965
202,"Muscle, Striated",8.500E+00,5.977E+02,4.348E-01,5.981E+02,8.703E-03,8.675E-03,0.9968
202,"Muscle, Striated",9.000E+00,5.729E+02,4.131E-01,5.733E+02,9.557E-03,9.528E-03,0.9970
202,"Muscle, Striated",9.500E+00,5.504E+02,3.936E-01,5.508E+02,1.045E-02,1.042E-02,0.9972
202,"Muscle, Striated",1.000E+01,5.297E+02,3.759E-01,5.301E+02,1.137E-02,1.134E-02,0.9974
202,"Muscle, Striated",1.250E+01,4.478E+02,3.075E-01,4.481E+02,1.652E-02,1.649E-02,0.9980
202,"Muscle, Striated",1.500E+01,3.896E+02,2.608E-01,3.898E+02,2.252E-02,2.249E-02,0.9984
202,"Muscle, Striated",1.750E+01,3.459E+02,2.268E-01,3.461E+02,2.934E-02,2.930E-02,0.9987
202,"Muscle, Striated",2.000E+01,3.118E+02,2.009E-01,3.120E+02,3.696E-02,3.692E-02,0.9988
202,"Muscle, Striated",2.500E+01,2.618E+02,1.638E-01,2.619E+02,5.453E-02,5.447E-02,0.9990
202,"Muscle, Striated",2.750E+01,2.428E+02,1.501E-01,2.429E+02,6.444E-02,6.439E-02,0.9991
202,"Muscle, Striated",3.000E+01,2.265E+02,1.386E-01,2.267E+02,7.511E-02,7.504E-02,0.9992
202,"Muscle, Striated",3.500E+01,2.003E+02,1.202E-01,2.005E+02,9.861E-02,9.854E-02,0.9993
202,"Muscle, Striated",4.000E+01,1.800E+02,1.063E-01,1.801E+02,1.250E-01,1.249E-01,0.9993
202,"Muscle, Striated",4.500E+01,1.637E+02,9.527E-02,1.638E+02,1.541E-01,1.540E-01,0.9994
202,"Muscle, Striated",5.000E+01,1.504E+02,8.637E-02,1.505E+02,1.860E-01,1.859E-01,0.9994
202,"Muscle, Striated",5.500E+01,1.392E+02,7.902E-02,1.393E+02,2.206E-01,2.204E-01,0.9994
202,"Muscle, Striated",6.000E+01,1.298E+02,7.283E-02,1.298E+02,2.578E-01,2.576E-01,0.9994
202,"Muscle, Striated",6.500E+01,1.216E+02,6.755E-02,1.217E+02,2.976E-01,2.974E-01,0.9995
202,"Muscle, Striated",7.000E+01,1.145E+02,6.300E-02,1.146E+02,3.399E-01,3.398E-01,0.9995
202,"Muscle, Striated",7.500E+01,1.083E+02,5.903E-02,1.083E+02,3.848E-01,3.846E-01,0.9995
202,"Muscle, Striated",8.000E+01,1.027E+02,5.553E-02,1.028E+02,4.322E-01,4.320E-01,0.9995
202,"Muscle, Striated",8.500E+01,9.781E+01,5.244E-02,9.786E+01,4.821E-01,4.819E-01,0.9995
202,"Muscle, Striated",9.000E+01,9.337E+01,4.968E-02,9.342E+01,5.344E-01,5.342E-01,0.9995
202,"Muscle, Striated",9.500E+01,8.936E+01,4.720E-02,8.941E+01,5.891E-01,5.889E-01,0.9995
202,"Muscle, Striated",1.000E+02,8.572E+01,4.496E-02,8.576E+01,6.463E-01,6.460E-01,0.9995
202,"Muscle, Striated",1.250E+02,7.154E+01,3.635E-02,7.158E+01,9.669E-01,9.664E-01,0.9996
202,"Muscle, Striated",1.500E+02,6.176E+01,3.051E-02,6.179E+01,1.344E+00,1.343E+00,0.9996
202,"Muscle, Striated",1.750E+02,5.458E+01,2.629E-02,5.461E+01,1.775E+00,1.775E+00,0.9996
202,"Muscle, Striated",2.000E+02,4.908E+01,2.310E-02,4.910E+01,2.259E+00,2.258E+00,0.9996
202,"Muscle, Striated",2.250E+02,4.471E+01,2.061E-02,4.473E+01,2.793E+00,2.792E+00,0.9996
202,"Muscle, Striated",2.500E+02,4.116E+01,1.861E-02,4.118E+01,3.376E+00,3.375E+00,0.9996
202,"Muscle, Striated",2.750E+02,3.822E+01,1.696E-02,3.824E+01,4.007E+00,4.005E+00,0.9996
202,"Muscle, Striated",3.000E+02,3.574E+01,1.557E-02,3.575E+01,4.683E+00,4.682E+00,0.9996
202,"Muscle, Striated",3.500E+02,3.177E+01,1.339E-02,3.179E+01,6.170E+00,6.168E+00,0.9996
202,"Muscle, Striated",4.000E+02,2.875E+01,1.174E-02,2.876E+01,7.826E+00,7.824E+00,0.9996
202,"Muscle, Striated",4.500E+02,2.636E+01,1.046E-02,2.637E+01,9.644E+00,9.641E+00,0.9996
202,"Muscle, Striated",5.000E+02,2.442E+01,9.423E-03,2.443E+01,1.162E+01,1.161E+01,0.9997
202,"Muscle, Striated",5.500E+02,2.283E+01,8.578E-03,2.283E+01,1.373E+01,1.373E+01,0.9997
202,"Muscle, Striated",6.000E+02,2.148E+01,7.873E-03,2.149E+01,1.599E+01,1.599E+01,0.9997
202,"Muscle, Striated",6.500E+02,2.034E+01,7.274E-03,2.034E+01,1.839E+01,1.838E+01,0.9997
202,"Muscle, Striated",7.000E+02,1.935E+01,6.758E-03,1.935E+01,2.091E+01,2.090E+01,0.9997
202,"Muscle, Striated",7.500E+02,1.849E+01,6.310E-03,1.849E+01,2.355E+01,2.354E+01,0.9997
202,"Muscle, Striated",8.000E+02,1.773E+01,5.917E-03,1.774E+01,2.631E+01,2.630E+01,0.9997
202,"Muscle, Striated",8.500E+02,1.706E+01,5.570E-03,1.706E+01,2.919E+01,2.918E+01,0.9997
202,"Muscle, Striated",9.000E+02,1.646E+01,5.262E-03,1.647E+01,3.217E+01,3.216E+01,0.9997
202,"Muscle, Striated",9.500E+02,1.592E+01,4.987E-03,1.593E+01,3.526E+01,3.525E+01,0.9997
202,"Muscle, Striated",1.000E+03,1.544E+01,4.740E-03,1.545E+01,3.845E+01,3.844E+01,0.9997
203,"Muscle-Equivalent Liquid, with Sucrose",1.000E-03,1.117E+02,2.209E+02,3.326E+02,3.278E-06,1.696E-06,0.5174
203,"Muscle-Equivalent Liquid, with Sucrose",1.500E-03,1.375E+02,2.014E+02,3.389E+02,4.763E-06,2.546E-06,0.5345
203,"Muscle-Equivalent Liquid, with Sucrose",2.000E-03,1.594E+02,1.854E+02,3.448E+02,6.226E-06,3.423E-06,0.5498
203,"Muscle-Equivalent Liquid, with Sucrose",2.500E-03,1.788E+02,1.722E+02,3.510E+02,7.663E-06,4.317E-06,0.5633
203,"Muscle-Equivalent Liquid, with Sucrose",3.000E-03,1.965E+02,1.610E+02,3.575E+02,9.075E-06,5.222E-06,0.5754
203,"Muscle-Equivalent Liquid, with Sucrose",4.000E-03,2.279E+02,1.433E+02,3.712E+02,1.182E-05,7.050E-06,0.5965
203,"Muscle-Equivalent Liquid, with Sucrose",5.000E-03,2.557E+02,1.298E+02,3.855E+02,1.446E-05,8.884E-06,0.6143
203,"Muscle-Equivalent Liquid, with Sucrose",6.000E-03,2.810E+02,1.189E+02,4.000E+02,1.701E-05,1.071E-05,0.6297
203,"Muscle-Equivalent Liquid, with Sucrose",7.000E-03,3.044E+02,1.100E+02,4.144E+02,1.947E-05,1.252E-05,0.6433
203,"Muscle-Equivalent Liquid, with Sucrose",8.000E-03,3.262E+02,1.026E+02,4.288E+02,2.184E-05,1.431E-05,0.6553
203,"Muscle-Equivalent Liquid, with Sucrose",9.000E-03,3.467E+02,9.623E+01,4.430E+02,2.413E-05,1.608E-05,0.6662
203,"Muscle-Equivalent Liquid, with Sucrose",1.000E-02,3.662E+02,9.073E+01,4.569E+02,2.636E-05,1.782E-05,0.6761
203,"Muscle-Equivalent Liquid, with Sucrose",1.250E-02,4.112E+02,7.971E+01,4.909E+02,3.163E-05,2.206E-05,0.6973
203,"Muscle-Equivalent Liquid, with Sucrose",1.500E-02,4.520E+02,7.136E+01,5.234E+02,3.656E-05,2.613E-05,0.7147
203,"Muscle-Equivalent Liquid, with Sucrose",1.750E-02,4.897E+02,6.479E+01,5.545E+02,4.120E-05,3.005E-05,0.7294
203,"Muscle-Equivalent Liquid, with Sucrose",2.000E-02,5.250E+02,5.946E+01,5.844E+02,4.559E-05,3.383E-05,0.7420
203,"Muscle-Equivalent Liquid, with Sucrose",2.250E-02,5.581E+02,5.504E+01,6.131E+02,4.977E-05,3.747E-05,0.7529
203,"Muscle-Equivalent Liquid, with Sucrose",2.500E-02,5.895E+02,5.130E+01,6.408E+02,5.375E-05,4.099E-05,0.7626
203,"Muscle-Equivalent Liquid, with Sucrose",2.750E-02,6.195E+02,4.809E+01,6.676E+02,5.757E-05,4.441E-05,0.7713
203,"Muscle-Equivalent Liquid, with Sucrose",3.000E-02,6.481E+02,4.530E+01,6.934E+02,6.125E-05,4.771E-05,0.7790
203,"Muscle-Equivalent Liquid, with Sucrose",3.500E-02,7.022E+02,4.068E+01,7.428E+02,6.821E-05,5.405E-05,0.7924
203,"Muscle-Equivalent Liquid, with Sucrose",4.000E-02,7.525E+02,3.700E+01,7.895E+02,7.474E-05,6.006E-05,0.8037
203,"Muscle-Equivalent Liquid, with Sucrose",4.500E-02,7.999E+02,3.400E+01,8.339E+02,8.090E-05,6.579E-05,0.8133
203,"Muscle-Equivalent Liquid, with Sucrose",5.000E-02,8.446E+02,3.148E+01,8.761E+02,8.675E-05,7.127E-05,0.8216
203,"Muscle-Equivalent Liquid, with Sucrose",5.500E-02,8.872E+02,2.935E+01,9.166E+02,9.232E-05,7.653E-05,0.8289
203,"Muscle-Equivalent Liquid, with Sucrose",6.000E-02,9.279E+02,2.751E+01,9.554E+02,9.767E-05,8.159E-05,0.8354
203,"Muscle-Equivalent Liquid, with Sucrose",6.500E-02,9.668E+02,2.592E+01,9.927E+02,1.028E-04,8.648E-05,0.8412
203,"Muscle-Equivalent Liquid, with Sucrose",7.000E-02,1.004E+03,2.451E+01,1.029E+03,1.077E-04,9.120E-05,0.8465
203,"Muscle-Equivalent Liquid, with Sucrose",7.500E-02,1.040E+03,2.326E+01,1.063E+03,1.125E-04,9.578E-05,0.8512
203,"Muscle-Equivalent Liquid, with Sucrose",8.000E-02,1.075E+03,2.215E+01,1.097E+03,1.172E-04,1.002E-04,0.8556
203,"Muscle-Equivalent Liquid, with Sucrose",8.500E-02,1.108E+03,2.114E+01,1.130E+03,1.216E-04,1.046E-04,0.8596
203,"Muscle-Equivalent Liquid, with Sucrose",9.000E-02,1.141E+03,2.023E+01,1.161E+03,1.260E-04,1.088E-04,0.8633
203,"Muscle-Equivalent Liquid, with Sucrose",9.500E-02,1.172E+03,1.941E+01,1.192E+03,1.303E-04,1.129E-04,0.8667
203,"Muscle-Equivalent Liquid, with Sucrose",1.000E-01,1.203E+03,1.865E+01,1.222E+03,1.344E-04,1.169E-04,0.8699
203,"Muscle-Equivalent Liquid, with Sucrose",1.250E-01,1.343E+03,1.566E+01,1.359E+03,1.538E-04,1.358E-04,0.8830
203,"Muscle-Equivalent Liquid, with Sucrose",1.500E-01,1.467E+03,1.356E+01,1.480E+03,1.714E-04,1.530E-04,0.8929
203,"Muscle-Equivalent Liquid, with Sucrose",1.750E-01,1.576E+03,1.199E+01,1.588E+03,1.877E-04,1.690E-04,0.9007
203,"Muscle-Equivalent Liquid, with Sucrose",2.000E-01,1.674E+03,1.076E+01,1.685E+03,2.029E-04,1.841E-04,0.9071
203,"Muscle-Equivalent Liquid, with Sucrose",2.250E-01,1.762E+03,9.785E+00,1.772E+03,2.174E-04,1.984E-04,0.9124
203,"Muscle-Equivalent Liquid, with Sucrose",2.500E-01,1.841E+03,8.981E+00,1.850E+03,2.312E-04,2.120E-04,0.9170
203,"Muscle-Equivalent Liquid, with Sucrose",2.750E-01,1.912E+03,8.307E+00,1.920E+03,2.445E-04,2.251E-04,0.9210
203,"Muscle-Equivalent Liquid, with Sucrose",3.000E-01,1.975E+03,7.734E+00,1.982E+03,2.573E-04,2.378E-04,0.9245
203,"Muscle-Equivalent Liquid, with Sucrose",3.500E-01,2.081E+03,6.810E+00,2.088E+03,2.818E-04,2.622E-04,0.9304
203,"Muscle-Equivalent Liquid, with Sucrose",4.000E-01,2.165E+03,6.096E+00,2.171E+03,3.053E-04,2.855E-04,0.9353
203,"Muscle-Equivalent Liquid, with Sucrose",4.500E-01,2.230E+03,5.526E+00,2.235E+03,3.280E-04,3.081E-04,0.9394
203,"Muscle-Equivalent Liquid, with Sucrose",5.000E-01,2.277E+03,5.059E+00,2.282E+03,3.501E-04,3.301E-04,0.9429
203,"Muscle-Equivalent Liquid, with Sucrose",5.500E-01,2.310E+03,4.670E+00,2.315E+03,3.718E-04,3.517E-04,0.9460
203,"Muscle-Equivalent Liquid, with Sucrose",6.000E-01,2.331E+03,4.340E+00,2.336E+03,3.933E-04,3.732E-04,0.9487
203,"Muscle-Equivalent Liquid, with Sucrose",6.500E-01,2.342E+03,4.057E+00,2.346E+03,4.147E-04,3.944E-04,0.9512
203,"Muscle-Equivalent Liquid, with Sucrose",7.000E-01,2.344E+03,3.810E+00,2.348E+03,4.360E-04,4.157E-04,0.9534
203,"Muscle-Equivalent Liquid, with Sucrose",7.500E-01,2.339E+03,3.594E+00,2.343E+03,4.573E-04,4.369E-04,0.9554
203,"Muscle-Equivalent Liquid, with Sucrose",8.000E-01,2.329E+03,3.402E+00,2.332E+03,4.787E-04,4.582E-04,0.9573
203,"Muscle-Equivalent Liquid, with Sucrose",8.500E-01,2.313E+03,3.231E+00,2.316E+03,5.002E-04,4.797E-04,0.9590
203,"Muscle-Equivalent Liquid, with Sucrose",9.000E-01,2.293E+03,3.077E+00,2.296E+03,5.219E-04,5.013E-04,0.9606
203,"Muscle-Equivalent Liquid, with Sucrose",9.500E-01,2.270E+03,2.938E+00,2.273E+03,5.437E-04,5.232E-04,0.9621
203,"Muscle-Equivalent Liquid, with Sucrose",1.000E+00,2.244E+03,2.812E+00,2.247E+03,5.659E-04,5.452E-04,0.9635
203,"Muscle-Equivalent Liquid, with Sucrose",1.250E+00,2.074E+03,2.322E+00,2.077E+03,6.814E-04,6.605E-04,0.9694
203,"Muscle-Equivalent Liquid, with Sucrose",1.500E+00,1.896E+03,1.984E+00,1.898E+03,8.073E-04,7.863E-04,0.9739
203,"Muscle-Equivalent Liquid, with Sucrose",1.750E+00,1.739E+03,1.737E+00,1.741E+03,9.449E-04,9.237E-04,0.9775
203,"Muscle-Equivalent Liquid, with Sucrose",2.000E+00,1.607E+03,1.546E+00,1.608E+03,1.094E-03,1.073E-03,0.9804
203,"Muscle-Equivalent Liquid, with Sucrose",2.250E+00,1.494E+03,1.396E+00,1.496E+03,1.256E-03,1.234E-03,0.9828
203,"Muscle-Equivalent Liquid, with Sucrose",2.500E+00,1.398E+03,1.273E+00,1.399E+03,1.429E-03,1.407E-03,0.9848
203,"Muscle-Equivalent Liquid, with Sucrose",2.750E+00,1.314E+03,1.171E+00,1.316E+03,1.613E-03,1.591E-03,0.9864
203,"Muscle-Equivalent Liquid, with Sucrose",3.000E+00,1.241E+03,1.085E+00,1.243E+03,1.809E-03,1.787E-03,0.9878
203,"Muscle-Equivalent Liquid, with Sucrose",3.500E+00,1.120E+03,9.479E-01,1.121E+03,2.233E-03,2.211E-03,0.9899
203,"Muscle-Equivalent Liquid, with Sucrose",4.000E+00,1.022E+03,8.427E-01,1.023E+03,2.701E-03,2.678E-03,0.9915
203,"Muscle-Equivalent Liquid, with Sucrose",4.500E+00,9.424E+02,7.595E-01,9.432E+02,3.210E-03,3.187E-03,0.9928
203,"Muscle-Equivalent Liquid, with Sucrose",5.000E+00,8.753E+02,6.919E-01,8.760E+02,3.761E-03,3.737E-03,0.9937
203,"Muscle-Equivalent Liquid, with Sucrose",5.500E+00,8.181E+02,6.358E-01,8.188E+02,4.351E-03,4.327E-03,0.9945
203,"Muscle-Equivalent Liquid, with Sucrose",6.000E+00,7.689E+02,5.885E-01,7.695E+02,4.982E-03,4.957E-03,0.9951
203,"Muscle-Equivalent Liquid, with Sucrose",6.500E+00,7.258E+02,5.481E-01,7.263E+02,5.651E-03,5.626E-03,0.9956
203,"Muscle-Equivalent Liquid, with Sucrose",7.000E+00,6.877E+02,5.131E-01,6.882E+02,6.358E-03,6.333E-03,0.9960
203,"Muscle-Equivalent Liquid, with Sucrose",7.500E+00,6.539E+02,4.824E-01,6.544E+02,7.103E-03,7.078E-03,0.9964
203,"Muscle-Equivalent Liquid, with Sucrose",8.000E+00,6.237E+02,4.554E-01,6.242E+02,7.886E-03,7.860E-03,0.9967
203,"Muscle-Equivalent Liquid, with Sucrose",8.500E+00,5.964E+02,4.314E-01,5.969E+02,8.705E-03,8.679E-03,0.9969
203,"Muscle-Equivalent Liquid, with Sucrose",9.000E+00,5.717E+02,4.099E-01,5.721E+02,9.561E-03,9.534E-03,0.9971
203,"Muscle-Equivalent Liquid, with Sucrose",9.500E+00,5.492E+02,3.905E-01,5.496E+02,1.045E-02,1.043E-02,0.9973
203,"Muscle-Equivalent Liquid, with Sucrose",1.000E+01,5.286E+02,3.729E-01,5.290E+02,1.138E-02,1.135E-02,0.9975
203,"Muscle-Equivalent Liquid, with Sucrose",1.250E+01,4.469E+02,3.051E-01,4.472E+02,1.654E-02,1.651E-02,0.9981
203,"Muscle-Equivalent Liquid, with Sucrose",1.500E+01,3.888E+02,2.588E-01,3.890E+02,2.255E-02,2.252E-02,0.9985
203,"Muscle-Equivalent Liquid, with Sucrose",1.750E+01,3.452E+02,2.250E-01,3.454E+02,2.939E-02,2.935E-02,0.9987
203,"Muscle-Equivalent Liquid, with Sucrose",2.000E+01,3.112E+02,1.993E-01,3.114E+02,3.702E-02,3.698E-02,0.9989
203,"Muscle-Equivalent Liquid, with Sucrose",2.500E+01,2.612E+02,1.626E-01,2.614E+02,5.462E-02,5.457E-02,0.9991
203,"Muscle-Equivalent Liquid, with Sucrose",2.750E+01,2.422E+02,1.490E-01,2.424E+02,6.456E-02,6.451E-02,0.9991
203,"Muscle-Equivalent Liquid, with Sucrose",3.000E+01,2.261E+02,1.375E-01,2.262E+02,7.525E-02,7.519E-02,0.9992
203,"Muscle-Equivalent Liquid, with Sucrose",3.500E+01,1.999E+02,1.193E-01,2.000E+02,9.880E-02,9.873E-02,0.9993
203,"Muscle-Equivalent Liquid, with Sucrose",4.000E+01,1.796E+02,1.054E-01,1.797E+02,1.252E-01,1.251E-01,0.9993
203,"Muscle-Equivalent Liquid, with Sucrose",4.500E+01,1.634E+02,9.452E-02,1.635E+02,1.544E-01,1.543E-01,0.9994
203,"Muscle-Equivalent Liquid, with Sucrose",5.000E+01,1.500E+02,8.569E-02,1.501E+02,1.864E-01,1.863E-01,0.9994
203,"Muscle-Equivalent Liquid, with Sucrose",5.500E+01,1.389E+02,7.840E-02,1.390E+02,2.210E-01,2.209E-01,0.9994
203,"Muscle-Equivalent Liquid, with Sucrose",6.000E+01,1.295E+02,7.226E-02,1.295E+02,2.583E-01,2.582E-01,0.9995
203,"Muscle-Equivalent Liquid, with Sucrose",6.500E+01,1.213E+02,6.702E-02,1.214E+02,2.982E-01,2.981E-01,0.9995
203,"Muscle-Equivalent Liquid, with Sucrose",7.000E+01,1.142E+02,6.250E-02,1.143E+02,3.407E-01,3.405E-01,0.9995
203,"Muscle-Equivalent Liquid, with Sucrose",7.500E+01,1.080E+02,5.856E-02,1.081E+02,3.857E-01,3.855E-01,0.9995
203,"Muscle-Equivalent Liquid, with Sucrose",8.000E+01,1.025E+02,5.510E-02,1.026E+02,4.332E-01,4.330E-01,0.9995
203,"Muscle-Equivalent Liquid, with Sucrose",8.500E+01,9.758E+01,5.203E-02,9.763E+01,4.832E-01,4.829E-01,0.9995
203,"Muscle-Equivalent Liquid, with Sucrose",9.000E+01,9.315E+01,4.929E-02,9.320E+01,5.356E-01,5.354E-01,0.9995
203,"Muscle-Equivalent Liquid, with Sucrose",9.500E+01,8.915E+01,4.683E-02,8.920E+01,5.905E-01,5.902E-01,0.9995
203,"Muscle-Equivalent Liquid, with Sucrose",1.000E+02,8.552E+01,4.460E-02,8.556E+01,6.477E-01,6.474E-01,0.9995
203,"Muscle-Equivalent Liquid, with Sucrose",1.250E+02,7.137E+01,3.607E-02,7.141E+01,9.691E-01,9.686E-01,0.9996
203,"Muscle-Equivalent Liquid, with Sucrose",1.500E+02,6.161E+01,3.027E-02,6.164E+01,1.347E+00,1.347E+00,0.9996
203,"Muscle-Equivalent Liquid, with Sucrose",1.750E+02,5.445E+01,2.608E-02,5.448E+01,1.779E+00,1.779E+00,0.9996
203,"Muscle-Equivalent Liquid, with Sucrose",2.000E+02,4.896E+01,2.291E-02,4.898E+01,2.264E+00,2.263E+00,0.9996
203,"Muscle-Equivalent Liquid, with Sucrose",2.250E+02,4.460E+01,2.044E-02,4.462E+01,2.800E+00,2.799E+00,0.9996
203,"Muscle-Equivalent Liquid, with Sucrose",2.500E+02,4.106E+01,1.846E-02,4.108E+01,3.384E+00,3.383E+00,0.9996
203,"Muscle-Equivalent Liquid, with Sucrose",2.750E+02,3.813E+01,1.682E-02,3.814E+01,4.016E+00,4.015E+00,0.9996
203,"Muscle-Equivalent Liquid, with Sucrose",3.000E+02,3.565E+01,1.545E-02,3.566E+01,4.695E+00,4.693E+00,0.9996
203,"Muscle-Equivalent Liquid, with Sucrose",3.500E+02,3.169E+01,1.328E-02,3.171E+01,6.185E+00,6.183E+00,0.9996
203,"Muscle-Equivalent Liquid, with Sucrose",4.000E+02,2.867E+01,1.165E-02,2.869E+01,7.846E+00,7.843E+00,0.9996
203,"Muscle-Equivalent Liquid, with Sucrose",4.500E+02,2.629E+01,1.037E-02,2.630E+01,9.668E+00,9.665E+00,0.9997
203,"Muscle-Equivalent Liquid, with Sucrose",5.000E+02,2.436E+01,9.347E-03,2.437E+01,1.165E+01,1.164E+01,0.9997
203,"Muscle-Equivalent Liquid, with Sucrose",5.500E+02,2.277E+01,8.508E-03,2.278E+01,1.377E+01,1.376E+01,0.9997
203,"Muscle-Equivalent Liquid, with Sucrose",6.000E+02,2.143E+01,7.808E-03,2.143E+01,1.603E+01,1.603E+01,0.9997
203,"Muscle-Equivalent Liquid, with Sucrose",6.500E+02,2.028E+01,7.214E-03,2.029E+01,1.843E+01,1.843E+01,0.9997
203,"Muscle-Equivalent Liquid, with Sucrose",7.000E+02,1.930E+01,6.703E-03,1.930E+01,2.096E+01,2.095E+01,0.9997
203,"Muscle-Equivalent Liquid, with Sucrose",7.500E+02,1.844E+01,6.258E-03,1.845E+01,2.361E+01,2.360E+01,0.9997
203,"Muscle-Equivalent Liquid, with Sucrose",8.000E+02,1.768E+01,5.868E-03,1.769E+01,2.638E+01,2.637E+01,0.9997
203,"Muscle-Equivalent Liquid, with Sucrose",8.500E+02,1.701E+01,5.525E-03,1.702E+01,2.926E+01,2.925E+01,0.9997
203,"Muscle-Equivalent Liquid, with Sucrose",9.000E+02,1.642E+01,5.219E-03,1.642E+01,3.225E+01,3.224E+01,0.9997
203,"Muscle-Equivalent Liquid, with Sucrose",9.500E+02,1.588E+01,4.947E-03,1.589E+01,3.535E+01,3.534E+01,0.9997
203,"Muscle-Equivalent Liquid, with Sucrose",1.000E+03,1.540E+01,4.701E-03,1.541E+01,3.855E+01,3.853E+01,0.9997
204,"Muscle-Equivalent Liquid, without Sucrose",1.000E-03,1.082E+02,2.232E+02,3.314E+02,3.272E-06,1.698E-06,0.5188
204,"Muscle-Equivalent Liquid, without Sucrose",1.500E-03,1.335E+02,2.034E+02,3.370E+02,4.764E-06,2.551E-06,0.5355
204,"Muscle-Equivalent Liquid, without Sucrose",2.000E-03,1.550E+02,1.872E+02,3.423E+02,6.237E-06,3.432E-06,0.5503
204,"Muscle-Equivalent Liquid, without Sucrose",2.500E-03,1.741E+02,1.738E+02,3.480E+02,7.686E-06,4.331E-06,0.5636
204,"Muscle-Equivalent Liquid, without Sucrose",3.000E-03,1.914E+02,1.626E+02,3.540E+02,9.110E-06,5.243E-06,0.5754
204,"Muscle-Equivalent Liquid, without Sucrose",4.000E-03,2.224E+02,1.447E+02,3.671E+02,1.188E-05,7.085E-06,0.5961
204,"Muscle-Equivalent Liquid, without Sucrose",5.000E-03,2.498E+02,1.310E+02,3.808E+02,1.456E-05,8.935E-06,0.6137
204,"Muscle-Equivalent Liquid, without Sucrose",6.000E-03,2.748E+02,1.200E+02,3.948E+02,1.714E-05,1.078E-05,0.6289
204,"Muscle-Equivalent Liquid, without Sucrose",7.000E-03,2.978E+02,1.110E+02,4.089E+02,1.963E-05,1.261E-05,0.6424
204,"Muscle-Equivalent Liquid, without Sucrose",8.000E-03,3.193E+02,1.035E+02,4.229E+02,2.203E-05,1.442E-05,0.6543
204,"Muscle-Equivalent Liquid, without Sucrose",9.000E-03,3.396E+02,9.710E+01,4.367E+02,2.436E-05,1.620E-05,0.6651
204,"Muscle-Equivalent Liquid, without Sucrose",1.000E-02,3.589E+02,9.155E+01,4.504E+02,2.661E-05,1.796E-05,0.6749
204,"Muscle-Equivalent Liquid, without Sucrose",1.250E-02,4.033E+02,8.042E+01,4.838E+02,3.197E-05,2.225E-05,0.6960
204,"Muscle-Equivalent Liquid, without Sucrose",1.500E-02,4.437E+02,7.200E+01,5.157E+02,3.697E-05,2.637E-05,0.7134
204,"Muscle-Equivalent Liquid, without Sucrose",1.750E-02,4.810E+02,6.537E+01,5.464E+02,4.168E-05,3.034E-05,0.7280
204,"Muscle-Equivalent Liquid, without Sucrose",2.000E-02,5.159E+02,5.999E+01,5.759E+02,4.613E-05,3.417E-05,0.7406
204,"Muscle-Equivalent Liquid, without Sucrose",2.250E-02,5.487E+02,5.553E+01,6.042E+02,5.037E-05,3.786E-05,0.7516
204,"Muscle-Equivalent Liquid, without Sucrose",2.500E-02,5.798E+02,5.175E+01,6.316E+02,5.442E-05,4.143E-05,0.7613
204,"Muscle-Equivalent Liquid, without Sucrose",2.750E-02,6.095E+02,4.851E+01,6.580E+02,5.829E-05,4.488E-05,0.7699
204,"Muscle-Equivalent Liquid, without Sucrose",3.000E-02,6.379E+02,4.570E+01,6.836E+02,6.202E-05,4.823E-05,0.7777
204,"Muscle-Equivalent Liquid, without Sucrose",3.500E-02,6.914E+02,4.104E+01,7.325E+02,6.908E-05,5.465E-05,0.7911
204,"Muscle-Equivalent Liquid, without Sucrose",4.000E-02,7.414E+02,3.733E+01,7.787E+02,7.570E-05,6.074E-05,0.8023
204,"Muscle-Equivalent Liquid, without Sucrose",4.500E-02,7.883E+02,3.429E+01,8.226E+02,8.195E-05,6.654E-05,0.8120
204,"Muscle-Equivalent Liquid, without Sucrose",5.000E-02,8.327E+02,3.176E+01,8.645E+02,8.787E-05,7.208E-05,0.8203
204,"Muscle-Equivalent Liquid, without Sucrose",5.500E-02,8.750E+02,2.961E+01,9.046E+02,9.353E-05,7.741E-05,0.8277
204,"Muscle-Equivalent Liquid, without Sucrose",6.000E-02,9.153E+02,2.776E+01,9.431E+02,9.894E-05,8.253E-05,0.8342
204,"Muscle-Equivalent Liquid, without Sucrose",6.500E-02,9.539E+02,2.614E+01,9.801E+02,1.041E-04,8.748E-05,0.8400
204,"Muscle-Equivalent Liquid, without Sucrose",7.000E-02,9.911E+02,2.472E+01,1.016E+03,1.091E-04,9.226E-05,0.8453
204,"Muscle-Equivalent Liquid, without Sucrose",7.500E-02,1.027E+03,2.346E+01,1.050E+03,1.140E-04,9.690E-05,0.8501
204,"Muscle-Equivalent Liquid, without Sucrose",8.000E-02,1.061E+03,2.234E+01,1.084E+03,1.187E-04,1.014E-04,0.8544
204,"Muscle-Equivalent Liquid, without Sucrose",8.500E-02,1.095E+03,2.133E+01,1.116E+03,1.232E-04,1.058E-04,0.8585
204,"Muscle-Equivalent Liquid, without Sucrose",9.000E-02,1.127E+03,2.041E+01,1.147E+03,1.276E-04,1.100E-04,0.8622
204,"Muscle-Equivalent Liquid, without Sucrose",9.500E-02,1.158E+03,1.958E+01,1.178E+03,1.319E-04,1.142E-04,0.8656
204,"Muscle-Equivalent Liquid, without Sucrose",1.000E-01,1.189E+03,1.881E+01,1.207E+03,1.361E-04,1.183E-04,0.8688
204,"Muscle-Equivalent Liquid, without Sucrose",1.250E-01,1.328E+03,1.580E+01,1.344E+03,1.557E-04,1.373E-04,0.8820
204,"Muscle-Equivalent Liquid, without Sucrose",1.500E-01,1.451E+03,1.368E+01,1.465E+03,1.735E-04,1.548E-04,0.8919
204,"Muscle-Equivalent Liquid, without Sucrose",1.750E-01,1.560E+03,1.209E+01,1.572E+03,1.900E-04,1.709E-04,0.8998
204,"Muscle-Equivalent Liquid, without Sucrose",2.000E-01,1.658E+03,1.086E+01,1.669E+03,2.054E-04,1.861E-04,0.9062
204,"Muscle-Equivalent Liquid, without Sucrose",2.250E-01,1.745E+03,9.870E+00,1.755E+03,2.200E-04,2.006E-04,0.9116
204,"Muscle-Equivalent Liquid, without Sucrose",2.500E-01,1.824E+03,9.059E+00,1.833E+03,2.339E-04,2.143E-04,0.9162
204,"Muscle-Equivalent Liquid, without Sucrose",2.750E-01,1.895E+03,8.379E+00,1.903E+03,2.473E-04,2.276E-04,0.9202
204,"Muscle-Equivalent Liquid, without Sucrose",3.000E-01,1.958E+03,7.801E+00,1.966E+03,2.602E-04,2.404E-04,0.9237
204,"Muscle-Equivalent Liquid, without Sucrose",3.500E-01,2.065E+03,6.869E+00,2.072E+03,2.850E-04,2.649E-04,0.9297
204,"Muscle-Equivalent Liquid, without Sucrose",4.000E-01,2.150E+03,6.149E+00,2.156E+03,3.086E-04,2.884E-04,0.9346
204,"Muscle-Equivalent Liquid, without Sucrose",4.500E-01,2.215E+03,5.574E+00,2.220E+03,3.315E-04,3.111E-04,0.9387
204,"Muscle-Equivalent Liquid, without Sucrose",5.000E-01,2.263E+03,5.103E+00,2.268E+03,3.537E-04,3.333E-04,0.9422
204,"Muscle-Equivalent Liquid, without Sucrose",5.500E-01,2.298E+03,4.711E+00,2.302E+03,3.756E-04,3.551E-04,0.9453
204,"Muscle-Equivalent Liquid, without Sucrose",6.000E-01,2.320E+03,4.378E+00,2.324E+03,3.972E-04,3.766E-04,0.9481
204,"Muscle-Equivalent Liquid, without Sucrose",6.500E-01,2.332E+03,4.092E+00,2.336E+03,4.187E-04,3.980E-04,0.9506
204,"Muscle-Equivalent Liquid, without Sucrose",7.000E-01,2.335E+03,3.843E+00,2.339E+03,4.400E-04,4.193E-04,0.9528
204,"Muscle-Equivalent Liquid, without Sucrose",7.500E-01,2.331E+03,3.625E+00,2.335E+03,4.614E-04,4.406E-04,0.9549
204,"Muscle-Equivalent Liquid, without Sucrose",8.000E-01,2.321E+03,3.431E+00,2.324E+03,4.829E-04,4.620E-04,0.9568
204,"Muscle-Equivalent Liquid, without Sucrose",8.500E-01,2.306E+03,3.259E+00,2.309E+03,5.045E-04,4.835E-04,0.9585
204,"Muscle-Equivalent Liquid, without Sucrose",9.000E-01,2.287E+03,3.104E+00,2.290E+03,5.262E-04,5.052E-04,0.9601
204,"Muscle-Equivalent Liquid, without Sucrose",9.500E-01,2.265E+03,2.964E+00,2.268E+03,5.481E-04,5.271E-04,0.9616
204,"Muscle-Equivalent Liquid, without Sucrose",1.000E+00,2.240E+03,2.837E+00,2.243E+03,5.703E-04,5.492E-04,0.9630
204,"Muscle-Equivalent Liquid, without Sucrose",1.250E+00,2.075E+03,2.342E+00,2.077E+03,6.859E-04,6.646E-04,0.9689
204,"Muscle-Equivalent Liquid, without Sucrose",1.500E+00,1.901E+03,2.002E+00,1.903E+03,8.117E-04,7.902E-04,0.9735
204,"Muscle-Equivalent Liquid, without Sucrose",1.750E+00,1.746E+03,1.752E+00,1.748E+03,9.489E-04,9.272E-04,0.9772
204,"Muscle-Equivalent Liquid, without Sucrose",2.000E+00,1.613E+03,1.560E+00,1.615E+03,1.098E-03,1.076E-03,0.9801
204,"Muscle-Equivalent Liquid, without Sucrose",2.250E+00,1.501E+03,1.408E+00,1.502E+03,1.258E-03,1.236E-03,0.9825
204,"Muscle-Equivalent Liquid, without Sucrose",2.500E+00,1.404E+03,1.284E+00,1.405E+03,1.431E-03,1.408E-03,0.9845
204,"Muscle-Equivalent Liquid, without Sucrose",2.750E+00,1.320E+03,1.181E+00,1.321E+03,1.614E-03,1.592E-03,0.9861
204,"Muscle-Equivalent Liquid, without Sucrose",3.000E+00,1.247E+03,1.095E+00,1.248E+03,1.809E-03,1.786E-03,0.9875
204,"Muscle-Equivalent Liquid, without Sucrose",3.500E+00,1.125E+03,9.561E-01,1.126E+03,2.232E-03,2.209E-03,0.9897
204,"Muscle-Equivalent Liquid, without Sucrose",4.000E+00,1.027E+03,8.500E-01,1.028E+03,2.697E-03,2.674E-03,0.9914
204,"Muscle-Equivalent Liquid, without Sucrose",4.500E+00,9.462E+02,7.661E-01,9.470E+02,3.204E-03,3.181E-03,0.9926
204,"Muscle-Equivalent Liquid, without Sucrose",5.000E+00,8.788E+02,6.979E-01,8.795E+02,3.753E-03,3.729E-03,0.9936
204,"Muscle-Equivalent Liquid, without Sucrose",5.500E+00,8.214E+02,6.413E-01,8.220E+02,4.341E-03,4.317E-03,0.9944
204,"Muscle-Equivalent Liquid, without Sucrose",6.000E+00,7.720E+02,5.936E-01,7.726E+02,4.969E-03,4.944E-03,0.9950
204,"Muscle-Equivalent Liquid, without Sucrose",6.500E+00,7.286E+02,5.528E-01,7.292E+02,5.635E-03,5.610E-03,0.9955
204,"Muscle-Equivalent Liquid, without Sucrose",7.000E+00,6.904E+02,5.175E-01,6.909E+02,6.340E-03,6.314E-03,0.9959
204,"Muscle-Equivalent Liquid, without Sucrose",7.500E+00,6.564E+02,4.866E-01,6.569E+02,7.083E-03,7.056E-03,0.9963
204,"Muscle-Equivalent Liquid, without Sucrose",8.000E+00,6.261E+02,4.594E-01,6.265E+02,7.862E-03,7.835E-03,0.9966
204,"Muscle-Equivalent Liquid, without Sucrose",8.500E+00,5.987E+02,4.351E-01,5.991E+02,8.678E-03,8.651E-03,0.9969
204,"Muscle-Equivalent Liquid, without Sucrose",9.000E+00,5.739E+02,4.134E-01,5.743E+02,9.531E-03,9.503E-03,0.9971
204,"Muscle-Equivalent Liquid, without Sucrose",9.500E+00,5.513E+02,3.939E-01,5.517E+02,1.042E-02,1.039E-02,0.9973
204,"Muscle-Equivalent Liquid, without Sucrose",1.000E+01,5.306E+02,3.762E-01,5.310E+02,1.134E-02,1.131E-02,0.9975
204,"Muscle-Equivalent Liquid, without Sucrose",1.250E+01,4.485E+02,3.078E-01,4.488E+02,1.649E-02,1.645E-02,0.9981
204,"Muscle-Equivalent Liquid, without Sucrose",1.500E+01,3.902E+02,2.610E-01,3.905E+02,2.247E-02,2.244E-02,0.9984
204,"Muscle-Equivalent Liquid, without Sucrose",1.750E+01,3.465E+02,2.270E-01,3.467E+02,2.928E-02,2.924E-02,0.9987
204,"Muscle-Equivalent Liquid, without Sucrose",2.000E+01,3.123E+02,2.010E-01,3.125E+02,3.689E-02,3.685E-02,0.9989
204,"Muscle-Equivalent Liquid, without Sucrose",2.500E+01,2.622E+02,1.640E-01,2.623E+02,5.443E-02,5.438E-02,0.9991
204,"Muscle-Equivalent Liquid, without Sucrose",2.750E+01,2.431E+02,1.502E-01,2.433E+02,6.433E-02,6.428E-02,0.9991
204,"Muscle-Equivalent Liquid, without Sucrose",3.000E+01,2.269E+02,1.387E-01,2.270E+02,7.498E-02,7.492E-02,0.9992
204,"Muscle-Equivalent Liquid, without Sucrose",3.500E+01,2.006E+02,1.203E-01,2.007E+02,9.845E-02,9.838E-02,0.9993
204,"Muscle-Equivalent Liquid, without Sucrose",4.000E+01,1.802E+02,1.063E-01,1.804E+02,1.248E-01,1.247E-01,0.9993
204,"Muscle-Equivalent Liquid, without Sucrose",4.500E+01,1.639E+02,9.533E-02,1.640E+02,1.539E-01,1.538E-01,0.9994
204,"Muscle-Equivalent Liquid, without Sucrose",5.000E+01,1.506E+02,8.643E-02,1.507E+02,1.857E-01,1.856E-01,0.9994
204,"Muscle-Equivalent Liquid, without Sucrose",5.500E+01,1.394E+02,7.907E-02,1.395E+02,2.202E-01,2.201E-01,0.9994
204,"Muscle-Equivalent Liquid, without Sucrose",6.000E+01,1.299E+02,7.288E-02,1.300E+02,2.574E-01,2.572E-01,0.9994
204,"Muscle-Equivalent Liquid, without Sucrose",6.500E+01,1.218E+02,6.760E-02,1.218E+02,2.971E-01,2.970E-01,0.9995
204,"Muscle-Equivalent Liquid, without Sucrose",7.000E+01,1.147E+02,6.304E-02,1.147E+02,3.395E-01,3.393E-01,0.9995
204,"Muscle-Equivalent Liquid, without Sucrose",7.500E+01,1.084E+02,5.906E-02,1.085E+02,3.843E-01,3.841E-01,0.9995
204,"Muscle-Equivalent Liquid, without Sucrose",8.000E+01,1.029E+02,5.557E-02,1.029E+02,4.316E-01,4.314E-01,0.9995
204,"Muscle-Equivalent Liquid, without Sucrose",8.500E+01,9.793E+01,5.247E-02,9.798E+01,4.814E-01,4.812E-01,0.9995
204,"Muscle-Equivalent Liquid, without Sucrose",9.000E+01,9.349E+01,4.971E-02,9.354E+01,5.337E-01,5.334E-01,0.9995
204,"Muscle-Equivalent Liquid, without Sucrose",9.500E+01,8.947E+01,4.722E-02,8.952E+01,5.884E-01,5.881E-01,0.9995
204,"Muscle-Equivalent Liquid, without Sucrose",1.000E+02,8.582E+01,4.498E-02,8.587E+01,6.454E-01,6.451E-01,0.9995
204,"Muscle-Equivalent Liquid, without Sucrose",1.250E+02,7.163E+01,3.637E-02,7.166E+01,9.656E-01,9.652E-01,0.9996
204,"Muscle-Equivalent Liquid, without Sucrose",1.500E+02,6.183E+01,3.053E-02,6.186E+01,1.342E+00,1.342E+00,0.9996
204,"Muscle-Equivalent Liquid, without Sucrose",1.750E+02,5.464E+01,2.630E-02,5.467E+01,1.773E+00,1.772E+00,0.9996
204,"Muscle-Equivalent Liquid, without Sucrose",2.000E+02,4.913E+01,2.311E-02,4.915E+01,2.256E+00,2.255E+00,0.9996
204,"Muscle-Equivalent Liquid, without Sucrose",2.250E+02,4.476E+01,2.062E-02,4.478E+01,2.790E+00,2.789E+00,0.9996
204,"Muscle-Equivalent Liquid, without Sucrose",2.500E+02,4.121E+01,1.861E-02,4.123E+01,3.372E+00,3.371E+00,0.9996
204,"Muscle-Equivalent Liquid, without Sucrose",2.750E+02,3.826E+01,1.696E-02,3.828E+01,4.002E+00,4.001E+00,0.9996
204,"Muscle-Equivalent Liquid, without Sucrose",3.000E+02,3.577E+01,1.558E-02,3.579E+01,4.678E+00,4.676E+00,0.9996
204,"Muscle-Equivalent Liquid, without Sucrose",3.500E+02,3.181E+01,1.340E-02,3.182E+01,6.163E+00,6.161E+00,0.9996
204,"Muscle-Equivalent Liquid, without Sucrose",4.000E+02,2.878E+01,1.175E-02,2.879E+01,7.818E+00,7.815E+00,0.9996
204,"Muscle-Equivalent Liquid, without Sucrose",4.500E+02,2.639E+01,1.046E-02,2.640E+01,9.634E+00,9.631E+00,0.9997
204,"Muscle-Equivalent Liquid, without Sucrose",5.000E+02,2.445E+01,9.427E-03,2.446E+01,1.160E+01,1.160E+01,0.9997
204,"Muscle-Equivalent Liquid, without Sucrose",5.500E+02,2.285E+01,8.581E-03,2.286E+01,1.372E+01,1.372E+01,0.9997
204,"Muscle-Equivalent Liquid, without Sucrose",6.000E+02,2.150E+01,7.875E-03,2.151E+01,1.598E+01,1.597E+01,0.9997
204,"Muscle-Equivalent Liquid, without Sucrose",6.500E+02,2.036E+01,7.276E-03,2.036E+01,1.837E+01,1.836E+01,0.9997
204,"Muscle-Equivalent Liquid, without Sucrose",7.000E+02,1.937E+01,6.761E-03,1.937E+01,2.089E+01,2.088E+01,0.9997
204,"Muscle-Equivalent Liquid, without Sucrose",7.500E+02,1.850E+01,6.312E-03,1.851E+01,2.353E+01,2.352E+01,0.9997
204,"Muscle-Equivalent Liquid, without Sucrose",8.000E+02,1.775E+01,5.919E-03,1.775E+01,2.629E+01,2.628E+01,0.9997
204,"Muscle-Equivalent Liquid, without Sucrose",8.500E+02,1.708E+01,5.572E-03,1.708E+01,2.916E+01,2.915E+01,0.9997
204,"Muscle-Equivalent Liquid, without Sucrose",9.000E+02,1.648E+01,5.264E-03,1.648E+01,3.214E+01,3.213E+01,0.9997
204,"Muscle-Equivalent Liquid, without Sucrose",9.500E+02,1.594E+01,4.989E-03,1.594E+01,3.522E+01,3.521E+01,0.9997
204,"Muscle-Equivalent Liquid, without Sucrose",1.000E+03,1.545E+01,4.741E-03,1.546E+01,3.841E+01,3.840E+01,0.9997
209,"Nylon, type 6 and type 6/6",1.000E-03,1.674E+02,2.370E+02,4.043E+02,2.786E-06,1.546E-06,0.5550
209,"Nylon, type 6 and type 6/6",1.500E-03,2.016E+02,2.151E+02,4.168E+02,3.999E-06,2.302E-06,0.5757
209,"Nylon, type 6 and type 6/6",2.000E-03,2.303E+02,1.974E+02,4.277E+02,5.184E-06,3.076E-06,0.5933
209,"Nylon, type 6 and type 6/6",2.500E-03,2.554E+02,1.828E+02,4.382E+02,6.339E-06,3.857E-06,0.6085
209,"Nylon, type 6 and type 6/6",3.000E-03,2.780E+02,1.707E+02,4.486E+02,7.467E-06,4.642E-06,0.6218
209,"Nylon, type 6 and type 6/6",4.000E-03,3.179E+02,1.514E+02,4.692E+02,9.646E-06,6.214E-06,0.6442
209,"Nylon, type 6 and type 6/6",5.000E-03,3.529E+02,1.366E+02,4.895E+02,1.173E-05,7.775E-06,0.6628
209,"Nylon, type 6 and type 6/6",6.000E-03,3.844E+02,1.249E+02,5.094E+02,1.373E-05,9.318E-06,0.6784
209,"Nylon, type 6 and type 6/6",7.000E-03,4.134E+02,1.154E+02,5.288E+02,1.566E-05,1.084E-05,0.6920
209,"Nylon, type 6 and type 6/6",8.000E-03,4.403E+02,1.074E+02,5.477E+02,1.752E-05,1.233E-05,0.7039
209,"Nylon, type 6 and type 6/6",9.000E-03,4.655E+02,1.006E+02,5.661E+02,1.931E-05,1.380E-05,0.7145
209,"Nylon, type 6 and type 6/6",1.000E-02,4.893E+02,9.470E+01,5.840E+02,2.105E-05,1.524E-05,0.7240
209,"Nylon, type 6 and type 6/6",1.250E-02,5.440E+02,8.297E+01,6.270E+02,2.518E-05,1.874E-05,0.7441
209,"Nylon, type 6 and type 6/6",1.500E-02,5.933E+02,7.413E+01,6.674E+02,2.905E-05,2.208E-05,0.7603
209,"Nylon, type 6 and type 6/6",1.750E-02,6.386E+02,6.719E+01,7.058E+02,3.269E-05,2.529E-05,0.7738
209,"Nylon, type 6 and type 6/6",2.000E-02,6.806E+02,6.157E+01,7.422E+02,3.614E-05,2.838E-05,0.7853
209,"Nylon, type 6 and type 6/6",2.250E-02,7.201E+02,5.692E+01,7.770E+02,3.943E-05,3.135E-05,0.7952
209,"Nylon, type 6 and type 6/6",2.500E-02,7.573E+02,5.300E+01,8.103E+02,4.258E-05,3.423E-05,0.8038
209,"Nylon, type 6 and type 6/6",2.750E-02,7.927E+02,4.963E+01,8.423E+02,4.561E-05,3.701E-05,0.8115
209,"Nylon, type 6 and type 6/6",3.000E-02,8.264E+02,4.672E+01,8.731E+02,4.852E-05,3.971E-05,0.8184
209,"Nylon, type 6 and type 6/6",3.500E-02,8.897E+02,4.190E+01,9.316E+02,5.406E-05,4.488E-05,0.8301
209,"Nylon, type 6 and type 6/6",4.000E-02,9.485E+02,3.807E+01,9.865E+02,5.928E-05,4.979E-05,0.8399
209,"Nylon, type 6 and type 6/6",4.500E-02,1.003E+03,3.494E+01,1.038E+03,6.421E-05,5.447E-05,0.8482
209,"Nylon, type 6 and type 6/6",5.000E-02,1.055E+03,3.233E+01,1.087E+03,6.892E-05,5.895E-05,0.8554
209,"Nylon, type 6 and type 6/6",5.500E-02,1.104E+03,3.012E+01,1.134E+03,7.342E-05,6.327E-05,0.8617
209,"Nylon, type 6 and type 6/6",6.000E-02,1.151E+03,2.822E+01,1.179E+03,7.774E-05,6.742E-05,0.8672
209,"Nylon, type 6 and type 6/6",6.500E-02,1.195E+03,2.656E+01,1.222E+03,8.191E-05,7.144E-05,0.8722
209,"Nylon, type 6 and type 6/6",7.000E-02,1.238E+03,2.511E+01,1.263E+03,8.593E-05,7.533E-05,0.8767
209,"Nylon, type 6 and type 6/6",7.500E-02,1.279E+03,2.382E+01,1.302E+03,8.983E-05,7.911E-05,0.8807
209,"Nylon, type 6 and type 6/6",8.000E-02,1.318E+03,2.267E+01,1.341E+03,9.361E-05,8.279E-05,0.8844
209,"Nylon, type 6 and type 6/6",8.500E-02,1.356E+03,2.163E+01,1.377E+03,9.729E-05,8.637E-05,0.8878
209,"Nylon, type 6 and type 6/6",9.000E-02,1.392E+03,2.070E+01,1.413E+03,1.009E-04,8.987E-05,0.8909
209,"Nylon, type 6 and type 6/6",9.500E-02,1.427E+03,1.984E+01,1.447E+03,1.044E-04,9.328E-05,0.8937
209,"Nylon, type 6 and type 6/6",1.000E-01,1.461E+03,1.907E+01,1.481E+03,1.078E-04,9.662E-05,0.8964
209,"Nylon, type 6 and type 6/6",1.250E-01,1.617E+03,1.599E+01,1.633E+03,1.238E-04,1.124E-04,0.9074
209,"Nylon, type 6 and type 6/6",1.500E-01,1.750E+03,1.383E+01,1.764E+03,1.386E-04,1.269E-04,0.9156
209,"Nylon, type 6 and type 6/6",1.750E-01,1.867E+03,1.222E+01,1.879E+03,1.523E-04,1.404E-04,0.9221
209,"Nylon, type 6 and type 6/6",2.000E-01,1.969E+03,1.097E+01,1.980E+03,1.652E-04,1.532E-04,0.9274
209,"Nylon, type 6 and type 6/6",2.250E-01,2.059E+03,9.966E+00,2.069E+03,1.776E-04,1.655E-04,0.9318
209,"Nylon, type 6 and type 6/6",2.500E-01,2.138E+03,9.142E+00,2.147E+03,1.894E-04,1.772E-04,0.9355
209,"Nylon, type 6 and type 6/6",2.750E-01,2.207E+03,8.454E+00,2.215E+03,2.009E-04,1.886E-04,0.9388
209,"Nylon, type 6 and type 6/6",3.000E-01,2.267E+03,7.868E+00,2.275E+03,2.120E-04,1.997E-04,0.9417
209,"Nylon, type 6 and type 6/6",3.500E-01,2.363E+03,6.925E+00,2.370E+03,2.335E-04,2.210E-04,0.9465
209,"Nylon, type 6 and type 6/6",4.000E-01,2.433E+03,6.196E+00,2.440E+03,2.543E-04,2.417E-04,0.9505
209,"Nylon, type 6 and type 6/6",4.500E-01,2.482E+03,5.614E+00,2.487E+03,2.746E-04,2.619E-04,0.9539
209,"Nylon, type 6 and type 6/6",5.000E-01,2.512E+03,5.139E+00,2.517E+03,2.946E-04,2.818E-04,0.9568
209,"Nylon, type 6 and type 6/6",5.500E-01,2.527E+03,4.742E+00,2.532E+03,3.144E-04,3.016E-04,0.9593
209,"Nylon, type 6 and type 6/6",6.000E-01,2.531E+03,4.406E+00,2.536E+03,3.341E-04,3.212E-04,0.9615
209,"Nylon, type 6 and type 6/6",6.500E-01,2.525E+03,4.117E+00,2.529E+03,3.538E-04,3.409E-04,0.9635
209,"Nylon, type 6 and type 6/6",7.000E-01,2.511E+03,3.866E+00,2.515E+03,3.736E-04,3.607E-04,0.9653
209,"Nylon, type 6 and type 6/6",7.500E-01,2.491E+03,3.646E+00,2.495E+03,3.936E-04,3.806E-04,0.9670
209,"Nylon, type 6 and type 6/6",8.000E-01,2.467E+03,3.451E+00,2.470E+03,4.137E-04,4.007E-04,0.9685
209,"Nylon, type 6 and type 6/6",8.500E-01,2.439E+03,3.277E+00,2.442E+03,4.341E-04,4.210E-04,0.9699
209,"Nylon, type 6 and type 6/6",9.000E-01,2.408E+03,3.121E+00,2.411E+03,4.547E-04,4.416E-04,0.9711
209,"Nylon, type 6 and type 6/6",9.500E-01,2.375E+03,2.979E+00,2.378E+03,4.756E-04,4.624E-04,0.9723
209,"Nylon, type 6 and type 6/6",1.000E+00,2.340E+03,2.851E+00,2.343E+03,4.968E-04,4.836E-04,0.9734
209,"Nylon, type 6 and type 6/6",1.250E+00,2.160E+03,2.353E+00,2.163E+03,6.078E-04,5.944E-04,0.9780
209,"Nylon, type 6 and type 6/6",1.500E+00,1.987E+03,2.010E+00,1.989E+03,7.283E-04,7.148E-04,0.9815
209,"Nylon, type 6 and type 6/6",1.750E+00,1.830E+03,1.759E+00,1.831E+03,8.594E-04,8.458E-04,0.9841
209,"Nylon, type 6 and type 6/6",2.000E+00,1.690E+03,1.566E+00,1.691E+03,1.002E-03,9.878E-04,0.9863
209,"Nylon, type 6 and type 6/6",2.250E+00,1.567E+03,1.413E+00,1.569E+03,1.155E-03,1.141E-03,0.9880
209,"Nylon, type 6 and type 6/6",2.500E+00,1.463E+03,1.288E+00,1.465E+03,1.320E-03,1.306E-03,0.9894
209,"Nylon, type 6 and type 6/6",2.750E+00,1.374E+03,1.185E+00,1.376E+03,1.496E-03,1.482E-03,0.9905
209,"Nylon, type 6 and type 6/6",3.000E+00,1.297E+03,1.098E+00,1.298E+03,1.684E-03,1.669E-03,0.9915
209,"Nylon, type 6 and type 6/6",3.500E+00,1.169E+03,9.587E-01,1.170E+03,2.090E-03,2.075E-03,0.9930
209,"Nylon, type 6 and type 6/6",4.000E+00,1.066E+03,8.521E-01,1.066E+03,2.538E-03,2.523E-03,0.9941
209,"Nylon, type 6 and type 6/6",4.500E+00,9.813E+02,7.678E-01,9.821E+02,3.027E-03,3.012E-03,0.9950
209,"Nylon, type 6 and type 6/6",5.000E+00,9.108E+02,6.994E-01,9.115E+02,3.556E-03,3.541E-03,0.9956
209,"Nylon, type 6 and type 6/6",5.500E+00,8.509E+02,6.426E-01,8.516E+02,4.124E-03,4.108E-03,0.9962
209,"Nylon, type 6 and type 6/6",6.000E+00,7.993E+02,5.947E-01,7.999E+02,4.730E-03,4.714E-03,0.9966
209,"Nylon, type 6 and type 6/6",6.500E+00,7.541E+02,5.537E-01,7.547E+02,5.374E-03,5.358E-03,0.9969
209,"Nylon, type 6 and type 6/6",7.000E+00,7.144E+02,5.183E-01,7.149E+02,6.055E-03,6.038E-03,0.9972
209,"Nylon, type 6 and type 6/6",7.500E+00,6.790E+02,4.873E-01,6.795E+02,6.773E-03,6.756E-03,0.9975
209,"Nylon, type 6 and type 6/6",8.000E+00,6.474E+02,4.600E-01,6.478E+02,7.527E-03,7.509E-03,0.9977
209,"Nylon, type 6 and type 6/6",8.500E+00,6.189E+02,4.357E-01,6.193E+02,8.316E-03,8.298E-03,0.9978
209,"Nylon, type 6 and type 6/6",9.000E+00,5.930E+02,4.139E-01,5.934E+02,9.141E-03,9.123E-03,0.9980
209,"Nylon, type 6 and type 6/6",9.500E+00,5.695E+02,3.943E-01,5.699E+02,1.000E-02,9.983E-03,0.9981
209,"Nylon, type 6 and type 6/6",1.000E+01,5.479E+02,3.765E-01,5.483E+02,1.090E-02,1.088E-02,0.9982
209,"Nylon, type 6 and type 6/6",1.250E+01,4.625E+02,3.079E-01,4.628E+02,1.588E-02,1.586E-02,0.9986
209,"Nylon, type 6 and type 6/6",1.500E+01,4.019E+02,2.611E-01,4.022E+02,2.169E-02,2.167E-02,0.9989
209,"Nylon, type 6 and type 6/6",1.750E+01,3.565E+02,2.270E-01,3.567E+02,2.830E-02,2.828E-02,0.9990
209,"Nylon, type 6 and type 6/6",2.000E+01,3.210E+02,2.010E-01,3.212E+02,3.570E-02,3.567E-02,0.9992
209,"Nylon, type 6 and type 6/6",2.500E+01,2.690E+02,1.638E-01,2.692E+02,5.278E-02,5.274E-02,0.9993
209,"Nylon, type 6 and type 6/6",2.750E+01,2.494E+02,1.501E-01,2.495E+02,6.243E-02,6.239E-02,0.9993
209,"Nylon, type 6 and type 6/6",3.000E+01,2.326E+02,1.385E-01,2.327E+02,7.282E-02,7.277E-02,0.9994
209,"Nylon, type 6 and type 6/6",3.500E+01,2.055E+02,1.201E-01,2.056E+02,9.572E-02,9.567E-02,0.9994
209,"Nylon, type 6 and type 6/6",4.000E+01,1.845E+02,1.062E-01,1.846E+02,1.214E-01,1.214E-01,0.9995
209,"Nylon, type 6 and type 6/6",4.500E+01,1.677E+02,9.514E-02,1.678E+02,1.499E-01,1.498E-01,0.9995
209,"Nylon, type 6 and type 6/6",5.000E+01,1.539E+02,8.623E-02,1.540E+02,1.810E-01,1.809E-01,0.9995
209,"Nylon, type 6 and type 6/6",5.500E+01,1.424E+02,7.886E-02,1.425E+02,2.148E-01,2.147E-01,0.9995
209,"Nylon, type 6 and type 6/6",6.000E+01,1.327E+02,7.267E-02,1.328E+02,2.512E-01,2.511E-01,0.9996
209,"Nylon, type 6 and type 6/6",6.500E+01,1.243E+02,6.738E-02,1.244E+02,2.901E-01,2.900E-01,0.9996
209,"Nylon, type 6 and type 6/6",7.000E+01,1.170E+02,6.283E-02,1.171E+02,3.316E-01,3.314E-01,0.9996
209,"Nylon, type 6 and type 6/6",7.500E+01,1.106E+02,5.886E-02,1.107E+02,3.755E-01,3.753E-01,0.9996
209,"Nylon, type 6 and type 6/6",8.000E+01,1.049E+02,5.538E-02,1.050E+02,4.219E-01,4.217E-01,0.9996
209,"Nylon, type 6 and type 6/6",8.500E+01,9.986E+01,5.229E-02,9.992E+01,4.707E-01,4.706E-01,0.9996
209,"Nylon, type 6 and type 6/6",9.000E+01,9.531E+01,4.953E-02,9.536E+01,5.220E-01,5.218E-01,0.9996
209,"Nylon, type 6 and type 6/6",9.500E+01,9.120E+01,4.705E-02,9.124E+01,5.756E-01,5.754E-01,0.9996
209,"Nylon, type 6 and type 6/6",1.000E+02,8.746E+01,4.480E-02,8.751E+01,6.316E-01,6.313E-01,0.9996
209,"Nylon, type 6 and type 6/6",1.250E+02,7.294E+01,3.619E-02,7.297E+01,9.459E-01,9.456E-01,0.9996
209,"Nylon, type 6 and type 6/6",1.500E+02,6.293E+01,3.036E-02,6.296E+01,1.316E+00,1.315E+00,0.9996
209,"Nylon, type 6 and type 6/6",1.750E+02,5.558E+01,2.615E-02,5.561E+01,1.739E+00,1.739E+00,0.9997
209,"Nylon, type 6 and type 6/6",2.000E+02,4.995E+01,2.297E-02,4.998E+01,2.214E+00,2.214E+00,0.9997
209,"Nylon, type 6 and type 6/6",2.250E+02,4.550E+01,2.049E-02,4.552E+01,2.739E+00,2.738E+00,0.9997
209,"Nylon, type 6 and type 6/6",2.500E+02,4.187E+01,1.850E-02,4.189E+01,3.313E+00,3.311E+00,0.9997
209,"Nylon, type 6 and type 6/6",2.750E+02,3.887E+01,1.685E-02,3.889E+01,3.932E+00,3.931E+00,0.9997
209,"Nylon, type 6 and type 6/6",3.000E+02,3.633E+01,1.547E-02,3.635E+01,4.598E+00,4.596E+00,0.9997
209,"Nylon, type 6 and type 6/6",3.500E+02,3.229E+01,1.329E-02,3.231E+01,6.060E+00,6.058E+00,0.9997
209,"Nylon, type 6 and type 6/6",4.000E+02,2.921E+01,1.165E-02,2.922E+01,7.690E+00,7.688E+00,0.9997
209,"Nylon, type 6 and type 6/6",4.500E+02,2.677E+01,1.038E-02,2.678E+01,9.480E+00,9.477E+00,0.9997
209,"Nylon, type 6 and type 6/6",5.000E+02,2.480E+01,9.352E-03,2.481E+01,1.142E+01,1.142E+01,0.9997
209,"Nylon, type 6 and type 6/6",5.500E+02,2.318E+01,8.510E-03,2.318E+01,1.351E+01,1.350E+01,0.9997
209,"Nylon, type 6 and type 6/6",6.000E+02,2.181E+01,7.805E-03,2.181E+01,1.573E+01,1.573E+01,0.9997
209,"Nylon, type 6 and type 6/6",6.500E+02,2.064E+01,7.208E-03,2.065E+01,1.809E+01,1.809E+01,0.9997
209,"Nylon, type 6 and type 6/6",7.000E+02,1.963E+01,6.697E-03,1.964E+01,2.057E+01,2.057E+01,0.9997
209,"Nylon, type 6 and type 6/6",7.500E+02,1.876E+01,6.254E-03,1.876E+01,2.318E+01,2.317E+01,0.9997
209,"Nylon, type 6 and type 6/6",8.000E+02,1.799E+01,5.866E-03,1.799E+01,2.590E+01,2.590E+01,0.9997
209,"Nylon, type 6 and type 6/6",8.500E+02,1.731E+01,5.523E-03,1.731E+01,2.874E+01,2.873E+01,0.9997
209,"Nylon, type 6 and type 6/6",9.000E+02,1.670E+01,5.218E-03,1.670E+01,3.168E+01,3.167E+01,0.9997
209,"Nylon, type 6 and type 6/6",9.500E+02,1.615E+01,4.944E-03,1.616E+01,3.472E+01,3.471E+01,0.9998
209,"Nylon, type 6 and type 6/6",1.000E+03,1.566E+01,4.698E-03,1.566E+01,3.787E+01,3.786E+01,0.9998
213,Paraffin Wax,1.000E-03,1.938E+02,2.889E+02,4.827E+02,2.287E-06,1.401E-06,0.6127
213,Paraffin Wax,1.500E-03,2.330E+02,2.603E+02,4.933E+02,3.308E-06,2.089E-06,0.6314
213,Paraffin Wax,2.000E-03,2.658E+02,2.376E+02,5.034E+02,4.312E-06,2.791E-06,0.6474
213,Paraffin Wax,2.500E-03,2.944E+02,2.192E+02,5.136E+02,5.295E-06,3.501E-06,0.6611
213,Paraffin Wax,3.000E-03,3.203E+02,2.039E+02,5.241E+02,6.259E-06,4.213E-06,0.6732
213,Paraffin Wax,4.000E-03,3.659E+02,1.799E+02,5.457E+02,8.129E-06,5.637E-06,0.6935
213,Paraffin Wax,5.000E-03,4.059E+02,1.617E+02,5.676E+02,9.926E-06,7.048E-06,0.7101
213,Paraffin Wax,6.000E-03,4.419E+02,1.474E+02,5.893E+02,1.165E-05,8.440E-06,0.7242
213,Paraffin Wax,7.000E-03,4.750E+02,1.358E+02,6.107E+02,1.332E-05,9.808E-06,0.7363
213,Paraffin Wax,8.000E-03,5.057E+02,1.261E+02,6.318E+02,1.493E-05,1.115E-05,0.7469
213,Paraffin Wax,9.000E-03,5.345E+02,1.179E+02,6.524E+02,1.649E-05,1.247E-05,0.7563
213,Paraffin Wax,1.000E-02,5.617E+02,1.108E+02,6.725E+02,1.800E-05,1.376E-05,0.7647
213,Paraffin Wax,1.250E-02,6.242E+02,9.678E+01,7.210E+02,2.159E-05,1.689E-05,0.7824
213,Paraffin Wax,1.500E-02,6.806E+02,8.625E+01,7.668E+02,2.495E-05,1.987E-05,0.7966
213,Paraffin Wax,1.750E-02,7.323E+02,7.802E+01,8.103E+02,2.812E-05,2.273E-05,0.8084
213,Paraffin Wax,2.000E-02,7.804E+02,7.138E+01,8.518E+02,3.113E-05,2.547E-05,0.8184
213,Paraffin Wax,2.250E-02,8.255E+02,6.590E+01,8.914E+02,3.399E-05,2.811E-05,0.8270
213,Paraffin Wax,2.500E-02,8.682E+02,6.129E+01,9.294E+02,3.674E-05,3.066E-05,0.8345
213,Paraffin Wax,2.750E-02,9.086E+02,5.734E+01,9.660E+02,3.938E-05,3.312E-05,0.8412
213,Paraffin Wax,3.000E-02,9.472E+02,5.392E+01,1.001E+03,4.192E-05,3.551E-05,0.8471
213,Paraffin Wax,3.500E-02,1.020E+03,4.829E+01,1.068E+03,4.675E-05,4.008E-05,0.8572
213,Paraffin Wax,4.000E-02,1.087E+03,4.382E+01,1.131E+03,5.130E-05,4.441E-05,0.8656
213,Paraffin Wax,4.500E-02,1.150E+03,4.018E+01,1.190E+03,5.561E-05,4.853E-05,0.8727
213,Paraffin Wax,5.000E-02,1.209E+03,3.715E+01,1.246E+03,5.971E-05,5.248E-05,0.8788
213,Paraffin Wax,5.500E-02,1.265E+03,3.458E+01,1.300E+03,6.364E-05,5.627E-05,0.8842
213,Paraffin Wax,6.000E-02,1.319E+03,3.238E+01,1.351E+03,6.741E-05,5.992E-05,0.8889
213,Paraffin Wax,6.500E-02,1.370E+03,3.046E+01,1.400E+03,7.105E-05,6.345E-05,0.8931
213,Paraffin Wax,7.000E-02,1.419E+03,2.878E+01,1.447E+03,7.456E-05,6.687E-05,0.8969
213,Paraffin Wax,7.500E-02,1.465E+03,2.729E+01,1.493E+03,7.796E-05,7.019E-05,0.9003
213,Paraffin Wax,8.000E-02,1.510E+03,2.596E+01,1.536E+03,8.126E-05,7.341E-05,0.9035
213,Paraffin Wax,8.500E-02,1.554E+03,2.476E+01,1.578E+03,8.447E-05,7.656E-05,0.9063
213,Paraffin Wax,9.000E-02,1.595E+03,2.368E+01,1.619E+03,8.760E-05,7.962E-05,0.9089
213,Paraffin Wax,9.500E-02,1.636E+03,2.270E+01,1.658E+03,9.065E-05,8.261E-05,0.9114
213,Paraffin Wax,1.000E-01,1.675E+03,2.180E+01,1.696E+03,9.363E-05,8.554E-05,0.9136
213,Paraffin Wax,1.250E-01,1.852E+03,1.827E+01,1.870E+03,1.076E-04,9.934E-05,0.9229
213,Paraffin Wax,1.500E-01,2.004E+03,1.579E+01,2.020E+03,1.205E-04,1.120E-04,0.9298
213,Paraffin Wax,1.750E-01,2.137E+03,1.394E+01,2.151E+03,1.325E-04,1.239E-04,0.9352
213,Paraffin Wax,2.000E-01,2.253E+03,1.250E+01,2.265E+03,1.438E-04,1.351E-04,0.9397
213,Paraffin Wax,2.250E-01,2.354E+03,1.135E+01,2.365E+03,1.546E-04,1.458E-04,0.9434
213,Paraffin Wax,2.500E-01,2.442E+03,1.041E+01,2.452E+03,1.650E-04,1.561E-04,0.9465
213,Paraffin Wax,2.750E-01,2.518E+03,9.622E+00,2.528E+03,1.750E-04,1.661E-04,0.9493
213,Paraffin Wax,3.000E-01,2.584E+03,8.953E+00,2.593E+03,1.848E-04,1.758E-04,0.9517
213,Paraffin Wax,3.500E-01,2.688E+03,7.875E+00,2.696E+03,2.037E-04,1.946E-04,0.9557
213,Paraffin Wax,4.000E-01,2.762E+03,7.043E+00,2.769E+03,2.219E-04,2.129E-04,0.9591
213,Paraffin Wax,4.500E-01,2.810E+03,6.379E+00,2.816E+03,2.398E-04,2.307E-04,0.9619
213,Paraffin Wax,5.000E-01,2.837E+03,5.837E+00,2.843E+03,2.575E-04,2.483E-04,0.9643
213,Paraffin Wax,5.500E-01,2.848E+03,5.385E+00,2.853E+03,2.750E-04,2.658E-04,0.9664
213,Paraffin Wax,6.000E-01,2.845E+03,5.002E+00,2.850E+03,2.926E-04,2.833E-04,0.9683
213,Paraffin Wax,6.500E-01,2.831E+03,4.673E+00,2.836E+03,3.102E-04,3.008E-04,0.9700
213,Paraffin Wax,7.000E-01,2.810E+03,4.388E+00,2.814E+03,3.278E-04,3.185E-04,0.9715
213,Paraffin Wax,7.500E-01,2.782E+03,4.137E+00,2.786E+03,3.457E-04,3.363E-04,0.9729
213,Paraffin Wax,8.000E-01,2.749E+03,3.915E+00,2.753E+03,3.638E-04,3.543E-04,0.9741
213,Paraffin Wax,8.500E-01,2.713E+03,3.717E+00,2.716E+03,3.820E-04,3.726E-04,0.9753
213,Paraffin Wax,9.000E-01,2.674E+03,3.539E+00,2.677E+03,4.006E-04,3.911E-04,0.9764
213,Paraffin Wax,9.500E-01,2.633E+03,3.378E+00,2.637E+03,4.194E-04,4.099E-04,0.9774
213,Paraffin Wax,1.000E+00,2.592E+03,3.233E+00,2.595E+03,4.385E-04,4.290E-04,0.9783
213,Paraffin Wax,1.250E+00,2.381E+03,2.667E+00,2.384E+03,5.390E-04,5.294E-04,0.9821
213,Paraffin Wax,1.500E+00,2.184E+03,2.277E+00,2.187E+03,6.485E-04,6.388E-04,0.9850
213,Paraffin Wax,1.750E+00,2.007E+03,1.991E+00,2.009E+03,7.679E-04,7.580E-04,0.9872
213,Paraffin Wax,2.000E+00,1.851E+03,1.772E+00,1.852E+03,8.975E-04,8.876E-04,0.9889
213,Paraffin Wax,2.250E+00,1.714E+03,1.599E+00,1.715E+03,1.038E-03,1.028E-03,0.9903
213,Paraffin Wax,2.500E+00,1.598E+03,1.458E+00,1.599E+03,1.189E-03,1.179E-03,0.9915
213,Paraffin Wax,2.750E+00,1.500E+03,1.341E+00,1.501E+03,1.350E-03,1.340E-03,0.9924
213,Paraffin Wax,3.000E+00,1.414E+03,1.242E+00,1.415E+03,1.522E-03,1.512E-03,0.9932
213,Paraffin Wax,3.500E+00,1.272E+03,1.084E+00,1.273E+03,1.895E-03,1.885E-03,0.9944
213,Paraffin Wax,4.000E+00,1.158E+03,9.633E-01,1.159E+03,2.307E-03,2.296E-03,0.9953
213,Paraffin Wax,4.500E+00,1.066E+03,8.678E-01,1.067E+03,2.757E-03,2.746E-03,0.9960
213,Paraffin Wax,5.000E+00,9.884E+02,7.903E-01,9.892E+02,3.244E-03,3.233E-03,0.9965
213,Paraffin Wax,5.500E+00,9.227E+02,7.260E-01,9.234E+02,3.768E-03,3.757E-03,0.9969
213,Paraffin Wax,6.000E+00,8.661E+02,6.718E-01,8.667E+02,4.327E-03,4.315E-03,0.9973
213,Paraffin Wax,6.500E+00,8.167E+02,6.254E-01,8.173E+02,4.922E-03,4.910E-03,0.9976
213,Paraffin Wax,7.000E+00,7.732E+02,5.853E-01,7.738E+02,5.551E-03,5.538E-03,0.9978
213,Paraffin Wax,7.500E+00,7.345E+02,5.502E-01,7.351E+02,6.214E-03,6.201E-03,0.9980
213,Paraffin Wax,8.000E+00,6.999E+02,5.193E-01,7.004E+02,6.911E-03,6.898E-03,0.9981
213,Paraffin Wax,8.500E+00,6.688E+02,4.918E-01,6.693E+02,7.641E-03,7.628E-03,0.9983
213,Paraffin Wax,9.000E+00,6.406E+02,4.672E-01,6.410E+02,8.405E-03,8.391E-03,0.9984
213,Paraffin Wax,9.500E+00,6.149E+02,4.450E-01,6.153E+02,9.201E-03,9.187E-03,0.9985
213,Paraffin Wax,1.000E+01,5.914E+02,4.249E-01,5.918E+02,1.003E-02,1.002E-02,0.9986
213,Paraffin Wax,1.250E+01,4.984E+02,3.473E-01,4.988E+02,1.465E-02,1.463E-02,0.9989
213,Paraffin Wax,1.500E+01,4.326E+02,2.943E-01,4.329E+02,2.005E-02,2.003E-02,0.9991
213,Paraffin Wax,1.750E+01,3.833E+02,2.558E-01,3.835E+02,2.619E-02,2.617E-02,0.9992
213,Paraffin Wax,2.000E+01,3.449E+02,2.264E-01,3.451E+02,3.308E-02,3.305E-02,0.9993
213,Paraffin Wax,2.500E+01,2.886E+02,1.845E-01,2.888E+02,4.899E-02,4.896E-02,0.9994
213,Paraffin Wax,2.750E+01,2.674E+02,1.690E-01,2.675E+02,5.799E-02,5.796E-02,0.9995
213,Paraffin Wax,3.000E+01,2.493E+02,1.559E-01,2.494E+02,6.767E-02,6.764E-02,0.9995
213,Paraffin Wax,3.500E+01,2.201E+02,1.351E-01,2.202E+02,8.905E-02,8.901E-02,0.9995
213,Paraffin Wax,4.000E+01,1.974E+02,1.194E-01,1.976E+02,1.131E-01,1.130E-01,0.9996
213,Paraffin Wax,4.500E+01,1.794E+02,1.070E-01,1.795E+02,1.397E-01,1.396E-01,0.9996
213,Paraffin Wax,5.000E+01,1.646E+02,9.691E-02,1.647E+02,1.688E-01,1.687E-01,0.9996
213,Paraffin Wax,5.500E+01,1.522E+02,8.860E-02,1.523E+02,2.004E-01,2.003E-01,0.9996
213,Paraffin Wax,6.000E+01,1.418E+02,8.161E-02,1.419E+02,2.344E-01,2.343E-01,0.9996
213,Paraffin Wax,6.500E+01,1.328E+02,7.566E-02,1.328E+02,2.708E-01,2.707E-01,0.9996
213,Paraffin Wax,7.000E+01,1.249E+02,7.053E-02,1.250E+02,3.097E-01,3.096E-01,0.9996
213,Paraffin Wax,7.500E+01,1.181E+02,6.606E-02,1.181E+02,3.508E-01,3.507E-01,0.9997
213,Paraffin Wax,8.000E+01,1.120E+02,6.214E-02,1.121E+02,3.943E-01,3.942E-01,0.9997
213,Paraffin Wax,8.500E+01,1.066E+02,5.866E-02,1.066E+02,4.401E-01,4.399E-01,0.9997
213,Paraffin Wax,9.000E+01,1.017E+02,5.555E-02,1.017E+02,4.881E-01,4.879E-01,0.9997
213,Paraffin Wax,9.500E+01,9.728E+01,5.276E-02,9.733E+01,5.383E-01,5.382E-01,0.9997
213,Paraffin Wax,1.000E+02,9.328E+01,5.024E-02,9.333E+01,5.908E-01,5.906E-01,0.9997
213,Paraffin Wax,1.250E+02,7.774E+01,4.055E-02,7.778E+01,8.857E-01,8.854E-01,0.9997
213,Paraffin Wax,1.500E+02,6.703E+01,3.399E-02,6.706E+01,1.233E+00,1.233E+00,0.9997
213,Paraffin Wax,1.750E+02,5.918E+01,2.927E-02,5.921E+01,1.631E+00,1.630E+00,0.9997
213,Paraffin Wax,2.000E+02,5.317E+01,2.570E-02,5.320E+01,2.077E+00,2.076E+00,0.9997
213,Paraffin Wax,2.250E+02,4.842E+01,2.292E-02,4.844E+01,2.570E+00,2.569E+00,0.9997
213,Paraffin Wax,2.500E+02,4.455E+01,2.069E-02,4.457E+01,3.109E+00,3.108E+00,0.9997
213,Paraffin Wax,2.750E+02,4.134E+01,1.884E-02,4.136E+01,3.691E+00,3.690E+00,0.9997
213,Paraffin Wax,3.000E+02,3.864E+01,1.729E-02,3.866E+01,4.317E+00,4.316E+00,0.9997
213,Paraffin Wax,3.500E+02,3.433E+01,1.485E-02,3.435E+01,5.692E+00,5.691E+00,0.9997
213,Paraffin Wax,4.000E+02,3.104E+01,1.302E-02,3.106E+01,7.226E+00,7.224E+00,0.9998
213,Paraffin Wax,4.500E+02,2.845E+01,1.159E-02,2.846E+01,8.910E+00,8.907E+00,0.9998
213,Paraffin Wax,5.000E+02,2.635E+01,1.044E-02,2.636E+01,1.074E+01,1.073E+01,0.9998
213,Paraffin Wax,5.500E+02,2.462E+01,9.502E-03,2.463E+01,1.270E+01,1.270E+01,0.9998
213,Paraffin Wax,6.000E+02,2.316E+01,8.713E-03,2.317E+01,1.480E+01,1.479E+01,0.9998
213,Paraffin Wax,6.500E+02,2.192E+01,8.046E-03,2.193E+01,1.701E+01,1.701E+01,0.9998
213,Paraffin Wax,7.000E+02,2.085E+01,7.475E-03,2.086E+01,1.935E+01,1.935E+01,0.9998
213,Paraffin Wax,7.500E+02,1.992E+01,6.981E-03,1.992E+01,2.181E+01,2.180E+01,0.9998
213,Paraffin Wax,8.000E+02,1.910E+01,6.548E-03,1.910E+01,2.437E+01,2.437E+01,0.9998
213,Paraffin Wax,8.500E+02,1.837E+01,6.165E-03,1.838E+01,2.704E+01,2.704E+01,0.9998
213,Paraffin Wax,9.000E+02,1.772E+01,5.824E-03,1.773E+01,2.981E+01,2.981E+01,0.9998
213,Paraffin Wax,9.500E+02,1.714E+01,5.518E-03,1.715E+01,3.268E+01,3.267E+01,0.9998
213,Paraffin Wax,1.000E+03,1.662E+01,5.243E-03,1.662E+01,3.564E+01,3.564E+01,0.9998
215,Photographic Emulsion,1.000E-03,4.669E+01,5.085E+01,9.754E+01,1.271E-05,3.397E-06,0.2673
215,Photographic Emulsion,1.500E-03,5.718E+01,4.832E+01,1.055E+02,1.761E-05,4.835E-06,0.2746
215,Photographic Emulsion,2.000E-03,6.606E+01,4.597E+01,1.120E+02,2.221E-05,6.265E-06,0.2821
215,Photographic Emulsion,2.500E-03,7.391E+01,4.389E+01,1.178E+02,2.656E-05,7.687E-06,0.2895
215,Photographic Emulsion,3.000E-03,8.104E+01,4.204E+01,1.231E+02,3.071E-05,9.106E-06,0.2965
215,Photographic Emulsion,4.000E-03,9.375E+01,3.892E+01,1.327E+02,3.853E-05,1.194E-05,0.3099
215,Photographic Emulsion,5.000E-03,1.050E+02,3.638E+01,1.414E+02,4.582E-05,1.477E-05,0.3222
215,Photographic Emulsion,6.000E-03,1.152E+02,3.426E+01,1.495E+02,5.270E-05,1.758E-05,0.3337
215,Photographic Emulsion,7.000E-03,1.247E+02,3.246E+01,1.571E+02,5.922E-05,2.039E-05,0.3443
215,Photographic Emulsion,8.000E-03,1.335E+02,3.089E+01,1.644E+02,6.544E-05,2.319E-05,0.3543
215,Photographic Emulsion,9.000E-03,1.418E+02,2.952E+01,1.713E+02,7.140E-05,2.597E-05,0.3637
215,Photographic Emulsion,1.000E-02,1.496E+02,2.830E+01,1.779E+02,7.713E-05,2.874E-05,0.3726
215,Photographic Emulsion,1.250E-02,1.678E+02,2.576E+01,1.936E+02,9.059E-05,3.558E-05,0.3928
215,Photographic Emulsion,1.500E-02,1.843E+02,2.375E+01,2.081E+02,1.030E-04,4.231E-05,0.4107
215,Photographic Emulsion,1.750E-02,1.996E+02,2.210E+01,2.217E+02,1.147E-04,4.893E-05,0.4267
215,Photographic Emulsion,2.000E-02,2.138E+02,2.072E+01,2.346E+02,1.256E-04,5.543E-05,0.4412
215,Photographic Emulsion,2.250E-02,2.273E+02,1.954E+01,2.468E+02,1.360E-04,6.182E-05,0.4545
215,Photographic Emulsion,2.500E-02,2.400E+02,1.851E+01,2.585E+02,1.459E-04,6.810E-05,0.4667
215,Photographic Emulsion,2.750E-02,2.521E+02,1.761E+01,2.698E+02,1.554E-04,7.428E-05,0.4780
215,Photographic Emulsion,3.000E-02,2.638E+02,1.681E+01,2.806E+02,1.645E-04,8.035E-05,0.4886
215,Photographic Emulsion,3.500E-02,2.857E+02,1.545E+01,3.012E+02,1.817E-04,9.220E-05,0.5076
215,Photographic Emulsion,4.000E-02,3.062E+02,1.432E+01,3.205E+02,1.977E-04,1.037E-04,0.5243
215,Photographic Emulsion,4.500E-02,3.254E+02,1.338E+01,3.388E+02,2.129E-04,1.148E-04,0.5393
215,Photographic Emulsion,5.000E-02,3.436E+02,1.257E+01,3.562E+02,2.273E-04,1.257E-04,0.5529
215,Photographic Emulsion,5.500E-02,3.610E+02,1.187E+01,3.728E+02,2.410E-04,1.362E-04,0.5652
215,Photographic Emulsion,6.000E-02,3.775E+02,1.125E+01,3.888E+02,2.541E-04,1.465E-04,0.5764
215,Photographic Emulsion,6.500E-02,3.934E+02,1.071E+01,4.041E+02,2.668E-04,1.565E-04,0.5868
215,Photographic Emulsion,7.000E-02,4.087E+02,1.022E+01,4.189E+02,2.789E-04,1.663E-04,0.5964
215,Photographic Emulsion,7.500E-02,4.233E+02,9.782E+00,4.331E+02,2.906E-04,1.759E-04,0.6053
215,Photographic Emulsion,8.000E-02,4.375E+02,9.385E+00,4.469E+02,3.020E-04,1.853E-04,0.6136
215,Photographic Emulsion,8.500E-02,4.512E+02,9.022E+00,4.602E+02,3.130E-04,1.945E-04,0.6213
215,Photographic Emulsion,9.000E-02,4.645E+02,8.691E+00,4.731E+02,3.237E-04,2.035E-04,0.6286
215,Photographic Emulsion,9.500E-02,4.773E+02,8.386E+00,4.857E+02,3.342E-04,2.124E-04,0.6355
215,Photographic Emulsion,1.000E-01,4.898E+02,8.105E+00,4.979E+02,3.443E-04,2.211E-04,0.6420
215,Photographic Emulsion,1.250E-01,5.470E+02,6.968E+00,5.540E+02,3.919E-04,2.625E-04,0.6697
215,Photographic Emulsion,1.500E-01,5.973E+02,6.139E+00,6.034E+02,4.351E-04,3.010E-04,0.6918
215,Photographic Emulsion,1.750E-01,6.417E+02,5.503E+00,6.472E+02,4.750E-04,3.372E-04,0.7099
215,Photographic Emulsion,2.000E-01,6.812E+02,4.999E+00,6.862E+02,5.125E-04,3.717E-04,0.7252
215,Photographic Emulsion,2.250E-01,7.163E+02,4.587E+00,7.209E+02,5.480E-04,4.047E-04,0.7384
215,Photographic Emulsion,2.500E-01,7.476E+02,4.245E+00,7.519E+02,5.820E-04,4.364E-04,0.7499
215,Photographic Emulsion,2.750E-01,7.755E+02,3.954E+00,7.794E+02,6.146E-04,4.671E-04,0.7601
215,Photographic Emulsion,3.000E-01,8.002E+02,3.705E+00,8.039E+02,6.462E-04,4.970E-04,0.7692
215,Photographic Emulsion,3.500E-01,8.415E+02,3.296E+00,8.448E+02,7.068E-04,5.548E-04,0.7849
215,Photographic Emulsion,4.000E-01,8.735E+02,2.976E+00,8.764E+02,7.648E-04,6.105E-04,0.7982
215,Photographic Emulsion,4.500E-01,8.978E+02,2.717E+00,9.005E+02,8.211E-04,6.647E-04,0.8095
215,Photographic Emulsion,5.000E-01,9.158E+02,2.503E+00,9.183E+02,8.760E-04,7.179E-04,0.8195
215,Photographic Emulsion,5.500E-01,9.286E+02,2.323E+00,9.309E+02,9.301E-04,7.704E-04,0.8283
215,Photographic Emulsion,6.000E-01,9.371E+02,2.169E+00,9.393E+02,9.836E-04,8.225E-04,0.8362
215,Photographic Emulsion,6.500E-01,9.400E+02,2.036E+00,9.420E+02,1.037E-03,8.743E-04,0.8434
215,Photographic Emulsion,7.000E-01,9.384E+02,1.919E+00,9.404E+02,1.090E-03,9.262E-04,0.8499
215,Photographic Emulsion,7.500E-01,9.338E+02,1.816E+00,9.356E+02,1.143E-03,9.784E-04,0.8559
215,Photographic Emulsion,8.000E-01,9.270E+02,1.725E+00,9.287E+02,1.197E-03,1.031E-03,0.8615
215,Photographic Emulsion,8.500E-01,9.186E+02,1.643E+00,9.203E+02,1.251E-03,1.084E-03,0.8667
215,Photographic Emulsion,9.000E-01,9.092E+02,1.569E+00,9.108E+02,1.305E-03,1.138E-03,0.8716
215,Photographic Emulsion,9.500E-01,8.991E+02,1.502E+00,9.006E+02,1.361E-03,1.192E-03,0.8761
215,Photographic Emulsion,1.000E+00,8.885E+02,1.440E+00,8.899E+02,1.416E-03,1.247E-03,0.8804
215,Photographic Emulsion,1.250E+00,8.337E+02,1.201E+00,8.349E+02,1.706E-03,1.533E-03,0.8983
215,Photographic Emulsion,1.500E+00,7.818E+02,1.033E+00,7.828E+02,2.016E-03,1.839E-03,0.9121
215,Photographic Emulsion,1.750E+00,7.351E+02,9.095E-01,7.360E+02,2.345E-03,2.165E-03,0.9230
215,Photographic Emulsion,2.000E+00,6.937E+02,8.138E-01,6.945E+02,2.695E-03,2.511E-03,0.9318
215,Photographic Emulsion,2.250E+00,6.571E+02,7.374E-01,6.578E+02,3.065E-03,2.878E-03,0.9390
215,Photographic Emulsion,2.500E+00,6.246E+02,6.750E-01,6.252E+02,3.455E-03,3.265E-03,0.9450
215,Photographic Emulsion,2.750E+00,5.955E+02,6.229E-01,5.962E+02,3.865E-03,3.672E-03,0.9501
215,Photographic Emulsion,3.000E+00,5.695E+02,5.787E-01,5.700E+02,4.294E-03,4.098E-03,0.9544
215,Photographic Emulsion,3.500E+00,5.245E+02,5.078E-01,5.250E+02,5.209E-03,5.007E-03,0.9612
215,Photographic Emulsion,4.000E+00,4.872E+02,4.532E-01,4.876E+02,6.198E-03,5.990E-03,0.9664
215,Photographic Emulsion,4.500E+00,4.556E+02,4.098E-01,4.560E+02,7.259E-03,7.045E-03,0.9705
215,Photographic Emulsion,5.000E+00,4.285E+02,3.745E-01,4.289E+02,8.390E-03,8.170E-03,0.9737
215,Photographic Emulsion,5.500E+00,4.049E+02,3.450E-01,4.052E+02,9.590E-03,9.363E-03,0.9764
215,Photographic Emulsion,6.000E+00,3.839E+02,3.201E-01,3.842E+02,1.086E-02,1.062E-02,0.9785
215,Photographic Emulsion,6.500E+00,3.652E+02,2.987E-01,3.655E+02,1.219E-02,1.195E-02,0.9804
215,Photographic Emulsion,7.000E+00,3.486E+02,2.802E-01,3.488E+02,1.359E-02,1.335E-02,0.9819
215,Photographic Emulsion,7.500E+00,3.338E+02,2.639E-01,3.341E+02,1.506E-02,1.481E-02,0.9832
215,Photographic Emulsion,8.000E+00,3.205E+02,2.496E-01,3.207E+02,1.659E-02,1.633E-02,0.9843
215,Photographic Emulsion,8.500E+00,3.083E+02,2.368E-01,3.086E+02,1.818E-02,1.791E-02,0.9853
215,Photographic Emulsion,9.000E+00,2.972E+02,2.253E-01,2.974E+02,1.983E-02,1.955E-02,0.9862
215,Photographic Emulsion,9.500E+00,2.870E+02,2.149E-01,2.873E+02,2.154E-02,2.126E-02,0.9869
215,Photographic Emulsion,1.000E+01,2.778E+02,2.055E-01,2.780E+02,2.331E-02,2.302E-02,0.9876
215,Photographic Emulsion,1.250E+01,2.400E+02,1.691E-01,2.402E+02,3.301E-02,3.269E-02,0.9901
215,Photographic Emulsion,1.500E+01,2.125E+02,1.441E-01,2.126E+02,4.410E-02,4.373E-02,0.9916
215,Photographic Emulsion,1.750E+01,1.914E+02,1.257E-01,1.915E+02,5.651E-02,5.610E-02,0.9927
215,Photographic Emulsion,2.000E+01,1.746E+02,1.117E-01,1.747E+02,7.020E-02,6.974E-02,0.9934
215,Photographic Emulsion,2.500E+01,1.494E+02,9.167E-02,1.495E+02,1.013E-01,1.007E-01,0.9944
215,Photographic Emulsion,2.750E+01,1.396E+02,8.421E-02,1.397E+02,1.186E-01,1.179E-01,0.9947
215,Photographic Emulsion,3.000E+01,1.312E+02,7.792E-02,1.313E+02,1.370E-01,1.364E-01,0.9950
215,Photographic Emulsion,3.500E+01,1.175E+02,6.788E-02,1.175E+02,1.774E-01,1.766E-01,0.9955
215,Photographic Emulsion,4.000E+01,1.066E+02,6.022E-02,1.067E+02,2.221E-01,2.211E-01,0.9958
215,Photographic Emulsion,4.500E+01,9.781E+01,5.417E-02,9.786E+01,2.711E-01,2.700E-01,0.9960
215,Photographic Emulsion,5.000E+01,9.051E+01,4.926E-02,9.056E+01,3.242E-01,3.230E-01,0.9962
215,Photographic Emulsion,5.500E+01,8.434E+01,4.520E-02,8.439E+01,3.815E-01,3.801E-01,0.9963
215,Photographic Emulsion,6.000E+01,7.906E+01,4.177E-02,7.910E+01,4.427E-01,4.411E-01,0.9965
215,Photographic Emulsion,6.500E+01,7.448E+01,3.885E-02,7.452E+01,5.079E-01,5.061E-01,0.9966
215,Photographic Emulsion,7.000E+01,7.046E+01,3.632E-02,7.050E+01,5.769E-01,5.750E-01,0.9967
215,Photographic Emulsion,7.500E+01,6.690E+01,3.411E-02,6.694E+01,6.497E-01,6.476E-01,0.9967
215,Photographic Emulsion,8.000E+01,6.373E+01,3.216E-02,6.376E+01,7.263E-01,7.239E-01,0.9968
215,Photographic Emulsion,8.500E+01,6.089E+01,3.043E-02,6.092E+01,8.065E-01,8.040E-01,0.9969
215,Photographic Emulsion,9.000E+01,5.831E+01,2.888E-02,5.834E+01,8.904E-01,8.877E-01,0.9969
215,Photographic Emulsion,9.500E+01,5.598E+01,2.749E-02,5.601E+01,9.779E-01,9.749E-01,0.9970
215,Photographic Emulsion,1.000E+02,5.385E+01,2.623E-02,5.387E+01,1.069E+00,1.066E+00,0.9970
215,Photographic Emulsion,1.250E+02,4.547E+01,2.137E-02,4.549E+01,1.576E+00,1.572E+00,0.9972
215,Photographic Emulsion,1.500E+02,3.960E+01,1.806E-02,3.961E+01,2.167E+00,2.161E+00,0.9973
215,Photographic Emulsion,1.750E+02,3.524E+01,1.565E-02,3.525E+01,2.837E+00,2.830E+00,0.9974
215,Photographic Emulsion,2.000E+02,3.186E+01,1.383E-02,3.187E+01,3.584E+00,3.575E+00,0.9975
215,Photographic Emulsion,2.250E+02,2.917E+01,1.239E-02,2.918E+01,4.405E+00,4.394E+00,0.9975
215,Photographic Emulsion,2.500E+02,2.696E+01,1.123E-02,2.697E+01,5.297E+00,5.284E+00,0.9976
215,Photographic Emulsion,2.750E+02,2.512E+01,1.027E-02,2.513E+01,6.258E+00,6.243E+00,0.9976
215,Photographic Emulsion,3.000E+02,2.356E+01,9.464E-03,2.357E+01,7.286E+00,7.269E+00,0.9977
215,Photographic Emulsion,3.500E+02,2.106E+01,8.183E-03,2.107E+01,9.534E+00,9.513E+00,0.9977
215,Photographic Emulsion,4.000E+02,1.914E+01,7.213E-03,1.914E+01,1.203E+01,1.200E+01,0.9978
215,Photographic Emulsion,4.500E+02,1.761E+01,6.450E-03,1.762E+01,1.475E+01,1.472E+01,0.9978
215,Photographic Emulsion,5.000E+02,1.637E+01,5.835E-03,1.637E+01,1.770E+01,1.766E+01,0.9979
215,Photographic Emulsion,5.500E+02,1.534E+01,5.329E-03,1.534E+01,2.086E+01,2.081E+01,0.9979
215,Photographic Emulsion,6.000E+02,1.447E+01,4.904E-03,1.447E+01,2.422E+01,2.417E+01,0.9979
215,Photographic Emulsion,6.500E+02,1.373E+01,4.542E-03,1.373E+01,2.776E+01,2.771E+01,0.9980
215,Photographic Emulsion,7.000E+02,1.308E+01,4.230E-03,1.309E+01,3.150E+01,3.143E+01,0.9980
215,Photographic Emulsion,7.500E+02,1.252E+01,3.959E-03,1.253E+01,3.540E+01,3.533E+01,0.9980
215,Photographic Emulsion,8.000E+02,1.203E+01,3.720E-03,1.203E+01,3.947E+01,3.940E+01,0.9981
215,Photographic Emulsion,8.500E+02,1.159E+01,3.508E-03,1.160E+01,4.371E+01,4.363E+01,0.9981
215,Photographic Emulsion,9.000E+02,1.120E+01,3.320E-03,1.120E+01,4.810E+01,4.801E+01,0.9981
215,Photographic Emulsion,9.500E+02,1.085E+01,3.151E-03,1.085E+01,5.263E+01,5.253E+01,0.9981
215,Photographic Emulsion,1.000E+03,1.053E+01,2.998E-03,1.053E+01,5.731E+01,5.720E+01,0.9982
216,Plastic Scintillator (Vinyltoluene based),1.000E-03,1.924E+02,2.319E+02,4.243E+02,2.714E-06,1.513E-06,0.5575
216,Plastic Scintillator (Vinyltoluene based),1.500E-03,2.298E+02,2.106E+02,4.404E+02,3.866E-06,2.243E-06,0.5802
216,Plastic Scintillator (Vinyltoluene based),2.000E-03,2.608E+02,1.933E+02,4.541E+02,4.984E-06,2.987E-06,0.5992
216,Plastic Scintillator (Vinyltoluene based),2.500E-03,2.878E+02,1.790E+02,4.668E+02,6.070E-06,3.736E-06,0.6154
216,Plastic Scintillator (Vinyltoluene based),3.000E-03,3.120E+02,1.671E+02,4.791E+02,7.127E-06,4.487E-06,0.6295
216,Plastic Scintillator (Vinyltoluene based),4.000E-03,3.544E+02,1.482E+02,5.026E+02,9.165E-06,5.985E-06,0.6531
216,Plastic Scintillator (Vinyltoluene based),5.000E-03,3.914E+02,1.337E+02,5.251E+02,1.111E-05,7.469E-06,0.6722
216,Plastic Scintillator (Vinyltoluene based),6.000E-03,4.246E+02,1.222E+02,5.468E+02,1.298E-05,8.933E-06,0.6884
216,Plastic Scintillator (Vinyltoluene based),7.000E-03,4.548E+02,1.129E+02,5.677E+02,1.477E-05,1.037E-05,0.7022
216,Plastic Scintillator (Vinyltoluene based),8.000E-03,4.828E+02,1.050E+02,5.879E+02,1.650E-05,1.179E-05,0.7143
216,Plastic Scintillator (Vinyltoluene based),9.000E-03,5.090E+02,9.835E+01,6.074E+02,1.818E-05,1.318E-05,0.7250
216,Plastic Scintillator (Vinyltoluene based),1.000E-02,5.337E+02,9.259E+01,6.263E+02,1.980E-05,1.454E-05,0.7345
216,Plastic Scintillator (Vinyltoluene based),1.250E-02,5.900E+02,8.109E+01,6.711E+02,2.365E-05,1.785E-05,0.7546
216,Plastic Scintillator (Vinyltoluene based),1.500E-02,6.405E+02,7.243E+01,7.129E+02,2.726E-05,2.101E-05,0.7708
216,Plastic Scintillator (Vinyltoluene based),1.750E-02,6.866E+02,6.563E+01,7.522E+02,3.068E-05,2.405E-05,0.7841
216,Plastic Scintillator (Vinyltoluene based),2.000E-02,7.293E+02,6.013E+01,7.894E+02,3.392E-05,2.698E-05,0.7954
216,Plastic Scintillator (Vinyltoluene based),2.250E-02,7.692E+02,5.558E+01,8.247E+02,3.702E-05,2.980E-05,0.8052
216,Plastic Scintillator (Vinyltoluene based),2.500E-02,8.067E+02,5.173E+01,8.584E+02,3.999E-05,3.254E-05,0.8137
216,Plastic Scintillator (Vinyltoluene based),2.750E-02,8.422E+02,4.845E+01,8.907E+02,4.285E-05,3.518E-05,0.8212
216,Plastic Scintillator (Vinyltoluene based),3.000E-02,8.760E+02,4.559E+01,9.216E+02,4.560E-05,3.775E-05,0.8279
216,Plastic Scintillator (Vinyltoluene based),3.500E-02,9.392E+02,4.088E+01,9.801E+02,5.086E-05,4.269E-05,0.8393
216,Plastic Scintillator (Vinyltoluene based),4.000E-02,9.975E+02,3.713E+01,1.035E+03,5.583E-05,4.739E-05,0.8489
216,Plastic Scintillator (Vinyltoluene based),4.500E-02,1.052E+03,3.408E+01,1.086E+03,6.054E-05,5.188E-05,0.8569
216,Plastic Scintillator (Vinyltoluene based),5.000E-02,1.103E+03,3.153E+01,1.134E+03,6.504E-05,5.619E-05,0.8639
216,Plastic Scintillator (Vinyltoluene based),5.500E-02,1.151E+03,2.937E+01,1.180E+03,6.937E-05,6.034E-05,0.8700
216,Plastic Scintillator (Vinyltoluene based),6.000E-02,1.197E+03,2.751E+01,1.224E+03,7.352E-05,6.436E-05,0.8753
216,Plastic Scintillator (Vinyltoluene based),6.500E-02,1.240E+03,2.590E+01,1.266E+03,7.754E-05,6.824E-05,0.8801
216,Plastic Scintillator (Vinyltoluene based),7.000E-02,1.281E+03,2.448E+01,1.306E+03,8.143E-05,7.202E-05,0.8844
216,Plastic Scintillator (Vinyltoluene based),7.500E-02,1.321E+03,2.322E+01,1.344E+03,8.520E-05,7.568E-05,0.8883
216,Plastic Scintillator (Vinyltoluene based),8.000E-02,1.359E+03,2.209E+01,1.381E+03,8.887E-05,7.926E-05,0.8918
216,Plastic Scintillator (Vinyltoluene based),8.500E-02,1.395E+03,2.108E+01,1.416E+03,9.245E-05,8.275E-05,0.8951
216,Plastic Scintillator (Vinyltoluene based),9.000E-02,1.430E+03,2.017E+01,1.450E+03,9.594E-05,8.616E-05,0.8981
216,Plastic Scintillator (Vinyltoluene based),9.500E-02,1.464E+03,1.934E+01,1.483E+03,9.934E-05,8.949E-05,0.9008
216,Plastic Scintillator (Vinyltoluene based),1.000E-01,1.497E+03,1.858E+01,1.515E+03,1.027E-04,9.276E-05,0.9034
216,Plastic Scintillator (Vinyltoluene based),1.250E-01,1.644E+03,1.558E+01,1.659E+03,1.184E-04,1.082E-04,0.9139
216,Plastic Scintillator (Vinyltoluene based),1.500E-01,1.769E+03,1.347E+01,1.783E+03,1.329E-04,1.225E-04,0.9218
216,Plastic Scintillator (Vinyltoluene based),1.750E-01,1.878E+03,1.190E+01,1.890E+03,1.465E-04,1.360E-04,0.9280
216,Plastic Scintillator (Vinyltoluene based),2.000E-01,1.971E+03,1.068E+01,1.982E+03,1.595E-04,1.488E-04,0.9330
216,Plastic Scintillator (Vinyltoluene based),2.250E-01,2.053E+03,9.703E+00,2.062E+03,1.718E-04,1.610E-04,0.9372
216,Plastic Scintillator (Vinyltoluene based),2.500E-01,2.123E+03,8.901E+00,2.132E+03,1.837E-04,1.729E-04,0.9408
216,Plastic Scintillator (Vinyltoluene based),2.750E-01,2.184E+03,8.230E+00,2.192E+03,1.953E-04,1.843E-04,0.9439
216,Plastic Scintillator (Vinyltoluene based),3.000E-01,2.236E+03,7.660E+00,2.244E+03,2.066E-04,1.955E-04,0.9467
216,Plastic Scintillator (Vinyltoluene based),3.500E-01,2.319E+03,6.740E+00,2.326E+03,2.284E-04,2.173E-04,0.9513
216,Plastic Scintillator (Vinyltoluene based),4.000E-01,2.377E+03,6.030E+00,2.383E+03,2.496E-04,2.384E-04,0.9550
216,Plastic Scintillator (Vinyltoluene based),4.500E-01,2.414E+03,5.464E+00,2.420E+03,2.705E-04,2.592E-04,0.9582
216,Plastic Scintillator (Vinyltoluene based),5.000E-01,2.436E+03,5.001E+00,2.441E+03,2.910E-04,2.796E-04,0.9609
216,Plastic Scintillator (Vinyltoluene based),5.500E-01,2.445E+03,4.615E+00,2.449E+03,3.115E-04,3.000E-04,0.9633
216,Plastic Scintillator (Vinyltoluene based),6.000E-01,2.443E+03,4.288E+00,2.447E+03,3.319E-04,3.204E-04,0.9654
216,Plastic Scintillator (Vinyltoluene based),6.500E-01,2.433E+03,4.006E+00,2.437E+03,3.523E-04,3.408E-04,0.9672
216,Plastic Scintillator (Vinyltoluene based),7.000E-01,2.417E+03,3.762E+00,2.421E+03,3.729E-04,3.613E-04,0.9689
216,Plastic Scintillator (Vinyltoluene based),7.500E-01,2.396E+03,3.548E+00,2.400E+03,3.937E-04,3.820E-04,0.9704
216,Plastic Scintillator (Vinyltoluene based),8.000E-01,2.371E+03,3.358E+00,2.375E+03,4.146E-04,4.029E-04,0.9718
216,Plastic Scintillator (Vinyltoluene based),8.500E-01,2.343E+03,3.188E+00,2.347E+03,4.358E-04,4.241E-04,0.9731
216,Plastic Scintillator (Vinyltoluene based),9.000E-01,2.314E+03,3.036E+00,2.317E+03,4.572E-04,4.455E-04,0.9743
216,Plastic Scintillator (Vinyltoluene based),9.500E-01,2.283E+03,2.899E+00,2.285E+03,4.790E-04,4.672E-04,0.9754
216,Plastic Scintillator (Vinyltoluene based),1.000E+00,2.251E+03,2.774E+00,2.253E+03,5.010E-04,4.892E-04,0.9764
216,Plastic Scintillator (Vinyltoluene based),1.250E+00,2.091E+03,2.289E+00,2.093E+03,6.161E-04,6.041E-04,0.9805
216,Plastic Scintillator (Vinyltoluene based),1.500E+00,1.936E+03,1.955E+00,1.938E+03,7.402E-04,7.281E-04,0.9836
216,Plastic Scintillator (Vinyltoluene based),1.750E+00,1.791E+03,1.710E+00,1.793E+03,8.744E-04,8.621E-04,0.9860
216,Plastic Scintillator (Vinyltoluene based),2.000E+00,1.657E+03,1.523E+00,1.659E+03,1.019E-03,1.007E-03,0.9878
216,Plastic Scintillator (Vinyltoluene based),2.250E+00,1.537E+03,1.374E+00,1.539E+03,1.176E-03,1.163E-03,0.9893
216,Plastic Scintillator (Vinyltoluene based),2.500E+00,1.435E+03,1.253E+00,1.437E+03,1.344E-03,1.332E-03,0.9906
216,Plastic Scintillator (Vinyltoluene based),2.750E+00,1.349E+03,1.153E+00,1.350E+03,1.524E-03,1.511E-03,0.9916
216,Plastic Scintillator (Vinyltoluene based),3.000E+00,1.273E+03,1.068E+00,1.274E+03,1.715E-03,1.702E-03,0.9925
216,Plastic Scintillator (Vinyltoluene based),3.500E+00,1.148E+03,9.323E-01,1.149E+03,2.128E-03,2.115E-03,0.9938
216,Plastic Scintillator (Vinyltoluene based),4.000E+00,1.047E+03,8.286E-01,1.048E+03,2.585E-03,2.571E-03,0.9948
216,Plastic Scintillator (Vinyltoluene based),4.500E+00,9.648E+02,7.466E-01,9.655E+02,3.082E-03,3.068E-03,0.9955
216,Plastic Scintillator (Vinyltoluene based),5.000E+00,8.959E+02,6.800E-01,8.965E+02,3.620E-03,3.606E-03,0.9961
216,Plastic Scintillator (Vinyltoluene based),5.500E+00,8.373E+02,6.248E-01,8.379E+02,4.197E-03,4.183E-03,0.9966
216,Plastic Scintillator (Vinyltoluene based),6.000E+00,7.867E+02,5.782E-01,7.872E+02,4.813E-03,4.799E-03,0.9969
216,Plastic Scintillator (Vinyltoluene based),6.500E+00,7.424E+02,5.384E-01,7.430E+02,5.468E-03,5.452E-03,0.9972
216,Plastic Scintillator (Vinyltoluene based),7.000E+00,7.035E+02,5.039E-01,7.040E+02,6.159E-03,6.144E-03,0.9975
216,Plastic Scintillator (Vinyltoluene based),7.500E+00,6.688E+02,4.738E-01,6.693E+02,6.888E-03,6.872E-03,0.9977
216,Plastic Scintillator (Vinyltoluene based),8.000E+00,6.377E+02,4.472E-01,6.381E+02,7.653E-03,7.637E-03,0.9979
216,Plastic Scintillator (Vinyltoluene based),8.500E+00,6.097E+02,4.236E-01,6.101E+02,8.455E-03,8.438E-03,0.9980
216,Plastic Scintillator (Vinyltoluene based),9.000E+00,5.843E+02,4.024E-01,5.847E+02,9.292E-03,9.275E-03,0.9982
216,Plastic Scintillator (Vinyltoluene based),9.500E+00,5.612E+02,3.833E-01,5.615E+02,1.016E-02,1.015E-02,0.9983
216,Plastic Scintillator (Vinyltoluene based),1.000E+01,5.400E+02,3.661E-01,5.404E+02,1.107E-02,1.106E-02,0.9984
216,Plastic Scintillator (Vinyltoluene based),1.250E+01,4.560E+02,2.993E-01,4.563E+02,1.613E-02,1.611E-02,0.9988
216,Plastic Scintillator (Vinyltoluene based),1.500E+01,3.963E+02,2.538E-01,3.966E+02,2.202E-02,2.200E-02,0.9990
216,Plastic Scintillator (Vinyltoluene based),1.750E+01,3.515E+02,2.206E-01,3.518E+02,2.873E-02,2.870E-02,0.9991
216,Plastic Scintillator (Vinyltoluene based),2.000E+01,3.166E+02,1.953E-01,3.168E+02,3.623E-02,3.620E-02,0.9992
216,Plastic Scintillator (Vinyltoluene based),2.500E+01,2.653E+02,1.592E-01,2.655E+02,5.355E-02,5.351E-02,0.9993
216,Plastic Scintillator (Vinyltoluene based),2.750E+01,2.459E+02,1.459E-01,2.461E+02,6.333E-02,6.330E-02,0.9994
216,Plastic Scintillator (Vinyltoluene based),3.000E+01,2.294E+02,1.346E-01,2.295E+02,7.386E-02,7.382E-02,0.9994
216,Plastic Scintillator (Vinyltoluene based),3.500E+01,2.027E+02,1.167E-01,2.028E+02,9.709E-02,9.704E-02,0.9995
216,Plastic Scintillator (Vinyltoluene based),4.000E+01,1.820E+02,1.032E-01,1.821E+02,1.232E-01,1.231E-01,0.9995
216,Plastic Scintillator (Vinyltoluene based),4.500E+01,1.654E+02,9.246E-02,1.655E+02,1.520E-01,1.519E-01,0.9995
216,Plastic Scintillator (Vinyltoluene based),5.000E+01,1.518E+02,8.379E-02,1.519E+02,1.836E-01,1.835E-01,0.9995
216,Plastic Scintillator (Vinyltoluene based),5.500E+01,1.405E+02,7.663E-02,1.406E+02,2.178E-01,2.177E-01,0.9996
216,Plastic Scintillator (Vinyltoluene based),6.000E+01,1.309E+02,7.060E-02,1.310E+02,2.547E-01,2.546E-01,0.9996
216,Plastic Scintillator (Vinyltoluene based),6.500E+01,1.226E+02,6.546E-02,1.227E+02,2.941E-01,2.940E-01,0.9996
216,Plastic Scintillator (Vinyltoluene based),7.000E+01,1.154E+02,6.104E-02,1.155E+02,3.362E-01,3.360E-01,0.9996
216,Plastic Scintillator (Vinyltoluene based),7.500E+01,1.091E+02,5.719E-02,1.092E+02,3.807E-01,3.806E-01,0.9996
216,Plastic Scintillator (Vinyltoluene based),8.000E+01,1.035E+02,5.380E-02,1.036E+02,4.278E-01,4.276E-01,0.9996
216,Plastic Scintillator (Vinyltoluene based),8.500E+01,9.851E+01,5.080E-02,9.856E+01,4.773E-01,4.771E-01,0.9996
216,Plastic Scintillator (Vinyltoluene based),9.000E+01,9.402E+01,4.812E-02,9.407E+01,5.292E-01,5.290E-01,0.9996
216,Plastic Scintillator (Vinyltoluene based),9.500E+01,8.996E+01,4.570E-02,9.001E+01,5.836E-01,5.834E-01,0.9996
216,Plastic Scintillator (Vinyltoluene based),1.000E+02,8.628E+01,4.352E-02,8.632E+01,6.403E-01,6.401E-01,0.9996
216,Plastic Scintillator (Vinyltoluene based),1.250E+02,7.195E+01,3.515E-02,7.199E+01,9.590E-01,9.587E-01,0.9997
216,Plastic Scintillator (Vinyltoluene based),1.500E+02,6.208E+01,2.947E-02,6.211E+01,1.334E+00,1.334E+00,0.9997
216,Plastic Scintillator (Vinyltoluene based),1.750E+02,5.483E+01,2.539E-02,5.486E+01,1.763E+00,1.763E+00,0.9997
216,Plastic Scintillator (Vinyltoluene based),2.000E+02,4.928E+01,2.230E-02,4.930E+01,2.245E+00,2.244E+00,0.9997
216,Plastic Scintillator (Vinyltoluene based),2.250E+02,4.488E+01,1.990E-02,4.490E+01,2.777E+00,2.776E+00,0.9997
216,Plastic Scintillator (Vinyltoluene based),2.500E+02,4.131E+01,1.796E-02,4.133E+01,3.358E+00,3.357E+00,0.9997
216,Plastic Scintillator (Vinyltoluene based),2.750E+02,3.835E+01,1.636E-02,3.836E+01,3.986E+00,3.985E+00,0.9997
216,Plastic Scintillator (Vinyltoluene based),3.000E+02,3.585E+01,1.502E-02,3.586E+01,4.661E+00,4.659E+00,0.9997
216,Plastic Scintillator (Vinyltoluene based),3.500E+02,3.186E+01,1.290E-02,3.187E+01,6.143E+00,6.141E+00,0.9997
216,Plastic Scintillator (Vinyltoluene based),4.000E+02,2.882E+01,1.131E-02,2.883E+01,7.795E+00,7.793E+00,0.9997
216,Plastic Scintillator (Vinyltoluene based),4.500E+02,2.642E+01,1.007E-02,2.643E+01,9.609E+00,9.606E+00,0.9997
216,Plastic Scintillator (Vinyltoluene based),5.000E+02,2.447E+01,9.078E-03,2.448E+01,1.158E+01,1.157E+01,0.9997
216,Plastic Scintillator (Vinyltoluene based),5.500E+02,2.287E+01,8.259E-03,2.288E+01,1.369E+01,1.369E+01,0.9997
216,Plastic Scintillator (Vinyltoluene based),6.000E+02,2.152E+01,7.573E-03,2.152E+01,1.595E+01,1.594E+01,0.9997
216,Plastic Scintillator (Vinyltoluene based),6.500E+02,2.037E+01,6.993E-03,2.037E+01,1.834E+01,1.833E+01,0.9997
216,Plastic Scintillator (Vinyltoluene based),7.000E+02,1.937E+01,6.497E-03,1.938E+01,2.085E+01,2.085E+01,0.9997
216,Plastic Scintillator (Vinyltoluene based),7.500E+02,1.851E+01,6.068E-03,1.852E+01,2.349E+01,2.349E+01,0.9998
216,Plastic Scintillator (Vinyltoluene based),8.000E+02,1.775E+01,5.692E-03,1.775E+01,2.625E+01,2.625E+01,0.9998
216,Plastic Scintillator (Vinyltoluene based),8.500E+02,1.708E+01,5.359E-03,1.708E+01,2.912E+01,2.912E+01,0.9998
216,Plastic Scintillator (Vinyltoluene based),9.000E+02,1.648E+01,5.063E-03,1.648E+01,3.210E+01,3.210E+01,0.9998
216,Plastic Scintillator (Vinyltoluene based),9.500E+02,1.594E+01,4.797E-03,1.594E+01,3.519E+01,3.518E+01,0.9998
216,Plastic Scintillator (Vinyltoluene based),1.000E+03,1.545E+01,4.558E-03,1.546E+01,3.838E+01,3.837E+01,0.9998
219,"Polycarbonate (Makrolon, Lexan)",1.000E-03,1.463E+02,1.995E+02,3.459E+02,3.320E-06,1.674E-06,0.5042
219,"Polycarbonate (Makrolon, Lexan)",1.500E-03,1.781E+02,1.825E+02,3.605E+02,4.730E-06,2.494E-06,0.5273
219,"Polycarbonate (Makrolon, Lexan)",2.000E-03,2.047E+02,1.683E+02,3.730E+02,6.093E-06,3.332E-06,0.5468
219,"Polycarbonate (Makrolon, Lexan)",2.500E-03,2.281E+02,1.564E+02,3.845E+02,7.413E-06,4.178E-06,0.5636
219,"Polycarbonate (Makrolon, Lexan)",3.000E-03,2.492E+02,1.465E+02,3.956E+02,8.695E-06,5.028E-06,0.5783
219,"Polycarbonate (Makrolon, Lexan)",4.000E-03,2.864E+02,1.305E+02,4.169E+02,1.116E-05,6.728E-06,0.6031
219,"Polycarbonate (Makrolon, Lexan)",5.000E-03,3.191E+02,1.182E+02,4.373E+02,1.350E-05,8.416E-06,0.6235
219,"Polycarbonate (Makrolon, Lexan)",6.000E-03,3.485E+02,1.083E+02,4.569E+02,1.574E-05,1.008E-05,0.6408
219,"Polycarbonate (Makrolon, Lexan)",7.000E-03,3.755E+02,1.003E+02,4.758E+02,1.788E-05,1.173E-05,0.6558
219,"Polycarbonate (Makrolon, Lexan)",8.000E-03,4.006E+02,9.348E+01,4.940E+02,1.994E-05,1.334E-05,0.6690
219,"Polycarbonate (Makrolon, Lexan)",9.000E-03,4.241E+02,8.768E+01,5.117E+02,2.193E-05,1.493E-05,0.6807
219,"Polycarbonate (Makrolon, Lexan)",1.000E-02,4.462E+02,8.267E+01,5.289E+02,2.385E-05,1.649E-05,0.6912
219,"Polycarbonate (Makrolon, Lexan)",1.250E-02,4.970E+02,7.261E+01,5.696E+02,2.840E-05,2.026E-05,0.7134
219,"Polycarbonate (Makrolon, Lexan)",1.500E-02,5.428E+02,6.499E+01,6.078E+02,3.265E-05,2.388E-05,0.7314
219,"Polycarbonate (Makrolon, Lexan)",1.750E-02,5.847E+02,5.899E+01,6.437E+02,3.665E-05,2.735E-05,0.7464
219,"Polycarbonate (Makrolon, Lexan)",2.000E-02,6.235E+02,5.413E+01,6.777E+02,4.043E-05,3.069E-05,0.7591
219,"Polycarbonate (Makrolon, Lexan)",2.250E-02,6.599E+02,5.009E+01,7.100E+02,4.403E-05,3.391E-05,0.7701
219,"Polycarbonate (Makrolon, Lexan)",2.500E-02,6.942E+02,4.668E+01,7.408E+02,4.748E-05,3.702E-05,0.7797
219,"Polycarbonate (Makrolon, Lexan)",2.750E-02,7.266E+02,4.375E+01,7.704E+02,5.079E-05,4.003E-05,0.7883
219,"Polycarbonate (Makrolon, Lexan)",3.000E-02,7.576E+02,4.120E+01,7.988E+02,5.397E-05,4.296E-05,0.7959
219,"Polycarbonate (Makrolon, Lexan)",3.500E-02,8.155E+02,3.699E+01,8.525E+02,6.003E-05,4.857E-05,0.8090
219,"Polycarbonate (Makrolon, Lexan)",4.000E-02,8.691E+02,3.364E+01,9.027E+02,6.573E-05,5.389E-05,0.8200
219,"Polycarbonate (Makrolon, Lexan)",4.500E-02,9.190E+02,3.090E+01,9.499E+02,7.113E-05,5.898E-05,0.8292
219,"Polycarbonate (Makrolon, Lexan)",5.000E-02,9.659E+02,2.861E+01,9.945E+02,7.627E-05,6.386E-05,0.8373
219,"Polycarbonate (Makrolon, Lexan)",5.500E-02,1.010E+03,2.666E+01,1.037E+03,8.119E-05,6.855E-05,0.8443
219,"Polycarbonate (Makrolon, Lexan)",6.000E-02,1.052E+03,2.499E+01,1.077E+03,8.592E-05,7.308E-05,0.8505
219,"Polycarbonate (Makrolon, Lexan)",6.500E-02,1.092E+03,2.354E+01,1.116E+03,9.048E-05,7.746E-05,0.8561
219,"Polycarbonate (Makrolon, Lexan)",7.000E-02,1.130E+03,2.226E+01,1.153E+03,9.489E-05,8.171E-05,0.8611
219,"Polycarbonate (Makrolon, Lexan)",7.500E-02,1.167E+03,2.112E+01,1.188E+03,9.916E-05,8.584E-05,0.8656
219,"Polycarbonate (Makrolon, Lexan)",8.000E-02,1.202E+03,2.010E+01,1.222E+03,1.033E-04,8.985E-05,0.8698
219,"Polycarbonate (Makrolon, Lexan)",8.500E-02,1.235E+03,1.919E+01,1.255E+03,1.073E-04,9.377E-05,0.8735
219,"Polycarbonate (Makrolon, Lexan)",9.000E-02,1.268E+03,1.836E+01,1.286E+03,1.113E-04,9.760E-05,0.8770
219,"Polycarbonate (Makrolon, Lexan)",9.500E-02,1.299E+03,1.761E+01,1.317E+03,1.151E-04,1.013E-04,0.8803
219,"Polycarbonate (Makrolon, Lexan)",1.000E-01,1.329E+03,1.693E+01,1.346E+03,1.189E-04,1.050E-04,0.8833
219,"Polycarbonate (Makrolon, Lexan)",1.250E-01,1.465E+03,1.421E+01,1.479E+03,1.366E-04,1.223E-04,0.8957
219,"Polycarbonate (Makrolon, Lexan)",1.500E-01,1.581E+03,1.230E+01,1.593E+03,1.528E-04,1.383E-04,0.9050
219,"Polycarbonate (Makrolon, Lexan)",1.750E-01,1.681E+03,1.087E+01,1.692E+03,1.680E-04,1.533E-04,0.9123
219,"Polycarbonate (Makrolon, Lexan)",2.000E-01,1.768E+03,9.761E+00,1.778E+03,1.825E-04,1.675E-04,0.9183
219,"Polycarbonate (Makrolon, Lexan)",2.250E-01,1.843E+03,8.871E+00,1.852E+03,1.962E-04,1.812E-04,0.9233
219,"Polycarbonate (Makrolon, Lexan)",2.500E-01,1.908E+03,8.140E+00,1.917E+03,2.095E-04,1.943E-04,0.9276
219,"Polycarbonate (Makrolon, Lexan)",2.750E-01,1.965E+03,7.529E+00,1.972E+03,2.223E-04,2.071E-04,0.9313
219,"Polycarbonate (Makrolon, Lexan)",3.000E-01,2.013E+03,7.009E+00,2.020E+03,2.349E-04,2.195E-04,0.9346
219,"Polycarbonate (Makrolon, Lexan)",3.500E-01,2.090E+03,6.171E+00,2.096E+03,2.591E-04,2.436E-04,0.9401
219,"Polycarbonate (Makrolon, Lexan)",4.000E-01,2.144E+03,5.523E+00,2.150E+03,2.827E-04,2.670E-04,0.9447
219,"Polycarbonate (Makrolon, Lexan)",4.500E-01,2.180E+03,5.006E+00,2.185E+03,3.057E-04,2.900E-04,0.9485
219,"Polycarbonate (Makrolon, Lexan)",5.000E-01,2.201E+03,4.583E+00,2.205E+03,3.285E-04,3.127E-04,0.9518
219,"Polycarbonate (Makrolon, Lexan)",5.500E-01,2.210E+03,4.230E+00,2.214E+03,3.511E-04,3.352E-04,0.9547
219,"Polycarbonate (Makrolon, Lexan)",6.000E-01,2.209E+03,3.931E+00,2.213E+03,3.737E-04,3.577E-04,0.9572
219,"Polycarbonate (Makrolon, Lexan)",6.500E-01,2.202E+03,3.674E+00,2.205E+03,3.963E-04,3.803E-04,0.9595
219,"Polycarbonate (Makrolon, Lexan)",7.000E-01,2.188E+03,3.451E+00,2.192E+03,4.191E-04,4.029E-04,0.9615
219,"Polycarbonate (Makrolon, Lexan)",7.500E-01,2.170E+03,3.254E+00,2.174E+03,4.420E-04,4.258E-04,0.9634
219,"Polycarbonate (Makrolon, Lexan)",8.000E-01,2.149E+03,3.081E+00,2.152E+03,4.651E-04,4.488E-04,0.9651
219,"Polycarbonate (Makrolon, Lexan)",8.500E-01,2.125E+03,2.926E+00,2.128E+03,4.884E-04,4.721E-04,0.9667
219,"Polycarbonate (Makrolon, Lexan)",9.000E-01,2.099E+03,2.786E+00,2.102E+03,5.121E-04,4.957E-04,0.9681
219,"Polycarbonate (Makrolon, Lexan)",9.500E-01,2.072E+03,2.661E+00,2.075E+03,5.360E-04,5.196E-04,0.9694
219,"Polycarbonate (Makrolon, Lexan)",1.000E+00,2.044E+03,2.546E+00,2.046E+03,5.603E-04,5.439E-04,0.9707
219,"Polycarbonate (Makrolon, Lexan)",1.250E+00,1.912E+03,2.102E+00,1.914E+03,6.866E-04,6.700E-04,0.9758
219,"Polycarbonate (Makrolon, Lexan)",1.500E+00,1.785E+03,1.796E+00,1.787E+03,8.218E-04,8.049E-04,0.9795
219,"Polycarbonate (Makrolon, Lexan)",1.750E+00,1.661E+03,1.572E+00,1.663E+03,9.668E-04,9.498E-04,0.9824
219,"Polycarbonate (Makrolon, Lexan)",2.000E+00,1.543E+03,1.400E+00,1.544E+03,1.123E-03,1.106E-03,0.9847
219,"Polycarbonate (Makrolon, Lexan)",2.250E+00,1.433E+03,1.263E+00,1.435E+03,1.291E-03,1.274E-03,0.9866
219,"Polycarbonate (Makrolon, Lexan)",2.500E+00,1.340E+03,1.152E+00,1.341E+03,1.471E-03,1.454E-03,0.9881
219,"Polycarbonate (Makrolon, Lexan)",2.750E+00,1.261E+03,1.060E+00,1.262E+03,1.664E-03,1.646E-03,0.9894
219,"Polycarbonate (Makrolon, Lexan)",3.000E+00,1.191E+03,9.821E-01,1.192E+03,1.868E-03,1.850E-03,0.9904
219,"Polycarbonate (Makrolon, Lexan)",3.500E+00,1.076E+03,8.577E-01,1.076E+03,2.310E-03,2.291E-03,0.9921
219,"Polycarbonate (Makrolon, Lexan)",4.000E+00,9.824E+02,7.625E-01,9.831E+02,2.796E-03,2.778E-03,0.9934
219,"Polycarbonate (Makrolon, Lexan)",4.500E+00,9.060E+02,6.872E-01,9.067E+02,3.326E-03,3.307E-03,0.9943
219,"Polycarbonate (Makrolon, Lexan)",5.000E+00,8.420E+02,6.260E-01,8.426E+02,3.899E-03,3.880E-03,0.9951
219,"Polycarbonate (Makrolon, Lexan)",5.500E+00,7.875E+02,5.753E-01,7.881E+02,4.513E-03,4.493E-03,0.9956
219,"Polycarbonate (Makrolon, Lexan)",6.000E+00,7.405E+02,5.325E-01,7.410E+02,5.167E-03,5.147E-03,0.9961
219,"Polycarbonate (Makrolon, Lexan)",6.500E+00,6.992E+02,4.958E-01,6.997E+02,5.862E-03,5.842E-03,0.9965
219,"Polycarbonate (Makrolon, Lexan)",7.000E+00,6.629E+02,4.642E-01,6.633E+02,6.596E-03,6.575E-03,0.9968
219,"Polycarbonate (Makrolon, Lexan)",7.500E+00,6.305E+02,4.364E-01,6.309E+02,7.370E-03,7.348E-03,0.9971
219,"Polycarbonate (Makrolon, Lexan)",8.000E+00,6.015E+02,4.120E-01,6.019E+02,8.181E-03,8.159E-03,0.9973
219,"Polycarbonate (Makrolon, Lexan)",8.500E+00,5.753E+02,3.903E-01,5.757E+02,9.031E-03,9.008E-03,0.9975
219,"Polycarbonate (Makrolon, Lexan)",9.000E+00,5.516E+02,3.708E-01,5.519E+02,9.918E-03,9.895E-03,0.9977
219,"Polycarbonate (Makrolon, Lexan)",9.500E+00,5.299E+02,3.533E-01,5.303E+02,1.084E-02,1.082E-02,0.9979
219,"Polycarbonate (Makrolon, Lexan)",1.000E+01,5.101E+02,3.374E-01,5.105E+02,1.180E-02,1.178E-02,0.9980
219,"Polycarbonate (Makrolon, Lexan)",1.250E+01,4.314E+02,2.760E-01,4.317E+02,1.715E-02,1.712E-02,0.9985
219,"Polycarbonate (Makrolon, Lexan)",1.500E+01,3.754E+02,2.341E-01,3.756E+02,2.338E-02,2.335E-02,0.9987
219,"Polycarbonate (Makrolon, Lexan)",1.750E+01,3.333E+02,2.035E-01,3.335E+02,3.045E-02,3.042E-02,0.9989
219,"Polycarbonate (Makrolon, Lexan)",2.000E+01,3.004E+02,1.803E-01,3.006E+02,3.836E-02,3.833E-02,0.9990
219,"Polycarbonate (Makrolon, Lexan)",2.500E+01,2.521E+02,1.470E-01,2.522E+02,5.660E-02,5.656E-02,0.9992
219,"Polycarbonate (Makrolon, Lexan)",2.750E+01,2.338E+02,1.347E-01,2.339E+02,6.690E-02,6.685E-02,0.9993
219,"Polycarbonate (Makrolon, Lexan)",3.000E+01,2.181E+02,1.244E-01,2.183E+02,7.797E-02,7.792E-02,0.9993
219,"Polycarbonate (Makrolon, Lexan)",3.500E+01,1.929E+02,1.079E-01,1.930E+02,1.024E-01,1.023E-01,0.9994
219,"Polycarbonate (Makrolon, Lexan)",4.000E+01,1.733E+02,9.535E-02,1.734E+02,1.298E-01,1.297E-01,0.9994
219,"Polycarbonate (Makrolon, Lexan)",4.500E+01,1.576E+02,8.548E-02,1.577E+02,1.601E-01,1.600E-01,0.9994
219,"Polycarbonate (Makrolon, Lexan)",5.000E+01,1.447E+02,7.749E-02,1.448E+02,1.932E-01,1.931E-01,0.9995
219,"Polycarbonate (Makrolon, Lexan)",5.500E+01,1.340E+02,7.088E-02,1.340E+02,2.291E-01,2.290E-01,0.9995
219,"Polycarbonate (Makrolon, Lexan)",6.000E+01,1.248E+02,6.533E-02,1.249E+02,2.678E-01,2.676E-01,0.9995
219,"Polycarbonate (Makrolon, Lexan)",6.500E+01,1.170E+02,6.059E-02,1.170E+02,3.092E-01,3.090E-01,0.9995
219,"Polycarbonate (Makrolon, Lexan)",7.000E+01,1.101E+02,5.651E-02,1.102E+02,3.532E-01,3.530E-01,0.9995
219,"Polycarbonate (Makrolon, Lexan)",7.500E+01,1.041E+02,5.295E-02,1.042E+02,3.999E-01,3.997E-01,0.9995
219,"Polycarbonate (Makrolon, Lexan)",8.000E+01,9.881E+01,4.982E-02,9.886E+01,4.492E-01,4.490E-01,0.9996
219,"Polycarbonate (Makrolon, Lexan)",8.500E+01,9.406E+01,4.705E-02,9.411E+01,5.010E-01,5.008E-01,0.9996
219,"Polycarbonate (Makrolon, Lexan)",9.000E+01,8.979E+01,4.457E-02,8.984E+01,5.554E-01,5.552E-01,0.9996
219,"Polycarbonate (Makrolon, Lexan)",9.500E+01,8.593E+01,4.234E-02,8.597E+01,6.123E-01,6.121E-01,0.9996
219,"Polycarbonate (Makrolon, Lexan)",1.000E+02,8.242E+01,4.033E-02,8.246E+01,6.717E-01,6.714E-01,0.9996
219,"Polycarbonate (Makrolon, Lexan)",1.250E+02,6.878E+01,3.258E-02,6.881E+01,1.005E+00,1.005E+00,0.9996
219,"Polycarbonate (Makrolon, Lexan)",1.500E+02,5.937E+01,2.734E-02,5.940E+01,1.397E+00,1.397E+00,0.9996
219,"Polycarbonate (Makrolon, Lexan)",1.750E+02,5.246E+01,2.356E-02,5.249E+01,1.846E+00,1.846E+00,0.9996
219,"Polycarbonate (Makrolon, Lexan)",2.000E+02,4.717E+01,2.070E-02,4.719E+01,2.349E+00,2.349E+00,0.9996
219,"Polycarbonate (Makrolon, Lexan)",2.250E+02,4.297E+01,1.847E-02,4.299E+01,2.905E+00,2.904E+00,0.9996
219,"Polycarbonate (Makrolon, Lexan)",2.500E+02,3.956E+01,1.668E-02,3.957E+01,3.512E+00,3.511E+00,0.9997
219,"Polycarbonate (Makrolon, Lexan)",2.750E+02,3.673E+01,1.519E-02,3.674E+01,4.168E+00,4.167E+00,0.9997
219,"Polycarbonate (Makrolon, Lexan)",3.000E+02,3.434E+01,1.395E-02,3.435E+01,4.872E+00,4.871E+00,0.9997
219,"Polycarbonate (Makrolon, Lexan)",3.500E+02,3.053E+01,1.199E-02,3.054E+01,6.420E+00,6.418E+00,0.9997
219,"Polycarbonate (Makrolon, Lexan)",4.000E+02,2.762E+01,1.051E-02,2.763E+01,8.144E+00,8.141E+00,0.9997
219,"Polycarbonate (Makrolon, Lexan)",4.500E+02,2.532E+01,9.363E-03,2.533E+01,1.004E+01,1.003E+01,0.9997
219,"Polycarbonate (Makrolon, Lexan)",5.000E+02,2.346E+01,8.440E-03,2.347E+01,1.209E+01,1.208E+01,0.9997
219,"Polycarbonate (Makrolon, Lexan)",5.500E+02,2.193E+01,7.680E-03,2.194E+01,1.429E+01,1.429E+01,0.9997
219,"Polycarbonate (Makrolon, Lexan)",6.000E+02,2.064E+01,7.043E-03,2.064E+01,1.665E+01,1.664E+01,0.9997
219,"Polycarbonate (Makrolon, Lexan)",6.500E+02,1.953E+01,6.505E-03,1.954E+01,1.914E+01,1.913E+01,0.9997
219,"Polycarbonate (Makrolon, Lexan)",7.000E+02,1.859E+01,6.044E-03,1.859E+01,2.176E+01,2.175E+01,0.9997
219,"Polycarbonate (Makrolon, Lexan)",7.500E+02,1.776E+01,5.644E-03,1.776E+01,2.451E+01,2.451E+01,0.9997
219,"Polycarbonate (Makrolon, Lexan)",8.000E+02,1.703E+01,5.294E-03,1.704E+01,2.739E+01,2.738E+01,0.9997
219,"Polycarbonate (Makrolon, Lexan)",8.500E+02,1.639E+01,4.985E-03,1.639E+01,3.038E+01,3.037E+01,0.9997
219,"Polycarbonate (Makrolon, Lexan)",9.000E+02,1.581E+01,4.709E-03,1.582E+01,3.349E+01,3.348E+01,0.9997
219,"Polycarbonate (Makrolon, Lexan)",9.500E+02,1.530E+01,4.463E-03,1.530E+01,3.670E+01,3.669E+01,0.9997
219,"Polycarbonate (Makrolon, Lexan)",1.000E+03,1.483E+01,4.240E-03,1.483E+01,4.002E+01,4.001E+01,0.9997
221,Polyethylene,1.000E-03,1.682E+02,2.845E+02,4.527E+02,2.404E-06,1.447E-06,0.6020
221,Polyethylene,1.500E-03,2.058E+02,2.565E+02,4.623E+02,3.493E-06,2.167E-06,0.6203
221,Polyethylene,2.000E-03,2.375E+02,2.342E+02,4.717E+02,4.564E-06,2.903E-06,0.6360
221,Polyethylene,2.500E-03,2.654E+02,2.161E+02,4.815E+02,5.613E-06,3.647E-06,0.6497
221,Polyethylene,3.000E-03,2.907E+02,2.011E+02,4.917E+02,6.641E-06,4.395E-06,0.6617
221,Polyethylene,4.000E-03,3.354E+02,1.774E+02,5.129E+02,8.633E-06,5.888E-06,0.6821
221,Polyethylene,5.000E-03,3.748E+02,1.596E+02,5.344E+02,1.054E-05,7.369E-06,0.6990
221,Polyethylene,6.000E-03,4.105E+02,1.455E+02,5.559E+02,1.238E-05,8.828E-06,0.7132
221,Polyethylene,7.000E-03,4.432E+02,1.340E+02,5.772E+02,1.414E-05,1.026E-05,0.7256
221,Polyethylene,8.000E-03,4.737E+02,1.245E+02,5.981E+02,1.584E-05,1.167E-05,0.7364
221,Polyethylene,9.000E-03,5.023E+02,1.164E+02,6.186E+02,1.749E-05,1.305E-05,0.7460
221,Polyethylene,1.000E-02,5.293E+02,1.094E+02,6.387E+02,1.908E-05,1.440E-05,0.7546
221,Polyethylene,1.250E-02,5.914E+02,9.557E+01,6.870E+02,2.285E-05,1.766E-05,0.7728
221,Polyethylene,1.500E-02,6.476E+02,8.519E+01,7.328E+02,2.637E-05,2.077E-05,0.7875
221,Polyethylene,1.750E-02,6.991E+02,7.707E+01,7.762E+02,2.969E-05,2.374E-05,0.7997
221,Polyethylene,2.000E-02,7.471E+02,7.052E+01,8.176E+02,3.282E-05,2.659E-05,0.8100
221,Polyethylene,2.250E-02,7.921E+02,6.511E+01,8.572E+02,3.581E-05,2.932E-05,0.8189
221,Polyethylene,2.500E-02,8.346E+02,6.055E+01,8.951E+02,3.866E-05,3.196E-05,0.8266
221,Polyethylene,2.750E-02,8.749E+02,5.666E+01,9.316E+02,4.140E-05,3.451E-05,0.8335
221,Polyethylene,3.000E-02,9.135E+02,5.328E+01,9.668E+02,4.403E-05,3.697E-05,0.8396
221,Polyethylene,3.500E-02,9.859E+02,4.772E+01,1.034E+03,4.903E-05,4.168E-05,0.8501
221,Polyethylene,4.000E-02,1.053E+03,4.331E+01,1.096E+03,5.373E-05,4.614E-05,0.8588
221,Polyethylene,4.500E-02,1.116E+03,3.971E+01,1.156E+03,5.817E-05,5.039E-05,0.8662
221,Polyethylene,5.000E-02,1.175E+03,3.672E+01,1.212E+03,6.239E-05,5.444E-05,0.8726
221,Polyethylene,5.500E-02,1.232E+03,3.418E+01,1.266E+03,6.643E-05,5.833E-05,0.8782
221,Polyethylene,6.000E-02,1.285E+03,3.200E+01,1.317E+03,7.030E-05,6.208E-05,0.8831
221,Polyethylene,6.500E-02,1.336E+03,3.011E+01,1.366E+03,7.403E-05,6.569E-05,0.8874
221,Polyethylene,7.000E-02,1.385E+03,2.845E+01,1.414E+03,7.762E-05,6.919E-05,0.8914
221,Polyethylene,7.500E-02,1.432E+03,2.698E+01,1.459E+03,8.110E-05,7.258E-05,0.8949
221,Polyethylene,8.000E-02,1.478E+03,2.566E+01,1.503E+03,8.448E-05,7.588E-05,0.8982
221,Polyethylene,8.500E-02,1.521E+03,2.448E+01,1.546E+03,8.776E-05,7.909E-05,0.9012
221,Polyethylene,9.000E-02,1.564E+03,2.341E+01,1.587E+03,9.095E-05,8.221E-05,0.9039
221,Polyethylene,9.500E-02,1.604E+03,2.244E+01,1.627E+03,9.406E-05,8.526E-05,0.9064
221,Polyethylene,1.000E-01,1.644E+03,2.156E+01,1.665E+03,9.710E-05,8.824E-05,0.9088
221,Polyethylene,1.250E-01,1.825E+03,1.806E+01,1.843E+03,1.113E-04,1.023E-04,0.9184
221,Polyethylene,1.500E-01,1.983E+03,1.561E+01,1.999E+03,1.244E-04,1.151E-04,0.9256
221,Polyethylene,1.750E-01,2.122E+03,1.378E+01,2.136E+03,1.364E-04,1.271E-04,0.9313
221,Polyethylene,2.000E-01,2.246E+03,1.236E+01,2.258E+03,1.478E-04,1.384E-04,0.9359
221,Polyethylene,2.250E-01,2.355E+03,1.123E+01,2.367E+03,1.586E-04,1.491E-04,0.9398
221,Polyethylene,2.500E-01,2.453E+03,1.029E+01,2.463E+03,1.690E-04,1.594E-04,0.9431
221,Polyethylene,2.750E-01,2.539E+03,9.515E+00,2.549E+03,1.790E-04,1.693E-04,0.9459
221,Polyethylene,3.000E-01,2.615E+03,8.853E+00,2.624E+03,1.886E-04,1.789E-04,0.9484
221,Polyethylene,3.500E-01,2.740E+03,7.788E+00,2.748E+03,2.072E-04,1.974E-04,0.9526
221,Polyethylene,4.000E-01,2.833E+03,6.965E+00,2.840E+03,2.251E-04,2.152E-04,0.9561
221,Polyethylene,4.500E-01,2.899E+03,6.309E+00,2.905E+03,2.425E-04,2.325E-04,0.9590
221,Polyethylene,5.000E-01,2.940E+03,5.773E+00,2.946E+03,2.596E-04,2.496E-04,0.9615
221,Polyethylene,5.500E-01,2.962E+03,5.326E+00,2.968E+03,2.765E-04,2.664E-04,0.9637
221,Polyethylene,6.000E-01,2.967E+03,4.947E+00,2.972E+03,2.933E-04,2.832E-04,0.9657
221,Polyethylene,6.500E-01,2.958E+03,4.622E+00,2.963E+03,3.101E-04,3.000E-04,0.9674
221,Polyethylene,7.000E-01,2.938E+03,4.340E+00,2.942E+03,3.271E-04,3.169E-04,0.9690
221,Polyethylene,7.500E-01,2.908E+03,4.091E+00,2.912E+03,3.442E-04,3.340E-04,0.9704
221,Polyethylene,8.000E-01,2.871E+03,3.872E+00,2.875E+03,3.614E-04,3.512E-04,0.9718
221,Polyethylene,8.500E-01,2.829E+03,3.676E+00,2.832E+03,3.790E-04,3.687E-04,0.9730
221,Polyethylene,9.000E-01,2.782E+03,3.500E+00,2.785E+03,3.968E-04,3.865E-04,0.9742
221,Polyethylene,9.500E-01,2.732E+03,3.342E+00,2.736E+03,4.149E-04,4.046E-04,0.9752
221,Polyethylene,1.000E+00,2.681E+03,3.197E+00,2.684E+03,4.333E-04,4.230E-04,0.9762
221,Polyethylene,1.250E+00,2.418E+03,2.638E+00,2.420E+03,5.314E-04,5.210E-04,0.9804
221,Polyethylene,1.500E+00,2.183E+03,2.252E+00,2.185E+03,6.402E-04,6.297E-04,0.9836
221,Polyethylene,1.750E+00,1.987E+03,1.970E+00,1.989E+03,7.603E-04,7.496E-04,0.9860
221,Polyethylene,2.000E+00,1.826E+03,1.753E+00,1.827E+03,8.915E-04,8.808E-04,0.9880
221,Polyethylene,2.250E+00,1.691E+03,1.582E+00,1.693E+03,1.034E-03,1.023E-03,0.9895
221,Polyethylene,2.500E+00,1.577E+03,1.442E+00,1.579E+03,1.187E-03,1.176E-03,0.9908
221,Polyethylene,2.750E+00,1.480E+03,1.326E+00,1.482E+03,1.350E-03,1.339E-03,0.9918
221,Polyethylene,3.000E+00,1.396E+03,1.228E+00,1.397E+03,1.524E-03,1.513E-03,0.9927
221,Polyethylene,3.500E+00,1.257E+03,1.072E+00,1.258E+03,1.902E-03,1.891E-03,0.9940
221,Polyethylene,4.000E+00,1.145E+03,9.529E-01,1.146E+03,2.319E-03,2.308E-03,0.9950
221,Polyethylene,4.500E+00,1.053E+03,8.585E-01,1.054E+03,2.775E-03,2.763E-03,0.9957
221,Polyethylene,5.000E+00,9.771E+02,7.818E-01,9.779E+02,3.267E-03,3.255E-03,0.9963
221,Polyethylene,5.500E+00,9.124E+02,7.182E-01,9.131E+02,3.797E-03,3.785E-03,0.9968
221,Polyethylene,6.000E+00,8.565E+02,6.646E-01,8.572E+02,4.362E-03,4.350E-03,0.9971
221,Polyethylene,6.500E+00,8.078E+02,6.187E-01,8.084E+02,4.963E-03,4.950E-03,0.9974
221,Polyethylene,7.000E+00,7.649E+02,5.790E-01,7.654E+02,5.599E-03,5.586E-03,0.9977
221,Polyethylene,7.500E+00,7.267E+02,5.443E-01,7.273E+02,6.270E-03,6.256E-03,0.9979
221,Polyethylene,8.000E+00,6.926E+02,5.137E-01,6.931E+02,6.974E-03,6.960E-03,0.9980
221,Polyethylene,8.500E+00,6.618E+02,4.865E-01,6.623E+02,7.712E-03,7.698E-03,0.9982
221,Polyethylene,9.000E+00,6.339E+02,4.622E-01,6.344E+02,8.484E-03,8.470E-03,0.9983
221,Polyethylene,9.500E+00,6.086E+02,4.403E-01,6.090E+02,9.289E-03,9.274E-03,0.9984
221,Polyethylene,1.000E+01,5.854E+02,4.204E-01,5.858E+02,1.013E-02,1.011E-02,0.9985
221,Polyethylene,1.250E+01,4.935E+02,3.436E-01,4.939E+02,1.479E-02,1.478E-02,0.9989
221,Polyethylene,1.500E+01,4.284E+02,2.912E-01,4.287E+02,2.024E-02,2.022E-02,0.9991
221,Polyethylene,1.750E+01,3.797E+02,2.531E-01,3.799E+02,2.645E-02,2.643E-02,0.9992
221,Polyethylene,2.000E+01,3.417E+02,2.240E-01,3.419E+02,3.340E-02,3.337E-02,0.9993
221,Polyethylene,2.500E+01,2.860E+02,1.825E-01,2.862E+02,4.945E-02,4.942E-02,0.9994
221,Polyethylene,2.750E+01,2.650E+02,1.672E-01,2.651E+02,5.854E-02,5.850E-02,0.9994
221,Polyethylene,3.000E+01,2.470E+02,1.543E-01,2.472E+02,6.831E-02,6.827E-02,0.9995
221,Polyethylene,3.500E+01,2.181E+02,1.337E-01,2.183E+02,8.988E-02,8.984E-02,0.9995
221,Polyethylene,4.000E+01,1.957E+02,1.181E-01,1.958E+02,1.141E-01,1.141E-01,0.9996
221,Polyethylene,4.500E+01,1.778E+02,1.058E-01,1.779E+02,1.409E-01,1.409E-01,0.9996
221,Polyethylene,5.000E+01,1.632E+02,9.590E-02,1.633E+02,1.703E-01,1.702E-01,0.9996
221,Polyethylene,5.500E+01,1.510E+02,8.768E-02,1.510E+02,2.022E-01,2.021E-01,0.9996
221,Polyethylene,6.000E+01,1.406E+02,8.076E-02,1.407E+02,2.365E-01,2.364E-01,0.9996
221,Polyethylene,6.500E+01,1.317E+02,7.487E-02,1.317E+02,2.732E-01,2.731E-01,0.9996
221,Polyethylene,7.000E+01,1.239E+02,6.980E-02,1.240E+02,3.124E-01,3.123E-01,0.9996
221,Polyethylene,7.500E+01,1.171E+02,6.538E-02,1.172E+02,3.539E-01,3.538E-01,0.9996
221,Polyethylene,8.000E+01,1.111E+02,6.150E-02,1.111E+02,3.977E-01,3.976E-01,0.9997
221,Polyethylene,8.500E+01,1.057E+02,5.805E-02,1.057E+02,4.439E-01,4.437E-01,0.9997
221,Polyethylene,9.000E+01,1.009E+02,5.498E-02,1.009E+02,4.923E-01,4.921E-01,0.9997
221,Polyethylene,9.500E+01,9.649E+01,5.222E-02,9.654E+01,5.429E-01,5.428E-01,0.9997
221,Polyethylene,1.000E+02,9.252E+01,4.972E-02,9.257E+01,5.958E-01,5.957E-01,0.9997
221,Polyethylene,1.250E+02,7.712E+01,4.013E-02,7.716E+01,8.931E-01,8.928E-01,0.9997
221,Polyethylene,1.500E+02,6.650E+01,3.365E-02,6.654E+01,1.243E+00,1.243E+00,0.9997
221,Polyethylene,1.750E+02,5.872E+01,2.897E-02,5.875E+01,1.644E+00,1.643E+00,0.9997
221,Polyethylene,2.000E+02,5.276E+01,2.544E-02,5.279E+01,2.094E+00,2.093E+00,0.9997
221,Polyethylene,2.250E+02,4.804E+01,2.269E-02,4.807E+01,2.591E+00,2.590E+00,0.9997
221,Polyethylene,2.500E+02,4.421E+01,2.048E-02,4.423E+01,3.133E+00,3.133E+00,0.9997
221,Polyethylene,2.750E+02,4.103E+01,1.865E-02,4.105E+01,3.721E+00,3.720E+00,0.9997
221,Polyethylene,3.000E+02,3.835E+01,1.711E-02,3.837E+01,4.351E+00,4.350E+00,0.9997
221,Polyethylene,3.500E+02,3.407E+01,1.470E-02,3.409E+01,5.737E+00,5.735E+00,0.9997
221,Polyethylene,4.000E+02,3.081E+01,1.289E-02,3.083E+01,7.282E+00,7.280E+00,0.9997
221,Polyethylene,4.500E+02,2.824E+01,1.147E-02,2.825E+01,8.978E+00,8.976E+00,0.9998
221,Polyethylene,5.000E+02,2.616E+01,1.034E-02,2.617E+01,1.082E+01,1.082E+01,0.9998
221,Polyethylene,5.500E+02,2.444E+01,9.406E-03,2.445E+01,1.280E+01,1.279E+01,0.9998
221,Polyethylene,6.000E+02,2.299E+01,8.625E-03,2.300E+01,1.491E+01,1.490E+01,0.9998
221,Polyethylene,6.500E+02,2.176E+01,7.965E-03,2.177E+01,1.714E+01,1.714E+01,0.9998
221,Polyethylene,7.000E+02,2.070E+01,7.400E-03,2.070E+01,1.950E+01,1.950E+01,0.9998
221,Polyethylene,7.500E+02,1.977E+01,6.911E-03,1.978E+01,2.197E+01,2.197E+01,0.9998
221,Polyethylene,8.000E+02,1.896E+01,6.482E-03,1.896E+01,2.455E+01,2.455E+01,0.9998
221,Polyethylene,8.500E+02,1.824E+01,6.103E-03,1.824E+01,2.724E+01,2.724E+01,0.9998
221,Polyethylene,9.000E+02,1.759E+01,5.765E-03,1.760E+01,3.003E+01,3.003E+01,0.9998
221,Polyethylene,9.500E+02,1.702E+01,5.463E-03,1.702E+01,3.292E+01,3.292E+01,0.9998
221,Polyethylene,1.000E+03,1.650E+01,5.190E-03,1.650E+01,3.591E+01,3.590E+01,0.9998
222,Polyethylene Terephthalate (Mylar),1.000E-03,1.632E+02,1.829E+02,3.461E+02,3.432E-06,1.681E-06,0.4897
222,Polyethylene Terephthalate (Mylar),1.500E-03,1.953E+02,1.680E+02,3.633E+02,4.835E-06,2.487E-06,0.5144
222,Polyethylene Terephthalate (Mylar),2.000E-03,2.218E+02,1.554E+02,3.773E+02,6.186E-06,3.310E-06,0.5351
222,Polyethylene Terephthalate (Mylar),2.500E-03,2.449E+02,1.449E+02,3.898E+02,7.489E-06,4.139E-06,0.5527
222,Polyethylene Terephthalate (Mylar),3.000E-03,2.656E+02,1.359E+02,4.015E+02,8.753E-06,4.972E-06,0.5680
222,Polyethylene Terephthalate (Mylar),4.000E-03,3.019E+02,1.215E+02,4.234E+02,1.118E-05,6.637E-06,0.5938
222,Polyethylene Terephthalate (Mylar),5.000E-03,3.335E+02,1.103E+02,4.438E+02,1.348E-05,8.292E-06,0.6150
222,Polyethylene Terephthalate (Mylar),6.000E-03,3.618E+02,1.013E+02,4.631E+02,1.569E-05,9.928E-06,0.6328
222,Polyethylene Terephthalate (Mylar),7.000E-03,3.876E+02,9.388E+01,4.815E+02,1.781E-05,1.154E-05,0.6482
222,Polyethylene Terephthalate (Mylar),8.000E-03,4.115E+02,8.764E+01,4.991E+02,1.985E-05,1.313E-05,0.6618
222,Polyethylene Terephthalate (Mylar),9.000E-03,4.338E+02,8.230E+01,5.161E+02,2.182E-05,1.470E-05,0.6738
222,Polyethylene Terephthalate (Mylar),1.000E-02,4.548E+02,7.767E+01,5.325E+02,2.372E-05,1.624E-05,0.6845
222,Polyethylene Terephthalate (Mylar),1.250E-02,5.027E+02,6.835E+01,5.711E+02,2.825E-05,1.998E-05,0.7073
222,Polyethylene Terephthalate (Mylar),1.500E-02,5.457E+02,6.127E+01,6.069E+02,3.250E-05,2.359E-05,0.7258
222,Polyethylene Terephthalate (Mylar),1.750E-02,5.848E+02,5.568E+01,6.405E+02,3.651E-05,2.706E-05,0.7411
222,Polyethylene Terephthalate (Mylar),2.000E-02,6.210E+02,5.114E+01,6.722E+02,4.032E-05,3.040E-05,0.7542
222,Polyethylene Terephthalate (Mylar),2.250E-02,6.548E+02,4.736E+01,7.022E+02,4.395E-05,3.364E-05,0.7654
222,Polyethylene Terephthalate (Mylar),2.500E-02,6.866E+02,4.416E+01,7.308E+02,4.744E-05,3.678E-05,0.7753
222,Polyethylene Terephthalate (Mylar),2.750E-02,7.167E+02,4.142E+01,7.581E+02,5.080E-05,3.983E-05,0.7841
222,Polyethylene Terephthalate (Mylar),3.000E-02,7.453E+02,3.903E+01,7.843E+02,5.404E-05,4.280E-05,0.7919
222,Polyethylene Terephthalate (Mylar),3.500E-02,7.987E+02,3.507E+01,8.338E+02,6.022E-05,4.850E-05,0.8054
222,Polyethylene Terephthalate (Mylar),4.000E-02,8.479E+02,3.191E+01,8.799E+02,6.606E-05,5.394E-05,0.8166
222,Polyethylene Terephthalate (Mylar),4.500E-02,8.938E+02,2.933E+01,9.231E+02,7.160E-05,5.916E-05,0.8262
222,Polyethylene Terephthalate (Mylar),5.000E-02,9.368E+02,2.717E+01,9.640E+02,7.690E-05,6.417E-05,0.8344
222,Polyethylene Terephthalate (Mylar),5.500E-02,9.774E+02,2.534E+01,1.003E+03,8.199E-05,6.900E-05,0.8417
222,Polyethylene Terephthalate (Mylar),6.000E-02,1.016E+03,2.376E+01,1.040E+03,8.688E-05,7.368E-05,0.8480
222,Polyethylene Terephthalate (Mylar),6.500E-02,1.052E+03,2.238E+01,1.075E+03,9.161E-05,7.821E-05,0.8538
222,Polyethylene Terephthalate (Mylar),7.000E-02,1.087E+03,2.117E+01,1.108E+03,9.619E-05,8.262E-05,0.8589
222,Polyethylene Terephthalate (Mylar),7.500E-02,1.121E+03,2.009E+01,1.141E+03,1.006E-04,8.691E-05,0.8636
222,Polyethylene Terephthalate (Mylar),8.000E-02,1.153E+03,1.913E+01,1.172E+03,1.050E-04,9.109E-05,0.8678
222,Polyethylene Terephthalate (Mylar),8.500E-02,1.183E+03,1.827E+01,1.202E+03,1.092E-04,9.517E-05,0.8717
222,Polyethylene Terephthalate (Mylar),9.000E-02,1.213E+03,1.748E+01,1.230E+03,1.133E-04,9.916E-05,0.8753
222,Polyethylene Terephthalate (Mylar),9.500E-02,1.241E+03,1.677E+01,1.258E+03,1.173E-04,1.031E-04,0.8786
222,Polyethylene Terephthalate (Mylar),1.000E-01,1.269E+03,1.612E+01,1.285E+03,1.212E-04,1.069E-04,0.8817
222,Polyethylene Terephthalate (Mylar),1.250E-01,1.393E+03,1.354E+01,1.407E+03,1.398E-04,1.250E-04,0.8945
222,Polyethylene Terephthalate (Mylar),1.500E-01,1.500E+03,1.173E+01,1.512E+03,1.569E-04,1.419E-04,0.9040
222,Polyethylene Terephthalate (Mylar),1.750E-01,1.593E+03,1.037E+01,1.603E+03,1.730E-04,1.577E-04,0.9115
222,Polyethylene Terephthalate (Mylar),2.000E-01,1.673E+03,9.315E+00,1.683E+03,1.882E-04,1.727E-04,0.9176
222,Polyethylene Terephthalate (Mylar),2.250E-01,1.744E+03,8.468E+00,1.752E+03,2.027E-04,1.871E-04,0.9228
222,Polyethylene Terephthalate (Mylar),2.500E-01,1.806E+03,7.773E+00,1.814E+03,2.168E-04,2.010E-04,0.9271
222,Polyethylene Terephthalate (Mylar),2.750E-01,1.860E+03,7.191E+00,1.868E+03,2.303E-04,2.144E-04,0.9309
222,Polyethylene Terephthalate (Mylar),3.000E-01,1.908E+03,6.696E+00,1.914E+03,2.436E-04,2.275E-04,0.9342
222,Polyethylene Terephthalate (Mylar),3.500E-01,1.985E+03,5.897E+00,1.991E+03,2.691E-04,2.529E-04,0.9398
222,Polyethylene Terephthalate (Mylar),4.000E-01,2.042E+03,5.279E+00,2.047E+03,2.939E-04,2.776E-04,0.9444
222,Polyethylene Terephthalate (Mylar),4.500E-01,2.083E+03,4.786E+00,2.087E+03,3.181E-04,3.016E-04,0.9483
222,Polyethylene Terephthalate (Mylar),5.000E-01,2.110E+03,4.382E+00,2.114E+03,3.418E-04,3.253E-04,0.9516
222,Polyethylene Terephthalate (Mylar),5.500E-01,2.126E+03,4.046E+00,2.130E+03,3.654E-04,3.487E-04,0.9544
222,Polyethylene Terephthalate (Mylar),6.000E-01,2.133E+03,3.760E+00,2.137E+03,3.888E-04,3.721E-04,0.9570
222,Polyethylene Terephthalate (Mylar),6.500E-01,2.133E+03,3.515E+00,2.136E+03,4.122E-04,3.954E-04,0.9592
222,Polyethylene Terephthalate (Mylar),7.000E-01,2.126E+03,3.301E+00,2.130E+03,4.357E-04,4.188E-04,0.9612
222,Polyethylene Terephthalate (Mylar),7.500E-01,2.115E+03,3.114E+00,2.118E+03,4.592E-04,4.422E-04,0.9631
222,Polyethylene Terephthalate (Mylar),8.000E-01,2.100E+03,2.948E+00,2.103E+03,4.829E-04,4.659E-04,0.9648
222,Polyethylene Terephthalate (Mylar),8.500E-01,2.082E+03,2.800E+00,2.084E+03,5.068E-04,4.897E-04,0.9663
222,Polyethylene Terephthalate (Mylar),9.000E-01,2.061E+03,2.667E+00,2.064E+03,5.309E-04,5.137E-04,0.9677
222,Polyethylene Terephthalate (Mylar),9.500E-01,2.038E+03,2.547E+00,2.041E+03,5.552E-04,5.381E-04,0.9691
222,Polyethylene Terephthalate (Mylar),1.000E+00,2.014E+03,2.437E+00,2.016E+03,5.799E-04,5.626E-04,0.9703
222,Polyethylene Terephthalate (Mylar),1.250E+00,1.874E+03,2.013E+00,1.876E+03,7.083E-04,6.908E-04,0.9753
222,Polyethylene Terephthalate (Mylar),1.500E+00,1.731E+03,1.720E+00,1.733E+03,8.470E-04,8.293E-04,0.9791
222,Polyethylene Terephthalate (Mylar),1.750E+00,1.599E+03,1.506E+00,1.601E+03,9.971E-04,9.793E-04,0.9821
222,Polyethylene Terephthalate (Mylar),2.000E+00,1.482E+03,1.341E+00,1.483E+03,1.159E-03,1.141E-03,0.9844
222,Polyethylene Terephthalate (Mylar),2.250E+00,1.379E+03,1.210E+00,1.380E+03,1.334E-03,1.316E-03,0.9863
222,Polyethylene Terephthalate (Mylar),2.500E+00,1.290E+03,1.104E+00,1.291E+03,1.522E-03,1.503E-03,0.9879
222,Polyethylene Terephthalate (Mylar),2.750E+00,1.215E+03,1.016E+00,1.216E+03,1.721E-03,1.703E-03,0.9892
222,Polyethylene Terephthalate (Mylar),3.000E+00,1.148E+03,9.414E-01,1.149E+03,1.933E-03,1.914E-03,0.9903
222,Polyethylene Terephthalate (Mylar),3.500E+00,1.038E+03,8.223E-01,1.038E+03,2.391E-03,2.372E-03,0.9920
222,Polyethylene Terephthalate (Mylar),4.000E+00,9.485E+02,7.311E-01,9.492E+02,2.896E-03,2.876E-03,0.9932
222,Polyethylene Terephthalate (Mylar),4.500E+00,8.753E+02,6.590E-01,8.759E+02,3.445E-03,3.425E-03,0.9942
222,Polyethylene Terephthalate (Mylar),5.000E+00,8.138E+02,6.004E-01,8.144E+02,4.037E-03,4.017E-03,0.9949
222,Polyethylene Terephthalate (Mylar),5.500E+00,7.615E+02,5.517E-01,7.620E+02,4.672E-03,4.651E-03,0.9955
222,Polyethylene Terephthalate (Mylar),6.000E+00,7.163E+02,5.107E-01,7.168E+02,5.349E-03,5.328E-03,0.9960
222,Polyethylene Terephthalate (Mylar),6.500E+00,6.766E+02,4.757E-01,6.771E+02,6.067E-03,6.045E-03,0.9964
222,Polyethylene Terephthalate (Mylar),7.000E+00,6.416E+02,4.453E-01,6.421E+02,6.826E-03,6.803E-03,0.9967
222,Polyethylene Terephthalate (Mylar),7.500E+00,6.105E+02,4.188E-01,6.109E+02,7.624E-03,7.602E-03,0.9970
222,Polyethylene Terephthalate (Mylar),8.000E+00,5.825E+02,3.953E-01,5.829E+02,8.462E-03,8.439E-03,0.9972
222,Polyethylene Terephthalate (Mylar),8.500E+00,5.573E+02,3.745E-01,5.577E+02,9.340E-03,9.316E-03,0.9974
222,Polyethylene Terephthalate (Mylar),9.000E+00,5.344E+02,3.558E-01,5.348E+02,1.026E-02,1.023E-02,0.9976
222,Polyethylene Terephthalate (Mylar),9.500E+00,5.136E+02,3.390E-01,5.139E+02,1.121E-02,1.118E-02,0.9978
222,Polyethylene Terephthalate (Mylar),1.000E+01,4.945E+02,3.238E-01,4.948E+02,1.220E-02,1.218E-02,0.9979
222,Polyethylene Terephthalate (Mylar),1.250E+01,4.186E+02,2.650E-01,4.189E+02,1.771E-02,1.769E-02,0.9984
222,Polyethylene Terephthalate (Mylar),1.500E+01,3.645E+02,2.248E-01,3.647E+02,2.413E-02,2.410E-02,0.9987
222,Polyethylene Terephthalate (Mylar),1.750E+01,3.238E+02,1.955E-01,3.240E+02,3.142E-02,3.138E-02,0.9989
222,Polyethylene Terephthalate (Mylar),2.000E+01,2.920E+02,1.732E-01,2.922E+02,3.955E-02,3.951E-02,0.9990
222,Polyethylene Terephthalate (Mylar),2.500E+01,2.452E+02,1.413E-01,2.454E+02,5.831E-02,5.826E-02,0.9992
222,Polyethylene Terephthalate (Mylar),2.750E+01,2.275E+02,1.295E-01,2.276E+02,6.889E-02,6.884E-02,0.9992
222,Polyethylene Terephthalate (Mylar),3.000E+01,2.123E+02,1.195E-01,2.124E+02,8.027E-02,8.021E-02,0.9993
222,Polyethylene Terephthalate (Mylar),3.500E+01,1.878E+02,1.037E-01,1.879E+02,1.053E-01,1.053E-01,0.9993
222,Polyethylene Terephthalate (Mylar),4.000E+01,1.688E+02,9.168E-02,1.689E+02,1.335E-01,1.334E-01,0.9994
222,Polyethylene Terephthalate (Mylar),4.500E+01,1.536E+02,8.221E-02,1.536E+02,1.645E-01,1.644E-01,0.9994
222,Polyethylene Terephthalate (Mylar),5.000E+01,1.411E+02,7.454E-02,1.411E+02,1.985E-01,1.984E-01,0.9994
222,Polyethylene Terephthalate (Mylar),5.500E+01,1.306E+02,6.819E-02,1.307E+02,2.354E-01,2.353E-01,0.9995
222,Polyethylene Terephthalate (Mylar),6.000E+01,1.217E+02,6.286E-02,1.218E+02,2.750E-01,2.749E-01,0.9995
222,Polyethylene Terephthalate (Mylar),6.500E+01,1.141E+02,5.831E-02,1.142E+02,3.175E-01,3.173E-01,0.9995
222,Polyethylene Terephthalate (Mylar),7.000E+01,1.075E+02,5.439E-02,1.075E+02,3.626E-01,3.624E-01,0.9995
222,Polyethylene Terephthalate (Mylar),7.500E+01,1.016E+02,5.097E-02,1.017E+02,4.105E-01,4.103E-01,0.9995
222,Polyethylene Terephthalate (Mylar),8.000E+01,9.642E+01,4.796E-02,9.647E+01,4.610E-01,4.608E-01,0.9995
222,Polyethylene Terephthalate (Mylar),8.500E+01,9.180E+01,4.529E-02,9.184E+01,5.141E-01,5.139E-01,0.9995
222,Polyethylene Terephthalate (Mylar),9.000E+01,8.764E+01,4.291E-02,8.768E+01,5.699E-01,5.696E-01,0.9995
222,Polyethylene Terephthalate (Mylar),9.500E+01,8.388E+01,4.077E-02,8.392E+01,6.282E-01,6.279E-01,0.9995
222,Polyethylene Terephthalate (Mylar),1.000E+02,8.046E+01,3.884E-02,8.050E+01,6.890E-01,6.887E-01,0.9995
222,Polyethylene Terephthalate (Mylar),1.250E+02,6.717E+01,3.139E-02,6.720E+01,1.031E+00,1.030E+00,0.9996
222,Polyethylene Terephthalate (Mylar),1.500E+02,5.800E+01,2.635E-02,5.803E+01,1.432E+00,1.432E+00,0.9996
222,Polyethylene Terephthalate (Mylar),1.750E+02,5.126E+01,2.271E-02,5.129E+01,1.891E+00,1.891E+00,0.9996
222,Polyethylene Terephthalate (Mylar),2.000E+02,4.610E+01,1.996E-02,4.612E+01,2.406E+00,2.405E+00,0.9996
222,Polyethylene Terephthalate (Mylar),2.250E+02,4.200E+01,1.781E-02,4.202E+01,2.975E+00,2.974E+00,0.9996
222,Polyethylene Terephthalate (Mylar),2.500E+02,3.867E+01,1.608E-02,3.869E+01,3.596E+00,3.594E+00,0.9996
222,Polyethylene Terephthalate (Mylar),2.750E+02,3.591E+01,1.466E-02,3.592E+01,4.267E+00,4.265E+00,0.9996
222,Polyethylene Terephthalate (Mylar),3.000E+02,3.358E+01,1.346E-02,3.359E+01,4.987E+00,4.985E+00,0.9996
222,Polyethylene Terephthalate (Mylar),3.500E+02,2.986E+01,1.157E-02,2.987E+01,6.569E+00,6.567E+00,0.9996
222,Polyethylene Terephthalate (Mylar),4.000E+02,2.702E+01,1.015E-02,2.703E+01,8.332E+00,8.329E+00,0.9997
222,Polyethylene Terephthalate (Mylar),4.500E+02,2.477E+01,9.037E-03,2.478E+01,1.027E+01,1.026E+01,0.9997
222,Polyethylene Terephthalate (Mylar),5.000E+02,2.296E+01,8.146E-03,2.297E+01,1.236E+01,1.236E+01,0.9997
222,Polyethylene Terephthalate (Mylar),5.500E+02,2.146E+01,7.414E-03,2.146E+01,1.462E+01,1.461E+01,0.9997
222,Polyethylene Terephthalate (Mylar),6.000E+02,2.019E+01,6.801E-03,2.020E+01,1.702E+01,1.702E+01,0.9997
222,Polyethylene Terephthalate (Mylar),6.500E+02,1.912E+01,6.281E-03,1.912E+01,1.957E+01,1.956E+01,0.9997
222,Polyethylene Terephthalate (Mylar),7.000E+02,1.819E+01,5.836E-03,1.820E+01,2.225E+01,2.224E+01,0.9997
222,Polyethylene Terephthalate (Mylar),7.500E+02,1.738E+01,5.450E-03,1.739E+01,2.506E+01,2.505E+01,0.9997
222,Polyethylene Terephthalate (Mylar),8.000E+02,1.667E+01,5.112E-03,1.668E+01,2.800E+01,2.799E+01,0.9997
222,Polyethylene Terephthalate (Mylar),8.500E+02,1.604E+01,4.813E-03,1.604E+01,3.106E+01,3.105E+01,0.9997
222,Polyethylene Terephthalate (Mylar),9.000E+02,1.548E+01,4.547E-03,1.548E+01,3.423E+01,3.422E+01,0.9997
222,Polyethylene Terephthalate (Mylar),9.500E+02,1.497E+01,4.309E-03,1.498E+01,3.751E+01,3.750E+01,0.9997
222,Polyethylene Terephthalate (Mylar),1.000E+03,1.452E+01,4.095E-03,1.452E+01,4.090E+01,4.089E+01,0.9997
223,"Polymethyl Methacralate (Lucite, Perspex)",1.000E-03,1.187E+02,2.179E+02,3.365E+02,3.268E-06,1.687E-06,0.5160
223,"Polymethyl Methacralate (Lucite, Perspex)",1.500E-03,1.466E+02,1.985E+02,3.451E+02,4.730E-06,2.534E-06,0.5358
223,"Polymethyl Methacralate (Lucite, Perspex)",2.000E-03,1.703E+02,1.826E+02,3.530E+02,6.163E-06,3.407E-06,0.5528
223,"Polymethyl Methacralate (Lucite, Perspex)",2.500E-03,1.914E+02,1.695E+02,3.609E+02,7.564E-06,4.295E-06,0.5677
223,"Polymethyl Methacralate (Lucite, Perspex)",3.000E-03,2.104E+02,1.585E+02,3.689E+02,8.935E-06,5.190E-06,0.5809
223,"Polymethyl Methacralate (Lucite, Perspex)",4.000E-03,2.445E+02,1.409E+02,3.854E+02,1.159E-05,6.993E-06,0.6036
223,"Polymethyl Methacralate (Lucite, Perspex)",5.000E-03,2.747E+02,1.275E+02,4.021E+02,1.413E-05,8.793E-06,0.6225
223,"Polymethyl Methacralate (Lucite, Perspex)",6.000E-03,3.021E+02,1.167E+02,4.188E+02,1.656E-05,1.058E-05,0.6387
223,"Polymethyl Methacralate (Lucite, Perspex)",7.000E-03,3.273E+02,1.079E+02,4.352E+02,1.891E-05,1.234E-05,0.6528
223,"Polymethyl Methacralate (Lucite, Perspex)",8.000E-03,3.509E+02,1.006E+02,4.515E+02,2.116E-05,1.408E-05,0.6654
223,"Polymethyl Methacralate (Lucite, Perspex)",9.000E-03,3.731E+02,9.427E+01,4.674E+02,2.334E-05,1.579E-05,0.6766
223,"Polymethyl Methacralate (Lucite, Perspex)",1.000E-02,3.942E+02,8.883E+01,4.830E+02,2.544E-05,1.747E-05,0.6867
223,"Polymethyl Methacralate (Lucite, Perspex)",1.250E-02,4.427E+02,7.795E+01,5.207E+02,3.042E-05,2.155E-05,0.7082
223,"Polymethyl Methacralate (Lucite, Perspex)",1.500E-02,4.868E+02,6.973E+01,5.565E+02,3.507E-05,2.545E-05,0.7258
223,"Polymethyl Methacralate (Lucite, Perspex)",1.750E-02,5.274E+02,6.326E+01,5.906E+02,3.943E-05,2.919E-05,0.7405
223,"Polymethyl Methacralate (Lucite, Perspex)",2.000E-02,5.652E+02,5.802E+01,6.233E+02,4.355E-05,3.279E-05,0.7530
223,"Polymethyl Methacralate (Lucite, Perspex)",2.250E-02,6.009E+02,5.367E+01,6.545E+02,4.746E-05,3.625E-05,0.7639
223,"Polymethyl Methacralate (Lucite, Perspex)",2.500E-02,6.346E+02,5.000E+01,6.846E+02,5.119E-05,3.959E-05,0.7735
223,"Polymethyl Methacralate (Lucite, Perspex)",2.750E-02,6.667E+02,4.685E+01,7.136E+02,5.477E-05,4.283E-05,0.7819
223,"Polymethyl Methacralate (Lucite, Perspex)",3.000E-02,6.974E+02,4.412E+01,7.415E+02,5.820E-05,4.596E-05,0.7896
223,"Polymethyl Methacralate (Lucite, Perspex)",3.500E-02,7.551E+02,3.960E+01,7.947E+02,6.471E-05,5.194E-05,0.8027
223,"Polymethyl Methacralate (Lucite, Perspex)",4.000E-02,8.089E+02,3.600E+01,8.449E+02,7.081E-05,5.761E-05,0.8136
223,"Polymethyl Methacralate (Lucite, Perspex)",4.500E-02,8.593E+02,3.306E+01,8.923E+02,7.657E-05,6.301E-05,0.8229
223,"Polymethyl Methacralate (Lucite, Perspex)",5.000E-02,9.069E+02,3.060E+01,9.375E+02,8.204E-05,6.817E-05,0.8310
223,"Polymethyl Methacralate (Lucite, Perspex)",5.500E-02,9.520E+02,2.852E+01,9.805E+02,8.725E-05,7.312E-05,0.8381
223,"Polymethyl Methacralate (Lucite, Perspex)",6.000E-02,9.950E+02,2.673E+01,1.022E+03,9.224E-05,7.788E-05,0.8443
223,"Polymethyl Methacralate (Lucite, Perspex)",6.500E-02,1.036E+03,2.517E+01,1.061E+03,9.704E-05,8.248E-05,0.8499
223,"Polymethyl Methacralate (Lucite, Perspex)",7.000E-02,1.075E+03,2.380E+01,1.099E+03,1.017E-04,8.693E-05,0.8550
223,"Polymethyl Methacralate (Lucite, Perspex)",7.500E-02,1.113E+03,2.258E+01,1.136E+03,1.061E-04,9.124E-05,0.8596
223,"Polymethyl Methacralate (Lucite, Perspex)",8.000E-02,1.150E+03,2.149E+01,1.171E+03,1.105E-04,9.543E-05,0.8637
223,"Polymethyl Methacralate (Lucite, Perspex)",8.500E-02,1.185E+03,2.051E+01,1.205E+03,1.147E-04,9.950E-05,0.8676
223,"Polymethyl Methacralate (Lucite, Perspex)",9.000E-02,1.219E+03,1.963E+01,1.238E+03,1.188E-04,1.035E-04,0.8711
223,"Polymethyl Methacralate (Lucite, Perspex)",9.500E-02,1.252E+03,1.882E+01,1.270E+03,1.228E-04,1.073E-04,0.8744
223,"Polymethyl Methacralate (Lucite, Perspex)",1.000E-01,1.283E+03,1.809E+01,1.301E+03,1.267E-04,1.111E-04,0.8774
223,"Polymethyl Methacralate (Lucite, Perspex)",1.250E-01,1.428E+03,1.518E+01,1.444E+03,1.449E-04,1.289E-04,0.8900
223,"Polymethyl Methacralate (Lucite, Perspex)",1.500E-01,1.554E+03,1.314E+01,1.567E+03,1.615E-04,1.452E-04,0.8995
223,"Polymethyl Methacralate (Lucite, Perspex)",1.750E-01,1.665E+03,1.161E+01,1.676E+03,1.769E-04,1.604E-04,0.9069
223,"Polymethyl Methacralate (Lucite, Perspex)",2.000E-01,1.762E+03,1.042E+01,1.772E+03,1.914E-04,1.747E-04,0.9130
223,"Polymethyl Methacralate (Lucite, Perspex)",2.250E-01,1.848E+03,9.473E+00,1.857E+03,2.051E-04,1.883E-04,0.9181
223,"Polymethyl Methacralate (Lucite, Perspex)",2.500E-01,1.923E+03,8.692E+00,1.932E+03,2.183E-04,2.014E-04,0.9225
223,"Polymethyl Methacralate (Lucite, Perspex)",2.750E-01,1.990E+03,8.039E+00,1.998E+03,2.310E-04,2.140E-04,0.9263
223,"Polymethyl Methacralate (Lucite, Perspex)",3.000E-01,2.049E+03,7.484E+00,2.056E+03,2.434E-04,2.263E-04,0.9297
223,"Polymethyl Methacralate (Lucite, Perspex)",3.500E-01,2.144E+03,6.588E+00,2.151E+03,2.671E-04,2.498E-04,0.9353
223,"Polymethyl Methacralate (Lucite, Perspex)",4.000E-01,2.216E+03,5.896E+00,2.221E+03,2.900E-04,2.726E-04,0.9400
223,"Polymethyl Methacralate (Lucite, Perspex)",4.500E-01,2.266E+03,5.343E+00,2.272E+03,3.122E-04,2.947E-04,0.9439
223,"Polymethyl Methacralate (Lucite, Perspex)",5.000E-01,2.300E+03,4.892E+00,2.305E+03,3.341E-04,3.165E-04,0.9473
223,"Polymethyl Methacralate (Lucite, Perspex)",5.500E-01,2.320E+03,4.515E+00,2.324E+03,3.556E-04,3.380E-04,0.9503
223,"Polymethyl Methacralate (Lucite, Perspex)",6.000E-01,2.328E+03,4.195E+00,2.332E+03,3.771E-04,3.594E-04,0.9529
223,"Polymethyl Methacralate (Lucite, Perspex)",6.500E-01,2.327E+03,3.921E+00,2.330E+03,3.986E-04,3.807E-04,0.9553
223,"Polymethyl Methacralate (Lucite, Perspex)",7.000E-01,2.318E+03,3.682E+00,2.321E+03,4.200E-04,4.022E-04,0.9574
223,"Polymethyl Methacralate (Lucite, Perspex)",7.500E-01,2.302E+03,3.473E+00,2.306E+03,4.417E-04,4.237E-04,0.9594
223,"Polymethyl Methacralate (Lucite, Perspex)",8.000E-01,2.282E+03,3.287E+00,2.286E+03,4.634E-04,4.454E-04,0.9612
223,"Polymethyl Methacralate (Lucite, Perspex)",8.500E-01,2.259E+03,3.122E+00,2.262E+03,4.854E-04,4.674E-04,0.9628
223,"Polymethyl Methacralate (Lucite, Perspex)",9.000E-01,2.232E+03,2.973E+00,2.235E+03,5.077E-04,4.896E-04,0.9644
223,"Polymethyl Methacralate (Lucite, Perspex)",9.500E-01,2.203E+03,2.839E+00,2.206E+03,5.302E-04,5.120E-04,0.9658
223,"Polymethyl Methacralate (Lucite, Perspex)",1.000E+00,2.173E+03,2.717E+00,2.176E+03,5.530E-04,5.348E-04,0.9671
223,"Polymethyl Methacralate (Lucite, Perspex)",1.250E+00,2.008E+03,2.243E+00,2.010E+03,6.724E-04,6.541E-04,0.9727
223,"Polymethyl Methacralate (Lucite, Perspex)",1.500E+00,1.847E+03,1.916E+00,1.849E+03,8.022E-04,7.836E-04,0.9769
223,"Polymethyl Methacralate (Lucite, Perspex)",1.750E+00,1.702E+03,1.677E+00,1.703E+03,9.431E-04,9.244E-04,0.9801
223,"Polymethyl Methacralate (Lucite, Perspex)",2.000E+00,1.574E+03,1.493E+00,1.576E+03,1.096E-03,1.077E-03,0.9828
223,"Polymethyl Methacralate (Lucite, Perspex)",2.250E+00,1.464E+03,1.347E+00,1.465E+03,1.260E-03,1.241E-03,0.9849
223,"Polymethyl Methacralate (Lucite, Perspex)",2.500E+00,1.369E+03,1.229E+00,1.370E+03,1.437E-03,1.418E-03,0.9866
223,"Polymethyl Methacralate (Lucite, Perspex)",2.750E+00,1.288E+03,1.130E+00,1.289E+03,1.625E-03,1.606E-03,0.9881
223,"Polymethyl Methacralate (Lucite, Perspex)",3.000E+00,1.217E+03,1.047E+00,1.218E+03,1.825E-03,1.805E-03,0.9893
223,"Polymethyl Methacralate (Lucite, Perspex)",3.500E+00,1.099E+03,9.146E-01,1.100E+03,2.258E-03,2.238E-03,0.9912
223,"Polymethyl Methacralate (Lucite, Perspex)",4.000E+00,1.004E+03,8.130E-01,1.004E+03,2.734E-03,2.714E-03,0.9926
223,"Polymethyl Methacralate (Lucite, Perspex)",4.500E+00,9.256E+02,7.327E-01,9.263E+02,3.253E-03,3.232E-03,0.9937
223,"Polymethyl Methacralate (Lucite, Perspex)",5.000E+00,8.601E+02,6.674E-01,8.608E+02,3.813E-03,3.792E-03,0.9945
223,"Polymethyl Methacralate (Lucite, Perspex)",5.500E+00,8.044E+02,6.133E-01,8.050E+02,4.414E-03,4.393E-03,0.9952
223,"Polymethyl Methacralate (Lucite, Perspex)",6.000E+00,7.563E+02,5.676E-01,7.568E+02,5.055E-03,5.033E-03,0.9957
223,"Polymethyl Methacralate (Lucite, Perspex)",6.500E+00,7.141E+02,5.286E-01,7.146E+02,5.735E-03,5.713E-03,0.9961
223,"Polymethyl Methacralate (Lucite, Perspex)",7.000E+00,6.769E+02,4.948E-01,6.774E+02,6.454E-03,6.432E-03,0.9965
223,"Polymethyl Methacralate (Lucite, Perspex)",7.500E+00,6.438E+02,4.652E-01,6.443E+02,7.211E-03,7.188E-03,0.9968
223,"Polymethyl Methacralate (Lucite, Perspex)",8.000E+00,6.142E+02,4.392E-01,6.146E+02,8.006E-03,7.983E-03,0.9971
223,"Polymethyl Methacralate (Lucite, Perspex)",8.500E+00,5.874E+02,4.160E-01,5.878E+02,8.838E-03,8.814E-03,0.9973
223,"Polymethyl Methacralate (Lucite, Perspex)",9.000E+00,5.632E+02,3.952E-01,5.636E+02,9.707E-03,9.683E-03,0.9975
223,"Polymethyl Methacralate (Lucite, Perspex)",9.500E+00,5.411E+02,3.765E-01,5.414E+02,1.061E-02,1.059E-02,0.9977
223,"Polymethyl Methacralate (Lucite, Perspex)",1.000E+01,5.208E+02,3.596E-01,5.212E+02,1.155E-02,1.153E-02,0.9978
223,"Polymethyl Methacralate (Lucite, Perspex)",1.250E+01,4.404E+02,2.941E-01,4.407E+02,1.679E-02,1.676E-02,0.9983
223,"Polymethyl Methacralate (Lucite, Perspex)",1.500E+01,3.832E+02,2.494E-01,3.835E+02,2.289E-02,2.286E-02,0.9986
223,"Polymethyl Methacralate (Lucite, Perspex)",1.750E+01,3.403E+02,2.169E-01,3.405E+02,2.982E-02,2.979E-02,0.9988
223,"Polymethyl Methacralate (Lucite, Perspex)",2.000E+01,3.067E+02,1.921E-01,3.069E+02,3.757E-02,3.753E-02,0.9990
223,"Polymethyl Methacralate (Lucite, Perspex)",2.500E+01,2.574E+02,1.566E-01,2.576E+02,5.543E-02,5.538E-02,0.9992
223,"Polymethyl Methacralate (Lucite, Perspex)",2.750E+01,2.387E+02,1.435E-01,2.388E+02,6.552E-02,6.547E-02,0.9992
223,"Polymethyl Methacralate (Lucite, Perspex)",3.000E+01,2.227E+02,1.325E-01,2.229E+02,7.636E-02,7.631E-02,0.9993
223,"Polymethyl Methacralate (Lucite, Perspex)",3.500E+01,1.970E+02,1.149E-01,1.971E+02,1.003E-01,1.002E-01,0.9993
223,"Polymethyl Methacralate (Lucite, Perspex)",4.000E+01,1.769E+02,1.015E-01,1.770E+02,1.271E-01,1.270E-01,0.9994
223,"Polymethyl Methacralate (Lucite, Perspex)",4.500E+01,1.609E+02,9.102E-02,1.610E+02,1.567E-01,1.566E-01,0.9994
223,"Polymethyl Methacralate (Lucite, Perspex)",5.000E+01,1.478E+02,8.251E-02,1.479E+02,1.892E-01,1.891E-01,0.9995
223,"Polymethyl Methacralate (Lucite, Perspex)",5.500E+01,1.368E+02,7.547E-02,1.369E+02,2.243E-01,2.242E-01,0.9995
223,"Polymethyl Methacralate (Lucite, Perspex)",6.000E+01,1.275E+02,6.955E-02,1.276E+02,2.622E-01,2.621E-01,0.9995
223,"Polymethyl Methacralate (Lucite, Perspex)",6.500E+01,1.195E+02,6.450E-02,1.196E+02,3.027E-01,3.026E-01,0.9995
223,"Polymethyl Methacralate (Lucite, Perspex)",7.000E+01,1.125E+02,6.015E-02,1.126E+02,3.458E-01,3.457E-01,0.9995
223,"Polymethyl Methacralate (Lucite, Perspex)",7.500E+01,1.064E+02,5.636E-02,1.064E+02,3.915E-01,3.914E-01,0.9995
223,"Polymethyl Methacralate (Lucite, Perspex)",8.000E+01,1.009E+02,5.302E-02,1.010E+02,4.398E-01,4.396E-01,0.9995
223,"Polymethyl Methacralate (Lucite, Perspex)",8.500E+01,9.609E+01,5.007E-02,9.614E+01,4.905E-01,4.903E-01,0.9996
223,"Polymethyl Methacralate (Lucite, Perspex)",9.000E+01,9.173E+01,4.743E-02,9.177E+01,5.438E-01,5.436E-01,0.9996
223,"Polymethyl Methacralate (Lucite, Perspex)",9.500E+01,8.778E+01,4.506E-02,8.783E+01,5.995E-01,5.992E-01,0.9996
223,"Polymethyl Methacralate (Lucite, Perspex)",1.000E+02,8.420E+01,4.291E-02,8.425E+01,6.576E-01,6.574E-01,0.9996
223,"Polymethyl Methacralate (Lucite, Perspex)",1.250E+02,7.027E+01,3.468E-02,7.031E+01,9.840E-01,9.836E-01,0.9996
223,"Polymethyl Methacralate (Lucite, Perspex)",1.500E+02,6.066E+01,2.909E-02,6.069E+01,1.368E+00,1.367E+00,0.9996
223,"Polymethyl Methacralate (Lucite, Perspex)",1.750E+02,5.360E+01,2.506E-02,5.363E+01,1.807E+00,1.807E+00,0.9996
223,"Polymethyl Methacralate (Lucite, Perspex)",2.000E+02,4.819E+01,2.202E-02,4.822E+01,2.300E+00,2.299E+00,0.9996
223,"Polymethyl Methacralate (Lucite, Perspex)",2.250E+02,4.391E+01,1.965E-02,4.393E+01,2.844E+00,2.843E+00,0.9996
223,"Polymethyl Methacralate (Lucite, Perspex)",2.500E+02,4.042E+01,1.774E-02,4.044E+01,3.437E+00,3.436E+00,0.9996
223,"Polymethyl Methacralate (Lucite, Perspex)",2.750E+02,3.753E+01,1.616E-02,3.755E+01,4.080E+00,4.078E+00,0.9997
223,"Polymethyl Methacralate (Lucite, Perspex)",3.000E+02,3.509E+01,1.484E-02,3.510E+01,4.769E+00,4.767E+00,0.9997
223,"Polymethyl Methacralate (Lucite, Perspex)",3.500E+02,3.120E+01,1.275E-02,3.121E+01,6.283E+00,6.281E+00,0.9997
223,"Polymethyl Methacralate (Lucite, Perspex)",4.000E+02,2.822E+01,1.118E-02,2.824E+01,7.970E+00,7.967E+00,0.9997
223,"Polymethyl Methacralate (Lucite, Perspex)",4.500E+02,2.588E+01,9.958E-03,2.589E+01,9.822E+00,9.818E+00,0.9997
223,"Polymethyl Methacralate (Lucite, Perspex)",5.000E+02,2.398E+01,8.975E-03,2.399E+01,1.183E+01,1.183E+01,0.9997
223,"Polymethyl Methacralate (Lucite, Perspex)",5.500E+02,2.241E+01,8.168E-03,2.242E+01,1.399E+01,1.398E+01,0.9997
223,"Polymethyl Methacralate (Lucite, Perspex)",6.000E+02,2.109E+01,7.492E-03,2.110E+01,1.629E+01,1.628E+01,0.9997
223,"Polymethyl Methacralate (Lucite, Perspex)",6.500E+02,1.996E+01,6.920E-03,1.997E+01,1.873E+01,1.872E+01,0.9997
223,"Polymethyl Methacralate (Lucite, Perspex)",7.000E+02,1.899E+01,6.429E-03,1.900E+01,2.129E+01,2.129E+01,0.9997
223,"Polymethyl Methacralate (Lucite, Perspex)",7.500E+02,1.815E+01,6.004E-03,1.815E+01,2.399E+01,2.398E+01,0.9997
223,"Polymethyl Methacralate (Lucite, Perspex)",8.000E+02,1.741E+01,5.631E-03,1.741E+01,2.680E+01,2.679E+01,0.9997
223,"Polymethyl Methacralate (Lucite, Perspex)",8.500E+02,1.675E+01,5.302E-03,1.675E+01,2.973E+01,2.972E+01,0.9997
223,"Polymethyl Methacralate (Lucite, Perspex)",9.000E+02,1.616E+01,5.009E-03,1.616E+01,3.277E+01,3.276E+01,0.9997
223,"Polymethyl Methacralate (Lucite, Perspex)",9.500E+02,1.563E+01,4.746E-03,1.564E+01,3.591E+01,3.590E+01,0.9997
223,"Polymethyl Methacralate (Lucite, Perspex)",1.000E+03,1.516E+01,4.510E-03,1.516E+01,3.916E+01,3.915E+01,0.9997
225,Polypropylene,1.000E-03,1.937E+02,2.845E+02,4.782E+02,2.315E-06,1.409E-06,0.6088
225,Polypropylene,1.500E-03,2.328E+02,2.565E+02,4.893E+02,3.345E-06,2.100E-06,0.6277
225,Polypropylene,2.000E-03,2.654E+02,2.342E+02,4.996E+02,4.357E-06,2.806E-06,0.6440
225,Polypropylene,2.500E-03,2.939E+02,2.161E+02,5.100E+02,5.347E-06,3.518E-06,0.6579
225,Polypropylene,3.000E-03,3.196E+02,2.011E+02,5.207E+02,6.318E-06,4.233E-06,0.6701
225,Polypropylene,4.000E-03,3.650E+02,1.774E+02,5.424E+02,8.199E-06,5.663E-06,0.6906
225,Polypropylene,5.000E-03,4.048E+02,1.596E+02,5.643E+02,1.001E-05,7.079E-06,0.7074
225,Polypropylene,6.000E-03,4.406E+02,1.455E+02,5.860E+02,1.175E-05,8.476E-06,0.7216
225,Polypropylene,7.000E-03,4.734E+02,1.340E+02,6.074E+02,1.342E-05,9.849E-06,0.7339
225,Polypropylene,8.000E-03,5.039E+02,1.245E+02,6.284E+02,1.504E-05,1.120E-05,0.7446
225,Polypropylene,9.000E-03,5.325E+02,1.164E+02,6.489E+02,1.661E-05,1.252E-05,0.7541
225,Polypropylene,1.000E-02,5.596E+02,1.094E+02,6.690E+02,1.812E-05,1.382E-05,0.7625
225,Polypropylene,1.250E-02,6.216E+02,9.557E+01,7.171E+02,2.173E-05,1.696E-05,0.7804
225,Polypropylene,1.500E-02,6.775E+02,8.519E+01,7.627E+02,2.511E-05,1.996E-05,0.7948
225,Polypropylene,1.750E-02,7.288E+02,7.707E+01,8.059E+02,2.830E-05,2.283E-05,0.8067
225,Polypropylene,2.000E-02,7.765E+02,7.052E+01,8.470E+02,3.132E-05,2.558E-05,0.8168
225,Polypropylene,2.250E-02,8.212E+02,6.511E+01,8.863E+02,3.421E-05,2.824E-05,0.8255
225,Polypropylene,2.500E-02,8.634E+02,6.055E+01,9.240E+02,3.697E-05,3.080E-05,0.8330
225,Polypropylene,2.750E-02,9.035E+02,5.666E+01,9.602E+02,3.962E-05,3.327E-05,0.8397
225,Polypropylene,3.000E-02,9.418E+02,5.328E+01,9.950E+02,4.218E-05,3.567E-05,0.8457
225,Polypropylene,3.500E-02,1.014E+03,4.772E+01,1.061E+03,4.704E-05,4.027E-05,0.8559
225,Polypropylene,4.000E-02,1.080E+03,4.331E+01,1.123E+03,5.162E-05,4.462E-05,0.8644
225,Polypropylene,4.500E-02,1.142E+03,3.971E+01,1.182E+03,5.596E-05,4.877E-05,0.8716
225,Polypropylene,5.000E-02,1.201E+03,3.672E+01,1.238E+03,6.009E-05,5.275E-05,0.8778
225,Polypropylene,5.500E-02,1.257E+03,3.418E+01,1.291E+03,6.404E-05,5.656E-05,0.8832
225,Polypropylene,6.000E-02,1.309E+03,3.200E+01,1.341E+03,6.784E-05,6.024E-05,0.8879
225,Polypropylene,6.500E-02,1.360E+03,3.011E+01,1.390E+03,7.150E-05,6.380E-05,0.8922
225,Polypropylene,7.000E-02,1.408E+03,2.845E+01,1.436E+03,7.504E-05,6.724E-05,0.8960
225,Polypropylene,7.500E-02,1.454E+03,2.698E+01,1.481E+03,7.847E-05,7.058E-05,0.8995
225,Polypropylene,8.000E-02,1.499E+03,2.566E+01,1.524E+03,8.180E-05,7.383E-05,0.9026
225,Polypropylene,8.500E-02,1.541E+03,2.448E+01,1.566E+03,8.503E-05,7.700E-05,0.9055
225,Polypropylene,9.000E-02,1.583E+03,2.341E+01,1.606E+03,8.819E-05,8.009E-05,0.9082
225,Polypropylene,9.500E-02,1.622E+03,2.244E+01,1.645E+03,9.126E-05,8.310E-05,0.9106
225,Polypropylene,1.000E-01,1.661E+03,2.156E+01,1.682E+03,9.427E-05,8.605E-05,0.9129
225,Polypropylene,1.250E-01,1.836E+03,1.806E+01,1.854E+03,1.084E-04,9.997E-05,0.9222
225,Polypropylene,1.500E-01,1.986E+03,1.561E+01,2.002E+03,1.214E-04,1.128E-04,0.9292
225,Polypropylene,1.750E-01,2.117E+03,1.378E+01,2.131E+03,1.335E-04,1.247E-04,0.9347
225,Polypropylene,2.000E-01,2.231E+03,1.236E+01,2.244E+03,1.449E-04,1.361E-04,0.9392
225,Polypropylene,2.250E-01,2.331E+03,1.123E+01,2.342E+03,1.558E-04,1.469E-04,0.9429
225,Polypropylene,2.500E-01,2.417E+03,1.029E+01,2.427E+03,1.663E-04,1.573E-04,0.9461
225,Polypropylene,2.750E-01,2.492E+03,9.515E+00,2.502E+03,1.764E-04,1.674E-04,0.9489
225,Polypropylene,3.000E-01,2.557E+03,8.853E+00,2.566E+03,1.863E-04,1.772E-04,0.9513
225,Polypropylene,3.500E-01,2.660E+03,7.788E+00,2.668E+03,2.054E-04,1.962E-04,0.9554
225,Polypropylene,4.000E-01,2.732E+03,6.965E+00,2.739E+03,2.238E-04,2.146E-04,0.9588
225,Polypropylene,4.500E-01,2.779E+03,6.309E+00,2.786E+03,2.419E-04,2.326E-04,0.9616
225,Polypropylene,5.000E-01,2.806E+03,5.773E+00,2.812E+03,2.598E-04,2.504E-04,0.9640
225,Polypropylene,5.500E-01,2.817E+03,5.326E+00,2.822E+03,2.775E-04,2.681E-04,0.9662
225,Polypropylene,6.000E-01,2.814E+03,4.947E+00,2.819E+03,2.952E-04,2.858E-04,0.9681
225,Polypropylene,6.500E-01,2.801E+03,4.622E+00,2.805E+03,3.130E-04,3.036E-04,0.9698
225,Polypropylene,7.000E-01,2.780E+03,4.340E+00,2.784E+03,3.309E-04,3.214E-04,0.9713
225,Polypropylene,7.500E-01,2.752E+03,4.091E+00,2.756E+03,3.490E-04,3.394E-04,0.9727
225,Polypropylene,8.000E-01,2.720E+03,3.872E+00,2.724E+03,3.672E-04,3.576E-04,0.9740
225,Polypropylene,8.500E-01,2.684E+03,3.676E+00,2.688E+03,3.857E-04,3.761E-04,0.9751
225,Polypropylene,9.000E-01,2.646E+03,3.500E+00,2.650E+03,4.044E-04,3.948E-04,0.9762
225,Polypropylene,9.500E-01,2.606E+03,3.342E+00,2.610E+03,4.234E-04,4.138E-04,0.9772
225,Polypropylene,1.000E+00,2.565E+03,3.197E+00,2.569E+03,4.427E-04,4.331E-04,0.9781
225,Polypropylene,1.250E+00,2.359E+03,2.638E+00,2.362E+03,5.442E-04,5.344E-04,0.9820
225,Polypropylene,1.500E+00,2.165E+03,2.252E+00,2.167E+03,6.548E-04,6.449E-04,0.9849
225,Polypropylene,1.750E+00,1.991E+03,1.970E+00,1.993E+03,7.751E-04,7.651E-04,0.9871
225,Polypropylene,2.000E+00,1.836E+03,1.753E+00,1.838E+03,9.058E-04,8.957E-04,0.9888
225,Polypropylene,2.250E+00,1.700E+03,1.582E+00,1.702E+03,1.047E-03,1.037E-03,0.9902
225,Polypropylene,2.500E+00,1.585E+03,1.442E+00,1.587E+03,1.200E-03,1.189E-03,0.9914
225,Polypropylene,2.750E+00,1.488E+03,1.326E+00,1.489E+03,1.362E-03,1.352E-03,0.9924
225,Polypropylene,3.000E+00,1.403E+03,1.228E+00,1.404E+03,1.535E-03,1.525E-03,0.9931
225,Polypropylene,3.500E+00,1.263E+03,1.072E+00,1.264E+03,1.911E-03,1.900E-03,0.9944
225,Polypropylene,4.000E+00,1.150E+03,9.529E-01,1.151E+03,2.326E-03,2.315E-03,0.9953
225,Polypropylene,4.500E+00,1.058E+03,8.585E-01,1.059E+03,2.780E-03,2.769E-03,0.9960
225,Polypropylene,5.000E+00,9.813E+02,7.818E-01,9.820E+02,3.271E-03,3.259E-03,0.9965
225,Polypropylene,5.500E+00,9.161E+02,7.182E-01,9.168E+02,3.798E-03,3.786E-03,0.9969
225,Polypropylene,6.000E+00,8.600E+02,6.646E-01,8.606E+02,4.361E-03,4.349E-03,0.9973
225,Polypropylene,6.500E+00,8.109E+02,6.187E-01,8.116E+02,4.960E-03,4.947E-03,0.9975
225,Polypropylene,7.000E+00,7.678E+02,5.790E-01,7.684E+02,5.593E-03,5.581E-03,0.9978
225,Polypropylene,7.500E+00,7.295E+02,5.443E-01,7.300E+02,6.261E-03,6.248E-03,0.9980
225,Polypropylene,8.000E+00,6.951E+02,5.137E-01,6.957E+02,6.963E-03,6.950E-03,0.9981
225,Polypropylene,8.500E+00,6.643E+02,4.865E-01,6.647E+02,7.698E-03,7.685E-03,0.9983
225,Polypropylene,9.000E+00,6.362E+02,4.622E-01,6.367E+02,8.467E-03,8.453E-03,0.9984
225,Polypropylene,9.500E+00,6.108E+02,4.403E-01,6.112E+02,9.269E-03,9.255E-03,0.9985
225,Polypropylene,1.000E+01,5.875E+02,4.204E-01,5.879E+02,1.010E-02,1.009E-02,0.9986
225,Polypropylene,1.250E+01,4.952E+02,3.436E-01,4.955E+02,1.475E-02,1.474E-02,0.9989
225,Polypropylene,1.500E+01,4.298E+02,2.912E-01,4.301E+02,2.018E-02,2.017E-02,0.9991
225,Polypropylene,1.750E+01,3.808E+02,2.531E-01,3.811E+02,2.637E-02,2.635E-02,0.9992
225,Polypropylene,2.000E+01,3.427E+02,2.240E-01,3.429E+02,3.330E-02,3.328E-02,0.9993
225,Polypropylene,2.500E+01,2.868E+02,1.825E-01,2.870E+02,4.931E-02,4.928E-02,0.9994
225,Polypropylene,2.750E+01,2.657E+02,1.672E-01,2.659E+02,5.837E-02,5.833E-02,0.9995
225,Polypropylene,3.000E+01,2.477E+02,1.543E-01,2.479E+02,6.811E-02,6.808E-02,0.9995
225,Polypropylene,3.500E+01,2.187E+02,1.337E-01,2.189E+02,8.962E-02,8.958E-02,0.9995
225,Polypropylene,4.000E+01,1.962E+02,1.181E-01,1.964E+02,1.138E-01,1.137E-01,0.9996
225,Polypropylene,4.500E+01,1.783E+02,1.058E-01,1.784E+02,1.405E-01,1.405E-01,0.9996
225,Polypropylene,5.000E+01,1.636E+02,9.590E-02,1.637E+02,1.698E-01,1.698E-01,0.9996
225,Polypropylene,5.500E+01,1.513E+02,8.768E-02,1.514E+02,2.016E-01,2.015E-01,0.9996
225,Polypropylene,6.000E+01,1.409E+02,8.076E-02,1.410E+02,2.358E-01,2.358E-01,0.9996
225,Polypropylene,6.500E+01,1.320E+02,7.487E-02,1.321E+02,2.725E-01,2.724E-01,0.9996
225,Polypropylene,7.000E+01,1.242E+02,6.980E-02,1.243E+02,3.116E-01,3.114E-01,0.9996
225,Polypropylene,7.500E+01,1.174E+02,6.538E-02,1.175E+02,3.530E-01,3.528E-01,0.9997
225,Polypropylene,8.000E+01,1.113E+02,6.150E-02,1.114E+02,3.967E-01,3.965E-01,0.9997
225,Polypropylene,8.500E+01,1.059E+02,5.805E-02,1.060E+02,4.427E-01,4.426E-01,0.9997
225,Polypropylene,9.000E+01,1.011E+02,5.498E-02,1.011E+02,4.910E-01,4.909E-01,0.9997
225,Polypropylene,9.500E+01,9.671E+01,5.222E-02,9.677E+01,5.416E-01,5.414E-01,0.9997
225,Polypropylene,1.000E+02,9.274E+01,4.972E-02,9.279E+01,5.944E-01,5.942E-01,0.9997
225,Polypropylene,1.250E+02,7.729E+01,4.013E-02,7.733E+01,8.909E-01,8.906E-01,0.9997
225,Polypropylene,1.500E+02,6.665E+01,3.365E-02,6.668E+01,1.240E+00,1.240E+00,0.9997
225,Polypropylene,1.750E+02,5.885E+01,2.897E-02,5.888E+01,1.640E+00,1.640E+00,0.9997
225,Polypropylene,2.000E+02,5.287E+01,2.544E-02,5.290E+01,2.089E+00,2.088E+00,0.9997
225,Polypropylene,2.250E+02,4.814E+01,2.269E-02,4.817E+01,2.585E+00,2.584E+00,0.9997
225,Polypropylene,2.500E+02,4.430E+01,2.048E-02,4.432E+01,3.126E+00,3.126E+00,0.9997
225,Polypropylene,2.750E+02,4.111E+01,1.865E-02,4.113E+01,3.712E+00,3.711E+00,0.9997
225,Polypropylene,3.000E+02,3.843E+01,1.711E-02,3.844E+01,4.342E+00,4.340E+00,0.9997
225,Polypropylene,3.500E+02,3.414E+01,1.470E-02,3.416E+01,5.725E+00,5.723E+00,0.9997
225,Polypropylene,4.000E+02,3.087E+01,1.289E-02,3.089E+01,7.267E+00,7.265E+00,0.9997
225,Polypropylene,4.500E+02,2.829E+01,1.147E-02,2.831E+01,8.960E+00,8.958E+00,0.9998
225,Polypropylene,5.000E+02,2.621E+01,1.034E-02,2.622E+01,1.080E+01,1.079E+01,0.9998
225,Polypropylene,5.500E+02,2.448E+01,9.406E-03,2.449E+01,1.277E+01,1.277E+01,0.9998
225,Polypropylene,6.000E+02,2.303E+01,8.625E-03,2.304E+01,1.488E+01,1.487E+01,0.9998
225,Polypropylene,6.500E+02,2.180E+01,7.965E-03,2.181E+01,1.711E+01,1.711E+01,0.9998
225,Polypropylene,7.000E+02,2.074E+01,7.400E-03,2.074E+01,1.946E+01,1.946E+01,0.9998
225,Polypropylene,7.500E+02,1.981E+01,6.911E-03,1.981E+01,2.193E+01,2.192E+01,0.9998
225,Polypropylene,8.000E+02,1.899E+01,6.482E-03,1.900E+01,2.451E+01,2.450E+01,0.9998
225,Polypropylene,8.500E+02,1.827E+01,6.103E-03,1.828E+01,2.719E+01,2.719E+01,0.9998
225,Polypropylene,9.000E+02,1.763E+01,5.765E-03,1.763E+01,2.998E+01,2.997E+01,0.9998
225,Polypropylene,9.500E+02,1.705E+01,5.463E-03,1.705E+01,3.286E+01,3.285E+01,0.9998
225,Polypropylene,1.000E+03,1.653E+01,5.190E-03,1.653E+01,3.584E+01,3.583E+01,0.9998
226,Polystyrene,1.000E-03,1.530E+02,2.251E+02,3.781E+02,2.976E-06,1.598E-06,0.5369
226,Polystyrene,1.500E-03,1.875E+02,2.047E+02,3.922E+02,4.269E-06,2.386E-06,0.5590
226,Polystyrene,2.000E-03,2.166E+02,1.880E+02,4.045E+02,5.525E-06,3.192E-06,0.5776
226,Polystyrene,2.500E-03,2.422E+02,1.742E+02,4.164E+02,6.743E-06,4.003E-06,0.5937
226,Polystyrene,3.000E-03,2.653E+02,1.627E+02,4.280E+02,7.927E-06,4.818E-06,0.6078
226,Polystyrene,4.000E-03,3.065E+02,1.444E+02,4.509E+02,1.020E-05,6.443E-06,0.6315
226,Polystyrene,5.000E-03,3.427E+02,1.304E+02,4.731E+02,1.237E-05,8.052E-06,0.6510
226,Polystyrene,6.000E-03,3.755E+02,1.192E+02,4.947E+02,1.443E-05,9.635E-06,0.6675
226,Polystyrene,7.000E-03,4.056E+02,1.101E+02,5.157E+02,1.641E-05,1.119E-05,0.6817
226,Polystyrene,8.000E-03,4.336E+02,1.025E+02,5.362E+02,1.832E-05,1.272E-05,0.6942
226,Polystyrene,9.000E-03,4.600E+02,9.602E+01,5.560E+02,2.015E-05,1.421E-05,0.7053
226,Polystyrene,1.000E-02,4.849E+02,9.041E+01,5.753E+02,2.192E-05,1.567E-05,0.7152
226,Polystyrene,1.250E-02,5.421E+02,7.922E+01,6.213E+02,2.609E-05,1.921E-05,0.7362
226,Polystyrene,1.500E-02,5.938E+02,7.078E+01,6.646E+02,2.998E-05,2.258E-05,0.7531
226,Polystyrene,1.750E-02,6.413E+02,6.415E+01,7.054E+02,3.363E-05,2.580E-05,0.7671
226,Polystyrene,2.000E-02,6.854E+02,5.879E+01,7.442E+02,3.708E-05,2.889E-05,0.7790
226,Polystyrene,2.250E-02,7.269E+02,5.434E+01,7.812E+02,4.036E-05,3.185E-05,0.7892
226,Polystyrene,2.500E-02,7.660E+02,5.060E+01,8.166E+02,4.349E-05,3.471E-05,0.7982
226,Polystyrene,2.750E-02,8.031E+02,4.739E+01,8.505E+02,4.649E-05,3.747E-05,0.8061
226,Polystyrene,3.000E-02,8.385E+02,4.460E+01,8.831E+02,4.937E-05,4.015E-05,0.8132
226,Polystyrene,3.500E-02,9.050E+02,4.000E+01,9.450E+02,5.484E-05,4.526E-05,0.8253
226,Polystyrene,4.000E-02,9.666E+02,3.634E+01,1.003E+03,5.998E-05,5.010E-05,0.8354
226,Polystyrene,4.500E-02,1.024E+03,3.335E+01,1.058E+03,6.483E-05,5.471E-05,0.8439
226,Polystyrene,5.000E-02,1.078E+03,3.086E+01,1.109E+03,6.944E-05,5.912E-05,0.8513
226,Polystyrene,5.500E-02,1.130E+03,2.875E+01,1.158E+03,7.385E-05,6.335E-05,0.8577
226,Polystyrene,6.000E-02,1.178E+03,2.693E+01,1.205E+03,7.808E-05,6.742E-05,0.8634
226,Polystyrene,6.500E-02,1.225E+03,2.535E+01,1.250E+03,8.216E-05,7.135E-05,0.8685
226,Polystyrene,7.000E-02,1.269E+03,2.396E+01,1.293E+03,8.609E-05,7.516E-05,0.8731
226,Polystyrene,7.500E-02,1.312E+03,2.273E+01,1.334E+03,8.989E-05,7.886E-05,0.8772
226,Polystyrene,8.000E-02,1.352E+03,2.163E+01,1.374E+03,9.359E-05,8.245E-05,0.8810
226,Polystyrene,8.500E-02,1.392E+03,2.064E+01,1.412E+03,9.718E-05,8.595E-05,0.8845
226,Polystyrene,9.000E-02,1.429E+03,1.975E+01,1.449E+03,1.007E-04,8.936E-05,0.8876
226,Polystyrene,9.500E-02,1.466E+03,1.894E+01,1.485E+03,1.041E-04,9.269E-05,0.8906
226,Polystyrene,1.000E-01,1.501E+03,1.819E+01,1.519E+03,1.074E-04,9.595E-05,0.8933
226,Polystyrene,1.250E-01,1.661E+03,1.526E+01,1.676E+03,1.230E-04,1.113E-04,0.9046
226,Polystyrene,1.500E-01,1.797E+03,1.320E+01,1.810E+03,1.374E-04,1.254E-04,0.9130
226,Polystyrene,1.750E-01,1.915E+03,1.166E+01,1.927E+03,1.508E-04,1.387E-04,0.9197
226,Polystyrene,2.000E-01,2.017E+03,1.046E+01,2.028E+03,1.634E-04,1.512E-04,0.9251
226,Polystyrene,2.250E-01,2.106E+03,9.507E+00,2.116E+03,1.755E-04,1.631E-04,0.9297
226,Polystyrene,2.500E-01,2.183E+03,8.721E+00,2.191E+03,1.871E-04,1.746E-04,0.9336
226,Polystyrene,2.750E-01,2.249E+03,8.064E+00,2.257E+03,1.983E-04,1.858E-04,0.9370
226,Polystyrene,3.000E-01,2.305E+03,7.505E+00,2.313E+03,2.092E-04,1.967E-04,0.9399
226,Polystyrene,3.500E-01,2.394E+03,6.605E+00,2.400E+03,2.304E-04,2.178E-04,0.9450
226,Polystyrene,4.000E-01,2.454E+03,5.910E+00,2.460E+03,2.510E-04,2.382E-04,0.9491
226,Polystyrene,4.500E-01,2.492E+03,5.355E+00,2.497E+03,2.712E-04,2.583E-04,0.9526
226,Polystyrene,5.000E-01,2.511E+03,4.901E+00,2.516E+03,2.911E-04,2.782E-04,0.9556
226,Polystyrene,5.500E-01,2.516E+03,4.523E+00,2.521E+03,3.109E-04,2.980E-04,0.9583
226,Polystyrene,6.000E-01,2.509E+03,4.202E+00,2.514E+03,3.308E-04,3.178E-04,0.9606
226,Polystyrene,6.500E-01,2.494E+03,3.927E+00,2.498E+03,3.507E-04,3.377E-04,0.9627
226,Polystyrene,7.000E-01,2.471E+03,3.688E+00,2.474E+03,3.708E-04,3.577E-04,0.9646
226,Polystyrene,7.500E-01,2.443E+03,3.477E+00,2.446E+03,3.912E-04,3.780E-04,0.9663
226,Polystyrene,8.000E-01,2.410E+03,3.291E+00,2.414E+03,4.117E-04,3.985E-04,0.9679
226,Polystyrene,8.500E-01,2.376E+03,3.125E+00,2.379E+03,4.326E-04,4.194E-04,0.9694
226,Polystyrene,9.000E-01,2.339E+03,2.976E+00,2.342E+03,4.538E-04,4.405E-04,0.9707
226,Polystyrene,9.500E-01,2.301E+03,2.842E+00,2.304E+03,4.753E-04,4.620E-04,0.9720
226,Polystyrene,1.000E+00,2.262E+03,2.719E+00,2.265E+03,4.972E-04,4.839E-04,0.9731
226,Polystyrene,1.250E+00,2.070E+03,2.244E+00,2.072E+03,6.126E-04,5.991E-04,0.9779
226,Polystyrene,1.500E+00,1.895E+03,1.917E+00,1.897E+03,7.388E-04,7.251E-04,0.9815
226,Polystyrene,1.750E+00,1.742E+03,1.677E+00,1.744E+03,8.763E-04,8.625E-04,0.9843
226,Polystyrene,2.000E+00,1.609E+03,1.493E+00,1.610E+03,1.026E-03,1.012E-03,0.9864
226,Polystyrene,2.250E+00,1.493E+03,1.347E+00,1.495E+03,1.187E-03,1.173E-03,0.9881
226,Polystyrene,2.500E+00,1.395E+03,1.229E+00,1.397E+03,1.360E-03,1.346E-03,0.9895
226,Polystyrene,2.750E+00,1.312E+03,1.130E+00,1.313E+03,1.545E-03,1.530E-03,0.9907
226,Polystyrene,3.000E+00,1.239E+03,1.047E+00,1.241E+03,1.741E-03,1.726E-03,0.9917
226,Polystyrene,3.500E+00,1.119E+03,9.142E-01,1.120E+03,2.166E-03,2.151E-03,0.9932
226,Polystyrene,4.000E+00,1.021E+03,8.125E-01,1.022E+03,2.634E-03,2.619E-03,0.9943
226,Polystyrene,4.500E+00,9.414E+02,7.321E-01,9.421E+02,3.144E-03,3.128E-03,0.9951
226,Polystyrene,5.000E+00,8.746E+02,6.669E-01,8.753E+02,3.695E-03,3.679E-03,0.9957
226,Polystyrene,5.500E+00,8.178E+02,6.127E-01,8.184E+02,4.286E-03,4.270E-03,0.9963
226,Polystyrene,6.000E+00,7.687E+02,5.671E-01,7.692E+02,4.916E-03,4.900E-03,0.9967
226,Polystyrene,6.500E+00,7.257E+02,5.280E-01,7.263E+02,5.586E-03,5.569E-03,0.9970
226,Polystyrene,7.000E+00,6.879E+02,4.942E-01,6.884E+02,6.293E-03,6.276E-03,0.9973
226,Polystyrene,7.500E+00,6.541E+02,4.647E-01,6.546E+02,7.038E-03,7.021E-03,0.9975
226,Polystyrene,8.000E+00,6.239E+02,4.386E-01,6.243E+02,7.821E-03,7.803E-03,0.9977
226,Polystyrene,8.500E+00,5.966E+02,4.154E-01,5.970E+02,8.640E-03,8.622E-03,0.9979
226,Polystyrene,9.000E+00,5.719E+02,3.947E-01,5.723E+02,9.495E-03,9.477E-03,0.9980
226,Polystyrene,9.500E+00,5.494E+02,3.760E-01,5.497E+02,1.039E-02,1.037E-02,0.9982
226,Polystyrene,1.000E+01,5.287E+02,3.591E-01,5.291E+02,1.131E-02,1.129E-02,0.9983
226,Polystyrene,1.250E+01,4.468E+02,2.936E-01,4.471E+02,1.648E-02,1.645E-02,0.9987
226,Polystyrene,1.500E+01,3.886E+02,2.489E-01,3.888E+02,2.249E-02,2.246E-02,0.9989
226,Polystyrene,1.750E+01,3.448E+02,2.164E-01,3.450E+02,2.933E-02,2.930E-02,0.9991
226,Polystyrene,2.000E+01,3.107E+02,1.916E-01,3.108E+02,3.697E-02,3.694E-02,0.9992
226,Polystyrene,2.500E+01,2.605E+02,1.562E-01,2.607E+02,5.461E-02,5.458E-02,0.9993
226,Polystyrene,2.750E+01,2.415E+02,1.431E-01,2.416E+02,6.458E-02,6.454E-02,0.9994
226,Polystyrene,3.000E+01,2.253E+02,1.321E-01,2.254E+02,7.530E-02,7.526E-02,0.9994
226,Polystyrene,3.500E+01,1.991E+02,1.146E-01,1.992E+02,9.895E-02,9.889E-02,0.9994
226,Polystyrene,4.000E+01,1.788E+02,1.012E-01,1.789E+02,1.255E-01,1.254E-01,0.9995
226,Polystyrene,4.500E+01,1.626E+02,9.073E-02,1.627E+02,1.548E-01,1.547E-01,0.9995
226,Polystyrene,5.000E+01,1.493E+02,8.223E-02,1.494E+02,1.869E-01,1.868E-01,0.9995
226,Polystyrene,5.500E+01,1.382E+02,7.520E-02,1.382E+02,2.218E-01,2.217E-01,0.9995
226,Polystyrene,6.000E+01,1.287E+02,6.928E-02,1.288E+02,2.593E-01,2.591E-01,0.9996
226,Polystyrene,6.500E+01,1.206E+02,6.425E-02,1.207E+02,2.994E-01,2.993E-01,0.9996
226,Polystyrene,7.000E+01,1.135E+02,5.991E-02,1.136E+02,3.421E-01,3.420E-01,0.9996
226,Polystyrene,7.500E+01,1.073E+02,5.613E-02,1.074E+02,3.874E-01,3.872E-01,0.9996
226,Polystyrene,8.000E+01,1.018E+02,5.281E-02,1.019E+02,4.352E-01,4.350E-01,0.9996
226,Polystyrene,8.500E+01,9.693E+01,4.986E-02,9.698E+01,4.855E-01,4.853E-01,0.9996
226,Polystyrene,9.000E+01,9.252E+01,4.723E-02,9.257E+01,5.383E-01,5.381E-01,0.9996
226,Polystyrene,9.500E+01,8.853E+01,4.486E-02,8.858E+01,5.936E-01,5.933E-01,0.9996
226,Polystyrene,1.000E+02,8.491E+01,4.272E-02,8.495E+01,6.512E-01,6.510E-01,0.9996
226,Polystyrene,1.250E+02,7.083E+01,3.450E-02,7.087E+01,9.750E-01,9.746E-01,0.9996
226,Polystyrene,1.500E+02,6.113E+01,2.894E-02,6.115E+01,1.356E+00,1.355E+00,0.9997
226,Polystyrene,1.750E+02,5.400E+01,2.492E-02,5.403E+01,1.792E+00,1.791E+00,0.9997
226,Polystyrene,2.000E+02,4.854E+01,2.190E-02,4.856E+01,2.281E+00,2.280E+00,0.9997
226,Polystyrene,2.250E+02,4.422E+01,1.954E-02,4.424E+01,2.821E+00,2.820E+00,0.9997
226,Polystyrene,2.500E+02,4.070E+01,1.763E-02,4.072E+01,3.411E+00,3.409E+00,0.9997
226,Polystyrene,2.750E+02,3.778E+01,1.606E-02,3.780E+01,4.048E+00,4.047E+00,0.9997
226,Polystyrene,3.000E+02,3.532E+01,1.474E-02,3.534E+01,4.733E+00,4.731E+00,0.9997
226,Polystyrene,3.500E+02,3.140E+01,1.267E-02,3.141E+01,6.237E+00,6.235E+00,0.9997
226,Polystyrene,4.000E+02,2.840E+01,1.111E-02,2.842E+01,7.913E+00,7.911E+00,0.9997
226,Polystyrene,4.500E+02,2.604E+01,9.891E-03,2.605E+01,9.753E+00,9.751E+00,0.9997
226,Polystyrene,5.000E+02,2.413E+01,8.915E-03,2.414E+01,1.175E+01,1.175E+01,0.9997
226,Polystyrene,5.500E+02,2.254E+01,8.111E-03,2.255E+01,1.389E+01,1.389E+01,0.9997
226,Polystyrene,6.000E+02,2.122E+01,7.437E-03,2.122E+01,1.618E+01,1.618E+01,0.9997
226,Polystyrene,6.500E+02,2.008E+01,6.867E-03,2.009E+01,1.860E+01,1.860E+01,0.9997
226,Polystyrene,7.000E+02,1.910E+01,6.380E-03,1.911E+01,2.116E+01,2.115E+01,0.9997
226,Polystyrene,7.500E+02,1.825E+01,5.959E-03,1.826E+01,2.384E+01,2.383E+01,0.9997
226,Polystyrene,8.000E+02,1.750E+01,5.590E-03,1.751E+01,2.663E+01,2.663E+01,0.9997
226,Polystyrene,8.500E+02,1.684E+01,5.263E-03,1.685E+01,2.955E+01,2.954E+01,0.9998
226,Polystyrene,9.000E+02,1.625E+01,4.972E-03,1.625E+01,3.257E+01,3.256E+01,0.9998
226,Polystyrene,9.500E+02,1.572E+01,4.711E-03,1.572E+01,3.570E+01,3.569E+01,0.9998
226,Polystyrene,1.000E+03,1.524E+01,4.476E-03,1.524E+01,3.893E+01,3.892E+01,0.9998
227,Polytetrafluoroethylene (Teflon,1.000E-03,8.270E+01,1.148E+02,1.975E+02,6.157E-06,2.172E-06,0.3527
227,Polytetrafluoroethylene (Teflon,1.500E-03,9.997E+01,1.082E+02,2.081E+02,8.612E-06,3.244E-06,0.3767
227,Polytetrafluoroethylene (Teflon,2.000E-03,1.144E+02,1.019E+02,2.163E+02,1.097E-05,4.353E-06,0.3969
227,Polytetrafluoroethylene (Teflon,2.500E-03,1.271E+02,9.623E+01,2.233E+02,1.324E-05,5.488E-06,0.4144
227,Polytetrafluoroethylene (Teflon,3.000E-03,1.384E+02,9.126E+01,2.297E+02,1.545E-05,6.641E-06,0.4299
227,Polytetrafluoroethylene (Teflon,4.000E-03,1.585E+02,8.293E+01,2.415E+02,1.969E-05,8.989E-06,0.4565
227,Polytetrafluoroethylene (Teflon,5.000E-03,1.762E+02,7.623E+01,2.524E+02,2.374E-05,1.137E-05,0.4788
227,Polytetrafluoroethylene (Teflon,6.000E-03,1.920E+02,7.070E+01,2.627E+02,2.763E-05,1.376E-05,0.4981
227,Polytetrafluoroethylene (Teflon,7.000E-03,2.065E+02,6.605E+01,2.726E+02,3.136E-05,1.616E-05,0.5151
227,Polytetrafluoroethylene (Teflon,8.000E-03,2.200E+02,6.208E+01,2.821E+02,3.497E-05,1.854E-05,0.5303
227,Polytetrafluoroethylene (Teflon,9.000E-03,2.326E+02,5.863E+01,2.913E+02,3.846E-05,2.092E-05,0.5440
227,Polytetrafluoroethylene (Teflon,1.000E-02,2.445E+02,5.560E+01,3.002E+02,4.184E-05,2.328E-05,0.5565
227,Polytetrafluoroethylene (Teflon,1.250E-02,2.719E+02,4.942E+01,3.213E+02,4.988E-05,2.910E-05,0.5833
227,Polytetrafluoroethylene (Teflon,1.500E-02,2.964E+02,4.464E+01,3.411E+02,5.743E-05,3.478E-05,0.6057
227,Polytetrafluoroethylene (Teflon,1.750E-02,3.190E+02,4.081E+01,3.598E+02,6.457E-05,4.033E-05,0.6246
227,Polytetrafluoroethylene (Teflon,2.000E-02,3.398E+02,3.766E+01,3.775E+02,7.135E-05,4.573E-05,0.6410
227,Polytetrafluoroethylene (Teflon,2.250E-02,3.594E+02,3.503E+01,3.944E+02,7.783E-05,5.101E-05,0.6554
227,Polytetrafluoroethylene (Teflon,2.500E-02,3.778E+02,3.278E+01,4.106E+02,8.404E-05,5.615E-05,0.6681
227,Polytetrafluoroethylene (Teflon,2.750E-02,3.953E+02,3.083E+01,4.262E+02,9.001E-05,6.117E-05,0.6796
227,Polytetrafluoroethylene (Teflon,3.000E-02,4.120E+02,2.913E+01,4.411E+02,9.578E-05,6.608E-05,0.6899
227,Polytetrafluoroethylene (Teflon,3.500E-02,4.433E+02,2.629E+01,4.696E+02,1.068E-04,7.557E-05,0.7079
227,Polytetrafluoroethylene (Teflon,4.000E-02,4.722E+02,2.401E+01,4.962E+02,1.171E-04,8.468E-05,0.7231
227,Polytetrafluoroethylene (Teflon,4.500E-02,4.993E+02,2.214E+01,5.214E+02,1.269E-04,9.344E-05,0.7361
227,Polytetrafluoroethylene (Teflon,5.000E-02,5.247E+02,2.056E+01,5.453E+02,1.363E-04,1.019E-04,0.7475
227,Polytetrafluoroethylene (Teflon,5.500E-02,5.488E+02,1.921E+01,5.680E+02,1.453E-04,1.101E-04,0.7576
227,Polytetrafluoroethylene (Teflon,6.000E-02,5.717E+02,1.805E+01,5.898E+02,1.539E-04,1.180E-04,0.7666
227,Polytetrafluoroethylene (Teflon,6.500E-02,5.936E+02,1.703E+01,6.106E+02,1.623E-04,1.257E-04,0.7747
227,Polytetrafluoroethylene (Teflon,7.000E-02,6.145E+02,1.614E+01,6.306E+02,1.703E-04,1.332E-04,0.7820
227,Polytetrafluoroethylene (Teflon,7.500E-02,6.346E+02,1.534E+01,6.499E+02,1.781E-04,1.405E-04,0.7886
227,Polytetrafluoroethylene (Teflon,8.000E-02,6.539E+02,1.462E+01,6.685E+02,1.857E-04,1.476E-04,0.7947
227,Polytetrafluoroethylene (Teflon,8.500E-02,6.725E+02,1.398E+01,6.865E+02,1.931E-04,1.545E-04,0.8004
227,Polytetrafluoroethylene (Teflon,9.000E-02,6.904E+02,1.339E+01,7.038E+02,2.003E-04,1.613E-04,0.8056
227,Polytetrafluoroethylene (Teflon,9.500E-02,7.078E+02,1.286E+01,7.207E+02,2.073E-04,1.680E-04,0.8104
227,Polytetrafluoroethylene (Teflon,1.000E-01,7.246E+02,1.237E+01,7.370E+02,2.142E-04,1.745E-04,0.8149
227,Polytetrafluoroethylene (Teflon,1.250E-01,8.016E+02,1.043E+01,8.121E+02,2.464E-04,2.054E-04,0.8335
227,Polytetrafluoroethylene (Teflon,1.500E-01,8.689E+02,9.055E+00,8.780E+02,2.760E-04,2.340E-04,0.8477
227,Polytetrafluoroethylene (Teflon,1.750E-01,9.286E+02,8.024E+00,9.366E+02,3.036E-04,2.607E-04,0.8589
227,Polytetrafluoroethylene (Teflon,2.000E-01,9.819E+02,7.220E+00,9.891E+02,3.295E-04,2.860E-04,0.8681
227,Polytetrafluoroethylene (Teflon,2.250E-01,1.030E+03,6.573E+00,1.036E+03,3.542E-04,3.102E-04,0.8758
227,Polytetrafluoroethylene (Teflon,2.500E-01,1.073E+03,6.041E+00,1.079E+03,3.778E-04,3.334E-04,0.8824
227,Polytetrafluoroethylene (Teflon,2.750E-01,1.112E+03,5.594E+00,1.118E+03,4.006E-04,3.557E-04,0.8881
227,Polytetrafluoroethylene (Teflon,3.000E-01,1.148E+03,5.214E+00,1.153E+03,4.226E-04,3.774E-04,0.8931
227,Polytetrafluoroethylene (Teflon,3.500E-01,1.209E+03,4.599E+00,1.214E+03,4.648E-04,4.191E-04,0.9016
227,Polytetrafluoroethylene (Teflon,4.000E-01,1.260E+03,4.122E+00,1.264E+03,5.052E-04,4.590E-04,0.9086
227,Polytetrafluoroethylene (Teflon,4.500E-01,1.301E+03,3.741E+00,1.305E+03,5.441E-04,4.975E-04,0.9144
227,Polytetrafluoroethylene (Teflon,5.000E-01,1.334E+03,3.429E+00,1.338E+03,5.819E-04,5.350E-04,0.9194
227,Polytetrafluoroethylene (Teflon,5.500E-01,1.361E+03,3.168E+00,1.364E+03,6.189E-04,5.717E-04,0.9238
227,Polytetrafluoroethylene (Teflon,6.000E-01,1.382E+03,2.947E+00,1.385E+03,6.553E-04,6.078E-04,0.9276
227,Polytetrafluoroethylene (Teflon,6.500E-01,1.397E+03,2.756E+00,1.400E+03,6.912E-04,6.435E-04,0.9311
227,Polytetrafluoroethylene (Teflon,7.000E-01,1.408E+03,2.590E+00,1.411E+03,7.267E-04,6.789E-04,0.9342
227,Polytetrafluoroethylene (Teflon,7.500E-01,1.415E+03,2.444E+00,1.418E+03,7.621E-04,7.140E-04,0.9370
227,Polytetrafluoroethylene (Teflon,8.000E-01,1.419E+03,2.315E+00,1.421E+03,7.973E-04,7.491E-04,0.9395
227,Polytetrafluoroethylene (Teflon,8.500E-01,1.420E+03,2.200E+00,1.422E+03,8.324E-04,7.841E-04,0.9419
227,Polytetrafluoroethylene (Teflon,9.000E-01,1.418E+03,2.096E+00,1.420E+03,8.676E-04,8.191E-04,0.9441
227,Polytetrafluoroethylene (Teflon,9.500E-01,1.414E+03,2.002E+00,1.416E+03,9.029E-04,8.542E-04,0.9461
227,Polytetrafluoroethylene (Teflon,1.000E+00,1.409E+03,1.917E+00,1.411E+03,9.382E-04,8.894E-04,0.9480
227,Polytetrafluoroethylene (Teflon,1.250E+00,1.399E+03,1.586E+00,1.400E+03,1.116E-03,1.067E-03,0.9557
227,Polytetrafluoroethylene (Teflon,1.500E+00,1.373E+03,1.357E+00,1.374E+03,1.296E-03,1.246E-03,0.9615
227,Polytetrafluoroethylene (Teflon,1.750E+00,1.319E+03,1.189E+00,1.320E+03,1.481E-03,1.431E-03,0.9660
227,Polytetrafluoroethylene (Teflon,2.000E+00,1.246E+03,1.059E+00,1.247E+03,1.676E-03,1.625E-03,0.9698
227,Polytetrafluoroethylene (Teflon,2.250E+00,1.165E+03,9.569E-01,1.166E+03,1.883E-03,1.832E-03,0.9729
227,Polytetrafluoroethylene (Teflon,2.500E+00,1.095E+03,8.734E-01,1.096E+03,2.105E-03,2.053E-03,0.9756
227,Polytetrafluoroethylene (Teflon,2.750E+00,1.034E+03,8.040E-01,1.035E+03,2.340E-03,2.288E-03,0.9779
227,Polytetrafluoroethylene (Teflon,3.000E+00,9.794E+02,7.454E-01,9.801E+02,2.588E-03,2.536E-03,0.9799
227,Polytetrafluoroethylene (Teflon,3.500E+00,8.874E+02,6.516E-01,8.880E+02,3.125E-03,3.072E-03,0.9831
227,Polytetrafluoroethylene (Teflon,4.000E+00,8.137E+02,5.797E-01,8.143E+02,3.713E-03,3.660E-03,0.9856
227,Polytetrafluoroethylene (Teflon,4.500E+00,7.525E+02,5.228E-01,7.530E+02,4.352E-03,4.298E-03,0.9875
227,Polytetrafluoroethylene (Teflon,5.000E+00,7.008E+02,4.766E-01,7.012E+02,5.041E-03,4.986E-03,0.9891
227,Polytetrafluoroethylene (Teflon,5.500E+00,6.565E+02,4.382E-01,6.569E+02,5.778E-03,5.722E-03,0.9904
227,Polytetrafluoroethylene (Teflon,6.000E+00,6.181E+02,4.058E-01,6.185E+02,6.563E-03,6.507E-03,0.9914
227,Polytetrafluoroethylene (Teflon,6.500E+00,5.845E+02,3.781E-01,5.849E+02,7.395E-03,7.337E-03,0.9923
227,Polytetrafluoroethylene (Teflon,7.000E+00,5.548E+02,3.541E-01,5.551E+02,8.273E-03,8.214E-03,0.9930
227,Polytetrafluoroethylene (Teflon,7.500E+00,5.283E+02,3.331E-01,5.286E+02,9.196E-03,9.137E-03,0.9936
227,Polytetrafluoroethylene (Teflon,8.000E+00,5.046E+02,3.146E-01,5.049E+02,1.016E-02,1.010E-02,0.9941
227,Polytetrafluoroethylene (Teflon,8.500E+00,4.830E+02,2.981E-01,4.833E+02,1.118E-02,1.112E-02,0.9946
227,Polytetrafluoroethylene (Teflon,9.000E+00,4.635E+02,2.833E-01,4.638E+02,1.223E-02,1.217E-02,0.9950
227,Polytetrafluoroethylene (Teflon,9.500E+00,4.456E+02,2.700E-01,4.459E+02,1.333E-02,1.327E-02,0.9953
227,Polytetrafluoroethylene (Teflon,1.000E+01,4.293E+02,2.579E-01,4.296E+02,1.448E-02,1.441E-02,0.9956
227,Polytetrafluoroethylene (Teflon,1.250E+01,3.644E+02,2.113E-01,3.646E+02,2.082E-02,2.075E-02,0.9967
227,Polytetrafluoroethylene (Teflon,1.500E+01,3.180E+02,1.795E-01,3.182E+02,2.818E-02,2.810E-02,0.9974
227,Polytetrafluoroethylene (Teflon,1.750E+01,2.830E+02,1.562E-01,2.832E+02,3.652E-02,3.644E-02,0.9978
227,Polytetrafluoroethylene (Teflon,2.000E+01,2.556E+02,1.385E-01,2.558E+02,4.582E-02,4.574E-02,0.9981
227,Polytetrafluoroethylene (Teflon,2.500E+01,2.153E+02,1.131E-01,2.154E+02,6.722E-02,6.712E-02,0.9985
227,Polytetrafluoroethylene (Teflon,2.750E+01,1.999E+02,1.037E-01,2.000E+02,7.927E-02,7.916E-02,0.9986
227,Polytetrafluoroethylene (Teflon,3.000E+01,1.868E+02,9.584E-02,1.869E+02,9.221E-02,9.209E-02,0.9987
227,Polytetrafluoroethylene (Teflon,3.500E+01,1.655E+02,8.325E-02,1.656E+02,1.207E-01,1.206E-01,0.9989
227,Polytetrafluoroethylene (Teflon,4.000E+01,1.489E+02,7.366E-02,1.490E+02,1.526E-01,1.524E-01,0.9990
227,Polytetrafluoroethylene (Teflon,4.500E+01,1.356E+02,6.610E-02,1.357E+02,1.878E-01,1.876E-01,0.9991
227,Polytetrafluoroethylene (Teflon,5.000E+01,1.247E+02,5.998E-02,1.248E+02,2.263E-01,2.261E-01,0.9991
227,Polytetrafluoroethylene (Teflon,5.500E+01,1.156E+02,5.492E-02,1.156E+02,2.679E-01,2.677E-01,0.9992
227,Polytetrafluoroethylene (Teflon,6.000E+01,1.078E+02,5.066E-02,1.078E+02,3.127E-01,3.125E-01,0.9992
227,Polytetrafluoroethylene (Teflon,6.500E+01,1.011E+02,4.703E-02,1.011E+02,3.606E-01,3.604E-01,0.9992
227,Polytetrafluoroethylene (Teflon,7.000E+01,9.525E+01,4.390E-02,9.529E+01,4.116E-01,4.113E-01,0.9993
227,Polytetrafluoroethylene (Teflon,7.500E+01,9.011E+01,4.116E-02,9.016E+01,4.656E-01,4.652E-01,0.9993
227,Polytetrafluoroethylene (Teflon,8.000E+01,8.557E+01,3.875E-02,8.560E+01,5.225E-01,5.221E-01,0.9993
227,Polytetrafluoroethylene (Teflon,8.500E+01,8.149E+01,3.661E-02,8.153E+01,5.824E-01,5.820E-01,0.9993
227,Polytetrafluoroethylene (Teflon,9.000E+01,7.783E+01,3.469E-02,7.787E+01,6.451E-01,6.447E-01,0.9993
227,Polytetrafluoroethylene (Teflon,9.500E+01,7.452E+01,3.298E-02,7.455E+01,7.108E-01,7.103E-01,0.9993
227,Polytetrafluoroethylene (Teflon,1.000E+02,7.151E+01,3.142E-02,7.154E+01,7.793E-01,7.788E-01,0.9994
227,Polytetrafluoroethylene (Teflon,1.250E+02,5.978E+01,2.545E-02,5.981E+01,1.163E+00,1.163E+00,0.9994
227,Polytetrafluoroethylene (Teflon,1.500E+02,5.167E+01,2.140E-02,5.169E+01,1.614E+00,1.613E+00,0.9994
227,Polytetrafluoroethylene (Teflon,1.750E+02,4.571E+01,1.847E-02,4.573E+01,2.130E+00,2.129E+00,0.9994
227,Polytetrafluoroethylene (Teflon,2.000E+02,4.113E+01,1.624E-02,4.114E+01,2.707E+00,2.706E+00,0.9995
227,Polytetrafluoroethylene (Teflon,2.250E+02,3.749E+01,1.450E-02,3.751E+01,3.344E+00,3.343E+00,0.9995
227,Polytetrafluoroethylene (Teflon,2.500E+02,3.454E+01,1.310E-02,3.455E+01,4.039E+00,4.037E+00,0.9995
227,Polytetrafluoroethylene (Teflon,2.750E+02,3.208E+01,1.195E-02,3.210E+01,4.791E+00,4.788E+00,0.9995
227,Polytetrafluoroethylene (Teflon,3.000E+02,3.001E+01,1.098E-02,3.002E+01,5.597E+00,5.594E+00,0.9995
227,Polytetrafluoroethylene (Teflon,3.500E+02,2.670E+01,9.453E-03,2.671E+01,7.366E+00,7.363E+00,0.9995
227,Polytetrafluoroethylene (Teflon,4.000E+02,2.418E+01,8.297E-03,2.418E+01,9.337E+00,9.332E+00,0.9995
227,Polytetrafluoroethylene (Teflon,4.500E+02,2.218E+01,7.392E-03,2.219E+01,1.150E+01,1.149E+01,0.9995
227,Polytetrafluoroethylene (Teflon,5.000E+02,2.056E+01,6.665E-03,2.057E+01,1.384E+01,1.383E+01,0.9995
227,Polytetrafluoroethylene (Teflon,5.500E+02,1.922E+01,6.067E-03,1.923E+01,1.636E+01,1.635E+01,0.9996
227,Polytetrafluoroethylene (Teflon,6.000E+02,1.810E+01,5.569E-03,1.810E+01,1.904E+01,1.903E+01,0.9996
227,Polytetrafluoroethylene (Teflon,6.500E+02,1.714E+01,5.147E-03,1.714E+01,2.188E+01,2.187E+01,0.9996
227,Polytetrafluoroethylene (Teflon,7.000E+02,1.631E+01,4.784E-03,1.631E+01,2.487E+01,2.486E+01,0.9996
227,Polytetrafluoroethylene (Teflon,7.500E+02,1.559E+01,4.469E-03,1.559E+01,2.801E+01,2.800E+01,0.9996
227,Polytetrafluoroethylene (Teflon,8.000E+02,1.495E+01,4.192E-03,1.496E+01,3.128E+01,3.127E+01,0.9996
227,Polytetrafluoroethylene (Teflon,8.500E+02,1.439E+01,3.946E-03,1.439E+01,3.469E+01,3.468E+01,0.9996
227,Polytetrafluoroethylene (Teflon,9.000E+02,1.389E+01,3.728E-03,1.389E+01,3.823E+01,3.821E+01,0.9996
227,Polytetrafluoroethylene (Teflon,9.500E+02,1.344E+01,3.532E-03,1.344E+01,4.189E+01,4.187E+01,0.9996
227,Polytetrafluoroethylene (Teflon,1.000E+03,1.303E+01,3.357E-03,1.303E+01,4.567E+01,4.565E+01,0.9996
232,Polyvinyl Chloride,1.000E-03,9.427E+01,1.427E+02,2.369E+02,4.848E-06,2.065E-06,0.4259
232,Polyvinyl Chloride,1.500E-03,1.144E+02,1.319E+02,2.463E+02,6.910E-06,3.051E-06,0.4415
232,Polyvinyl Chloride,2.000E-03,1.313E+02,1.228E+02,2.541E+02,8.908E-06,4.060E-06,0.4557
232,Polyvinyl Chloride,2.500E-03,1.463E+02,1.150E+02,2.613E+02,1.085E-05,5.083E-06,0.4685
232,Polyvinyl Chloride,3.000E-03,1.599E+02,1.084E+02,2.683E+02,1.274E-05,6.115E-06,0.4801
232,Polyvinyl Chloride,4.000E-03,1.840E+02,9.767E+01,2.817E+02,1.637E-05,8.196E-06,0.5006
232,Polyvinyl Chloride,5.000E-03,2.055E+02,8.927E+01,2.947E+02,1.984E-05,1.028E-05,0.5182
232,Polyvinyl Chloride,6.000E-03,2.249E+02,8.248E+01,3.074E+02,2.317E-05,1.237E-05,0.5338
232,Polyvinyl Chloride,7.000E-03,2.429E+02,7.684E+01,3.197E+02,2.635E-05,1.444E-05,0.5477
232,Polyvinyl Chloride,8.000E-03,2.597E+02,7.207E+01,3.317E+02,2.942E-05,1.649E-05,0.5603
232,Polyvinyl Chloride,9.000E-03,2.755E+02,6.796E+01,3.435E+02,3.239E-05,1.852E-05,0.5717
232,Polyvinyl Chloride,1.000E-02,2.905E+02,6.438E+01,3.549E+02,3.525E-05,2.052E-05,0.5822
232,Polyvinyl Chloride,1.250E-02,3.253E+02,5.712E+01,3.824E+02,4.203E-05,2.544E-05,0.6051
232,Polyvinyl Chloride,1.500E-02,3.570E+02,5.155E+01,4.085E+02,4.836E-05,3.019E-05,0.6244
232,Polyvinyl Chloride,1.750E-02,3.863E+02,4.711E+01,4.334E+02,5.429E-05,3.480E-05,0.6409
232,Polyvinyl Chloride,2.000E-02,4.137E+02,4.347E+01,4.571E+02,5.991E-05,3.926E-05,0.6553
232,Polyvinyl Chloride,2.250E-02,4.395E+02,4.043E+01,4.800E+02,6.525E-05,4.359E-05,0.6681
232,Polyvinyl Chloride,2.500E-02,4.641E+02,3.784E+01,5.020E+02,7.034E-05,4.779E-05,0.6794
232,Polyvinyl Chloride,2.750E-02,4.876E+02,3.561E+01,5.232E+02,7.522E-05,5.187E-05,0.6897
232,Polyvinyl Chloride,3.000E-02,5.101E+02,3.365E+01,5.437E+02,7.990E-05,5.585E-05,0.6989
232,Polyvinyl Chloride,3.500E-02,5.526E+02,3.039E+01,5.830E+02,8.878E-05,6.349E-05,0.7152
232,Polyvinyl Chloride,4.000E-02,5.924E+02,2.777E+01,6.202E+02,9.709E-05,7.078E-05,0.7290
232,Polyvinyl Chloride,4.500E-02,6.299E+02,2.561E+01,6.555E+02,1.049E-04,7.774E-05,0.7409
232,Polyvinyl Chloride,5.000E-02,6.655E+02,2.380E+01,6.893E+02,1.124E-04,8.443E-05,0.7514
232,Polyvinyl Chloride,5.500E-02,6.994E+02,2.226E+01,7.216E+02,1.195E-04,9.086E-05,0.7607
232,Polyvinyl Chloride,6.000E-02,7.318E+02,2.092E+01,7.527E+02,1.262E-04,9.707E-05,0.7690
232,Polyvinyl Chloride,6.500E-02,7.629E+02,1.975E+01,7.827E+02,1.327E-04,1.031E-04,0.7764
232,Polyvinyl Chloride,7.000E-02,7.929E+02,1.872E+01,8.116E+02,1.390E-04,1.089E-04,0.7832
232,Polyvinyl Chloride,7.500E-02,8.218E+02,1.780E+01,8.396E+02,1.451E-04,1.145E-04,0.7894
232,Polyvinyl Chloride,8.000E-02,8.497E+02,1.697E+01,8.667E+02,1.509E-04,1.200E-04,0.7951
232,Polyvinyl Chloride,8.500E-02,8.767E+02,1.623E+01,8.929E+02,1.566E-04,1.254E-04,0.8004
232,Polyvinyl Chloride,9.000E-02,9.029E+02,1.555E+01,9.184E+02,1.621E-04,1.306E-04,0.8052
232,Polyvinyl Chloride,9.500E-02,9.282E+02,1.494E+01,9.432E+02,1.675E-04,1.356E-04,0.8098
232,Polyvinyl Chloride,1.000E-01,9.529E+02,1.438E+01,9.673E+02,1.727E-04,1.406E-04,0.8140
232,Polyvinyl Chloride,1.250E-01,1.067E+03,1.214E+01,1.079E+03,1.972E-04,1.640E-04,0.8316
232,Polyvinyl Chloride,1.500E-01,1.167E+03,1.055E+01,1.177E+03,2.193E-04,1.853E-04,0.8450
232,Polyvinyl Chloride,1.750E-01,1.255E+03,9.352E+00,1.265E+03,2.398E-04,2.052E-04,0.8557
232,Polyvinyl Chloride,2.000E-01,1.335E+03,8.419E+00,1.343E+03,2.590E-04,2.239E-04,0.8645
232,Polyvinyl Chloride,2.250E-01,1.405E+03,7.669E+00,1.413E+03,2.771E-04,2.416E-04,0.8720
232,Polyvinyl Chloride,2.500E-01,1.468E+03,7.051E+00,1.476E+03,2.944E-04,2.586E-04,0.8784
232,Polyvinyl Chloride,2.750E-01,1.525E+03,6.532E+00,1.531E+03,3.110E-04,2.749E-04,0.8839
232,Polyvinyl Chloride,3.000E-01,1.574E+03,6.090E+00,1.580E+03,3.271E-04,2.908E-04,0.8889
232,Polyvinyl Chloride,3.500E-01,1.657E+03,5.375E+00,1.662E+03,3.579E-04,3.212E-04,0.8973
232,Polyvinyl Chloride,4.000E-01,1.719E+03,4.820E+00,1.724E+03,3.874E-04,3.503E-04,0.9042
232,Polyvinyl Chloride,4.500E-01,1.764E+03,4.376E+00,1.769E+03,4.161E-04,3.787E-04,0.9101
232,Polyvinyl Chloride,5.000E-01,1.795E+03,4.012E+00,1.799E+03,4.441E-04,4.064E-04,0.9153
232,Polyvinyl Chloride,5.500E-01,1.814E+03,3.708E+00,1.818E+03,4.717E-04,4.339E-04,0.9198
232,Polyvinyl Chloride,6.000E-01,1.823E+03,3.450E+00,1.826E+03,4.991E-04,4.611E-04,0.9238
232,Polyvinyl Chloride,6.500E-01,1.824E+03,3.227E+00,1.827E+03,5.265E-04,4.883E-04,0.9274
232,Polyvinyl Chloride,7.000E-01,1.818E+03,3.034E+00,1.821E+03,5.539E-04,5.155E-04,0.9307
232,Polyvinyl Chloride,7.500E-01,1.807E+03,2.864E+00,1.810E+03,5.814E-04,5.429E-04,0.9338
232,Polyvinyl Chloride,8.000E-01,1.792E+03,2.713E+00,1.795E+03,6.092E-04,5.705E-04,0.9365
232,Polyvinyl Chloride,8.500E-01,1.774E+03,2.578E+00,1.776E+03,6.372E-04,5.984E-04,0.9391
232,Polyvinyl Chloride,9.000E-01,1.753E+03,2.457E+00,1.756E+03,6.655E-04,6.266E-04,0.9415
232,Polyvinyl Chloride,9.500E-01,1.731E+03,2.347E+00,1.733E+03,6.941E-04,6.551E-04,0.9438
232,Polyvinyl Chloride,1.000E+00,1.708E+03,2.248E+00,1.710E+03,7.232E-04,6.840E-04,0.9459
232,Polyvinyl Chloride,1.250E+00,1.591E+03,1.860E+00,1.593E+03,8.747E-04,8.350E-04,0.9546
232,Polyvinyl Chloride,1.500E+00,1.482E+03,1.592E+00,1.484E+03,1.037E-03,9.972E-04,0.9613
232,Polyvinyl Chloride,1.750E+00,1.385E+03,1.395E+00,1.387E+03,1.212E-03,1.171E-03,0.9665
232,Polyvinyl Chloride,2.000E+00,1.299E+03,1.244E+00,1.300E+03,1.398E-03,1.357E-03,0.9707
232,Polyvinyl Chloride,2.250E+00,1.222E+03,1.123E+00,1.223E+03,1.596E-03,1.555E-03,0.9741
232,Polyvinyl Chloride,2.500E+00,1.153E+03,1.026E+00,1.154E+03,1.807E-03,1.765E-03,0.9769
232,Polyvinyl Chloride,2.750E+00,1.092E+03,9.443E-01,1.093E+03,2.029E-03,1.987E-03,0.9792
232,Polyvinyl Chloride,3.000E+00,1.037E+03,8.755E-01,1.038E+03,2.264E-03,2.222E-03,0.9812
232,Polyvinyl Chloride,3.500E+00,9.417E+02,7.655E-01,9.425E+02,2.770E-03,2.727E-03,0.9843
232,Polyvinyl Chloride,4.000E+00,8.624E+02,6.812E-01,8.631E+02,3.325E-03,3.281E-03,0.9867
232,Polyvinyl Chloride,4.500E+00,7.958E+02,6.145E-01,7.964E+02,3.929E-03,3.884E-03,0.9885
232,Polyvinyl Chloride,5.000E+00,7.398E+02,5.602E-01,7.404E+02,4.581E-03,4.535E-03,0.9900
232,Polyvinyl Chloride,5.500E+00,6.923E+02,5.151E-01,6.928E+02,5.279E-03,5.232E-03,0.9911
232,Polyvinyl Chloride,6.000E+00,6.512E+02,4.771E-01,6.517E+02,6.024E-03,5.976E-03,0.9921
232,Polyvinyl Chloride,6.500E+00,6.154E+02,4.445E-01,6.158E+02,6.813E-03,6.765E-03,0.9929
232,Polyvinyl Chloride,7.000E+00,5.837E+02,4.163E-01,5.841E+02,7.647E-03,7.598E-03,0.9935
232,Polyvinyl Chloride,7.500E+00,5.556E+02,3.917E-01,5.560E+02,8.525E-03,8.474E-03,0.9941
232,Polyvinyl Chloride,8.000E+00,5.303E+02,3.699E-01,5.307E+02,9.446E-03,9.394E-03,0.9945
232,Polyvinyl Chloride,8.500E+00,5.075E+02,3.505E-01,5.079E+02,1.041E-02,1.036E-02,0.9949
232,Polyvinyl Chloride,9.000E+00,4.869E+02,3.332E-01,4.872E+02,1.141E-02,1.136E-02,0.9953
232,Polyvinyl Chloride,9.500E+00,4.680E+02,3.175E-01,4.683E+02,1.246E-02,1.241E-02,0.9956
232,Polyvinyl Chloride,1.000E+01,4.508E+02,3.034E-01,4.511E+02,1.355E-02,1.349E-02,0.9959
232,Polyvinyl Chloride,1.250E+01,3.821E+02,2.485E-01,3.824E+02,1.959E-02,1.953E-02,0.9968
232,Polyvinyl Chloride,1.500E+01,3.333E+02,2.110E-01,3.335E+02,2.661E-02,2.654E-02,0.9974
232,Polyvinyl Chloride,1.750E+01,2.965E+02,1.837E-01,2.967E+02,3.458E-02,3.450E-02,0.9978
232,Polyvinyl Chloride,2.000E+01,2.677E+02,1.629E-01,2.678E+02,4.346E-02,4.338E-02,0.9980
232,Polyvinyl Chloride,2.500E+01,2.253E+02,1.331E-01,2.255E+02,6.389E-02,6.379E-02,0.9984
232,Polyvinyl Chloride,2.750E+01,2.092E+02,1.220E-01,2.094E+02,7.541E-02,7.530E-02,0.9985
232,Polyvinyl Chloride,3.000E+01,1.955E+02,1.127E-01,1.956E+02,8.777E-02,8.765E-02,0.9986
232,Polyvinyl Chloride,3.500E+01,1.732E+02,9.790E-02,1.733E+02,1.150E-01,1.148E-01,0.9987
232,Polyvinyl Chloride,4.000E+01,1.559E+02,8.663E-02,1.560E+02,1.454E-01,1.453E-01,0.9988
232,Polyvinyl Chloride,4.500E+01,1.421E+02,7.775E-02,1.421E+02,1.790E-01,1.789E-01,0.9989
232,Polyvinyl Chloride,5.000E+01,1.307E+02,7.055E-02,1.307E+02,2.158E-01,2.155E-01,0.9989
232,Polyvinyl Chloride,5.500E+01,1.211E+02,6.460E-02,1.212E+02,2.555E-01,2.553E-01,0.9990
232,Polyvinyl Chloride,6.000E+01,1.130E+02,5.959E-02,1.131E+02,2.983E-01,2.980E-01,0.9990
232,Polyvinyl Chloride,6.500E+01,1.060E+02,5.531E-02,1.061E+02,3.440E-01,3.436E-01,0.9990
232,Polyvinyl Chloride,7.000E+01,9.991E+01,5.162E-02,9.996E+01,3.925E-01,3.922E-01,0.9991
232,Polyvinyl Chloride,7.500E+01,9.455E+01,4.841E-02,9.459E+01,4.440E-01,4.436E-01,0.9991
232,Polyvinyl Chloride,8.000E+01,8.979E+01,4.558E-02,8.983E+01,4.982E-01,4.978E-01,0.9991
232,Polyvinyl Chloride,8.500E+01,8.553E+01,4.307E-02,8.558E+01,5.553E-01,5.548E-01,0.9991
232,Polyvinyl Chloride,9.000E+01,8.171E+01,4.082E-02,8.175E+01,6.151E-01,6.146E-01,0.9991
232,Polyvinyl Chloride,9.500E+01,7.824E+01,3.881E-02,7.828E+01,6.776E-01,6.770E-01,0.9992
232,Polyvinyl Chloride,1.000E+02,7.510E+01,3.698E-02,7.513E+01,7.428E-01,7.422E-01,0.9992
232,Polyvinyl Chloride,1.250E+02,6.282E+01,2.996E-02,6.285E+01,1.108E+00,1.107E+00,0.9992
232,Polyvinyl Chloride,1.500E+02,5.433E+01,2.520E-02,5.435E+01,1.537E+00,1.536E+00,0.9992
232,Polyvinyl Chloride,1.750E+02,4.808E+01,2.175E-02,4.810E+01,2.027E+00,2.026E+00,0.9993
232,Polyvinyl Chloride,2.000E+02,4.328E+01,1.915E-02,4.330E+01,2.576E+00,2.574E+00,0.9993
232,Polyvinyl Chloride,2.250E+02,3.947E+01,1.711E-02,3.948E+01,3.182E+00,3.179E+00,0.9993
232,Polyvinyl Chloride,2.500E+02,3.637E+01,1.546E-02,3.638E+01,3.842E+00,3.839E+00,0.9993
232,Polyvinyl Chloride,2.750E+02,3.379E+01,1.410E-02,3.380E+01,4.555E+00,4.552E+00,0.9993
232,Polyvinyl Chloride,3.000E+02,3.161E+01,1.296E-02,3.163E+01,5.321E+00,5.317E+00,0.9993
232,Polyvinyl Chloride,3.500E+02,2.814E+01,1.115E-02,2.815E+01,7.000E+00,6.996E+00,0.9993
232,Polyvinyl Chloride,4.000E+02,2.548E+01,9.795E-03,2.549E+01,8.870E+00,8.864E+00,0.9994
232,Polyvinyl Chloride,4.500E+02,2.338E+01,8.733E-03,2.339E+01,1.092E+01,1.091E+01,0.9994
232,Polyvinyl Chloride,5.000E+02,2.168E+01,7.880E-03,2.168E+01,1.314E+01,1.313E+01,0.9994
232,Polyvinyl Chloride,5.500E+02,2.027E+01,7.178E-03,2.028E+01,1.553E+01,1.552E+01,0.9994
232,Polyvinyl Chloride,6.000E+02,1.908E+01,6.590E-03,1.909E+01,1.807E+01,1.806E+01,0.9994
232,Polyvinyl Chloride,6.500E+02,1.807E+01,6.091E-03,1.808E+01,2.077E+01,2.075E+01,0.9994
232,Polyvinyl Chloride,7.000E+02,1.720E+01,5.664E-03,1.721E+01,2.360E+01,2.359E+01,0.9994
232,Polyvinyl Chloride,7.500E+02,1.644E+01,5.292E-03,1.645E+01,2.657E+01,2.656E+01,0.9994
232,Polyvinyl Chloride,8.000E+02,1.577E+01,4.966E-03,1.578E+01,2.968E+01,2.966E+01,0.9994
232,Polyvinyl Chloride,8.500E+02,1.518E+01,4.677E-03,1.519E+01,3.291E+01,3.289E+01,0.9994
232,Polyvinyl Chloride,9.000E+02,1.465E+01,4.420E-03,1.466E+01,3.626E+01,3.624E+01,0.9995
232,Polyvinyl Chloride,9.500E+02,1.418E+01,4.189E-03,1.418E+01,3.973E+01,3.971E+01,0.9995
232,Polyvinyl Chloride,1.000E+03,1.375E+01,3.982E-03,1.376E+01,4.331E+01,4.329E+01,0.9995
238,Propane,1.000E-03,1.945E+02,3.196E+02,5.141E+02,2.109E-06,1.347E-06,0.6385
238,Propane,1.500E-03,2.347E+02,2.871E+02,5.218E+02,3.072E-06,2.013E-06,0.6554
238,Propane,2.000E-03,2.684E+02,2.615E+02,5.299E+02,4.023E-06,2.695E-06,0.6700
238,Propane,2.500E-03,2.980E+02,2.408E+02,5.388E+02,4.959E-06,3.385E-06,0.6826
238,Propane,3.000E-03,3.247E+02,2.237E+02,5.484E+02,5.879E-06,4.078E-06,0.6937
238,Propane,4.000E-03,3.720E+02,1.970E+02,5.690E+02,7.670E-06,5.465E-06,0.7125
238,Propane,5.000E-03,4.136E+02,1.768E+02,5.904E+02,9.395E-06,6.839E-06,0.7280
238,Propane,6.000E-03,4.512E+02,1.610E+02,6.122E+02,1.106E-05,8.195E-06,0.7411
238,Propane,7.000E-03,4.858E+02,1.481E+02,6.339E+02,1.266E-05,9.528E-06,0.7524
238,Propane,8.000E-03,5.180E+02,1.374E+02,6.554E+02,1.421E-05,1.084E-05,0.7623
238,Propane,9.000E-03,5.482E+02,1.284E+02,6.766E+02,1.572E-05,1.212E-05,0.7711
238,Propane,1.000E-02,5.768E+02,1.206E+02,6.975E+02,1.717E-05,1.338E-05,0.7789
238,Propane,1.250E-02,6.426E+02,1.052E+02,7.478E+02,2.063E-05,1.641E-05,0.7955
238,Propane,1.500E-02,7.022E+02,9.369E+01,7.959E+02,2.387E-05,1.931E-05,0.8089
238,Propane,1.750E-02,7.569E+02,8.469E+01,8.416E+02,2.692E-05,2.208E-05,0.8199
238,Propane,2.000E-02,8.080E+02,7.744E+01,8.854E+02,2.982E-05,2.473E-05,0.8293
238,Propane,2.250E-02,8.559E+02,7.146E+01,9.274E+02,3.258E-05,2.728E-05,0.8374
238,Propane,2.500E-02,9.012E+02,6.643E+01,9.677E+02,3.522E-05,2.974E-05,0.8444
238,Propane,2.750E-02,9.444E+02,6.213E+01,1.007E+03,3.775E-05,3.211E-05,0.8506
238,Propane,3.000E-02,9.856E+02,5.841E+01,1.044E+03,4.019E-05,3.441E-05,0.8562
238,Propane,3.500E-02,1.063E+03,5.228E+01,1.115E+03,4.482E-05,3.880E-05,0.8657
238,Propane,4.000E-02,1.135E+03,4.742E+01,1.183E+03,4.917E-05,4.295E-05,0.8735
238,Propane,4.500E-02,1.203E+03,4.346E+01,1.246E+03,5.329E-05,4.690E-05,0.8802
238,Propane,5.000E-02,1.267E+03,4.017E+01,1.307E+03,5.720E-05,5.068E-05,0.8860
238,Propane,5.500E-02,1.327E+03,3.739E+01,1.364E+03,6.095E-05,5.430E-05,0.8910
238,Propane,6.000E-02,1.385E+03,3.500E+01,1.420E+03,6.454E-05,5.779E-05,0.8954
238,Propane,6.500E-02,1.440E+03,3.292E+01,1.473E+03,6.800E-05,6.115E-05,0.8993
238,Propane,7.000E-02,1.492E+03,3.110E+01,1.524E+03,7.133E-05,6.441E-05,0.9029
238,Propane,7.500E-02,1.543E+03,2.948E+01,1.573E+03,7.456E-05,6.756E-05,0.9061
238,Propane,8.000E-02,1.592E+03,2.804E+01,1.620E+03,7.770E-05,7.063E-05,0.9090
238,Propane,8.500E-02,1.639E+03,2.675E+01,1.666E+03,8.074E-05,7.361E-05,0.9117
238,Propane,9.000E-02,1.684E+03,2.558E+01,1.710E+03,8.370E-05,7.651E-05,0.9141
238,Propane,9.500E-02,1.728E+03,2.451E+01,1.753E+03,8.659E-05,7.935E-05,0.9164
238,Propane,1.000E-01,1.770E+03,2.354E+01,1.794E+03,8.941E-05,8.212E-05,0.9185
238,Propane,1.250E-01,1.964E+03,1.972E+01,1.984E+03,1.026E-04,9.517E-05,0.9272
238,Propane,1.500E-01,2.131E+03,1.703E+01,2.148E+03,1.147E-04,1.071E-04,0.9336
238,Propane,1.750E-01,2.277E+03,1.503E+01,2.292E+03,1.260E-04,1.183E-04,0.9387
238,Propane,2.000E-01,2.404E+03,1.348E+01,2.418E+03,1.366E-04,1.288E-04,0.9429
238,Propane,2.250E-01,2.516E+03,1.224E+01,2.528E+03,1.467E-04,1.388E-04,0.9463
238,Propane,2.500E-01,2.613E+03,1.122E+01,2.624E+03,1.564E-04,1.485E-04,0.9493
238,Propane,2.750E-01,2.698E+03,1.037E+01,2.708E+03,1.658E-04,1.578E-04,0.9519
238,Propane,3.000E-01,2.771E+03,9.649E+00,2.781E+03,1.749E-04,1.669E-04,0.9541
238,Propane,3.500E-01,2.887E+03,8.486E+00,2.896E+03,1.925E-04,1.844E-04,0.9579
238,Propane,4.000E-01,2.969E+03,7.588E+00,2.976E+03,2.095E-04,2.014E-04,0.9611
238,Propane,4.500E-01,3.022E+03,6.872E+00,3.029E+03,2.262E-04,2.179E-04,0.9637
238,Propane,5.000E-01,3.053E+03,6.288E+00,3.059E+03,2.426E-04,2.343E-04,0.9660
238,Propane,5.500E-01,3.065E+03,5.800E+00,3.070E+03,2.589E-04,2.506E-04,0.9680
238,Propane,6.000E-01,3.061E+03,5.387E+00,3.067E+03,2.752E-04,2.668E-04,0.9698
238,Propane,6.500E-01,3.046E+03,5.033E+00,3.051E+03,2.915E-04,2.832E-04,0.9713
238,Propane,7.000E-01,3.021E+03,4.725E+00,3.026E+03,3.080E-04,2.996E-04,0.9728
238,Propane,7.500E-01,2.990E+03,4.454E+00,2.994E+03,3.246E-04,3.162E-04,0.9741
238,Propane,8.000E-01,2.953E+03,4.215E+00,2.957E+03,3.414E-04,3.329E-04,0.9753
238,Propane,8.500E-01,2.912E+03,4.001E+00,2.916E+03,3.584E-04,3.499E-04,0.9764
238,Propane,9.000E-01,2.868E+03,3.810E+00,2.872E+03,3.757E-04,3.672E-04,0.9774
238,Propane,9.500E-01,2.822E+03,3.637E+00,2.826E+03,3.932E-04,3.847E-04,0.9784
238,Propane,1.000E+00,2.775E+03,3.480E+00,2.779E+03,4.111E-04,4.025E-04,0.9793
238,Propane,1.250E+00,2.564E+03,2.870E+00,2.567E+03,5.047E-04,4.961E-04,0.9829
238,Propane,1.500E+00,2.372E+03,2.450E+00,2.374E+03,6.060E-04,5.973E-04,0.9856
238,Propane,1.750E+00,2.191E+03,2.142E+00,2.193E+03,7.156E-04,7.068E-04,0.9877
238,Propane,2.000E+00,2.022E+03,1.907E+00,2.024E+03,8.343E-04,8.254E-04,0.9893
238,Propane,2.250E+00,1.868E+03,1.720E+00,1.870E+03,9.629E-04,9.540E-04,0.9907
238,Propane,2.500E+00,1.739E+03,1.568E+00,1.740E+03,1.102E-03,1.093E-03,0.9918
238,Propane,2.750E+00,1.629E+03,1.442E+00,1.631E+03,1.250E-03,1.241E-03,0.9927
238,Propane,3.000E+00,1.534E+03,1.336E+00,1.536E+03,1.408E-03,1.399E-03,0.9935
238,Propane,3.500E+00,1.377E+03,1.166E+00,1.378E+03,1.752E-03,1.743E-03,0.9946
238,Propane,4.000E+00,1.252E+03,1.036E+00,1.253E+03,2.133E-03,2.124E-03,0.9955
238,Propane,4.500E+00,1.150E+03,9.330E-01,1.151E+03,2.550E-03,2.541E-03,0.9962
238,Propane,5.000E+00,1.065E+03,8.496E-01,1.066E+03,3.002E-03,2.992E-03,0.9967
238,Propane,5.500E+00,9.930E+02,7.805E-01,9.938E+02,3.488E-03,3.478E-03,0.9971
238,Propane,6.000E+00,9.311E+02,7.221E-01,9.319E+02,4.008E-03,3.998E-03,0.9974
238,Propane,6.500E+00,8.772E+02,6.722E-01,8.779E+02,4.561E-03,4.551E-03,0.9977
238,Propane,7.000E+00,8.299E+02,6.291E-01,8.305E+02,5.147E-03,5.136E-03,0.9979
238,Propane,7.500E+00,7.878E+02,5.914E-01,7.884E+02,5.765E-03,5.754E-03,0.9981
238,Propane,8.000E+00,7.502E+02,5.581E-01,7.508E+02,6.415E-03,6.404E-03,0.9982
238,Propane,8.500E+00,7.164E+02,5.285E-01,7.169E+02,7.097E-03,7.086E-03,0.9984
238,Propane,9.000E+00,6.858E+02,5.021E-01,6.863E+02,7.810E-03,7.798E-03,0.9985
238,Propane,9.500E+00,6.580E+02,4.782E-01,6.584E+02,8.554E-03,8.542E-03,0.9986
238,Propane,1.000E+01,6.325E+02,4.566E-01,6.330E+02,9.329E-03,9.316E-03,0.9987
238,Propane,1.250E+01,5.320E+02,3.731E-01,5.324E+02,1.365E-02,1.364E-02,0.9990
238,Propane,1.500E+01,4.611E+02,3.162E-01,4.614E+02,1.871E-02,1.870E-02,0.9992
238,Propane,1.750E+01,4.081E+02,2.747E-01,4.083E+02,2.448E-02,2.447E-02,0.9993
238,Propane,2.000E+01,3.668E+02,2.432E-01,3.671E+02,3.095E-02,3.093E-02,0.9994
238,Propane,2.500E+01,3.066E+02,1.981E-01,3.068E+02,4.592E-02,4.590E-02,0.9995
238,Propane,2.750E+01,2.838E+02,1.814E-01,2.840E+02,5.440E-02,5.437E-02,0.9995
238,Propane,3.000E+01,2.645E+02,1.674E-01,2.646E+02,6.352E-02,6.349E-02,0.9995
238,Propane,3.500E+01,2.333E+02,1.450E-01,2.334E+02,8.368E-02,8.365E-02,0.9996
238,Propane,4.000E+01,2.092E+02,1.281E-01,2.093E+02,1.063E-01,1.063E-01,0.9996
238,Propane,4.500E+01,1.899E+02,1.148E-01,1.900E+02,1.314E-01,1.314E-01,0.9996
238,Propane,5.000E+01,1.742E+02,1.040E-01,1.743E+02,1.590E-01,1.589E-01,0.9996
238,Propane,5.500E+01,1.610E+02,9.505E-02,1.611E+02,1.888E-01,1.887E-01,0.9997
238,Propane,6.000E+01,1.499E+02,8.754E-02,1.500E+02,2.210E-01,2.209E-01,0.9997
238,Propane,6.500E+01,1.404E+02,8.114E-02,1.404E+02,2.555E-01,2.554E-01,0.9997
238,Propane,7.000E+01,1.320E+02,7.564E-02,1.321E+02,2.922E-01,2.921E-01,0.9997
238,Propane,7.500E+01,1.247E+02,7.084E-02,1.248E+02,3.311E-01,3.310E-01,0.9997
238,Propane,8.000E+01,1.183E+02,6.663E-02,1.183E+02,3.723E-01,3.722E-01,0.9997
238,Propane,8.500E+01,1.125E+02,6.289E-02,1.126E+02,4.156E-01,4.155E-01,0.9997
238,Propane,9.000E+01,1.073E+02,5.955E-02,1.074E+02,4.611E-01,4.610E-01,0.9997
238,Propane,9.500E+01,1.027E+02,5.656E-02,1.027E+02,5.087E-01,5.086E-01,0.9997
238,Propane,1.000E+02,9.844E+01,5.385E-02,9.849E+01,5.585E-01,5.583E-01,0.9997
238,Propane,1.250E+02,8.197E+01,4.346E-02,8.202E+01,8.380E-01,8.377E-01,0.9997
238,Propane,1.500E+02,7.064E+01,3.643E-02,7.068E+01,1.167E+00,1.167E+00,0.9997
238,Propane,1.750E+02,6.234E+01,3.136E-02,6.238E+01,1.545E+00,1.544E+00,0.9997
238,Propane,2.000E+02,5.599E+01,2.753E-02,5.602E+01,1.968E+00,1.968E+00,0.9997
238,Propane,2.250E+02,5.096E+01,2.455E-02,5.099E+01,2.437E+00,2.436E+00,0.9997
238,Propane,2.500E+02,4.688E+01,2.216E-02,4.690E+01,2.949E+00,2.948E+00,0.9998
238,Propane,2.750E+02,4.350E+01,2.018E-02,4.352E+01,3.502E+00,3.502E+00,0.9998
238,Propane,3.000E+02,4.065E+01,1.851E-02,4.066E+01,4.097E+00,4.096E+00,0.9998
238,Propane,3.500E+02,3.610E+01,1.590E-02,3.611E+01,5.405E+00,5.404E+00,0.9998
238,Propane,4.000E+02,3.263E+01,1.394E-02,3.265E+01,6.864E+00,6.862E+00,0.9998
238,Propane,4.500E+02,2.990E+01,1.241E-02,2.991E+01,8.466E+00,8.464E+00,0.9998
238,Propane,5.000E+02,2.769E+01,1.118E-02,2.770E+01,1.020E+01,1.020E+01,0.9998
238,Propane,5.500E+02,2.586E+01,1.017E-02,2.587E+01,1.207E+01,1.207E+01,0.9998
238,Propane,6.000E+02,2.432E+01,9.327E-03,2.433E+01,1.407E+01,1.407E+01,0.9998
238,Propane,6.500E+02,2.302E+01,8.613E-03,2.303E+01,1.618E+01,1.618E+01,0.9998
238,Propane,7.000E+02,2.189E+01,8.002E-03,2.190E+01,1.841E+01,1.841E+01,0.9998
238,Propane,7.500E+02,2.091E+01,7.473E-03,2.091E+01,2.075E+01,2.074E+01,0.9998
238,Propane,8.000E+02,2.004E+01,7.009E-03,2.005E+01,2.319E+01,2.319E+01,0.9998
238,Propane,8.500E+02,1.928E+01,6.599E-03,1.929E+01,2.573E+01,2.573E+01,0.9998
238,Propane,9.000E+02,1.860E+01,6.233E-03,1.860E+01,2.837E+01,2.837E+01,0.9998
238,Propane,9.500E+02,1.799E+01,5.906E-03,1.799E+01,3.111E+01,3.110E+01,0.9998
238,Propane,1.000E+03,1.744E+01,5.611E-03,1.744E+01,3.393E+01,3.392E+01,0.9998
245,Silicon Dioxide,1.000E-03,6.890E+01,1.008E+02,1.697E+02,7.311E-06,2.259E-06,0.3091
245,Silicon Dioxide,1.500E-03,8.510E+01,9.637E+01,1.815E+02,1.015E-05,3.348E-06,0.3300
245,Silicon Dioxide,2.000E-03,9.885E+01,9.173E+01,1.906E+02,1.283E-05,4.466E-06,0.3480
245,Silicon Dioxide,2.500E-03,1.110E+02,8.740E+01,1.984E+02,1.540E-05,5.605E-06,0.3639
245,Silicon Dioxide,3.000E-03,1.221E+02,8.346E+01,2.055E+02,1.788E-05,6.761E-06,0.3782
245,Silicon Dioxide,4.000E-03,1.418E+02,7.668E+01,2.185E+02,2.259E-05,9.105E-06,0.4030
245,Silicon Dioxide,5.000E-03,1.593E+02,7.109E+01,2.304E+02,2.705E-05,1.148E-05,0.4243
245,Silicon Dioxide,6.000E-03,1.751E+02,6.639E+01,2.415E+02,3.129E-05,1.386E-05,0.4429
245,Silicon Dioxide,7.000E-03,1.898E+02,6.239E+01,2.521E+02,3.534E-05,1.624E-05,0.4595
245,Silicon Dioxide,8.000E-03,2.034E+02,5.892E+01,2.623E+02,3.923E-05,1.861E-05,0.4744
245,Silicon Dioxide,9.000E-03,2.163E+02,5.589E+01,2.722E+02,4.297E-05,2.097E-05,0.4880
245,Silicon Dioxide,1.000E-02,2.285E+02,5.320E+01,2.817E+02,4.658E-05,2.331E-05,0.5004
245,Silicon Dioxide,1.250E-02,2.566E+02,4.766E+01,3.043E+02,5.511E-05,2.908E-05,0.5276
245,Silicon Dioxide,1.500E-02,2.821E+02,4.331E+01,3.254E+02,6.305E-05,3.470E-05,0.5504
245,Silicon Dioxide,1.750E-02,3.057E+02,3.980E+01,3.455E+02,7.051E-05,4.019E-05,0.5700
245,Silicon Dioxide,2.000E-02,3.276E+02,3.689E+01,3.645E+02,7.755E-05,4.552E-05,0.5870
245,Silicon Dioxide,2.250E-02,3.483E+02,3.442E+01,3.827E+02,8.424E-05,5.073E-05,0.6021
245,Silicon Dioxide,2.500E-02,3.679E+02,3.231E+01,4.002E+02,9.063E-05,5.579E-05,0.6156
245,Silicon Dioxide,2.750E-02,3.865E+02,3.048E+01,4.170E+02,9.675E-05,6.074E-05,0.6278
245,Silicon Dioxide,3.000E-02,4.044E+02,2.887E+01,4.332E+02,1.026E-04,6.556E-05,0.6388
245,Silicon Dioxide,3.500E-02,4.379E+02,2.616E+01,4.641E+02,1.138E-04,7.488E-05,0.6582
245,Silicon Dioxide,4.000E-02,4.692E+02,2.397E+01,4.932E+02,1.242E-04,8.380E-05,0.6746
245,Silicon Dioxide,4.500E-02,4.985E+02,2.216E+01,5.207E+02,1.341E-04,9.236E-05,0.6889
245,Silicon Dioxide,5.000E-02,5.263E+02,2.063E+01,5.469E+02,1.434E-04,1.006E-04,0.7014
245,Silicon Dioxide,5.500E-02,5.526E+02,1.932E+01,5.719E+02,1.524E-04,1.086E-04,0.7125
245,Silicon Dioxide,6.000E-02,5.777E+02,1.818E+01,5.959E+02,1.609E-04,1.163E-04,0.7224
245,Silicon Dioxide,6.500E-02,6.017E+02,1.718E+01,6.189E+02,1.692E-04,1.237E-04,0.7314
245,Silicon Dioxide,7.000E-02,6.247E+02,1.630E+01,6.410E+02,1.771E-04,1.310E-04,0.7395
245,Silicon Dioxide,7.500E-02,6.469E+02,1.552E+01,6.624E+02,1.848E-04,1.380E-04,0.7470
245,Silicon Dioxide,8.000E-02,6.682E+02,1.481E+01,6.830E+02,1.922E-04,1.449E-04,0.7538
245,Silicon Dioxide,8.500E-02,6.888E+02,1.417E+01,7.030E+02,1.994E-04,1.516E-04,0.7601
245,Silicon Dioxide,9.000E-02,7.087E+02,1.359E+01,7.223E+02,2.065E-04,1.581E-04,0.7660
245,Silicon Dioxide,9.500E-02,7.280E+02,1.306E+01,7.411E+02,2.133E-04,1.645E-04,0.7714
245,Silicon Dioxide,1.000E-01,7.467E+02,1.258E+01,7.593E+02,2.200E-04,1.708E-04,0.7765
245,Silicon Dioxide,1.250E-01,8.322E+02,1.064E+01,8.428E+02,2.512E-04,2.004E-04,0.7977
245,Silicon Dioxide,1.500E-01,9.068E+02,9.262E+00,9.161E+02,2.796E-04,2.276E-04,0.8140
245,Silicon Dioxide,1.750E-01,9.726E+02,8.224E+00,9.809E+02,3.059E-04,2.530E-04,0.8269
245,Silicon Dioxide,2.000E-01,1.031E+03,7.412E+00,1.038E+03,3.307E-04,2.770E-04,0.8376
245,Silicon Dioxide,2.250E-01,1.083E+03,6.757E+00,1.090E+03,3.542E-04,2.999E-04,0.8467
245,Silicon Dioxide,2.500E-01,1.129E+03,6.217E+00,1.135E+03,3.766E-04,3.218E-04,0.8544
245,Silicon Dioxide,2.750E-01,1.170E+03,5.763E+00,1.176E+03,3.983E-04,3.430E-04,0.8612
245,Silicon Dioxide,3.000E-01,1.207E+03,5.376E+00,1.212E+03,4.192E-04,3.635E-04,0.8672
245,Silicon Dioxide,3.500E-01,1.268E+03,4.749E+00,1.272E+03,4.594E-04,4.031E-04,0.8774
245,Silicon Dioxide,4.000E-01,1.315E+03,4.262E+00,1.319E+03,4.980E-04,4.411E-04,0.8858
245,Silicon Dioxide,4.500E-01,1.351E+03,3.872E+00,1.355E+03,5.353E-04,4.780E-04,0.8929
245,Silicon Dioxide,5.000E-01,1.377E+03,3.552E+00,1.381E+03,5.719E-04,5.142E-04,0.8991
245,Silicon Dioxide,5.500E-01,1.396E+03,3.284E+00,1.399E+03,6.078E-04,5.498E-04,0.9045
245,Silicon Dioxide,6.000E-01,1.409E+03,3.057E+00,1.412E+03,6.434E-04,5.851E-04,0.9093
245,Silicon Dioxide,6.500E-01,1.417E+03,2.861E+00,1.420E+03,6.787E-04,6.201E-04,0.9136
245,Silicon Dioxide,7.000E-01,1.421E+03,2.690E+00,1.423E+03,7.139E-04,6.550E-04,0.9175
245,Silicon Dioxide,7.500E-01,1.421E+03,2.540E+00,1.424E+03,7.490E-04,6.899E-04,0.9211
245,Silicon Dioxide,8.000E-01,1.419E+03,2.407E+00,1.421E+03,7.841E-04,7.248E-04,0.9243
245,Silicon Dioxide,8.500E-01,1.414E+03,2.288E+00,1.416E+03,8.194E-04,7.598E-04,0.9273
245,Silicon Dioxide,9.000E-01,1.406E+03,2.181E+00,1.408E+03,8.548E-04,7.951E-04,0.9301
245,Silicon Dioxide,9.500E-01,1.397E+03,2.084E+00,1.400E+03,8.904E-04,8.305E-04,0.9327
245,Silicon Dioxide,1.000E+00,1.387E+03,1.996E+00,1.389E+03,9.263E-04,8.662E-04,0.9351
245,Silicon Dioxide,1.250E+00,1.349E+03,1.653E+00,1.351E+03,1.109E-03,1.048E-03,0.9451
245,Silicon Dioxide,1.500E+00,1.301E+03,1.416E+00,1.302E+03,1.297E-03,1.236E-03,0.9526
245,Silicon Dioxide,1.750E+00,1.237E+03,1.241E+00,1.238E+03,1.494E-03,1.432E-03,0.9584
245,Silicon Dioxide,2.000E+00,1.163E+03,1.107E+00,1.164E+03,1.702E-03,1.639E-03,0.9632
245,Silicon Dioxide,2.250E+00,1.087E+03,1.001E+00,1.088E+03,1.924E-03,1.861E-03,0.9672
245,Silicon Dioxide,2.500E+00,1.021E+03,9.138E-01,1.022E+03,2.161E-03,2.098E-03,0.9705
245,Silicon Dioxide,2.750E+00,9.640E+02,8.416E-01,9.648E+02,2.413E-03,2.349E-03,0.9734
245,Silicon Dioxide,3.000E+00,9.137E+02,7.805E-01,9.145E+02,2.680E-03,2.615E-03,0.9759
245,Silicon Dioxide,3.500E+00,8.294E+02,6.828E-01,8.301E+02,3.254E-03,3.189E-03,0.9798
245,Silicon Dioxide,4.000E+00,7.622E+02,6.079E-01,7.628E+02,3.883E-03,3.817E-03,0.9828
245,Silicon Dioxide,4.500E+00,7.063E+02,5.485E-01,7.068E+02,4.565E-03,4.497E-03,0.9852
245,Silicon Dioxide,5.000E+00,6.590E+02,5.002E-01,6.595E+02,5.298E-03,5.229E-03,0.9870
245,Silicon Dioxide,5.500E+00,6.184E+02,4.601E-01,6.189E+02,6.081E-03,6.011E-03,0.9885
245,Silicon Dioxide,6.000E+00,5.833E+02,4.263E-01,5.837E+02,6.913E-03,6.842E-03,0.9897
245,Silicon Dioxide,6.500E+00,5.523E+02,3.973E-01,5.527E+02,7.794E-03,7.722E-03,0.9907
245,Silicon Dioxide,7.000E+00,5.249E+02,3.722E-01,5.252E+02,8.722E-03,8.649E-03,0.9916
245,Silicon Dioxide,7.500E+00,5.004E+02,3.502E-01,5.007E+02,9.697E-03,9.623E-03,0.9923
245,Silicon Dioxide,8.000E+00,4.784E+02,3.308E-01,4.787E+02,1.072E-02,1.064E-02,0.9929
245,Silicon Dioxide,8.500E+00,4.585E+02,3.135E-01,4.588E+02,1.179E-02,1.171E-02,0.9935
245,Silicon Dioxide,9.000E+00,4.404E+02,2.981E-01,4.407E+02,1.290E-02,1.282E-02,0.9939
245,Silicon Dioxide,9.500E+00,4.239E+02,2.841E-01,4.241E+02,1.406E-02,1.398E-02,0.9943
245,Silicon Dioxide,1.000E+01,4.087E+02,2.715E-01,4.089E+02,1.526E-02,1.517E-02,0.9947
245,Silicon Dioxide,1.250E+01,3.480E+02,2.226E-01,3.483E+02,2.191E-02,2.182E-02,0.9960
245,Silicon Dioxide,1.500E+01,3.046E+02,1.892E-01,3.048E+02,2.960E-02,2.950E-02,0.9967
245,Silicon Dioxide,1.750E+01,2.717E+02,1.648E-01,2.719E+02,3.830E-02,3.820E-02,0.9973
245,Silicon Dioxide,2.000E+01,2.460E+02,1.462E-01,2.461E+02,4.798E-02,4.787E-02,0.9976
245,Silicon Dioxide,2.500E+01,2.078E+02,1.195E-01,2.079E+02,7.017E-02,7.004E-02,0.9981
245,Silicon Dioxide,2.750E+01,1.932E+02,1.097E-01,1.934E+02,8.265E-02,8.250E-02,0.9982
245,Silicon Dioxide,3.000E+01,1.808E+02,1.013E-01,1.809E+02,9.603E-02,9.587E-02,0.9984
245,Silicon Dioxide,3.500E+01,1.605E+02,8.810E-02,1.606E+02,1.254E-01,1.252E-01,0.9985
245,Silicon Dioxide,4.000E+01,1.447E+02,7.801E-02,1.448E+02,1.583E-01,1.581E-01,0.9987
245,Silicon Dioxide,4.500E+01,1.320E+02,7.005E-02,1.321E+02,1.945E-01,1.942E-01,0.9988
245,Silicon Dioxide,5.000E+01,1.215E+02,6.360E-02,1.216E+02,2.340E-01,2.337E-01,0.9988
245,Silicon Dioxide,5.500E+01,1.128E+02,5.827E-02,1.128E+02,2.767E-01,2.764E-01,0.9989
245,Silicon Dioxide,6.000E+01,1.053E+02,5.378E-02,1.054E+02,3.226E-01,3.222E-01,0.9989
245,Silicon Dioxide,6.500E+01,9.886E+01,4.995E-02,9.891E+01,3.716E-01,3.712E-01,0.9990
245,Silicon Dioxide,7.000E+01,9.323E+01,4.664E-02,9.328E+01,4.237E-01,4.232E-01,0.9990
245,Silicon Dioxide,7.500E+01,8.827E+01,4.374E-02,8.832E+01,4.788E-01,4.783E-01,0.9990
245,Silicon Dioxide,8.000E+01,8.387E+01,4.120E-02,8.391E+01,5.369E-01,5.364E-01,0.9991
245,Silicon Dioxide,8.500E+01,7.994E+01,3.894E-02,7.997E+01,5.979E-01,5.974E-01,0.9991
245,Silicon Dioxide,9.000E+01,7.639E+01,3.692E-02,7.643E+01,6.619E-01,6.613E-01,0.9991
245,Silicon Dioxide,9.500E+01,7.318E+01,3.511E-02,7.322E+01,7.288E-01,7.281E-01,0.9991
245,Silicon Dioxide,1.000E+02,7.026E+01,3.347E-02,7.030E+01,7.985E-01,7.978E-01,0.9991
245,Silicon Dioxide,1.250E+02,5.887E+01,2.715E-02,5.889E+01,1.189E+00,1.188E+00,0.9992
245,Silicon Dioxide,1.500E+02,5.096E+01,2.285E-02,5.098E+01,1.646E+00,1.645E+00,0.9992
245,Silicon Dioxide,1.750E+02,4.514E+01,1.974E-02,4.516E+01,2.169E+00,2.167E+00,0.9992
245,Silicon Dioxide,2.000E+02,4.066E+01,1.738E-02,4.068E+01,2.753E+00,2.751E+00,0.9993
245,Silicon Dioxide,2.250E+02,3.710E+01,1.553E-02,3.712E+01,3.397E+00,3.395E+00,0.9993
245,Silicon Dioxide,2.500E+02,3.420E+01,1.404E-02,3.422E+01,4.099E+00,4.097E+00,0.9993
245,Silicon Dioxide,2.750E+02,3.179E+01,1.281E-02,3.181E+01,4.858E+00,4.855E+00,0.9993
245,Silicon Dioxide,3.000E+02,2.976E+01,1.178E-02,2.977E+01,5.671E+00,5.667E+00,0.9993
245,Silicon Dioxide,3.500E+02,2.650E+01,1.015E-02,2.651E+01,7.455E+00,7.450E+00,0.9993
245,Silicon Dioxide,4.000E+02,2.401E+01,8.912E-03,2.402E+01,9.439E+00,9.433E+00,0.9994
245,Silicon Dioxide,4.500E+02,2.204E+01,7.946E-03,2.205E+01,1.161E+01,1.161E+01,0.9994
245,Silicon Dioxide,5.000E+02,2.045E+01,7.170E-03,2.045E+01,1.397E+01,1.396E+01,0.9994
245,Silicon Dioxide,5.500E+02,1.913E+01,6.534E-03,1.913E+01,1.650E+01,1.649E+01,0.9994
245,Silicon Dioxide,6.000E+02,1.801E+01,6.001E-03,1.802E+01,1.920E+01,1.918E+01,0.9994
245,Silicon Dioxide,6.500E+02,1.707E+01,5.548E-03,1.707E+01,2.205E+01,2.203E+01,0.9994
245,Silicon Dioxide,7.000E+02,1.625E+01,5.157E-03,1.625E+01,2.505E+01,2.504E+01,0.9994
245,Silicon Dioxide,7.500E+02,1.553E+01,4.816E-03,1.554E+01,2.820E+01,2.818E+01,0.9994
245,Silicon Dioxide,8.000E+02,1.490E+01,4.518E-03,1.491E+01,3.148E+01,3.147E+01,0.9994
245,Silicon Dioxide,8.500E+02,1.435E+01,4.254E-03,1.435E+01,3.490E+01,3.488E+01,0.9994
245,Silicon Dioxide,9.000E+02,1.385E+01,4.021E-03,1.386E+01,3.845E+01,3.843E+01,0.9995
245,Silicon Dioxide,9.500E+02,1.341E+01,3.812E-03,1.341E+01,4.212E+01,4.210E+01,0.9995
245,Silicon Dioxide,1.000E+03,1.300E+01,3.625E-03,1.301E+01,4.591E+01,4.588E+01,0.9995
252,Sodium Iodide,1.000E-03,3.586E+01,2.248E+01,5.834E+01,2.512E-05,4.192E-06,0.1669
252,Sodium Iodide,1.500E-03,4.419E+01,2.264E+01,6.683E+01,3.306E-05,5.850E-06,0.1770
252,Sodium Iodide,2.000E-03,5.124E+01,2.245E+01,7.369E+01,4.017E-05,7.478E-06,0.1862
252,Sodium Iodide,2.500E-03,5.748E+01,2.211E+01,7.959E+01,4.669E-05,9.085E-06,0.1946
252,Sodium Iodide,3.000E-03,6.313E+01,2.173E+01,8.486E+01,5.277E-05,1.068E-05,0.2024
252,Sodium Iodide,4.000E-03,7.321E+01,2.092E+01,9.413E+01,6.394E-05,1.385E-05,0.2166
252,Sodium Iodide,5.000E-03,8.212E+01,2.014E+01,1.023E+02,7.413E-05,1.700E-05,0.2293
252,Sodium Iodide,6.000E-03,9.020E+01,1.941E+01,1.096E+02,8.357E-05,2.014E-05,0.2410
252,Sodium Iodide,7.000E-03,9.764E+01,1.874E+01,1.164E+02,9.241E-05,2.326E-05,0.2517
252,Sodium Iodide,8.000E-03,1.046E+02,1.813E+01,1.227E+02,1.008E-04,2.638E-05,0.2617
252,Sodium Iodide,9.000E-03,1.111E+02,1.757E+01,1.287E+02,1.087E-04,2.948E-05,0.2711
252,Sodium Iodide,1.000E-02,1.173E+02,1.705E+01,1.344E+02,1.163E-04,3.257E-05,0.2800
252,Sodium Iodide,1.250E-02,1.316E+02,1.591E+01,1.475E+02,1.341E-04,4.023E-05,0.3001
252,Sodium Iodide,1.500E-02,1.445E+02,1.495E+01,1.595E+02,1.504E-04,4.781E-05,0.3180
252,Sodium Iodide,1.750E-02,1.564E+02,1.413E+01,1.706E+02,1.655E-04,5.529E-05,0.3341
252,Sodium Iodide,2.000E-02,1.676E+02,1.342E+01,1.810E+02,1.797E-04,6.268E-05,0.3487
252,Sodium Iodide,2.250E-02,1.780E+02,1.279E+01,1.908E+02,1.932E-04,6.997E-05,0.3622
252,Sodium Iodide,2.500E-02,1.879E+02,1.223E+01,2.001E+02,2.060E-04,7.717E-05,0.3746
252,Sodium Iodide,2.750E-02,1.973E+02,1.174E+01,2.091E+02,2.182E-04,8.427E-05,0.3862
252,Sodium Iodide,3.000E-02,2.063E+02,1.129E+01,2.176E+02,2.299E-04,9.128E-05,0.3970
252,Sodium Iodide,3.500E-02,2.233E+02,1.050E+01,2.338E+02,2.521E-04,1.050E-04,0.4167
252,Sodium Iodide,4.000E-02,2.391E+02,9.842E+00,2.489E+02,2.728E-04,1.185E-04,0.4343
252,Sodium Iodide,4.500E-02,2.539E+02,9.275E+00,2.632E+02,2.923E-04,1.316E-04,0.4501
252,Sodium Iodide,5.000E-02,2.680E+02,8.782E+00,2.767E+02,3.108E-04,1.444E-04,0.4645
252,Sodium Iodide,5.500E-02,2.813E+02,8.347E+00,2.896E+02,3.285E-04,1.569E-04,0.4776
252,Sodium Iodide,6.000E-02,2.940E+02,7.961E+00,3.020E+02,3.454E-04,1.692E-04,0.4897
252,Sodium Iodide,6.500E-02,3.062E+02,7.615E+00,3.138E+02,3.616E-04,1.812E-04,0.5010
252,Sodium Iodide,7.000E-02,3.179E+02,7.302E+00,3.252E+02,3.773E-04,1.929E-04,0.5114
252,Sodium Iodide,7.500E-02,3.292E+02,7.019E+00,3.362E+02,3.924E-04,2.045E-04,0.5211
252,Sodium Iodide,8.000E-02,3.401E+02,6.760E+00,3.468E+02,4.070E-04,2.158E-04,0.5303
252,Sodium Iodide,8.500E-02,3.506E+02,6.522E+00,3.571E+02,4.212E-04,2.270E-04,0.5389
252,Sodium Iodide,9.000E-02,3.608E+02,6.304E+00,3.671E+02,4.350E-04,2.379E-04,0.5469
252,Sodium Iodide,9.500E-02,3.706E+02,6.101E+00,3.767E+02,4.485E-04,2.487E-04,0.5546
252,Sodium Iodide,1.000E-01,3.802E+02,5.913E+00,3.862E+02,4.616E-04,2.593E-04,0.5618
252,Sodium Iodide,1.250E-01,4.245E+02,5.143E+00,4.296E+02,5.229E-04,3.101E-04,0.5932
252,Sodium Iodide,1.500E-01,4.635E+02,4.570E+00,4.681E+02,5.786E-04,3.578E-04,0.6184
252,Sodium Iodide,1.750E-01,4.984E+02,4.125E+00,5.026E+02,6.301E-04,4.028E-04,0.6393
252,Sodium Iodide,2.000E-01,5.299E+02,3.768E+00,5.336E+02,6.783E-04,4.457E-04,0.6570
252,Sodium Iodide,2.250E-01,5.582E+02,3.474E+00,5.617E+02,7.240E-04,4.868E-04,0.6724
252,Sodium Iodide,2.500E-01,5.838E+02,3.227E+00,5.871E+02,7.675E-04,5.264E-04,0.6860
252,Sodium Iodide,2.750E-01,6.070E+02,3.016E+00,6.100E+02,8.092E-04,5.648E-04,0.6980
252,Sodium Iodide,3.000E-01,6.278E+02,2.834E+00,6.307E+02,8.495E-04,6.021E-04,0.7088
252,Sodium Iodide,3.500E-01,6.634E+02,2.534E+00,6.659E+02,9.266E-04,6.741E-04,0.7275
252,Sodium Iodide,4.000E-01,6.916E+02,2.297E+00,6.939E+02,1.000E-03,7.434E-04,0.7433
252,Sodium Iodide,4.500E-01,7.134E+02,2.104E+00,7.155E+02,1.071E-03,8.107E-04,0.7569
252,Sodium Iodide,5.000E-01,7.296E+02,1.944E+00,7.315E+02,1.140E-03,8.766E-04,0.7689
252,Sodium Iodide,5.500E-01,7.409E+02,1.809E+00,7.427E+02,1.208E-03,9.416E-04,0.7796
252,Sodium Iodide,6.000E-01,7.481E+02,1.692E+00,7.498E+02,1.275E-03,1.006E-03,0.7892
252,Sodium Iodide,6.500E-01,7.517E+02,1.592E+00,7.533E+02,1.341E-03,1.070E-03,0.7979
252,Sodium Iodide,7.000E-01,7.524E+02,1.503E+00,7.539E+02,1.408E-03,1.134E-03,0.8059
252,Sodium Iodide,7.500E-01,7.507E+02,1.425E+00,7.521E+02,1.474E-03,1.199E-03,0.8133
252,Sodium Iodide,8.000E-01,7.470E+02,1.355E+00,7.483E+02,1.541E-03,1.264E-03,0.8202
252,Sodium Iodide,8.500E-01,7.417E+02,1.292E+00,7.430E+02,1.608E-03,1.329E-03,0.8266
252,Sodium Iodide,9.000E-01,7.351E+02,1.235E+00,7.364E+02,1.675E-03,1.395E-03,0.8326
252,Sodium Iodide,9.500E-01,7.276E+02,1.184E+00,7.288E+02,1.744E-03,1.461E-03,0.8382
252,Sodium Iodide,1.000E+00,7.195E+02,1.136E+00,7.206E+02,1.813E-03,1.529E-03,0.8435
252,Sodium Iodide,1.250E+00,6.644E+02,9.512E-01,6.654E+02,2.173E-03,1.882E-03,0.8661
252,Sodium Iodide,1.500E+00,6.112E+02,8.213E-01,6.120E+02,2.565E-03,2.268E-03,0.8840
252,Sodium Iodide,1.750E+00,5.694E+02,7.246E-01,5.701E+02,2.989E-03,2.685E-03,0.8983
252,Sodium Iodide,2.000E+00,5.383E+02,6.496E-01,5.389E+02,3.441E-03,3.130E-03,0.9099
252,Sodium Iodide,2.250E+00,5.140E+02,5.897E-01,5.146E+02,3.916E-03,3.599E-03,0.9193
252,Sodium Iodide,2.500E+00,4.916E+02,5.405E-01,4.921E+02,4.412E-03,4.091E-03,0.9270
252,Sodium Iodide,2.750E+00,4.721E+02,4.995E-01,4.726E+02,4.931E-03,4.603E-03,0.9335
252,Sodium Iodide,3.000E+00,4.540E+02,4.646E-01,4.545E+02,5.471E-03,5.137E-03,0.9391
252,Sodium Iodide,3.500E+00,4.229E+02,4.085E-01,4.233E+02,6.611E-03,6.266E-03,0.9479
252,Sodium Iodide,4.000E+00,3.937E+02,3.652E-01,3.941E+02,7.836E-03,7.480E-03,0.9546
252,Sodium Iodide,4.500E+00,3.702E+02,3.306E-01,3.705E+02,9.146E-03,8.779E-03,0.9599
252,Sodium Iodide,5.000E+00,3.496E+02,3.025E-01,3.499E+02,1.053E-02,1.016E-02,0.9641
252,Sodium Iodide,5.500E+00,3.315E+02,2.790E-01,3.317E+02,1.200E-02,1.161E-02,0.9675
252,Sodium Iodide,6.000E+00,3.153E+02,2.591E-01,3.156E+02,1.355E-02,1.315E-02,0.9704
252,Sodium Iodide,6.500E+00,3.012E+02,2.420E-01,3.015E+02,1.517E-02,1.476E-02,0.9728
252,Sodium Iodide,7.000E+00,2.885E+02,2.271E-01,2.887E+02,1.687E-02,1.644E-02,0.9748
252,Sodium Iodide,7.500E+00,2.768E+02,2.141E-01,2.770E+02,1.863E-02,1.820E-02,0.9766
252,Sodium Iodide,8.000E+00,2.661E+02,2.026E-01,2.663E+02,2.048E-02,2.003E-02,0.9781
252,Sodium Iodide,8.500E+00,2.563E+02,1.923E-01,2.565E+02,2.239E-02,2.193E-02,0.9794
252,Sodium Iodide,9.000E+00,2.471E+02,1.831E-01,2.473E+02,2.437E-02,2.390E-02,0.9805
252,Sodium Iodide,9.500E+00,2.389E+02,1.748E-01,2.391E+02,2.643E-02,2.594E-02,0.9816
252,Sodium Iodide,1.000E+01,2.315E+02,1.672E-01,2.316E+02,2.856E-02,2.806E-02,0.9825
252,Sodium Iodide,1.250E+01,2.009E+02,1.378E-01,2.010E+02,4.018E-02,3.961E-02,0.9859
252,Sodium Iodide,1.500E+01,1.787E+02,1.177E-01,1.788E+02,5.339E-02,5.275E-02,0.9880
252,Sodium Iodide,1.750E+01,1.616E+02,1.029E-01,1.617E+02,6.812E-02,6.740E-02,0.9895
252,Sodium Iodide,2.000E+01,1.478E+02,9.151E-02,1.479E+02,8.430E-02,8.350E-02,0.9905
252,Sodium Iodide,2.500E+01,1.272E+02,7.523E-02,1.273E+02,1.209E-01,1.199E-01,0.9919
252,Sodium Iodide,2.750E+01,1.192E+02,6.917E-02,1.193E+02,1.412E-01,1.401E-01,0.9924
252,Sodium Iodide,3.000E+01,1.123E+02,6.406E-02,1.123E+02,1.628E-01,1.616E-01,0.9928
252,Sodium Iodide,3.500E+01,1.008E+02,5.589E-02,1.009E+02,2.098E-01,2.085E-01,0.9934
252,Sodium Iodide,4.000E+01,9.177E+01,4.965E-02,9.182E+01,2.619E-01,2.603E-01,0.9939
252,Sodium Iodide,4.500E+01,8.440E+01,4.471E-02,8.445E+01,3.187E-01,3.169E-01,0.9942
252,Sodium Iodide,5.000E+01,7.827E+01,4.070E-02,7.831E+01,3.803E-01,3.782E-01,0.9945
252,Sodium Iodide,5.500E+01,7.308E+01,3.738E-02,7.311E+01,4.464E-01,4.440E-01,0.9947
252,Sodium Iodide,6.000E+01,6.862E+01,3.458E-02,6.865E+01,5.170E-01,5.144E-01,0.9949
252,Sodium Iodide,6.500E+01,6.474E+01,3.218E-02,6.477E+01,5.920E-01,5.891E-01,0.9951
252,Sodium Iodide,7.000E+01,6.133E+01,3.011E-02,6.136E+01,6.714E-01,6.681E-01,0.9952
252,Sodium Iodide,7.500E+01,5.831E+01,2.830E-02,5.834E+01,7.550E-01,7.514E-01,0.9953
252,Sodium Iodide,8.000E+01,5.562E+01,2.671E-02,5.564E+01,8.427E-01,8.389E-01,0.9954
252,Sodium Iodide,8.500E+01,5.319E+01,2.529E-02,5.321E+01,9.347E-01,9.305E-01,0.9955
252,Sodium Iodide,9.000E+01,5.099E+01,2.402E-02,5.102E+01,1.031E+00,1.026E+00,0.9956
252,Sodium Iodide,9.500E+01,4.900E+01,2.287E-02,4.902E+01,1.131E+00,1.126E+00,0.9957
252,Sodium Iodide,1.000E+02,4.717E+01,2.183E-02,4.719E+01,1.235E+00,1.229E+00,0.9957
252,Sodium Iodide,1.250E+02,3.997E+01,1.783E-02,3.999E+01,1.813E+00,1.805E+00,0.9960
252,Sodium Iodide,1.500E+02,3.490E+01,1.510E-02,3.492E+01,2.483E+00,2.474E+00,0.9962
252,Sodium Iodide,1.750E+02,3.112E+01,1.312E-02,3.113E+01,3.243E+00,3.231E+00,0.9963
252,Sodium Iodide,2.000E+02,2.819E+01,1.160E-02,2.820E+01,4.088E+00,4.074E+00,0.9964
252,Sodium Iodide,2.250E+02,2.584E+01,1.041E-02,2.585E+01,5.015E+00,4.998E+00,0.9965
252,Sodium Iodide,2.500E+02,2.391E+01,9.445E-03,2.392E+01,6.022E+00,6.001E+00,0.9966
252,Sodium Iodide,2.750E+02,2.230E+01,8.647E-03,2.231E+01,7.105E+00,7.081E+00,0.9967
252,Sodium Iodide,3.000E+02,2.094E+01,7.977E-03,2.095E+01,8.262E+00,8.235E+00,0.9967
252,Sodium Iodide,3.500E+02,1.874E+01,6.912E-03,1.875E+01,1.079E+01,1.076E+01,0.9968
252,Sodium Iodide,4.000E+02,1.705E+01,6.102E-03,1.706E+01,1.359E+01,1.355E+01,0.9969
252,Sodium Iodide,4.500E+02,1.571E+01,5.465E-03,1.571E+01,1.665E+01,1.660E+01,0.9970
252,Sodium Iodide,5.000E+02,1.461E+01,4.950E-03,1.462E+01,1.995E+01,1.989E+01,0.9970
252,Sodium Iodide,5.500E+02,1.370E+01,4.523E-03,1.371E+01,2.349E+01,2.342E+01,0.9971
252,Sodium Iodide,6.000E+02,1.294E+01,4.166E-03,1.294E+01,2.724E+01,2.716E+01,0.9972
252,Sodium Iodide,6.500E+02,1.228E+01,3.862E-03,1.228E+01,3.121E+01,3.112E+01,0.9972
252,Sodium Iodide,7.000E+02,1.171E+01,3.600E-03,1.172E+01,3.538E+01,3.528E+01,0.9972
252,Sodium Iodide,7.500E+02,1.121E+01,3.372E-03,1.122E+01,3.974E+01,3.963E+01,0.9973
252,Sodium Iodide,8.000E+02,1.078E+01,3.172E-03,1.078E+01,4.429E+01,4.417E+01,0.9973
252,Sodium Iodide,8.500E+02,1.039E+01,2.994E-03,1.039E+01,4.902E+01,4.889E+01,0.9974
252,Sodium Iodide,9.000E+02,1.004E+01,2.835E-03,1.005E+01,5.391E+01,5.377E+01,0.9974
252,Sodium Iodide,9.500E+02,9.731E+00,2.692E-03,9.734E+00,5.897E+01,5.882E+01,0.9974
252,Sodium Iodide,1.000E+03,9.449E+00,2.562E-03,9.452E+00,6.418E+01,6.402E+01,0.9975
255,Stilbene,1.000E-03,1.920E+02,2.159E+02,4.079E+02,2.866E-06,1.547E-06,0.5399
255,Stilbene,1.500E-03,2.289E+02,1.966E+02,4.255E+02,4.061E-06,2.290E-06,0.5639
255,Stilbene,2.000E-03,2.594E+02,1.808E+02,4.402E+02,5.216E-06,3.046E-06,0.5840
255,Stilbene,2.500E-03,2.860E+02,1.677E+02,4.537E+02,6.335E-06,3.807E-06,0.6010
255,Stilbene,3.000E-03,3.097E+02,1.567E+02,4.664E+02,7.422E-06,4.570E-06,0.6157
255,Stilbene,4.000E-03,3.512E+02,1.392E+02,4.904E+02,9.512E-06,6.090E-06,0.6403
255,Stilbene,5.000E-03,3.874E+02,1.258E+02,5.132E+02,1.150E-05,7.596E-06,0.6603
255,Stilbene,6.000E-03,4.197E+02,1.152E+02,5.348E+02,1.341E-05,9.081E-06,0.6770
255,Stilbene,7.000E-03,4.492E+02,1.064E+02,5.556E+02,1.525E-05,1.054E-05,0.6914
255,Stilbene,8.000E-03,4.764E+02,9.909E+01,5.755E+02,1.702E-05,1.198E-05,0.7040
255,Stilbene,9.000E-03,5.019E+02,9.285E+01,5.947E+02,1.872E-05,1.339E-05,0.7151
255,Stilbene,1.000E-02,5.258E+02,8.746E+01,6.132E+02,2.038E-05,1.478E-05,0.7250
255,Stilbene,1.250E-02,5.804E+02,7.667E+01,6.570E+02,2.432E-05,1.814E-05,0.7458
255,Stilbene,1.500E-02,6.292E+02,6.853E+01,6.977E+02,2.801E-05,2.136E-05,0.7626
255,Stilbene,1.750E-02,6.738E+02,6.214E+01,7.359E+02,3.149E-05,2.445E-05,0.7764
255,Stilbene,2.000E-02,7.149E+02,5.696E+01,7.719E+02,3.481E-05,2.744E-05,0.7882
255,Stilbene,2.250E-02,7.533E+02,5.267E+01,8.060E+02,3.798E-05,3.032E-05,0.7983
255,Stilbene,2.500E-02,7.894E+02,4.905E+01,8.384E+02,4.102E-05,3.311E-05,0.8071
255,Stilbene,2.750E-02,8.235E+02,4.594E+01,8.695E+02,4.395E-05,3.581E-05,0.8149
255,Stilbene,3.000E-02,8.560E+02,4.325E+01,8.992E+02,4.677E-05,3.844E-05,0.8218
255,Stilbene,3.500E-02,9.165E+02,3.879E+01,9.553E+02,5.217E-05,4.349E-05,0.8337
255,Stilbene,4.000E-02,9.723E+02,3.525E+01,1.008E+03,5.726E-05,4.830E-05,0.8436
255,Stilbene,4.500E-02,1.024E+03,3.236E+01,1.057E+03,6.210E-05,5.291E-05,0.8520
255,Stilbene,5.000E-02,1.073E+03,2.995E+01,1.103E+03,6.673E-05,5.734E-05,0.8592
255,Stilbene,5.500E-02,1.119E+03,2.790E+01,1.147E+03,7.118E-05,6.161E-05,0.8655
255,Stilbene,6.000E-02,1.162E+03,2.614E+01,1.188E+03,7.546E-05,6.573E-05,0.8711
255,Stilbene,6.500E-02,1.203E+03,2.461E+01,1.228E+03,7.960E-05,6.973E-05,0.8760
255,Stilbene,7.000E-02,1.243E+03,2.326E+01,1.266E+03,8.361E-05,7.362E-05,0.8805
255,Stilbene,7.500E-02,1.280E+03,2.207E+01,1.302E+03,8.750E-05,7.740E-05,0.8845
255,Stilbene,8.000E-02,1.316E+03,2.101E+01,1.337E+03,9.129E-05,8.109E-05,0.8882
255,Stilbene,8.500E-02,1.351E+03,2.005E+01,1.371E+03,9.499E-05,8.469E-05,0.8916
255,Stilbene,9.000E-02,1.384E+03,1.918E+01,1.403E+03,9.859E-05,8.821E-05,0.8947
255,Stilbene,9.500E-02,1.416E+03,1.839E+01,1.434E+03,1.021E-04,9.165E-05,0.8975
255,Stilbene,1.000E-01,1.446E+03,1.767E+01,1.464E+03,1.056E-04,9.503E-05,0.9002
255,Stilbene,1.250E-01,1.585E+03,1.483E+01,1.600E+03,1.219E-04,1.110E-04,0.9111
255,Stilbene,1.500E-01,1.703E+03,1.282E+01,1.716E+03,1.369E-04,1.259E-04,0.9193
255,Stilbene,1.750E-01,1.805E+03,1.133E+01,1.816E+03,1.511E-04,1.399E-04,0.9258
255,Stilbene,2.000E-01,1.892E+03,1.017E+01,1.902E+03,1.645E-04,1.532E-04,0.9310
255,Stilbene,2.250E-01,1.968E+03,9.239E+00,1.977E+03,1.774E-04,1.660E-04,0.9354
255,Stilbene,2.500E-01,2.034E+03,8.477E+00,2.042E+03,1.899E-04,1.783E-04,0.9391
255,Stilbene,2.750E-01,2.090E+03,7.838E+00,2.098E+03,2.019E-04,1.903E-04,0.9423
255,Stilbene,3.000E-01,2.139E+03,7.296E+00,2.146E+03,2.137E-04,2.020E-04,0.9451
255,Stilbene,3.500E-01,2.215E+03,6.421E+00,2.221E+03,2.366E-04,2.247E-04,0.9499
255,Stilbene,4.000E-01,2.268E+03,5.745E+00,2.274E+03,2.588E-04,2.469E-04,0.9538
255,Stilbene,4.500E-01,2.303E+03,5.206E+00,2.308E+03,2.806E-04,2.686E-04,0.9571
255,Stilbene,5.000E-01,2.323E+03,4.766E+00,2.328E+03,3.022E-04,2.901E-04,0.9599
255,Stilbene,5.500E-01,2.331E+03,4.398E+00,2.336E+03,3.236E-04,3.114E-04,0.9623
255,Stilbene,6.000E-01,2.330E+03,4.087E+00,2.334E+03,3.450E-04,3.328E-04,0.9645
255,Stilbene,6.500E-01,2.321E+03,3.819E+00,2.325E+03,3.665E-04,3.542E-04,0.9664
255,Stilbene,7.000E-01,2.307E+03,3.586E+00,2.310E+03,3.881E-04,3.757E-04,0.9682
255,Stilbene,7.500E-01,2.287E+03,3.382E+00,2.291E+03,4.098E-04,3.974E-04,0.9697
255,Stilbene,8.000E-01,2.265E+03,3.201E+00,2.268E+03,4.317E-04,4.193E-04,0.9712
255,Stilbene,8.500E-01,2.240E+03,3.039E+00,2.243E+03,4.539E-04,4.414E-04,0.9725
255,Stilbene,9.000E-01,2.212E+03,2.895E+00,2.215E+03,4.763E-04,4.638E-04,0.9737
255,Stilbene,9.500E-01,2.184E+03,2.764E+00,2.187E+03,4.990E-04,4.865E-04,0.9748
255,Stilbene,1.000E+00,2.155E+03,2.645E+00,2.157E+03,5.221E-04,5.094E-04,0.9758
255,Stilbene,1.250E+00,1.995E+03,2.183E+00,1.997E+03,6.424E-04,6.296E-04,0.9801
255,Stilbene,1.500E+00,1.841E+03,1.865E+00,1.842E+03,7.728E-04,7.598E-04,0.9832
255,Stilbene,1.750E+00,1.703E+03,1.631E+00,1.704E+03,9.140E-04,9.009E-04,0.9857
255,Stilbene,2.000E+00,1.582E+03,1.453E+00,1.584E+03,1.066E-03,1.053E-03,0.9876
255,Stilbene,2.250E+00,1.477E+03,1.311E+00,1.479E+03,1.230E-03,1.216E-03,0.9891
255,Stilbene,2.500E+00,1.385E+03,1.195E+00,1.387E+03,1.404E-03,1.391E-03,0.9904
255,Stilbene,2.750E+00,1.305E+03,1.100E+00,1.306E+03,1.590E-03,1.577E-03,0.9914
255,Stilbene,3.000E+00,1.233E+03,1.019E+00,1.234E+03,1.787E-03,1.773E-03,0.9923
255,Stilbene,3.500E+00,1.113E+03,8.895E-01,1.114E+03,2.214E-03,2.200E-03,0.9936
255,Stilbene,4.000E+00,1.015E+03,7.907E-01,1.016E+03,2.685E-03,2.671E-03,0.9946
255,Stilbene,4.500E+00,9.360E+02,7.125E-01,9.368E+02,3.198E-03,3.183E-03,0.9954
255,Stilbene,5.000E+00,8.696E+02,6.490E-01,8.702E+02,3.752E-03,3.737E-03,0.9960
255,Stilbene,5.500E+00,8.130E+02,5.963E-01,8.136E+02,4.347E-03,4.331E-03,0.9964
255,Stilbene,6.000E+00,7.641E+02,5.519E-01,7.647E+02,4.981E-03,4.965E-03,0.9968
255,Stilbene,6.500E+00,7.213E+02,5.139E-01,7.219E+02,5.654E-03,5.638E-03,0.9971
255,Stilbene,7.000E+00,6.837E+02,4.810E-01,6.841E+02,6.366E-03,6.350E-03,0.9974
255,Stilbene,7.500E+00,6.501E+02,4.523E-01,6.506E+02,7.116E-03,7.099E-03,0.9976
255,Stilbene,8.000E+00,6.200E+02,4.269E-01,6.204E+02,7.903E-03,7.886E-03,0.9978
255,Stilbene,8.500E+00,5.929E+02,4.044E-01,5.933E+02,8.728E-03,8.710E-03,0.9980
255,Stilbene,9.000E+00,5.683E+02,3.842E-01,5.687E+02,9.589E-03,9.570E-03,0.9981
255,Stilbene,9.500E+00,5.459E+02,3.660E-01,5.463E+02,1.049E-02,1.047E-02,0.9982
255,Stilbene,1.000E+01,5.254E+02,3.495E-01,5.257E+02,1.142E-02,1.140E-02,0.9983
255,Stilbene,1.250E+01,4.440E+02,2.858E-01,4.442E+02,1.661E-02,1.659E-02,0.9987
255,Stilbene,1.500E+01,3.860E+02,2.424E-01,3.863E+02,2.266E-02,2.264E-02,0.9989
255,Stilbene,1.750E+01,3.425E+02,2.107E-01,3.428E+02,2.955E-02,2.952E-02,0.9991
255,Stilbene,2.000E+01,3.086E+02,1.866E-01,3.088E+02,3.725E-02,3.722E-02,0.9992
255,Stilbene,2.500E+01,2.587E+02,1.521E-01,2.589E+02,5.501E-02,5.497E-02,0.9993
255,Stilbene,2.750E+01,2.398E+02,1.394E-01,2.400E+02,6.505E-02,6.501E-02,0.9994
255,Stilbene,3.000E+01,2.237E+02,1.286E-01,2.239E+02,7.584E-02,7.579E-02,0.9994
255,Stilbene,3.500E+01,1.977E+02,1.116E-01,1.979E+02,9.965E-02,9.959E-02,0.9994
255,Stilbene,4.000E+01,1.776E+02,9.859E-02,1.777E+02,1.264E-01,1.263E-01,0.9995
255,Stilbene,4.500E+01,1.614E+02,8.837E-02,1.615E+02,1.559E-01,1.558E-01,0.9995
255,Stilbene,5.000E+01,1.482E+02,8.010E-02,1.483E+02,1.883E-01,1.882E-01,0.9995
255,Stilbene,5.500E+01,1.372E+02,7.326E-02,1.373E+02,2.233E-01,2.232E-01,0.9995
255,Stilbene,6.000E+01,1.278E+02,6.750E-02,1.279E+02,2.611E-01,2.610E-01,0.9996
255,Stilbene,6.500E+01,1.197E+02,6.259E-02,1.198E+02,3.015E-01,3.014E-01,0.9996
255,Stilbene,7.000E+01,1.127E+02,5.837E-02,1.128E+02,3.446E-01,3.444E-01,0.9996
255,Stilbene,7.500E+01,1.066E+02,5.469E-02,1.066E+02,3.902E-01,3.900E-01,0.9996
255,Stilbene,8.000E+01,1.011E+02,5.146E-02,1.012E+02,4.383E-01,4.382E-01,0.9996
255,Stilbene,8.500E+01,9.623E+01,4.859E-02,9.628E+01,4.890E-01,4.888E-01,0.9996
255,Stilbene,9.000E+01,9.185E+01,4.602E-02,9.189E+01,5.422E-01,5.420E-01,0.9996
255,Stilbene,9.500E+01,8.789E+01,4.372E-02,8.793E+01,5.978E-01,5.976E-01,0.9996
255,Stilbene,1.000E+02,8.429E+01,4.163E-02,8.433E+01,6.559E-01,6.557E-01,0.9996
255,Stilbene,1.250E+02,7.031E+01,3.362E-02,7.035E+01,9.820E-01,9.817E-01,0.9996
255,Stilbene,1.500E+02,6.067E+01,2.820E-02,6.070E+01,1.366E+00,1.365E+00,0.9997
255,Stilbene,1.750E+02,5.360E+01,2.430E-02,5.363E+01,1.805E+00,1.804E+00,0.9997
255,Stilbene,2.000E+02,4.818E+01,2.135E-02,4.820E+01,2.298E+00,2.297E+00,0.9997
255,Stilbene,2.250E+02,4.389E+01,1.905E-02,4.390E+01,2.842E+00,2.841E+00,0.9997
255,Stilbene,2.500E+02,4.039E+01,1.719E-02,4.041E+01,3.436E+00,3.435E+00,0.9997
255,Stilbene,2.750E+02,3.750E+01,1.566E-02,3.752E+01,4.079E+00,4.077E+00,0.9997
255,Stilbene,3.000E+02,3.506E+01,1.438E-02,3.507E+01,4.768E+00,4.767E+00,0.9997
255,Stilbene,3.500E+02,3.116E+01,1.235E-02,3.117E+01,6.284E+00,6.282E+00,0.9997
255,Stilbene,4.000E+02,2.819E+01,1.083E-02,2.820E+01,7.973E+00,7.971E+00,0.9997
255,Stilbene,4.500E+02,2.584E+01,9.645E-03,2.585E+01,9.827E+00,9.825E+00,0.9997
255,Stilbene,5.000E+02,2.394E+01,8.693E-03,2.395E+01,1.184E+01,1.184E+01,0.9997
255,Stilbene,5.500E+02,2.237E+01,7.909E-03,2.238E+01,1.400E+01,1.400E+01,0.9997
255,Stilbene,6.000E+02,2.105E+01,7.252E-03,2.106E+01,1.631E+01,1.630E+01,0.9997
255,Stilbene,6.500E+02,1.993E+01,6.696E-03,1.993E+01,1.875E+01,1.874E+01,0.9997
255,Stilbene,7.000E+02,1.896E+01,6.221E-03,1.896E+01,2.132E+01,2.131E+01,0.9997
255,Stilbene,7.500E+02,1.811E+01,5.811E-03,1.812E+01,2.402E+01,2.401E+01,0.9997
255,Stilbene,8.000E+02,1.737E+01,5.451E-03,1.737E+01,2.684E+01,2.683E+01,0.9997
255,Stilbene,8.500E+02,1.671E+01,5.132E-03,1.672E+01,2.977E+01,2.977E+01,0.9997
255,Stilbene,9.000E+02,1.612E+01,4.849E-03,1.613E+01,3.282E+01,3.281E+01,0.9998
255,Stilbene,9.500E+02,1.560E+01,4.594E-03,1.560E+01,3.597E+01,3.596E+01,0.9998
255,Stilbene,1.000E+03,1.512E+01,4.365E-03,1.513E+01,3.923E+01,3.922E+01,0.9998
263,Tissue-Equivalent GAS (Methane based),1.000E-03,1.351E+02,2.337E+02,3.688E+02,2.985E-06,1.615E-06,0.5408
263,Tissue-Equivalent GAS (Methane based),1.500E-03,1.656E+02,2.124E+02,3.779E+02,4.320E-06,2.417E-06,0.5595
263,Tissue-Equivalent GAS (Methane based),2.000E-03,1.913E+02,1.950E+02,3.863E+02,5.629E-06,3.241E-06,0.5758
263,Tissue-Equivalent GAS (Methane based),2.500E-03,2.139E+02,1.808E+02,3.947E+02,6.910E-06,4.077E-06,0.5901
263,Tissue-Equivalent GAS (Methane based),3.000E-03,2.344E+02,1.688E+02,4.032E+02,8.163E-06,4.920E-06,0.6027
263,Tissue-Equivalent GAS (Methane based),4.000E-03,2.707E+02,1.499E+02,4.206E+02,1.059E-05,6.613E-06,0.6244
263,Tissue-Equivalent GAS (Methane based),5.000E-03,3.028E+02,1.354E+02,4.382E+02,1.292E-05,8.301E-06,0.6425
263,Tissue-Equivalent GAS (Methane based),6.000E-03,3.318E+02,1.239E+02,4.557E+02,1.516E-05,9.973E-06,0.6580
263,Tissue-Equivalent GAS (Methane based),7.000E-03,3.584E+02,1.145E+02,4.729E+02,1.731E-05,1.162E-05,0.6715
263,Tissue-Equivalent GAS (Methane based),8.000E-03,3.832E+02,1.066E+02,4.899E+02,1.939E-05,1.325E-05,0.6834
263,Tissue-Equivalent GAS (Methane based),9.000E-03,4.065E+02,9.992E+01,5.065E+02,2.140E-05,1.485E-05,0.6941
263,Tissue-Equivalent GAS (Methane based),1.000E-02,4.286E+02,9.413E+01,5.227E+02,2.334E-05,1.643E-05,0.7038
263,Tissue-Equivalent GAS (Methane based),1.250E-02,4.793E+02,8.254E+01,5.619E+02,2.795E-05,2.024E-05,0.7243
263,Tissue-Equivalent GAS (Methane based),1.500E-02,5.252E+02,7.379E+01,5.990E+02,3.226E-05,2.390E-05,0.7410
263,Tissue-Equivalent GAS (Methane based),1.750E-02,5.674E+02,6.692E+01,6.343E+02,3.631E-05,2.742E-05,0.7550
263,Tissue-Equivalent GAS (Methane based),2.000E-02,6.067E+02,6.136E+01,6.680E+02,4.015E-05,3.080E-05,0.7670
263,Tissue-Equivalent GAS (Methane based),2.250E-02,6.436E+02,5.675E+01,7.003E+02,4.381E-05,3.405E-05,0.7773
263,Tissue-Equivalent GAS (Methane based),2.500E-02,6.785E+02,5.285E+01,7.313E+02,4.730E-05,3.720E-05,0.7864
263,Tissue-Equivalent GAS (Methane based),2.750E-02,7.117E+02,4.952E+01,7.612E+02,5.065E-05,4.024E-05,0.7945
263,Tissue-Equivalent GAS (Methane based),3.000E-02,7.434E+02,4.662E+01,7.900E+02,5.387E-05,4.319E-05,0.8018
263,Tissue-Equivalent GAS (Methane based),3.500E-02,8.031E+02,4.183E+01,8.449E+02,5.999E-05,4.884E-05,0.8142
263,Tissue-Equivalent GAS (Methane based),4.000E-02,8.586E+02,3.802E+01,8.966E+02,6.573E-05,5.420E-05,0.8246
263,Tissue-Equivalent GAS (Methane based),4.500E-02,9.107E+02,3.491E+01,9.457E+02,7.116E-05,5.931E-05,0.8335
263,Tissue-Equivalent GAS (Methane based),5.000E-02,9.601E+02,3.231E+01,9.924E+02,7.632E-05,6.420E-05,0.8411
263,Tissue-Equivalent GAS (Methane based),5.500E-02,1.007E+03,3.011E+01,1.037E+03,8.125E-05,6.889E-05,0.8479
263,Tissue-Equivalent GAS (Methane based),6.000E-02,1.052E+03,2.821E+01,1.080E+03,8.597E-05,7.340E-05,0.8538
263,Tissue-Equivalent GAS (Methane based),6.500E-02,1.095E+03,2.656E+01,1.121E+03,9.051E-05,7.776E-05,0.8591
263,Tissue-Equivalent GAS (Methane based),7.000E-02,1.136E+03,2.511E+01,1.161E+03,9.490E-05,8.198E-05,0.8639
263,Tissue-Equivalent GAS (Methane based),7.500E-02,1.176E+03,2.383E+01,1.199E+03,9.913E-05,8.607E-05,0.8682
263,Tissue-Equivalent GAS (Methane based),8.000E-02,1.214E+03,2.268E+01,1.237E+03,1.032E-04,9.004E-05,0.8722
263,Tissue-Equivalent GAS (Methane based),8.500E-02,1.251E+03,2.165E+01,1.273E+03,1.072E-04,9.391E-05,0.8758
263,Tissue-Equivalent GAS (Methane based),9.000E-02,1.287E+03,2.071E+01,1.308E+03,1.111E-04,9.767E-05,0.8792
263,Tissue-Equivalent GAS (Methane based),9.500E-02,1.322E+03,1.986E+01,1.342E+03,1.149E-04,1.013E-04,0.8822
263,Tissue-Equivalent GAS (Methane based),1.000E-01,1.356E+03,1.908E+01,1.375E+03,1.186E-04,1.049E-04,0.8851
263,Tissue-Equivalent GAS (Methane based),1.250E-01,1.514E+03,1.602E+01,1.530E+03,1.358E-04,1.218E-04,0.8969
263,Tissue-Equivalent GAS (Methane based),1.500E-01,1.655E+03,1.386E+01,1.669E+03,1.514E-04,1.371E-04,0.9058
263,Tissue-Equivalent GAS (Methane based),1.750E-01,1.783E+03,1.224E+01,1.795E+03,1.658E-04,1.514E-04,0.9128
263,Tissue-Equivalent GAS (Methane based),2.000E-01,1.899E+03,1.099E+01,1.910E+03,1.793E-04,1.647E-04,0.9184
263,Tissue-Equivalent GAS (Methane based),2.250E-01,2.006E+03,9.988E+00,2.016E+03,1.920E-04,1.773E-04,0.9231
263,Tissue-Equivalent GAS (Methane based),2.500E-01,2.104E+03,9.164E+00,2.113E+03,2.042E-04,1.893E-04,0.9272
263,Tissue-Equivalent GAS (Methane based),2.750E-01,2.193E+03,8.475E+00,2.202E+03,2.157E-04,2.008E-04,0.9306
263,Tissue-Equivalent GAS (Methane based),3.000E-01,2.275E+03,7.889E+00,2.283E+03,2.269E-04,2.118E-04,0.9337
263,Tissue-Equivalent GAS (Methane based),3.500E-01,2.418E+03,6.944E+00,2.425E+03,2.481E-04,2.329E-04,0.9388
263,Tissue-Equivalent GAS (Methane based),4.000E-01,2.535E+03,6.214E+00,2.541E+03,2.682E-04,2.530E-04,0.9430
263,Tissue-Equivalent GAS (Methane based),4.500E-01,2.626E+03,5.632E+00,2.632E+03,2.876E-04,2.722E-04,0.9466
263,Tissue-Equivalent GAS (Methane based),5.000E-01,2.693E+03,5.155E+00,2.698E+03,3.063E-04,2.909E-04,0.9496
263,Tissue-Equivalent GAS (Methane based),5.500E-01,2.737E+03,4.758E+00,2.742E+03,3.247E-04,3.092E-04,0.9522
263,Tissue-Equivalent GAS (Methane based),6.000E-01,2.760E+03,4.421E+00,2.764E+03,3.428E-04,3.273E-04,0.9546
263,Tissue-Equivalent GAS (Methane based),6.500E-01,2.764E+03,4.132E+00,2.768E+03,3.609E-04,3.453E-04,0.9567
263,Tissue-Equivalent GAS (Methane based),7.000E-01,2.752E+03,3.880E+00,2.756E+03,3.790E-04,3.633E-04,0.9587
263,Tissue-Equivalent GAS (Methane based),7.500E-01,2.728E+03,3.659E+00,2.732E+03,3.972E-04,3.815E-04,0.9605
263,Tissue-Equivalent GAS (Methane based),8.000E-01,2.695E+03,3.464E+00,2.698E+03,4.156E-04,3.999E-04,0.9621
263,Tissue-Equivalent GAS (Methane based),8.500E-01,2.655E+03,3.289E+00,2.659E+03,4.343E-04,4.185E-04,0.9637
263,Tissue-Equivalent GAS (Methane based),9.000E-01,2.612E+03,3.132E+00,2.615E+03,4.532E-04,4.374E-04,0.9651
263,Tissue-Equivalent GAS (Methane based),9.500E-01,2.566E+03,2.991E+00,2.569E+03,4.725E-04,4.567E-04,0.9664
263,Tissue-Equivalent GAS (Methane based),1.000E+00,2.519E+03,2.862E+00,2.522E+03,4.922E-04,4.763E-04,0.9677
263,Tissue-Equivalent GAS (Methane based),1.250E+00,2.278E+03,2.363E+00,2.280E+03,5.964E-04,5.804E-04,0.9731
263,Tissue-Equivalent GAS (Methane based),1.500E+00,2.060E+03,2.019E+00,2.062E+03,7.118E-04,6.956E-04,0.9773
263,Tissue-Equivalent GAS (Methane based),1.750E+00,1.878E+03,1.766E+00,1.880E+03,8.389E-04,8.226E-04,0.9805
263,Tissue-Equivalent GAS (Methane based),2.000E+00,1.727E+03,1.572E+00,1.729E+03,9.777E-04,9.613E-04,0.9832
263,Tissue-Equivalent GAS (Methane based),2.250E+00,1.602E+03,1.419E+00,1.603E+03,1.128E-03,1.111E-03,0.9853
263,Tissue-Equivalent GAS (Methane based),2.500E+00,1.494E+03,1.294E+00,1.496E+03,1.290E-03,1.273E-03,0.9870
263,Tissue-Equivalent GAS (Methane based),2.750E+00,1.403E+03,1.191E+00,1.404E+03,1.462E-03,1.445E-03,0.9885
263,Tissue-Equivalent GAS (Methane based),3.000E+00,1.323E+03,1.103E+00,1.324E+03,1.646E-03,1.629E-03,0.9897
263,Tissue-Equivalent GAS (Methane based),3.500E+00,1.191E+03,9.632E-01,1.192E+03,2.044E-03,2.027E-03,0.9915
263,Tissue-Equivalent GAS (Methane based),4.000E+00,1.085E+03,8.562E-01,1.086E+03,2.485E-03,2.467E-03,0.9929
263,Tissue-Equivalent GAS (Methane based),4.500E+00,9.982E+02,7.715E-01,9.990E+02,2.965E-03,2.947E-03,0.9940
263,Tissue-Equivalent GAS (Methane based),5.000E+00,9.260E+02,7.028E-01,9.267E+02,3.485E-03,3.467E-03,0.9948
263,Tissue-Equivalent GAS (Methane based),5.500E+00,8.646E+02,6.458E-01,8.652E+02,4.044E-03,4.026E-03,0.9954
263,Tissue-Equivalent GAS (Methane based),6.000E+00,8.117E+02,5.977E-01,8.123E+02,4.641E-03,4.622E-03,0.9959
263,Tissue-Equivalent GAS (Methane based),6.500E+00,7.656E+02,5.566E-01,7.661E+02,5.275E-03,5.256E-03,0.9964
263,Tissue-Equivalent GAS (Methane based),7.000E+00,7.249E+02,5.210E-01,7.254E+02,5.946E-03,5.926E-03,0.9967
263,Tissue-Equivalent GAS (Methane based),7.500E+00,6.888E+02,4.898E-01,6.893E+02,6.653E-03,6.633E-03,0.9970
263,Tissue-Equivalent GAS (Methane based),8.000E+00,6.565E+02,4.624E-01,6.570E+02,7.397E-03,7.376E-03,0.9972
263,Tissue-Equivalent GAS (Methane based),8.500E+00,6.274E+02,4.379E-01,6.279E+02,8.175E-03,8.154E-03,0.9975
263,Tissue-Equivalent GAS (Methane based),9.000E+00,6.011E+02,4.161E-01,6.015E+02,8.989E-03,8.968E-03,0.9976
263,Tissue-Equivalent GAS (Methane based),9.500E+00,5.771E+02,3.964E-01,5.775E+02,9.838E-03,9.816E-03,0.9978
263,Tissue-Equivalent GAS (Methane based),1.000E+01,5.552E+02,3.785E-01,5.556E+02,1.072E-02,1.070E-02,0.9979
263,Tissue-Equivalent GAS (Methane based),1.250E+01,4.683E+02,3.096E-01,4.686E+02,1.564E-02,1.562E-02,0.9984
263,Tissue-Equivalent GAS (Methane based),1.500E+01,4.068E+02,2.625E-01,4.070E+02,2.138E-02,2.135E-02,0.9987
263,Tissue-Equivalent GAS (Methane based),1.750E+01,3.607E+02,2.282E-01,3.609E+02,2.792E-02,2.789E-02,0.9989
263,Tissue-Equivalent GAS (Methane based),2.000E+01,3.248E+02,2.021E-01,3.250E+02,3.523E-02,3.519E-02,0.9991
263,Tissue-Equivalent GAS (Methane based),2.500E+01,2.721E+02,1.648E-01,2.723E+02,5.211E-02,5.207E-02,0.9992
263,Tissue-Equivalent GAS (Methane based),2.750E+01,2.521E+02,1.510E-01,2.523E+02,6.166E-02,6.161E-02,0.9993
263,Tissue-Equivalent GAS (Methane based),3.000E+01,2.352E+02,1.394E-01,2.353E+02,7.193E-02,7.188E-02,0.9993
263,Tissue-Equivalent GAS (Methane based),3.500E+01,2.077E+02,1.209E-01,2.078E+02,9.459E-02,9.453E-02,0.9994
263,Tissue-Equivalent GAS (Methane based),4.000E+01,1.865E+02,1.068E-01,1.866E+02,1.200E-01,1.199E-01,0.9994
263,Tissue-Equivalent GAS (Methane based),4.500E+01,1.695E+02,9.575E-02,1.696E+02,1.482E-01,1.481E-01,0.9995
263,Tissue-Equivalent GAS (Methane based),5.000E+01,1.556E+02,8.679E-02,1.556E+02,1.790E-01,1.789E-01,0.9995
263,Tissue-Equivalent GAS (Methane based),5.500E+01,1.439E+02,7.938E-02,1.440E+02,2.124E-01,2.123E-01,0.9995
263,Tissue-Equivalent GAS (Methane based),6.000E+01,1.341E+02,7.315E-02,1.341E+02,2.484E-01,2.483E-01,0.9995
263,Tissue-Equivalent GAS (Methane based),6.500E+01,1.256E+02,6.784E-02,1.257E+02,2.869E-01,2.868E-01,0.9995
263,Tissue-Equivalent GAS (Methane based),7.000E+01,1.182E+02,6.326E-02,1.183E+02,3.280E-01,3.278E-01,0.9995
263,Tissue-Equivalent GAS (Methane based),7.500E+01,1.117E+02,5.927E-02,1.118E+02,3.715E-01,3.713E-01,0.9996
263,Tissue-Equivalent GAS (Methane based),8.000E+01,1.060E+02,5.576E-02,1.061E+02,4.174E-01,4.172E-01,0.9996
263,Tissue-Equivalent GAS (Methane based),8.500E+01,1.009E+02,5.265E-02,1.009E+02,4.657E-01,4.656E-01,0.9996
263,Tissue-Equivalent GAS (Methane based),9.000E+01,9.627E+01,4.987E-02,9.632E+01,5.165E-01,5.163E-01,0.9996
263,Tissue-Equivalent GAS (Methane based),9.500E+01,9.211E+01,4.737E-02,9.216E+01,5.696E-01,5.693E-01,0.9996
263,Tissue-Equivalent GAS (Methane based),1.000E+02,8.834E+01,4.512E-02,8.838E+01,6.250E-01,6.247E-01,0.9996
263,Tissue-Equivalent GAS (Methane based),1.250E+02,7.365E+01,3.646E-02,7.369E+01,9.363E-01,9.359E-01,0.9996
263,Tissue-Equivalent GAS (Methane based),1.500E+02,6.354E+01,3.059E-02,6.357E+01,1.303E+00,1.302E+00,0.9996
263,Tissue-Equivalent GAS (Methane based),1.750E+02,5.612E+01,2.635E-02,5.614E+01,1.722E+00,1.722E+00,0.9996
263,Tissue-Equivalent GAS (Methane based),2.000E+02,5.043E+01,2.315E-02,5.045E+01,2.193E+00,2.192E+00,0.9996
263,Tissue-Equivalent GAS (Methane based),2.250E+02,4.592E+01,2.065E-02,4.595E+01,2.713E+00,2.712E+00,0.9997
263,Tissue-Equivalent GAS (Methane based),2.500E+02,4.227E+01,1.864E-02,4.228E+01,3.280E+00,3.279E+00,0.9997
263,Tissue-Equivalent GAS (Methane based),2.750E+02,3.923E+01,1.698E-02,3.925E+01,3.895E+00,3.893E+00,0.9997
263,Tissue-Equivalent GAS (Methane based),3.000E+02,3.667E+01,1.560E-02,3.669E+01,4.554E+00,4.553E+00,0.9997
263,Tissue-Equivalent GAS (Methane based),3.500E+02,3.259E+01,1.340E-02,3.260E+01,6.003E+00,6.001E+00,0.9997
263,Tissue-Equivalent GAS (Methane based),4.000E+02,2.947E+01,1.175E-02,2.948E+01,7.619E+00,7.616E+00,0.9997
263,Tissue-Equivalent GAS (Methane based),4.500E+02,2.702E+01,1.046E-02,2.703E+01,9.392E+00,9.389E+00,0.9997
263,Tissue-Equivalent GAS (Methane based),5.000E+02,2.503E+01,9.431E-03,2.504E+01,1.132E+01,1.131E+01,0.9997
263,Tissue-Equivalent GAS (Methane based),5.500E+02,2.338E+01,8.583E-03,2.339E+01,1.338E+01,1.338E+01,0.9997
263,Tissue-Equivalent GAS (Methane based),6.000E+02,2.200E+01,7.874E-03,2.201E+01,1.559E+01,1.559E+01,0.9997
263,Tissue-Equivalent GAS (Methane based),6.500E+02,2.082E+01,7.273E-03,2.083E+01,1.793E+01,1.792E+01,0.9997
263,Tissue-Equivalent GAS (Methane based),7.000E+02,1.981E+01,6.758E-03,1.981E+01,2.039E+01,2.038E+01,0.9997
263,Tissue-Equivalent GAS (Methane based),7.500E+02,1.892E+01,6.310E-03,1.893E+01,2.297E+01,2.297E+01,0.9997
263,Tissue-Equivalent GAS (Methane based),8.000E+02,1.814E+01,5.918E-03,1.815E+01,2.567E+01,2.566E+01,0.9997
263,Tissue-Equivalent GAS (Methane based),8.500E+02,1.746E+01,5.572E-03,1.746E+01,2.848E+01,2.847E+01,0.9997
263,Tissue-Equivalent GAS (Methane based),9.000E+02,1.684E+01,5.264E-03,1.685E+01,3.140E+01,3.139E+01,0.9997
263,Tissue-Equivalent GAS (Methane based),9.500E+02,1.629E+01,4.988E-03,1.630E+01,3.441E+01,3.441E+01,0.9997
263,Tissue-Equivalent GAS (Methane based),1.000E+03,1.579E+01,4.740E-03,1.580E+01,3.753E+01,3.752E+01,0.9997
264,Tissue-Equivalent GAS (Propane based),1.000E-03,1.497E+02,2.379E+02,3.877E+02,2.864E-06,1.577E-06,0.5505
264,Tissue-Equivalent GAS (Propane based),1.500E-03,1.815E+02,2.160E+02,3.975E+02,4.133E-06,2.356E-06,0.5700
264,Tissue-Equivalent GAS (Propane based),2.000E-03,2.082E+02,1.982E+02,4.064E+02,5.377E-06,3.155E-06,0.5868
264,Tissue-Equivalent GAS (Propane based),2.500E-03,2.317E+02,1.836E+02,4.153E+02,6.594E-06,3.965E-06,0.6013
264,Tissue-Equivalent GAS (Propane based),3.000E-03,2.528E+02,1.714E+02,4.243E+02,7.785E-06,4.782E-06,0.6142
264,Tissue-Equivalent GAS (Propane based),4.000E-03,2.904E+02,1.521E+02,4.425E+02,1.009E-05,6.420E-06,0.6360
264,Tissue-Equivalent GAS (Propane based),5.000E-03,3.235E+02,1.373E+02,4.608E+02,1.231E-05,8.052E-06,0.6542
264,Tissue-Equivalent GAS (Propane based),6.000E-03,3.534E+02,1.256E+02,4.790E+02,1.444E-05,9.667E-06,0.6697
264,Tissue-Equivalent GAS (Propane based),7.000E-03,3.809E+02,1.160E+02,4.969E+02,1.649E-05,1.126E-05,0.6831
264,Tissue-Equivalent GAS (Propane based),8.000E-03,4.065E+02,1.080E+02,5.144E+02,1.846E-05,1.283E-05,0.6950
264,Tissue-Equivalent GAS (Propane based),9.000E-03,4.305E+02,1.011E+02,5.317E+02,2.038E-05,1.438E-05,0.7055
264,Tissue-Equivalent GAS (Propane based),1.000E-02,4.533E+02,9.524E+01,5.485E+02,2.223E-05,1.589E-05,0.7150
264,Tissue-Equivalent GAS (Propane based),1.250E-02,5.057E+02,8.346E+01,5.891E+02,2.662E-05,1.957E-05,0.7352
264,Tissue-Equivalent GAS (Propane based),1.500E-02,5.530E+02,7.458E+01,6.276E+02,3.073E-05,2.310E-05,0.7516
264,Tissue-Equivalent GAS (Propane based),1.750E-02,5.966E+02,6.761E+01,6.643E+02,3.460E-05,2.648E-05,0.7652
264,Tissue-Equivalent GAS (Propane based),2.000E-02,6.372E+02,6.197E+01,6.992E+02,3.827E-05,2.973E-05,0.7769
264,Tissue-Equivalent GAS (Propane based),2.250E-02,6.754E+02,5.730E+01,7.327E+02,4.176E-05,3.287E-05,0.7870
264,Tissue-Equivalent GAS (Propane based),2.500E-02,7.115E+02,5.335E+01,7.648E+02,4.510E-05,3.589E-05,0.7958
264,Tissue-Equivalent GAS (Propane based),2.750E-02,7.458E+02,4.997E+01,7.958E+02,4.830E-05,3.882E-05,0.8036
264,Tissue-Equivalent GAS (Propane based),3.000E-02,7.786E+02,4.704E+01,8.257E+02,5.139E-05,4.166E-05,0.8106
264,Tissue-Equivalent GAS (Propane based),3.500E-02,8.404E+02,4.219E+01,8.826E+02,5.724E-05,4.709E-05,0.8227
264,Tissue-Equivalent GAS (Propane based),4.000E-02,8.978E+02,3.834E+01,9.361E+02,6.274E-05,5.225E-05,0.8327
264,Tissue-Equivalent GAS (Propane based),4.500E-02,9.516E+02,3.519E+01,9.868E+02,6.794E-05,5.716E-05,0.8413
264,Tissue-Equivalent GAS (Propane based),5.000E-02,1.003E+03,3.257E+01,1.035E+03,7.289E-05,6.186E-05,0.8487
264,Tissue-Equivalent GAS (Propane based),5.500E-02,1.051E+03,3.034E+01,1.081E+03,7.761E-05,6.637E-05,0.8551
264,Tissue-Equivalent GAS (Propane based),6.000E-02,1.097E+03,2.843E+01,1.125E+03,8.214E-05,7.071E-05,0.8608
264,Tissue-Equivalent GAS (Propane based),6.500E-02,1.141E+03,2.677E+01,1.168E+03,8.651E-05,7.491E-05,0.8659
264,Tissue-Equivalent GAS (Propane based),7.000E-02,1.183E+03,2.530E+01,1.208E+03,9.071E-05,7.897E-05,0.8705
264,Tissue-Equivalent GAS (Propane based),7.500E-02,1.224E+03,2.401E+01,1.248E+03,9.479E-05,8.291E-05,0.8747
264,Tissue-Equivalent GAS (Propane based),8.000E-02,1.263E+03,2.285E+01,1.286E+03,9.873E-05,8.674E-05,0.8785
264,Tissue-Equivalent GAS (Propane based),8.500E-02,1.301E+03,2.180E+01,1.322E+03,1.026E-04,9.046E-05,0.8820
264,Tissue-Equivalent GAS (Propane based),9.000E-02,1.337E+03,2.086E+01,1.358E+03,1.063E-04,9.410E-05,0.8852
264,Tissue-Equivalent GAS (Propane based),9.500E-02,1.372E+03,2.000E+01,1.392E+03,1.099E-04,9.764E-05,0.8882
264,Tissue-Equivalent GAS (Propane based),1.000E-01,1.407E+03,1.922E+01,1.426E+03,1.135E-04,1.011E-04,0.8909
264,Tissue-Equivalent GAS (Propane based),1.250E-01,1.563E+03,1.612E+01,1.580E+03,1.301E-04,1.174E-04,0.9023
264,Tissue-Equivalent GAS (Propane based),1.500E-01,1.701E+03,1.395E+01,1.714E+03,1.453E-04,1.323E-04,0.9108
264,Tissue-Equivalent GAS (Propane based),1.750E-01,1.822E+03,1.232E+01,1.834E+03,1.594E-04,1.462E-04,0.9175
264,Tissue-Equivalent GAS (Propane based),2.000E-01,1.929E+03,1.106E+01,1.940E+03,1.726E-04,1.593E-04,0.9230
264,Tissue-Equivalent GAS (Propane based),2.250E-01,2.024E+03,1.005E+01,2.035E+03,1.852E-04,1.718E-04,0.9275
264,Tissue-Equivalent GAS (Propane based),2.500E-01,2.109E+03,9.220E+00,2.119E+03,1.972E-04,1.837E-04,0.9314
264,Tissue-Equivalent GAS (Propane based),2.750E-01,2.185E+03,8.526E+00,2.193E+03,2.088E-04,1.952E-04,0.9348
264,Tissue-Equivalent GAS (Propane based),3.000E-01,2.252E+03,7.936E+00,2.260E+03,2.201E-04,2.064E-04,0.9378
264,Tissue-Equivalent GAS (Propane based),3.500E-01,2.362E+03,6.984E+00,2.369E+03,2.416E-04,2.278E-04,0.9428
264,Tissue-Equivalent GAS (Propane based),4.000E-01,2.446E+03,6.250E+00,2.453E+03,2.624E-04,2.484E-04,0.9470
264,Tissue-Equivalent GAS (Propane based),4.500E-01,2.507E+03,5.663E+00,2.513E+03,2.825E-04,2.685E-04,0.9504
264,Tissue-Equivalent GAS (Propane based),5.000E-01,2.549E+03,5.184E+00,2.554E+03,3.022E-04,2.881E-04,0.9534
264,Tissue-Equivalent GAS (Propane based),5.500E-01,2.573E+03,4.784E+00,2.578E+03,3.217E-04,3.075E-04,0.9560
264,Tissue-Equivalent GAS (Propane based),6.000E-01,2.583E+03,4.445E+00,2.587E+03,3.410E-04,3.268E-04,0.9584
264,Tissue-Equivalent GAS (Propane based),6.500E-01,2.581E+03,4.154E+00,2.585E+03,3.604E-04,3.461E-04,0.9604
264,Tissue-Equivalent GAS (Propane based),7.000E-01,2.569E+03,3.901E+00,2.573E+03,3.797E-04,3.654E-04,0.9623
264,Tissue-Equivalent GAS (Propane based),7.500E-01,2.550E+03,3.679E+00,2.553E+03,3.992E-04,3.849E-04,0.9641
264,Tissue-Equivalent GAS (Propane based),8.000E-01,2.524E+03,3.482E+00,2.528E+03,4.189E-04,4.045E-04,0.9656
264,Tissue-Equivalent GAS (Propane based),8.500E-01,2.494E+03,3.306E+00,2.497E+03,4.388E-04,4.244E-04,0.9671
264,Tissue-Equivalent GAS (Propane based),9.000E-01,2.461E+03,3.149E+00,2.464E+03,4.590E-04,4.445E-04,0.9685
264,Tissue-Equivalent GAS (Propane based),9.500E-01,2.426E+03,3.006E+00,2.429E+03,4.794E-04,4.649E-04,0.9697
264,Tissue-Equivalent GAS (Propane based),1.000E+00,2.389E+03,2.877E+00,2.392E+03,5.002E-04,4.856E-04,0.9709
264,Tissue-Equivalent GAS (Propane based),1.250E+00,2.211E+03,2.375E+00,2.214E+03,6.088E-04,5.941E-04,0.9758
264,Tissue-Equivalent GAS (Propane based),1.500E+00,2.043E+03,2.029E+00,2.045E+03,7.263E-04,7.115E-04,0.9796
264,Tissue-Equivalent GAS (Propane based),1.750E+00,1.887E+03,1.775E+00,1.889E+03,8.536E-04,8.386E-04,0.9824
264,Tissue-Equivalent GAS (Propane based),2.000E+00,1.744E+03,1.580E+00,1.746E+03,9.913E-04,9.762E-04,0.9847
264,Tissue-Equivalent GAS (Propane based),2.250E+00,1.616E+03,1.426E+00,1.618E+03,1.140E-03,1.125E-03,0.9866
264,Tissue-Equivalent GAS (Propane based),2.500E+00,1.507E+03,1.300E+00,1.509E+03,1.300E-03,1.285E-03,0.9882
264,Tissue-Equivalent GAS (Propane based),2.750E+00,1.415E+03,1.196E+00,1.416E+03,1.471E-03,1.456E-03,0.9895
264,Tissue-Equivalent GAS (Propane based),3.000E+00,1.334E+03,1.108E+00,1.335E+03,1.653E-03,1.638E-03,0.9905
264,Tissue-Equivalent GAS (Propane based),3.500E+00,1.201E+03,9.676E-01,1.201E+03,2.049E-03,2.033E-03,0.9922
264,Tissue-Equivalent GAS (Propane based),4.000E+00,1.094E+03,8.601E-01,1.094E+03,2.485E-03,2.469E-03,0.9935
264,Tissue-Equivalent GAS (Propane based),4.500E+00,1.006E+03,7.750E-01,1.007E+03,2.962E-03,2.946E-03,0.9944
264,Tissue-Equivalent GAS (Propane based),5.000E+00,9.333E+02,7.059E-01,9.340E+02,3.478E-03,3.461E-03,0.9952
264,Tissue-Equivalent GAS (Propane based),5.500E+00,8.714E+02,6.486E-01,8.720E+02,4.033E-03,4.015E-03,0.9958
264,Tissue-Equivalent GAS (Propane based),6.000E+00,8.181E+02,6.003E-01,8.187E+02,4.625E-03,4.607E-03,0.9962
264,Tissue-Equivalent GAS (Propane based),6.500E+00,7.715E+02,5.590E-01,7.720E+02,5.254E-03,5.236E-03,0.9966
264,Tissue-Equivalent GAS (Propane based),7.000E+00,7.305E+02,5.232E-01,7.310E+02,5.920E-03,5.902E-03,0.9969
264,Tissue-Equivalent GAS (Propane based),7.500E+00,6.941E+02,4.919E-01,6.945E+02,6.622E-03,6.603E-03,0.9972
264,Tissue-Equivalent GAS (Propane based),8.000E+00,6.615E+02,4.643E-01,6.619E+02,7.359E-03,7.341E-03,0.9974
264,Tissue-Equivalent GAS (Propane based),8.500E+00,6.321E+02,4.398E-01,6.326E+02,8.132E-03,8.113E-03,0.9976
264,Tissue-Equivalent GAS (Propane based),9.000E+00,6.056E+02,4.178E-01,6.060E+02,8.940E-03,8.920E-03,0.9978
264,Tissue-Equivalent GAS (Propane based),9.500E+00,5.814E+02,3.980E-01,5.818E+02,9.782E-03,9.762E-03,0.9979
264,Tissue-Equivalent GAS (Propane based),1.000E+01,5.593E+02,3.801E-01,5.596E+02,1.066E-02,1.064E-02,0.9981
264,Tissue-Equivalent GAS (Propane based),1.250E+01,4.717E+02,3.109E-01,4.720E+02,1.554E-02,1.552E-02,0.9985
264,Tissue-Equivalent GAS (Propane based),1.500E+01,4.096E+02,2.636E-01,4.098E+02,2.124E-02,2.122E-02,0.9988
264,Tissue-Equivalent GAS (Propane based),1.750E+01,3.631E+02,2.291E-01,3.633E+02,2.774E-02,2.771E-02,0.9990
264,Tissue-Equivalent GAS (Propane based),2.000E+01,3.269E+02,2.029E-01,3.271E+02,3.500E-02,3.497E-02,0.9991
264,Tissue-Equivalent GAS (Propane based),2.500E+01,2.738E+02,1.654E-01,2.739E+02,5.178E-02,5.174E-02,0.9993
264,Tissue-Equivalent GAS (Propane based),2.750E+01,2.537E+02,1.516E-01,2.538E+02,6.127E-02,6.122E-02,0.9993
264,Tissue-Equivalent GAS (Propane based),3.000E+01,2.366E+02,1.399E-01,2.367E+02,7.147E-02,7.143E-02,0.9994
264,Tissue-Equivalent GAS (Propane based),3.500E+01,2.089E+02,1.213E-01,2.091E+02,9.400E-02,9.394E-02,0.9994
264,Tissue-Equivalent GAS (Propane based),4.000E+01,1.875E+02,1.072E-01,1.876E+02,1.193E-01,1.192E-01,0.9995
264,Tissue-Equivalent GAS (Propane based),4.500E+01,1.704E+02,9.608E-02,1.705E+02,1.473E-01,1.472E-01,0.9995
264,Tissue-Equivalent GAS (Propane based),5.000E+01,1.564E+02,8.708E-02,1.565E+02,1.779E-01,1.778E-01,0.9995
264,Tissue-Equivalent GAS (Propane based),5.500E+01,1.447E+02,7.964E-02,1.448E+02,2.112E-01,2.111E-01,0.9995
264,Tissue-Equivalent GAS (Propane based),6.000E+01,1.348E+02,7.339E-02,1.349E+02,2.470E-01,2.469E-01,0.9995
264,Tissue-Equivalent GAS (Propane based),6.500E+01,1.263E+02,6.805E-02,1.263E+02,2.853E-01,2.852E-01,0.9996
264,Tissue-Equivalent GAS (Propane based),7.000E+01,1.188E+02,6.346E-02,1.189E+02,3.261E-01,3.260E-01,0.9996
264,Tissue-Equivalent GAS (Propane based),7.500E+01,1.123E+02,5.945E-02,1.124E+02,3.694E-01,3.692E-01,0.9996
264,Tissue-Equivalent GAS (Propane based),8.000E+01,1.065E+02,5.593E-02,1.066E+02,4.151E-01,4.149E-01,0.9996
264,Tissue-Equivalent GAS (Propane based),8.500E+01,1.014E+02,5.281E-02,1.014E+02,4.632E-01,4.630E-01,0.9996
264,Tissue-Equivalent GAS (Propane based),9.000E+01,9.675E+01,5.002E-02,9.680E+01,5.137E-01,5.135E-01,0.9996
264,Tissue-Equivalent GAS (Propane based),9.500E+01,9.257E+01,4.752E-02,9.261E+01,5.665E-01,5.663E-01,0.9996
264,Tissue-Equivalent GAS (Propane based),1.000E+02,8.877E+01,4.525E-02,8.881E+01,6.217E-01,6.214E-01,0.9996
264,Tissue-Equivalent GAS (Propane based),1.250E+02,7.400E+01,3.656E-02,7.404E+01,9.314E-01,9.311E-01,0.9996
264,Tissue-Equivalent GAS (Propane based),1.500E+02,6.383E+01,3.067E-02,6.386E+01,1.296E+00,1.296E+00,0.9996
264,Tissue-Equivalent GAS (Propane based),1.750E+02,5.637E+01,2.642E-02,5.640E+01,1.714E+00,1.713E+00,0.9997
264,Tissue-Equivalent GAS (Propane based),2.000E+02,5.065E+01,2.321E-02,5.068E+01,2.182E+00,2.181E+00,0.9997
264,Tissue-Equivalent GAS (Propane based),2.250E+02,4.613E+01,2.070E-02,4.615E+01,2.700E+00,2.699E+00,0.9997
264,Tissue-Equivalent GAS (Propane based),2.500E+02,4.245E+01,1.869E-02,4.247E+01,3.265E+00,3.264E+00,0.9997
264,Tissue-Equivalent GAS (Propane based),2.750E+02,3.940E+01,1.702E-02,3.942E+01,3.877E+00,3.875E+00,0.9997
264,Tissue-Equivalent GAS (Propane based),3.000E+02,3.683E+01,1.563E-02,3.684E+01,4.533E+00,4.532E+00,0.9997
264,Tissue-Equivalent GAS (Propane based),3.500E+02,3.272E+01,1.343E-02,3.274E+01,5.976E+00,5.974E+00,0.9997
264,Tissue-Equivalent GAS (Propane based),4.000E+02,2.959E+01,1.178E-02,2.961E+01,7.585E+00,7.583E+00,0.9997
264,Tissue-Equivalent GAS (Propane based),4.500E+02,2.713E+01,1.049E-02,2.714E+01,9.351E+00,9.348E+00,0.9997
264,Tissue-Equivalent GAS (Propane based),5.000E+02,2.513E+01,9.451E-03,2.514E+01,1.127E+01,1.126E+01,0.9997
264,Tissue-Equivalent GAS (Propane based),5.500E+02,2.348E+01,8.600E-03,2.348E+01,1.333E+01,1.332E+01,0.9997
264,Tissue-Equivalent GAS (Propane based),6.000E+02,2.209E+01,7.889E-03,2.210E+01,1.552E+01,1.552E+01,0.9997
264,Tissue-Equivalent GAS (Propane based),6.500E+02,2.090E+01,7.286E-03,2.091E+01,1.785E+01,1.785E+01,0.9997
264,Tissue-Equivalent GAS (Propane based),7.000E+02,1.988E+01,6.770E-03,1.989E+01,2.030E+01,2.030E+01,0.9997
264,Tissue-Equivalent GAS (Propane based),7.500E+02,1.900E+01,6.322E-03,1.900E+01,2.288E+01,2.287E+01,0.9997
264,Tissue-Equivalent GAS (Propane based),8.000E+02,1.821E+01,5.929E-03,1.822E+01,2.556E+01,2.556E+01,0.9997
264,Tissue-Equivalent GAS (Propane based),8.500E+02,1.752E+01,5.582E-03,1.753E+01,2.836E+01,2.836E+01,0.9997
264,Tissue-Equivalent GAS (Propane based),9.000E+02,1.691E+01,5.273E-03,1.691E+01,3.127E+01,3.126E+01,0.9997
264,Tissue-Equivalent GAS (Propane based),9.500E+02,1.635E+01,4.997E-03,1.636E+01,3.428E+01,3.427E+01,0.9997
264,Tissue-Equivalent GAS (Propane based),1.000E+03,1.585E+01,4.748E-03,1.586E+01,3.738E+01,3.737E+01,0.9998
266,Toluene,1.000E-03,1.925E+02,2.342E+02,4.266E+02,2.694E-06,1.508E-06,0.5598
266,Toluene,1.500E-03,2.300E+02,2.126E+02,4.425E+02,3.840E-06,2.236E-06,0.5824
266,Toluene,2.000E-03,2.610E+02,1.950E+02,4.560E+02,4.953E-06,2.979E-06,0.6013
266,Toluene,2.500E-03,2.881E+02,1.806E+02,4.687E+02,6.035E-06,3.726E-06,0.6174
266,Toluene,3.000E-03,3.123E+02,1.685E+02,4.808E+02,7.088E-06,4.475E-06,0.6314
266,Toluene,4.000E-03,3.549E+02,1.494E+02,5.043E+02,9.118E-06,5.971E-06,0.6548
266,Toluene,5.000E-03,3.920E+02,1.348E+02,5.268E+02,1.106E-05,7.452E-06,0.6739
266,Toluene,6.000E-03,4.253E+02,1.232E+02,5.485E+02,1.292E-05,8.912E-06,0.6899
266,Toluene,7.000E-03,4.556E+02,1.138E+02,5.694E+02,1.471E-05,1.035E-05,0.7037
266,Toluene,8.000E-03,4.837E+02,1.058E+02,5.896E+02,1.643E-05,1.176E-05,0.7157
266,Toluene,9.000E-03,5.100E+02,9.912E+01,6.091E+02,1.810E-05,1.315E-05,0.7263
266,Toluene,1.000E-02,5.348E+02,9.331E+01,6.281E+02,1.972E-05,1.451E-05,0.7358
266,Toluene,1.250E-02,5.913E+02,8.171E+01,6.730E+02,2.356E-05,1.781E-05,0.7558
266,Toluene,1.500E-02,6.421E+02,7.297E+01,7.150E+02,2.716E-05,2.097E-05,0.7719
266,Toluene,1.750E-02,6.884E+02,6.612E+01,7.545E+02,3.056E-05,2.400E-05,0.7852
266,Toluene,2.000E-02,7.313E+02,6.057E+01,7.919E+02,3.380E-05,2.692E-05,0.7964
266,Toluene,2.250E-02,7.714E+02,5.598E+01,8.274E+02,3.689E-05,2.973E-05,0.8061
266,Toluene,2.500E-02,8.091E+02,5.211E+01,8.612E+02,3.985E-05,3.246E-05,0.8146
266,Toluene,2.750E-02,8.448E+02,4.880E+01,8.936E+02,4.270E-05,3.510E-05,0.8220
266,Toluene,3.000E-02,8.788E+02,4.592E+01,9.247E+02,4.545E-05,3.766E-05,0.8287
266,Toluene,3.500E-02,9.424E+02,4.117E+01,9.835E+02,5.069E-05,4.258E-05,0.8401
266,Toluene,4.000E-02,1.001E+03,3.740E+01,1.038E+03,5.563E-05,4.726E-05,0.8496
266,Toluene,4.500E-02,1.056E+03,3.432E+01,1.090E+03,6.033E-05,5.174E-05,0.8576
266,Toluene,5.000E-02,1.107E+03,3.175E+01,1.139E+03,6.482E-05,5.604E-05,0.8645
266,Toluene,5.500E-02,1.155E+03,2.957E+01,1.185E+03,6.912E-05,6.017E-05,0.8706
266,Toluene,6.000E-02,1.201E+03,2.770E+01,1.229E+03,7.326E-05,6.417E-05,0.8759
266,Toluene,6.500E-02,1.245E+03,2.608E+01,1.271E+03,7.726E-05,6.804E-05,0.8807
266,Toluene,7.000E-02,1.287E+03,2.465E+01,1.311E+03,8.113E-05,7.180E-05,0.8849
266,Toluene,7.500E-02,1.327E+03,2.338E+01,1.350E+03,8.489E-05,7.545E-05,0.8888
266,Toluene,8.000E-02,1.365E+03,2.225E+01,1.387E+03,8.854E-05,7.901E-05,0.8923
266,Toluene,8.500E-02,1.401E+03,2.123E+01,1.423E+03,9.210E-05,8.248E-05,0.8956
266,Toluene,9.000E-02,1.437E+03,2.031E+01,1.457E+03,9.557E-05,8.588E-05,0.8985
266,Toluene,9.500E-02,1.471E+03,1.947E+01,1.490E+03,9.897E-05,8.920E-05,0.9013
266,Toluene,1.000E-01,1.504E+03,1.870E+01,1.522E+03,1.023E-04,9.245E-05,0.9038
266,Toluene,1.250E-01,1.652E+03,1.569E+01,1.668E+03,1.180E-04,1.078E-04,0.9143
266,Toluene,1.500E-01,1.779E+03,1.356E+01,1.792E+03,1.324E-04,1.221E-04,0.9221
266,Toluene,1.750E-01,1.888E+03,1.198E+01,1.900E+03,1.459E-04,1.355E-04,0.9283
266,Toluene,2.000E-01,1.983E+03,1.075E+01,1.993E+03,1.588E-04,1.482E-04,0.9333
266,Toluene,2.250E-01,2.065E+03,9.768E+00,2.074E+03,1.711E-04,1.604E-04,0.9375
266,Toluene,2.500E-01,2.136E+03,8.961E+00,2.145E+03,1.829E-04,1.721E-04,0.9411
266,Toluene,2.750E-01,2.197E+03,8.285E+00,2.206E+03,1.944E-04,1.835E-04,0.9442
266,Toluene,3.000E-01,2.250E+03,7.711E+00,2.258E+03,2.056E-04,1.947E-04,0.9469
266,Toluene,3.500E-01,2.333E+03,6.785E+00,2.340E+03,2.273E-04,2.163E-04,0.9515
266,Toluene,4.000E-01,2.392E+03,6.070E+00,2.398E+03,2.484E-04,2.373E-04,0.9552
266,Toluene,4.500E-01,2.430E+03,5.500E+00,2.436E+03,2.691E-04,2.579E-04,0.9584
266,Toluene,5.000E-01,2.452E+03,5.034E+00,2.457E+03,2.895E-04,2.782E-04,0.9611
266,Toluene,5.500E-01,2.461E+03,4.645E+00,2.465E+03,3.098E-04,2.985E-04,0.9634
266,Toluene,6.000E-01,2.459E+03,4.316E+00,2.463E+03,3.301E-04,3.187E-04,0.9655
266,Toluene,6.500E-01,2.449E+03,4.033E+00,2.453E+03,3.504E-04,3.390E-04,0.9673
266,Toluene,7.000E-01,2.433E+03,3.787E+00,2.436E+03,3.709E-04,3.594E-04,0.9690
266,Toluene,7.500E-01,2.411E+03,3.571E+00,2.415E+03,3.915E-04,3.800E-04,0.9705
266,Toluene,8.000E-01,2.386E+03,3.380E+00,2.389E+03,4.123E-04,4.007E-04,0.9719
266,Toluene,8.500E-01,2.358E+03,3.209E+00,2.361E+03,4.334E-04,4.218E-04,0.9732
266,Toluene,9.000E-01,2.328E+03,3.056E+00,2.331E+03,4.547E-04,4.430E-04,0.9744
266,Toluene,9.500E-01,2.296E+03,2.918E+00,2.299E+03,4.763E-04,4.646E-04,0.9755
266,Toluene,1.000E+00,2.264E+03,2.792E+00,2.267E+03,4.982E-04,4.865E-04,0.9765
266,Toluene,1.250E+00,2.109E+03,2.304E+00,2.111E+03,6.125E-04,6.006E-04,0.9806
266,Toluene,1.500E+00,1.960E+03,1.968E+00,1.962E+03,7.353E-04,7.233E-04,0.9837
266,Toluene,1.750E+00,1.817E+03,1.722E+00,1.819E+03,8.676E-04,8.555E-04,0.9860
266,Toluene,2.000E+00,1.683E+03,1.533E+00,1.684E+03,1.010E-03,9.982E-04,0.9878
266,Toluene,2.250E+00,1.560E+03,1.383E+00,1.561E+03,1.165E-03,1.152E-03,0.9893
266,Toluene,2.500E+00,1.456E+03,1.261E+00,1.457E+03,1.331E-03,1.318E-03,0.9906
266,Toluene,2.750E+00,1.368E+03,1.160E+00,1.369E+03,1.508E-03,1.495E-03,0.9916
266,Toluene,3.000E+00,1.291E+03,1.075E+00,1.292E+03,1.696E-03,1.683E-03,0.9925
266,Toluene,3.500E+00,1.163E+03,9.382E-01,1.164E+03,2.104E-03,2.091E-03,0.9938
266,Toluene,4.000E+00,1.060E+03,8.339E-01,1.061E+03,2.555E-03,2.541E-03,0.9948
266,Toluene,4.500E+00,9.766E+02,7.514E-01,9.774E+02,3.046E-03,3.033E-03,0.9955
266,Toluene,5.000E+00,9.066E+02,6.844E-01,9.073E+02,3.578E-03,3.564E-03,0.9961
266,Toluene,5.500E+00,8.471E+02,6.288E-01,8.477E+02,4.148E-03,4.134E-03,0.9966
266,Toluene,6.000E+00,7.957E+02,5.819E-01,7.963E+02,4.757E-03,4.742E-03,0.9969
266,Toluene,6.500E+00,7.508E+02,5.418E-01,7.514E+02,5.404E-03,5.389E-03,0.9972
266,Toluene,7.000E+00,7.113E+02,5.071E-01,7.118E+02,6.088E-03,6.072E-03,0.9975
266,Toluene,7.500E+00,6.761E+02,4.768E-01,6.766E+02,6.808E-03,6.793E-03,0.9977
266,Toluene,8.000E+00,6.446E+02,4.500E-01,6.450E+02,7.566E-03,7.550E-03,0.9979
266,Toluene,8.500E+00,6.162E+02,4.263E-01,6.166E+02,8.359E-03,8.342E-03,0.9980
266,Toluene,9.000E+00,5.905E+02,4.050E-01,5.909E+02,9.187E-03,9.170E-03,0.9982
266,Toluene,9.500E+00,5.670E+02,3.858E-01,5.674E+02,1.005E-02,1.003E-02,0.9983
266,Toluene,1.000E+01,5.456E+02,3.684E-01,5.459E+02,1.095E-02,1.093E-02,0.9984
266,Toluene,1.250E+01,4.605E+02,3.012E-01,4.608E+02,1.595E-02,1.593E-02,0.9988
266,Toluene,1.500E+01,4.001E+02,2.554E-01,4.004E+02,2.179E-02,2.177E-02,0.9990
266,Toluene,1.750E+01,3.548E+02,2.220E-01,3.551E+02,2.843E-02,2.841E-02,0.9991
266,Toluene,2.000E+01,3.195E+02,1.966E-01,3.197E+02,3.587E-02,3.584E-02,0.9992
266,Toluene,2.500E+01,2.677E+02,1.602E-01,2.679E+02,5.303E-02,5.299E-02,0.9993
266,Toluene,2.750E+01,2.481E+02,1.468E-01,2.482E+02,6.273E-02,6.269E-02,0.9994
266,Toluene,3.000E+01,2.314E+02,1.355E-01,2.315E+02,7.317E-02,7.313E-02,0.9994
266,Toluene,3.500E+01,2.044E+02,1.175E-01,2.045E+02,9.620E-02,9.615E-02,0.9995
266,Toluene,4.000E+01,1.835E+02,1.038E-01,1.836E+02,1.220E-01,1.220E-01,0.9995
266,Toluene,4.500E+01,1.668E+02,9.303E-02,1.668E+02,1.507E-01,1.506E-01,0.9995
266,Toluene,5.000E+01,1.531E+02,8.431E-02,1.531E+02,1.820E-01,1.819E-01,0.9996
266,Toluene,5.500E+01,1.416E+02,7.710E-02,1.417E+02,2.159E-01,2.158E-01,0.9996
266,Toluene,6.000E+01,1.319E+02,7.103E-02,1.320E+02,2.525E-01,2.524E-01,0.9996
266,Toluene,6.500E+01,1.236E+02,6.586E-02,1.236E+02,2.917E-01,2.916E-01,0.9996
266,Toluene,7.000E+01,1.163E+02,6.141E-02,1.164E+02,3.334E-01,3.333E-01,0.9996
266,Toluene,7.500E+01,1.099E+02,5.754E-02,1.100E+02,3.776E-01,3.774E-01,0.9996
266,Toluene,8.000E+01,1.043E+02,5.413E-02,1.044E+02,4.243E-01,4.241E-01,0.9996
266,Toluene,8.500E+01,9.926E+01,5.111E-02,9.931E+01,4.734E-01,4.732E-01,0.9996
266,Toluene,9.000E+01,9.473E+01,4.841E-02,9.478E+01,5.250E-01,5.248E-01,0.9996
266,Toluene,9.500E+01,9.064E+01,4.598E-02,9.068E+01,5.789E-01,5.787E-01,0.9996
266,Toluene,1.000E+02,8.692E+01,4.379E-02,8.697E+01,6.352E-01,6.350E-01,0.9996
266,Toluene,1.250E+02,7.248E+01,3.536E-02,7.251E+01,9.516E-01,9.512E-01,0.9997
266,Toluene,1.500E+02,6.252E+01,2.965E-02,6.255E+01,1.324E+00,1.324E+00,0.9997
266,Toluene,1.750E+02,5.522E+01,2.554E-02,5.525E+01,1.750E+00,1.750E+00,0.9997
266,Toluene,2.000E+02,4.963E+01,2.244E-02,4.965E+01,2.228E+00,2.228E+00,0.9997
266,Toluene,2.250E+02,4.520E+01,2.002E-02,4.522E+01,2.757E+00,2.756E+00,0.9997
266,Toluene,2.500E+02,4.160E+01,1.807E-02,4.161E+01,3.334E+00,3.333E+00,0.9997
266,Toluene,2.750E+02,3.861E+01,1.646E-02,3.863E+01,3.958E+00,3.957E+00,0.9997
266,Toluene,3.000E+02,3.609E+01,1.511E-02,3.611E+01,4.628E+00,4.626E+00,0.9997
266,Toluene,3.500E+02,3.207E+01,1.297E-02,3.209E+01,6.100E+00,6.098E+00,0.9997
266,Toluene,4.000E+02,2.901E+01,1.138E-02,2.902E+01,7.741E+00,7.739E+00,0.9997
266,Toluene,4.500E+02,2.659E+01,1.013E-02,2.660E+01,9.543E+00,9.541E+00,0.9997
266,Toluene,5.000E+02,2.463E+01,9.132E-03,2.464E+01,1.150E+01,1.150E+01,0.9997
266,Toluene,5.500E+02,2.302E+01,8.308E-03,2.302E+01,1.360E+01,1.360E+01,0.9997
266,Toluene,6.000E+02,2.166E+01,7.618E-03,2.166E+01,1.584E+01,1.584E+01,0.9997
266,Toluene,6.500E+02,2.050E+01,7.034E-03,2.050E+01,1.821E+01,1.821E+01,0.9997
266,Toluene,7.000E+02,1.950E+01,6.535E-03,1.950E+01,2.071E+01,2.071E+01,0.9997
266,Toluene,7.500E+02,1.863E+01,6.104E-03,1.863E+01,2.334E+01,2.333E+01,0.9998
266,Toluene,8.000E+02,1.786E+01,5.726E-03,1.787E+01,2.608E+01,2.607E+01,0.9998
266,Toluene,8.500E+02,1.718E+01,5.391E-03,1.719E+01,2.893E+01,2.893E+01,0.9998
266,Toluene,9.000E+02,1.658E+01,5.093E-03,1.658E+01,3.190E+01,3.189E+01,0.9998
266,Toluene,9.500E+02,1.604E+01,4.826E-03,1.604E+01,3.496E+01,3.495E+01,0.9998
266,Toluene,1.000E+03,1.555E+01,4.585E-03,1.555E+01,3.813E+01,3.812E+01,0.9998
276,"Water, Liquid",1.000E-03,9.891E+01,2.282E+02,3.271E+02,3.273E-06,1.706E-06,0.5212
276,"Water, Liquid",1.500E-03,1.227E+02,2.078E+02,3.305E+02,4.789E-06,2.569E-06,0.5364
276,"Water, Liquid",2.000E-03,1.431E+02,1.912E+02,3.342E+02,6.294E-06,3.463E-06,0.5501
276,"Water, Liquid",2.500E-03,1.611E+02,1.775E+02,3.386E+02,7.781E-06,4.376E-06,0.5625
276,"Water, Liquid",3.000E-03,1.775E+02,1.660E+02,3.435E+02,9.247E-06,5.305E-06,0.5737
276,"Water, Liquid",4.000E-03,2.069E+02,1.477E+02,3.546E+02,1.211E-05,7.188E-06,0.5934
276,"Water, Liquid",5.000E-03,2.330E+02,1.336E+02,3.667E+02,1.489E-05,9.084E-06,0.6102
276,"Water, Liquid",6.000E-03,2.568E+02,1.225E+02,3.793E+02,1.757E-05,1.098E-05,0.6250
276,"Water, Liquid",7.000E-03,2.788E+02,1.133E+02,3.921E+02,2.016E-05,1.286E-05,0.6380
276,"Water, Liquid",8.000E-03,2.993E+02,1.056E+02,4.049E+02,2.267E-05,1.473E-05,0.6497
276,"Water, Liquid",9.000E-03,3.186E+02,9.908E+01,4.177E+02,2.510E-05,1.658E-05,0.6603
276,"Water, Liquid",1.000E-02,3.370E+02,9.341E+01,4.304E+02,2.746E-05,1.840E-05,0.6700
276,"Water, Liquid",1.250E-02,3.795E+02,8.206E+01,4.615E+02,3.307E-05,2.284E-05,0.6908
276,"Water, Liquid",1.500E-02,4.181E+02,7.347E+01,4.916E+02,3.831E-05,2.713E-05,0.7080
276,"Water, Liquid",1.750E-02,4.538E+02,6.671E+01,5.205E+02,4.325E-05,3.126E-05,0.7226
276,"Water, Liquid",2.000E-02,4.871E+02,6.123E+01,5.484E+02,4.793E-05,3.524E-05,0.7352
276,"Water, Liquid",2.250E-02,5.186E+02,5.667E+01,5.752E+02,5.238E-05,3.909E-05,0.7462
276,"Water, Liquid",2.500E-02,5.483E+02,5.282E+01,6.012E+02,5.663E-05,4.281E-05,0.7559
276,"Water, Liquid",2.750E-02,5.767E+02,4.952E+01,6.263E+02,6.071E-05,4.641E-05,0.7646
276,"Water, Liquid",3.000E-02,6.039E+02,4.665E+01,6.506E+02,6.462E-05,4.991E-05,0.7724
276,"Water, Liquid",3.500E-02,6.552E+02,4.189E+01,6.971E+02,7.204E-05,5.662E-05,0.7859
276,"Water, Liquid",4.000E-02,7.030E+02,3.811E+01,7.411E+02,7.900E-05,6.299E-05,0.7973
276,"Water, Liquid",4.500E-02,7.480E+02,3.501E+01,7.830E+02,8.556E-05,6.905E-05,0.8071
276,"Water, Liquid",5.000E-02,7.905E+02,3.242E+01,8.230E+02,9.179E-05,7.486E-05,0.8155
276,"Water, Liquid",5.500E-02,8.310E+02,3.023E+01,8.612E+02,9.772E-05,8.043E-05,0.8230
276,"Water, Liquid",6.000E-02,8.696E+02,2.834E+01,8.980E+02,1.034E-04,8.579E-05,0.8296
276,"Water, Liquid",6.500E-02,9.066E+02,2.669E+01,9.333E+02,1.089E-04,9.097E-05,0.8356
276,"Water, Liquid",7.000E-02,9.422E+02,2.524E+01,9.674E+02,1.141E-04,9.597E-05,0.8409
276,"Water, Liquid",7.500E-02,9.764E+02,2.396E+01,1.000E+03,1.192E-04,1.008E-04,0.8458
276,"Water, Liquid",8.000E-02,1.009E+03,2.281E+01,1.032E+03,1.241E-04,1.055E-04,0.8503
276,"Water, Liquid",8.500E-02,1.041E+03,2.178E+01,1.063E+03,1.289E-04,1.101E-04,0.8544
276,"Water, Liquid",9.000E-02,1.072E+03,2.084E+01,1.093E+03,1.335E-04,1.146E-04,0.8581
276,"Water, Liquid",9.500E-02,1.102E+03,1.999E+01,1.122E+03,1.381E-04,1.190E-04,0.8616
276,"Water, Liquid",1.000E-01,1.131E+03,1.921E+01,1.151E+03,1.425E-04,1.232E-04,0.8649
276,"Water, Liquid",1.250E-01,1.265E+03,1.614E+01,1.281E+03,1.630E-04,1.432E-04,0.8784
276,"Water, Liquid",1.500E-01,1.383E+03,1.397E+01,1.397E+03,1.817E-04,1.614E-04,0.8886
276,"Water, Liquid",1.750E-01,1.488E+03,1.235E+01,1.500E+03,1.989E-04,1.784E-04,0.8966
276,"Water, Liquid",2.000E-01,1.582E+03,1.109E+01,1.593E+03,2.151E-04,1.943E-04,0.9032
276,"Water, Liquid",2.250E-01,1.666E+03,1.008E+01,1.677E+03,2.304E-04,2.094E-04,0.9088
276,"Water, Liquid",2.500E-01,1.743E+03,9.253E+00,1.752E+03,2.450E-04,2.238E-04,0.9135
276,"Water, Liquid",2.750E-01,1.811E+03,8.559E+00,1.820E+03,2.590E-04,2.376E-04,0.9176
276,"Water, Liquid",3.000E-01,1.873E+03,7.969E+00,1.881E+03,2.725E-04,2.510E-04,0.9212
276,"Water, Liquid",3.500E-01,1.978E+03,7.017E+00,1.985E+03,2.983E-04,2.766E-04,0.9273
276,"Water, Liquid",4.000E-01,2.062E+03,6.282E+00,2.069E+03,3.230E-04,3.011E-04,0.9323
276,"Water, Liquid",4.500E-01,2.128E+03,5.694E+00,2.134E+03,3.467E-04,3.247E-04,0.9366
276,"Water, Liquid",5.000E-01,2.178E+03,5.214E+00,2.184E+03,3.699E-04,3.478E-04,0.9402
276,"Water, Liquid",5.500E-01,2.215E+03,4.813E+00,2.220E+03,3.926E-04,3.704E-04,0.9434
276,"Water, Liquid",6.000E-01,2.240E+03,4.473E+00,2.245E+03,4.150E-04,3.927E-04,0.9462
276,"Water, Liquid",6.500E-01,2.255E+03,4.181E+00,2.260E+03,4.372E-04,4.148E-04,0.9488
276,"Water, Liquid",7.000E-01,2.262E+03,3.927E+00,2.266E+03,4.593E-04,4.368E-04,0.9511
276,"Water, Liquid",7.500E-01,2.262E+03,3.703E+00,2.266E+03,4.813E-04,4.588E-04,0.9532
276,"Water, Liquid",8.000E-01,2.256E+03,3.506E+00,2.260E+03,5.034E-04,4.808E-04,0.9551
276,"Water, Liquid",8.500E-01,2.245E+03,3.330E+00,2.248E+03,5.256E-04,5.029E-04,0.9569
276,"Water, Liquid",9.000E-01,2.230E+03,3.171E+00,2.233E+03,5.479E-04,5.252E-04,0.9585
276,"Water, Liquid",9.500E-01,2.211E+03,3.028E+00,2.215E+03,5.704E-04,5.476E-04,0.9601
276,"Water, Liquid",1.000E+00,2.190E+03,2.898E+00,2.193E+03,5.931E-04,5.702E-04,0.9615
276,"Water, Liquid",1.250E+00,2.050E+03,2.393E+00,2.052E+03,7.107E-04,6.876E-04,0.9675
276,"Water, Liquid",1.500E+00,1.896E+03,2.045E+00,1.898E+03,8.374E-04,8.141E-04,0.9722
276,"Water, Liquid",1.750E+00,1.752E+03,1.790E+00,1.754E+03,9.744E-04,9.509E-04,0.9759
276,"Water, Liquid",2.000E+00,1.624E+03,1.594E+00,1.625E+03,1.123E-03,1.099E-03,0.9789
276,"Water, Liquid",2.250E+00,1.511E+03,1.439E+00,1.512E+03,1.282E-03,1.258E-03,0.9814
276,"Water, Liquid",2.500E+00,1.414E+03,1.312E+00,1.415E+03,1.453E-03,1.429E-03,0.9835
276,"Water, Liquid",2.750E+00,1.329E+03,1.207E+00,1.330E+03,1.635E-03,1.611E-03,0.9852
276,"Water, Liquid",3.000E+00,1.255E+03,1.119E+00,1.257E+03,1.829E-03,1.804E-03,0.9867
276,"Water, Liquid",3.500E+00,1.132E+03,9.770E-01,1.133E+03,2.249E-03,2.224E-03,0.9890
276,"Water, Liquid",4.000E+00,1.034E+03,8.686E-01,1.035E+03,2.711E-03,2.686E-03,0.9907
276,"Water, Liquid",4.500E+00,9.527E+02,7.828E-01,9.535E+02,3.215E-03,3.189E-03,0.9921
276,"Water, Liquid",5.000E+00,8.848E+02,7.132E-01,8.855E+02,3.759E-03,3.733E-03,0.9931
276,"Water, Liquid",5.500E+00,8.269E+02,6.554E-01,8.275E+02,4.344E-03,4.318E-03,0.9939
276,"Water, Liquid",6.000E+00,7.771E+02,6.066E-01,7.777E+02,4.967E-03,4.941E-03,0.9946
276,"Water, Liquid",6.500E+00,7.334E+02,5.649E-01,7.340E+02,5.630E-03,5.602E-03,0.9952
276,"Water, Liquid",7.000E+00,6.949E+02,5.288E-01,6.954E+02,6.330E-03,6.302E-03,0.9956
276,"Water, Liquid",7.500E+00,6.607E+02,4.973E-01,6.612E+02,7.067E-03,7.039E-03,0.9960
276,"Water, Liquid",8.000E+00,6.301E+02,4.694E-01,6.306E+02,7.842E-03,7.813E-03,0.9963
276,"Water, Liquid",8.500E+00,6.025E+02,4.447E-01,6.030E+02,8.653E-03,8.624E-03,0.9966
276,"Water, Liquid",9.000E+00,5.776E+02,4.225E-01,5.780E+02,9.500E-03,9.471E-03,0.9969
276,"Water, Liquid",9.500E+00,5.548E+02,4.025E-01,5.552E+02,1.038E-02,1.035E-02,0.9971
276,"Water, Liquid",1.000E+01,5.340E+02,3.844E-01,5.344E+02,1.130E-02,1.127E-02,0.9973
276,"Water, Liquid",1.250E+01,4.514E+02,3.145E-01,4.517E+02,1.641E-02,1.638E-02,0.9979
276,"Water, Liquid",1.500E+01,3.927E+02,2.667E-01,3.930E+02,2.236E-02,2.232E-02,0.9983
276,"Water, Liquid",1.750E+01,3.487E+02,2.319E-01,3.489E+02,2.913E-02,2.909E-02,0.9986
276,"Water, Liquid",2.000E+01,3.144E+02,2.054E-01,3.146E+02,3.668E-02,3.664E-02,0.9988
276,"Water, Liquid",2.500E+01,2.639E+02,1.676E-01,2.641E+02,5.411E-02,5.405E-02,0.9990
276,"Water, Liquid",2.750E+01,2.448E+02,1.535E-01,2.449E+02,6.394E-02,6.389E-02,0.9991
276,"Water, Liquid",3.000E+01,2.284E+02,1.417E-01,2.286E+02,7.452E-02,7.446E-02,0.9992
276,"Water, Liquid",3.500E+01,2.020E+02,1.229E-01,2.021E+02,9.783E-02,9.776E-02,0.9992
276,"Water, Liquid",4.000E+01,1.815E+02,1.087E-01,1.816E+02,1.240E-01,1.239E-01,0.9993
276,"Water, Liquid",4.500E+01,1.651E+02,9.743E-02,1.652E+02,1.529E-01,1.528E-01,0.9993
276,"Water, Liquid",5.000E+01,1.516E+02,8.833E-02,1.517E+02,1.845E-01,1.844E-01,0.9994
276,"Water, Liquid",5.500E+01,1.404E+02,8.081E-02,1.405E+02,2.188E-01,2.186E-01,0.9994
276,"Water, Liquid",6.000E+01,1.308E+02,7.448E-02,1.309E+02,2.557E-01,2.555E-01,0.9994
276,"Water, Liquid",6.500E+01,1.226E+02,6.909E-02,1.227E+02,2.951E-01,2.950E-01,0.9994
276,"Water, Liquid",7.000E+01,1.155E+02,6.443E-02,1.155E+02,3.372E-01,3.370E-01,0.9995
276,"Water, Liquid",7.500E+01,1.092E+02,6.037E-02,1.092E+02,3.817E-01,3.815E-01,0.9995
276,"Water, Liquid",8.000E+01,1.036E+02,5.679E-02,1.037E+02,4.287E-01,4.285E-01,0.9995
276,"Water, Liquid",8.500E+01,9.863E+01,5.363E-02,9.869E+01,4.781E-01,4.779E-01,0.9995
276,"Water, Liquid",9.000E+01,9.416E+01,5.080E-02,9.421E+01,5.300E-01,5.297E-01,0.9995
276,"Water, Liquid",9.500E+01,9.012E+01,4.827E-02,9.017E+01,5.843E-01,5.840E-01,0.9995
276,"Water, Liquid",1.000E+02,8.645E+01,4.598E-02,8.649E+01,6.409E-01,6.406E-01,0.9995
276,"Water, Liquid",1.250E+02,7.215E+01,3.718E-02,7.219E+01,9.588E-01,9.584E-01,0.9995
276,"Water, Liquid",1.500E+02,6.229E+01,3.121E-02,6.232E+01,1.333E+00,1.332E+00,0.9996
276,"Water, Liquid",1.750E+02,5.505E+01,2.689E-02,5.508E+01,1.760E+00,1.760E+00,0.9996
276,"Water, Liquid",2.000E+02,4.950E+01,2.362E-02,4.952E+01,2.240E+00,2.239E+00,0.9996
276,"Water, Liquid",2.250E+02,4.510E+01,2.108E-02,4.512E+01,2.770E+00,2.768E+00,0.9996
276,"Water, Liquid",2.500E+02,4.152E+01,1.903E-02,4.154E+01,3.348E+00,3.346E+00,0.9996
276,"Water, Liquid",2.750E+02,3.855E+01,1.734E-02,3.857E+01,3.973E+00,3.971E+00,0.9996
276,"Water, Liquid",3.000E+02,3.604E+01,1.593E-02,3.606E+01,4.644E+00,4.642E+00,0.9996
276,"Water, Liquid",3.500E+02,3.205E+01,1.370E-02,3.206E+01,6.118E+00,6.115E+00,0.9996
276,"Water, Liquid",4.000E+02,2.900E+01,1.201E-02,2.901E+01,7.760E+00,7.757E+00,0.9996
276,"Water, Liquid",4.500E+02,2.659E+01,1.069E-02,2.660E+01,9.562E+00,9.559E+00,0.9996
276,"Water, Liquid",5.000E+02,2.464E+01,9.637E-03,2.465E+01,1.152E+01,1.151E+01,0.9997
276,"Water, Liquid",5.500E+02,2.302E+01,8.773E-03,2.303E+01,1.362E+01,1.361E+01,0.9997
276,"Water, Liquid",6.000E+02,2.167E+01,8.053E-03,2.168E+01,1.586E+01,1.585E+01,0.9997
276,"Water, Liquid",6.500E+02,2.051E+01,7.441E-03,2.052E+01,1.823E+01,1.822E+01,0.9997
276,"Water, Liquid",7.000E+02,1.952E+01,6.914E-03,1.952E+01,2.073E+01,2.072E+01,0.9997
276,"Water, Liquid",7.500E+02,1.865E+01,6.455E-03,1.865E+01,2.335E+01,2.334E+01,0.9997
276,"Water, Liquid",8.000E+02,1.788E+01,6.052E-03,1.789E+01,2.609E+01,2.608E+01,0.9997
276,"Water, Liquid",8.500E+02,1.721E+01,5.697E-03,1.721E+01,2.894E+01,2.893E+01,0.9997
276,"Water, Liquid",9.000E+02,1.660E+01,5.382E-03,1.661E+01,3.190E+01,3.189E+01,0.9997
276,"Water, Liquid",9.500E+02,1.606E+01,5.101E-03,1.607E+01,3.496E+01,3.495E+01,0.9997
276,"Water, Liquid",1.000E+03,1.557E+01,4.848E-03,1.558E+01,3.812E+01,3.811E+01,0.9997
277,Water Vapor,1.000E-03,1.263E+02,2.282E+02,3.545E+02,3.098E-06,1.648E-06,0.5320
277,Water Vapor,1.500E-03,1.547E+02,2.078E+02,3.625E+02,4.488E-06,2.462E-06,0.5485
277,Water Vapor,2.000E-03,1.787E+02,1.912E+02,3.698E+02,5.854E-06,3.298E-06,0.5633
277,Water Vapor,2.500E-03,1.998E+02,1.775E+02,3.772E+02,7.193E-06,4.147E-06,0.5765
277,Water Vapor,3.000E-03,2.188E+02,1.660E+02,3.848E+02,8.505E-06,5.004E-06,0.5883
277,Water Vapor,4.000E-03,2.527E+02,1.477E+02,4.003E+02,1.105E-05,6.730E-06,0.6089
277,Water Vapor,5.000E-03,2.825E+02,1.336E+02,4.161E+02,1.350E-05,8.457E-06,0.6263
277,Water Vapor,6.000E-03,3.095E+02,1.225E+02,4.319E+02,1.586E-05,1.017E-05,0.6414
277,Water Vapor,7.000E-03,3.343E+02,1.133E+02,4.476E+02,1.814E-05,1.187E-05,0.6547
277,Water Vapor,8.000E-03,3.573E+02,1.056E+02,4.630E+02,2.033E-05,1.355E-05,0.6665
277,Water Vapor,9.000E-03,3.790E+02,9.908E+01,4.781E+02,2.246E-05,1.521E-05,0.6771
277,Water Vapor,1.000E-02,3.995E+02,9.341E+01,4.929E+02,2.452E-05,1.684E-05,0.6867
277,Water Vapor,1.250E-02,4.467E+02,8.206E+01,5.287E+02,2.941E-05,2.080E-05,0.7073
277,Water Vapor,1.500E-02,4.893E+02,7.347E+01,5.628E+02,3.399E-05,2.462E-05,0.7243
277,Water Vapor,1.750E-02,5.285E+02,6.671E+01,5.952E+02,3.831E-05,2.830E-05,0.7386
277,Water Vapor,2.000E-02,5.650E+02,6.123E+01,6.262E+02,4.241E-05,3.184E-05,0.7509
277,Water Vapor,2.250E-02,5.992E+02,5.667E+01,6.559E+02,4.630E-05,3.526E-05,0.7615
277,Water Vapor,2.500E-02,6.316E+02,5.282E+01,6.845E+02,5.004E-05,3.858E-05,0.7710
277,Water Vapor,2.750E-02,6.624E+02,4.952E+01,7.120E+02,5.362E-05,4.179E-05,0.7794
277,Water Vapor,3.000E-02,6.919E+02,4.665E+01,7.385E+02,5.706E-05,4.490E-05,0.7869
277,Water Vapor,3.500E-02,7.473E+02,4.189E+01,7.892E+02,6.361E-05,5.088E-05,0.7999
277,Water Vapor,4.000E-02,7.988E+02,3.811E+01,8.369E+02,6.976E-05,5.657E-05,0.8109
277,Water Vapor,4.500E-02,8.472E+02,3.501E+01,8.822E+02,7.558E-05,6.199E-05,0.8202
277,Water Vapor,5.000E-02,8.929E+02,3.242E+01,9.253E+02,8.111E-05,6.718E-05,0.8283
277,Water Vapor,5.500E-02,9.363E+02,3.023E+01,9.666E+02,8.639E-05,7.218E-05,0.8354
277,Water Vapor,6.000E-02,9.778E+02,2.834E+01,1.006E+03,9.146E-05,7.699E-05,0.8417
277,Water Vapor,6.500E-02,1.018E+03,2.669E+01,1.044E+03,9.634E-05,8.164E-05,0.8474
277,Water Vapor,7.000E-02,1.056E+03,2.524E+01,1.081E+03,1.010E-04,8.614E-05,0.8525
277,Water Vapor,7.500E-02,1.093E+03,2.396E+01,1.117E+03,1.056E-04,9.051E-05,0.8571
277,Water Vapor,8.000E-02,1.128E+03,2.281E+01,1.151E+03,1.100E-04,9.475E-05,0.8613
277,Water Vapor,8.500E-02,1.163E+03,2.178E+01,1.184E+03,1.143E-04,9.888E-05,0.8652
277,Water Vapor,9.000E-02,1.196E+03,2.084E+01,1.217E+03,1.185E-04,1.029E-04,0.8688
277,Water Vapor,9.500E-02,1.228E+03,1.999E+01,1.248E+03,1.225E-04,1.068E-04,0.8721
277,Water Vapor,1.000E-01,1.260E+03,1.921E+01,1.279E+03,1.265E-04,1.107E-04,0.8752
277,Water Vapor,1.250E-01,1.405E+03,1.614E+01,1.422E+03,1.450E-04,1.287E-04,0.8879
277,Water Vapor,1.500E-01,1.535E+03,1.397E+01,1.549E+03,1.618E-04,1.452E-04,0.8975
277,Water Vapor,1.750E-01,1.652E+03,1.235E+01,1.664E+03,1.774E-04,1.605E-04,0.9050
277,Water Vapor,2.000E-01,1.758E+03,1.109E+01,1.769E+03,1.919E-04,1.749E-04,0.9111
277,Water Vapor,2.250E-01,1.855E+03,1.008E+01,1.865E+03,2.057E-04,1.885E-04,0.9163
277,Water Vapor,2.500E-01,1.942E+03,9.253E+00,1.951E+03,2.188E-04,2.014E-04,0.9206
277,Water Vapor,2.750E-01,2.022E+03,8.559E+00,2.030E+03,2.313E-04,2.139E-04,0.9244
277,Water Vapor,3.000E-01,2.094E+03,7.969E+00,2.102E+03,2.434E-04,2.258E-04,0.9278
277,Water Vapor,3.500E-01,2.216E+03,7.017E+00,2.223E+03,2.665E-04,2.488E-04,0.9334
277,Water Vapor,4.000E-01,2.309E+03,6.282E+00,2.316E+03,2.886E-04,2.707E-04,0.9380
277,Water Vapor,4.500E-01,2.377E+03,5.694E+00,2.383E+03,3.098E-04,2.918E-04,0.9419
277,Water Vapor,5.000E-01,2.422E+03,5.214E+00,2.427E+03,3.306E-04,3.125E-04,0.9452
277,Water Vapor,5.500E-01,2.446E+03,4.813E+00,2.451E+03,3.511E-04,3.329E-04,0.9482
277,Water Vapor,6.000E-01,2.455E+03,4.473E+00,2.459E+03,3.714E-04,3.532E-04,0.9508
277,Water Vapor,6.500E-01,2.453E+03,4.181E+00,2.458E+03,3.918E-04,3.734E-04,0.9532
277,Water Vapor,7.000E-01,2.446E+03,3.927E+00,2.450E+03,4.121E-04,3.937E-04,0.9554
277,Water Vapor,7.500E-01,2.436E+03,3.703E+00,2.439E+03,4.326E-04,4.141E-04,0.9573
277,Water Vapor,8.000E-01,2.423E+03,3.506E+00,2.426E+03,4.531E-04,4.346E-04,0.9591
277,Water Vapor,8.500E-01,2.409E+03,3.330E+00,2.412E+03,4.738E-04,4.552E-04,0.9608
277,Water Vapor,9.000E-01,2.392E+03,3.171E+00,2.395E+03,4.946E-04,4.760E-04,0.9624
277,Water Vapor,9.500E-01,2.371E+03,3.028E+00,2.374E+03,5.156E-04,4.969E-04,0.9638
277,Water Vapor,1.000E+00,2.346E+03,2.898E+00,2.349E+03,5.367E-04,5.180E-04,0.9652
277,Water Vapor,1.250E+00,2.169E+03,2.393E+00,2.171E+03,6.472E-04,6.283E-04,0.9708
277,Water Vapor,1.500E+00,1.971E+03,2.045E+00,1.973E+03,7.679E-04,7.489E-04,0.9751
277,Water Vapor,1.750E+00,1.797E+03,1.790E+00,1.799E+03,9.008E-04,8.815E-04,0.9786
277,Water Vapor,2.000E+00,1.653E+03,1.594E+00,1.655E+03,1.046E-03,1.026E-03,0.9814
277,Water Vapor,2.250E+00,1.537E+03,1.439E+00,1.539E+03,1.203E-03,1.183E-03,0.9837
277,Water Vapor,2.500E+00,1.437E+03,1.312E+00,1.439E+03,1.371E-03,1.351E-03,0.9856
277,Water Vapor,2.750E+00,1.351E+03,1.207E+00,1.352E+03,1.550E-03,1.530E-03,0.9871
277,Water Vapor,3.000E+00,1.275E+03,1.119E+00,1.276E+03,1.741E-03,1.720E-03,0.9885
277,Water Vapor,3.500E+00,1.149E+03,9.770E-01,1.150E+03,2.154E-03,2.134E-03,0.9905
277,Water Vapor,4.000E+00,1.049E+03,8.686E-01,1.049E+03,2.610E-03,2.589E-03,0.9920
277,Water Vapor,4.500E+00,9.658E+02,7.828E-01,9.666E+02,3.107E-03,3.085E-03,0.9932
277,Water Vapor,5.000E+00,8.966E+02,7.132E-01,8.973E+02,3.644E-03,3.622E-03,0.9941
277,Water Vapor,5.500E+00,8.376E+02,6.554E-01,8.383E+02,4.221E-03,4.199E-03,0.9948
277,Water Vapor,6.000E+00,7.869E+02,6.066E-01,7.876E+02,4.837E-03,4.814E-03,0.9954
277,Water Vapor,6.500E+00,7.425E+02,5.649E-01,7.431E+02,5.490E-03,5.468E-03,0.9958
277,Water Vapor,7.000E+00,7.033E+02,5.288E-01,7.039E+02,6.182E-03,6.159E-03,0.9962
277,Water Vapor,7.500E+00,6.686E+02,4.973E-01,6.691E+02,6.911E-03,6.887E-03,0.9966
277,Water Vapor,8.000E+00,6.375E+02,4.694E-01,6.380E+02,7.677E-03,7.652E-03,0.9969
277,Water Vapor,8.500E+00,6.095E+02,4.447E-01,6.099E+02,8.478E-03,8.454E-03,0.9971
277,Water Vapor,9.000E+00,5.842E+02,4.225E-01,5.846E+02,9.316E-03,9.291E-03,0.9973
277,Water Vapor,9.500E+00,5.611E+02,4.025E-01,5.615E+02,1.019E-02,1.016E-02,0.9975
277,Water Vapor,1.000E+01,5.399E+02,3.844E-01,5.403E+02,1.110E-02,1.107E-02,0.9976
277,Water Vapor,1.250E+01,4.561E+02,3.145E-01,4.564E+02,1.615E-02,1.612E-02,0.9982
277,Water Vapor,1.500E+01,3.967E+02,2.667E-01,3.969E+02,2.204E-02,2.201E-02,0.9985
277,Water Vapor,1.750E+01,3.521E+02,2.319E-01,3.523E+02,2.874E-02,2.870E-02,0.9988
277,Water Vapor,2.000E+01,3.173E+02,2.054E-01,3.175E+02,3.623E-02,3.619E-02,0.9989
277,Water Vapor,2.500E+01,2.663E+02,1.676E-01,2.665E+02,5.349E-02,5.344E-02,0.9991
277,Water Vapor,2.750E+01,2.469E+02,1.535E-01,2.471E+02,6.324E-02,6.319E-02,0.9992
277,Water Vapor,3.000E+01,2.304E+02,1.417E-01,2.305E+02,7.372E-02,7.367E-02,0.9992
277,Water Vapor,3.500E+01,2.037E+02,1.229E-01,2.038E+02,9.684E-02,9.677E-02,0.9993
277,Water Vapor,4.000E+01,1.830E+02,1.087E-01,1.831E+02,1.228E-01,1.227E-01,0.9993
277,Water Vapor,4.500E+01,1.664E+02,9.743E-02,1.665E+02,1.514E-01,1.513E-01,0.9994
277,Water Vapor,5.000E+01,1.528E+02,8.833E-02,1.529E+02,1.828E-01,1.827E-01,0.9994
277,Water Vapor,5.500E+01,1.415E+02,8.081E-02,1.416E+02,2.168E-01,2.167E-01,0.9994
277,Water Vapor,6.000E+01,1.318E+02,7.448E-02,1.319E+02,2.534E-01,2.533E-01,0.9995
277,Water Vapor,6.500E+01,1.236E+02,6.909E-02,1.236E+02,2.926E-01,2.924E-01,0.9995
277,Water Vapor,7.000E+01,1.163E+02,6.443E-02,1.164E+02,3.343E-01,3.341E-01,0.9995
277,Water Vapor,7.500E+01,1.100E+02,6.037E-02,1.101E+02,3.785E-01,3.783E-01,0.9995
277,Water Vapor,8.000E+01,1.044E+02,5.679E-02,1.044E+02,4.252E-01,4.249E-01,0.9995
277,Water Vapor,8.500E+01,9.935E+01,5.363E-02,9.941E+01,4.742E-01,4.740E-01,0.9995
277,Water Vapor,9.000E+01,9.484E+01,5.080E-02,9.489E+01,5.257E-01,5.255E-01,0.9995
277,Water Vapor,9.500E+01,9.076E+01,4.827E-02,9.081E+01,5.796E-01,5.793E-01,0.9995
277,Water Vapor,1.000E+02,8.706E+01,4.598E-02,8.711E+01,6.359E-01,6.356E-01,0.9995
277,Water Vapor,1.250E+02,7.265E+01,3.718E-02,7.269E+01,9.515E-01,9.511E-01,0.9996
277,Water Vapor,1.500E+02,6.271E+01,3.121E-02,6.274E+01,1.323E+00,1.322E+00,0.9996
277,Water Vapor,1.750E+02,5.541E+01,2.689E-02,5.544E+01,1.748E+00,1.747E+00,0.9996
277,Water Vapor,2.000E+02,4.982E+01,2.362E-02,4.984E+01,2.224E+00,2.223E+00,0.9996
277,Water Vapor,2.250E+02,4.538E+01,2.108E-02,4.540E+01,2.750E+00,2.749E+00,0.9996
277,Water Vapor,2.500E+02,4.178E+01,1.903E-02,4.180E+01,3.325E+00,3.324E+00,0.9996
277,Water Vapor,2.750E+02,3.879E+01,1.734E-02,3.880E+01,3.946E+00,3.945E+00,0.9996
277,Water Vapor,3.000E+02,3.626E+01,1.593E-02,3.628E+01,4.613E+00,4.611E+00,0.9996
277,Water Vapor,3.500E+02,3.224E+01,1.370E-02,3.225E+01,6.078E+00,6.076E+00,0.9996
277,Water Vapor,4.000E+02,2.917E+01,1.201E-02,2.918E+01,7.711E+00,7.708E+00,0.9996
277,Water Vapor,4.500E+02,2.674E+01,1.069E-02,2.675E+01,9.503E+00,9.499E+00,0.9996
277,Water Vapor,5.000E+02,2.478E+01,9.637E-03,2.479E+01,1.145E+01,1.144E+01,0.9997
277,Water Vapor,5.500E+02,2.315E+01,8.773E-03,2.316E+01,1.353E+01,1.353E+01,0.9997
277,Water Vapor,6.000E+02,2.179E+01,8.053E-03,2.180E+01,1.576E+01,1.576E+01,0.9997
277,Water Vapor,6.500E+02,2.063E+01,7.441E-03,2.063E+01,1.812E+01,1.811E+01,0.9997
277,Water Vapor,7.000E+02,1.962E+01,6.914E-03,1.963E+01,2.061E+01,2.060E+01,0.9997
277,Water Vapor,7.500E+02,1.875E+01,6.455E-03,1.876E+01,2.321E+01,2.320E+01,0.9997
277,Water Vapor,8.000E+02,1.798E+01,6.052E-03,1.799E+01,2.594E+01,2.593E+01,0.9997
277,Water Vapor,8.500E+02,1.730E+01,5.697E-03,1.731E+01,2.877E+01,2.876E+01,0.9997
277,Water Vapor,9.000E+02,1.669E+01,5.382E-03,1.670E+01,3.171E+01,3.170E+01,0.9997
277,Water Vapor,9.500E+02,1.615E+01,5.101E-03,1.615E+01,3.476E+01,3.475E+01,0.9997
277,Water Vapor,1.000E+03,1.566E+01,4.848E-03,1.566E+01,3.790E+01,3.789E+01,0.9997
